"field_diary_id","harvest_date","harvest_method","field_id","straw_management_date","planting_area","planting_date","straw_management_percent","field_id","fertilizer_type_id","applied_date","applied_amount_kg","comments","created_at","updated_at","field_fertilizer_application_id","crop","seed","planing_method","straw_management","fertilizer_type"
28573,,,202879,2025-12-19,,2025-12-28,,202879,9,2026-01-07,25,,2026-05-07 10:07:43.864 +0900,2026-05-07 10:07:43.864 +0900,117679,rice,NSIC Rc234H (NK 5017),Transplanting,Mixed,UREA
28573,,,202879,2025-12-19,,2025-12-28,,202879,9,2026-01-30,25,,2026-05-07 10:07:43.864 +0900,2026-05-07 10:07:43.864 +0900,117681,rice,NSIC Rc234H (NK 5017),Transplanting,Mixed,UREA
28573,,,202879,2025-12-19,,2025-12-28,,202879,9,2026-02-05,25,,2026-05-07 10:07:43.864 +0900,2026-05-07 10:07:43.864 +0900,117683,rice,NSIC Rc234H (NK 5017),Transplanting,Mixed,UREA
28573,,,202879,2025-12-19,,2025-12-28,,202879,12,2026-01-07,25,,2026-05-07 10:07:43.864 +0900,2026-05-07 10:07:43.864 +0900,117680,rice,NSIC Rc234H (NK 5017),Transplanting,Mixed,AMMOPHOS
28573,,,202879,2025-12-19,,2025-12-28,,202879,12,2026-01-30,25,,2026-05-07 10:07:43.864 +0900,2026-05-07 10:07:43.864 +0900,117682,rice,NSIC Rc234H (NK 5017),Transplanting,Mixed,AMMOPHOS
28606,,,201614,2025-12-10,,2026-01-12,,201614,9,2026-01-17,50,,2026-05-13 10:10:30.484 +0900,2026-05-13 10:10:30.484 +0900,117826,rice,NSIC RC 664H,Transplanting,Mixed,UREA
28606,,,201614,2025-12-10,,2026-01-12,,201614,9,2026-02-01,50,,2026-05-13 10:10:30.484 +0900,2026-05-13 10:10:30.484 +0900,117828,rice,NSIC RC 664H,Transplanting,Mixed,UREA
28606,,,201614,2025-12-10,,2026-01-12,,201614,12,2026-01-17,50,,2026-05-13 10:10:30.484 +0900,2026-05-13 10:10:30.484 +0900,117827,rice,NSIC RC 664H,Transplanting,Mixed,AMMOPHOS
28606,,,201614,2025-12-10,,2026-01-12,,201614,12,2026-02-01,50,,2026-05-13 10:10:30.484 +0900,2026-05-13 10:10:30.484 +0900,117829,rice,NSIC RC 664H,Transplanting,Mixed,AMMOPHOS
28606,,,201614,2025-12-10,,2026-01-12,,201614,16,2026-02-16,25,,2026-05-13 10:10:30.484 +0900,2026-05-13 10:10:30.484 +0900,117830,rice,NSIC RC 664H,Transplanting,Mixed,OTHER
28519,,,202443,2025-12-28,,2026-01-21,,202443,9,2026-01-31,50,,2026-05-06 14:54:06.857 +0900,2026-05-06 14:54:06.857 +0900,117450,rice,BIGANTE/BIGANTE PLUS,Transplanting,Mixed,UREA
28519,,,202443,2025-12-28,,2026-01-21,,202443,9,2026-02-20,50,,2026-05-06 14:54:06.857 +0900,2026-05-06 14:54:06.857 +0900,117452,rice,BIGANTE/BIGANTE PLUS,Transplanting,Mixed,UREA
28519,,,202443,2025-12-28,,2026-01-21,,202443,12,2026-01-31,50,,2026-05-06 14:54:06.857 +0900,2026-05-06 14:54:06.857 +0900,117451,rice,BIGANTE/BIGANTE PLUS,Transplanting,Mixed,AMMOPHOS
28519,,,202443,2025-12-28,,2026-01-21,,202443,12,2026-02-20,50,,2026-05-06 14:54:06.857 +0900,2026-05-06 14:54:06.857 +0900,117453,rice,BIGANTE/BIGANTE PLUS,Transplanting,Mixed,AMMOPHOS
17662,,,201619,2025-12-10,,2026-01-03,,201619,9,2026-01-10,50,,2026-03-10 13:57:11.336 +0900,2026-03-10 13:57:11.336 +0900,66078,rice,NSIC RC 402 (Tubigan 36),Transplanting,Mixed,UREA
17662,,,201619,2025-12-10,,2026-01-03,,201619,9,2026-02-10,50,,2026-03-10 13:57:11.336 +0900,2026-03-10 13:57:11.336 +0900,66080,rice,NSIC RC 402 (Tubigan 36),Transplanting,Mixed,UREA
17662,,,201619,2025-12-10,,2026-01-03,,201619,12,2026-01-10,100,,2026-03-10 13:57:11.336 +0900,2026-03-10 13:57:11.336 +0900,66079,rice,NSIC RC 402 (Tubigan 36),Transplanting,Mixed,AMMOPHOS
17662,,,201619,2025-12-10,,2026-01-03,,201619,12,2026-02-10,100,,2026-03-10 13:57:11.336 +0900,2026-03-10 13:57:11.336 +0900,66081,rice,NSIC RC 402 (Tubigan 36),Transplanting,Mixed,AMMOPHOS
17662,,,201619,2025-12-10,,2026-01-03,,201619,15,,,,2026-03-10 13:57:11.336 +0900,2026-03-10 13:57:11.336 +0900,66082,rice,NSIC RC 402 (Tubigan 36),Transplanting,Mixed,COMPOST
28272,,,202216,2025-11-30,,2025-12-30,,202216,9,2026-01-07,100,,2026-05-05 11:14:59.756 +0900,2026-05-05 11:14:59.756 +0900,116219,rice,BIGANTE/BIGANTE PLUS,Transplanting,Mixed,UREA
28272,,,202216,2025-11-30,,2025-12-30,,202216,9,2026-01-20,100,,2026-05-05 11:14:59.756 +0900,2026-05-05 11:14:59.756 +0900,116221,rice,BIGANTE/BIGANTE PLUS,Transplanting,Mixed,UREA
28272,,,202216,2025-11-30,,2025-12-30,,202216,12,2026-01-07,50,,2026-05-05 11:14:59.756 +0900,2026-05-05 11:14:59.756 +0900,116220,rice,BIGANTE/BIGANTE PLUS,Transplanting,Mixed,AMMOPHOS
28272,,,202216,2025-11-30,,2025-12-30,,202216,12,2026-01-20,50,,2026-05-05 11:14:59.756 +0900,2026-05-05 11:14:59.756 +0900,116222,rice,BIGANTE/BIGANTE PLUS,Transplanting,Mixed,AMMOPHOS
28439,,,202248,2025-12-06,,2026-01-15,,202248,9,2026-01-25,25,,2026-05-06 11:15:47.744 +0900,2026-05-06 11:15:47.744 +0900,117077,rice,NSIC Rc234H (NK 5017),Transplanting,Mixed,UREA
28439,,,202248,2025-12-06,,2026-01-15,,202248,9,2026-02-10,25,,2026-05-06 11:15:47.744 +0900,2026-05-06 11:15:47.744 +0900,117080,rice,NSIC Rc234H (NK 5017),Transplanting,Mixed,UREA
28439,,,202248,2025-12-06,,2026-01-15,,202248,9,2026-02-25,25,,2026-05-06 11:15:47.744 +0900,2026-05-06 11:15:47.744 +0900,117083,rice,NSIC Rc234H (NK 5017),Transplanting,Mixed,UREA
28439,,,202248,2025-12-06,,2026-01-15,,202248,10,2026-01-25,25,,2026-05-06 11:15:47.744 +0900,2026-05-06 11:15:47.744 +0900,117078,rice,NSIC Rc234H (NK 5017),Transplanting,Mixed,TRIPLE
28439,,,202248,2025-12-06,,2026-01-15,,202248,10,2026-02-10,25,,2026-05-06 11:15:47.744 +0900,2026-05-06 11:15:47.744 +0900,117081,rice,NSIC Rc234H (NK 5017),Transplanting,Mixed,TRIPLE
28439,,,202248,2025-12-06,,2026-01-15,,202248,12,2026-01-25,25,,2026-05-06 11:15:47.744 +0900,2026-05-06 11:15:47.744 +0900,117079,rice,NSIC Rc234H (NK 5017),Transplanting,Mixed,AMMOPHOS
28439,,,202248,2025-12-06,,2026-01-15,,202248,12,2026-02-10,25,,2026-05-06 11:15:47.744 +0900,2026-05-06 11:15:47.744 +0900,117082,rice,NSIC Rc234H (NK 5017),Transplanting,Mixed,AMMOPHOS
28291,,,200775,2025-12-05,,2026-01-03,,200775,9,2026-01-18,25,,2026-05-05 12:06:35.177 +0900,2026-05-05 12:06:35.177 +0900,116321,rice,NSIC Rc234H (NK 5017),Transplanting,Mixed,UREA
28291,,,200775,2025-12-05,,2026-01-03,,200775,9,2026-02-05,25,,2026-05-05 12:06:35.177 +0900,2026-05-05 12:06:35.177 +0900,116324,rice,NSIC Rc234H (NK 5017),Transplanting,Mixed,UREA
28291,,,200775,2025-12-05,,2026-01-03,,200775,10,2026-01-18,25,,2026-05-05 12:06:35.177 +0900,2026-05-05 12:06:35.177 +0900,116322,rice,NSIC Rc234H (NK 5017),Transplanting,Mixed,TRIPLE
28291,,,200775,2025-12-05,,2026-01-03,,200775,10,2026-02-05,25,,2026-05-05 12:06:35.177 +0900,2026-05-05 12:06:35.177 +0900,116325,rice,NSIC Rc234H (NK 5017),Transplanting,Mixed,TRIPLE
28291,,,200775,2025-12-05,,2026-01-03,,200775,12,2026-01-18,25,,2026-05-05 12:06:35.177 +0900,2026-05-05 12:06:35.177 +0900,116323,rice,NSIC Rc234H (NK 5017),Transplanting,Mixed,AMMOPHOS
31346,,,220383,2025-12-16,,2026-01-19,,220383,9,2026-02-02,100,,2026-06-09 16:45:12.632 +0900,2026-06-09 16:45:12.632 +0900,131976,rice,NSIC Rc456H (LP 937),Transplanting,Mixed,UREA
31346,,,220383,2025-12-16,,2026-01-19,,220383,9,2026-02-17,100,,2026-06-09 16:45:12.632 +0900,2026-06-09 16:45:12.632 +0900,131978,rice,NSIC Rc456H (LP 937),Transplanting,Mixed,UREA
31346,,,220383,2025-12-16,,2026-01-19,,220383,12,2026-02-02,50,,2026-06-09 16:45:12.632 +0900,2026-06-09 16:45:12.632 +0900,131977,rice,NSIC Rc456H (LP 937),Transplanting,Mixed,AMMOPHOS
31346,,,220383,2025-12-16,,2026-01-19,,220383,12,2026-02-17,50,,2026-06-09 16:45:12.632 +0900,2026-06-09 16:45:12.632 +0900,131979,rice,NSIC Rc456H (LP 937),Transplanting,Mixed,AMMOPHOS
31346,,,220383,2025-12-16,,2026-01-19,,220383,12,2026-03-05,50,,2026-06-09 16:45:12.632 +0900,2026-06-09 16:45:12.632 +0900,131980,rice,NSIC Rc456H (LP 937),Transplanting,Mixed,AMMOPHOS
31346,,,220383,2025-12-16,,2026-01-19,,220383,16,2026-03-05,50,,2026-06-09 16:45:12.632 +0900,2026-06-09 16:45:12.632 +0900,131981,rice,NSIC Rc456H (LP 937),Transplanting,Mixed,OTHER
28488,,,201698,2025-12-25,,2026-01-20,,201698,9,2026-01-31,100,,2026-05-06 12:35:12.926 +0900,2026-05-06 12:35:12.926 +0900,117311,rice,BIGANTE/BIGANTE PLUS,Transplanting,Mixed,UREA
28488,,,201698,2025-12-25,,2026-01-20,,201698,9,2026-02-20,100,,2026-05-06 12:35:12.926 +0900,2026-05-06 12:35:12.926 +0900,117313,rice,BIGANTE/BIGANTE PLUS,Transplanting,Mixed,UREA
28488,,,201698,2025-12-25,,2026-01-20,,201698,12,2026-01-31,100,,2026-05-06 12:35:12.926 +0900,2026-05-06 12:35:12.926 +0900,117312,rice,BIGANTE/BIGANTE PLUS,Transplanting,Mixed,AMMOPHOS
28488,,,201698,2025-12-25,,2026-01-20,,201698,12,2026-02-20,100,,2026-05-06 12:35:12.926 +0900,2026-05-06 12:35:12.926 +0900,117314,rice,BIGANTE/BIGANTE PLUS,Transplanting,Mixed,AMMOPHOS
28436,,,202193,2025-12-25,,2026-01-19,,202193,9,2026-02-03,100,,2026-05-06 11:11:41.743 +0900,2026-05-06 11:11:41.743 +0900,117062,rice,BIGANTE/BIGANTE PLUS,Transplanting,Mixed,UREA
28436,,,202193,2025-12-25,,2026-01-19,,202193,9,2026-02-18,100,,2026-05-06 11:11:41.743 +0900,2026-05-06 11:11:41.743 +0900,117064,rice,BIGANTE/BIGANTE PLUS,Transplanting,Mixed,UREA
28436,,,202193,2025-12-25,,2026-01-19,,202193,12,2026-02-03,50,,2026-05-06 11:11:41.743 +0900,2026-05-06 11:11:41.743 +0900,117063,rice,BIGANTE/BIGANTE PLUS,Transplanting,Mixed,AMMOPHOS
28436,,,202193,2025-12-25,,2026-01-19,,202193,12,2026-02-18,50,,2026-05-06 11:11:41.743 +0900,2026-05-06 11:11:41.743 +0900,117065,rice,BIGANTE/BIGANTE PLUS,Transplanting,Mixed,AMMOPHOS
28627,,,202346,2025-12-14,,2026-01-05,,202346,9,2026-01-14,50,,2026-05-13 10:36:06.481 +0900,2026-05-13 10:36:06.481 +0900,117917,rice,NSIC RC 664H,Transplanting,Mixed,UREA
28627,,,202346,2025-12-14,,2026-01-05,,202346,9,2026-02-04,50,,2026-05-13 10:36:06.481 +0900,2026-05-13 10:36:06.481 +0900,117919,rice,NSIC RC 664H,Transplanting,Mixed,UREA
28627,,,202346,2025-12-14,,2026-01-05,,202346,12,2026-01-14,50,,2026-05-13 10:36:06.481 +0900,2026-05-13 10:36:06.481 +0900,117918,rice,NSIC RC 664H,Transplanting,Mixed,AMMOPHOS
28627,,,202346,2025-12-14,,2026-01-05,,202346,12,2026-02-04,50,,2026-05-13 10:36:06.481 +0900,2026-05-13 10:36:06.481 +0900,117920,rice,NSIC RC 664H,Transplanting,Mixed,AMMOPHOS
28390,,,202351,2025-12-15,,2026-01-19,,202351,9,2026-01-29,125,,2026-05-05 16:39:55.945 +0900,2026-05-05 16:39:55.945 +0900,116849,rice,BIGANTE/BIGANTE PLUS,Transplanting,Mixed,UREA
28390,,,202351,2025-12-15,,2026-01-19,,202351,9,2026-02-18,250,,2026-05-05 16:39:55.945 +0900,2026-05-05 16:39:55.945 +0900,116851,rice,BIGANTE/BIGANTE PLUS,Transplanting,Mixed,UREA
28390,,,202351,2025-12-15,,2026-01-19,,202351,10,2026-01-29,125,,2026-05-05 16:39:55.945 +0900,2026-05-05 16:39:55.945 +0900,116850,rice,BIGANTE/BIGANTE PLUS,Transplanting,Mixed,TRIPLE
28390,,,202351,2025-12-15,,2026-01-19,,202351,12,2026-02-18,250,,2026-05-05 16:39:55.945 +0900,2026-05-05 16:39:55.945 +0900,116852,rice,BIGANTE/BIGANTE PLUS,Transplanting,Mixed,AMMOPHOS
18847,,,204581,2025-12-14,,2026-01-05,,204581,9,2026-02-03,100,,2026-03-23 12:58:37.794 +0900,2026-03-23 12:58:37.794 +0900,71969,rice,GSR-102,Transplanting,Mixed,UREA
18847,,,204581,2025-12-14,,2026-01-05,,204581,11,2026-02-03,50,,2026-03-23 12:58:37.794 +0900,2026-03-23 12:58:37.794 +0900,71970,rice,GSR-102,Transplanting,Mixed,AMMOSUL
18847,,,204581,2025-12-14,,2026-01-05,,204581,12,2026-01-16,150,,2026-03-23 12:58:37.794 +0900,2026-03-23 12:58:37.794 +0900,71968,rice,GSR-102,Transplanting,Mixed,AMMOPHOS
18286,,,204583,2025-12-19,,2026-01-10,,204583,9,2026-01-17,50,,2026-03-19 11:49:44.089 +0900,2026-03-19 11:49:44.089 +0900,69232,rice,NSIC RC 508 (TUBIGAN 42),Transplanting,Mixed,UREA
18286,,,204583,2025-12-19,,2026-01-10,,204583,9,2026-02-05,100,,2026-03-19 11:49:44.089 +0900,2026-03-19 11:49:44.089 +0900,69233,rice,NSIC RC 508 (TUBIGAN 42),Transplanting,Mixed,UREA
18286,,,204583,2025-12-19,,2026-01-10,,204583,10,2026-01-17,150,,2026-03-19 11:49:44.089 +0900,2026-03-19 11:49:44.089 +0900,69231,rice,NSIC RC 508 (TUBIGAN 42),Transplanting,Mixed,TRIPLE
18286,,,204583,2025-12-19,,2026-01-10,,204583,10,2026-02-05,100,,2026-03-19 11:49:44.089 +0900,2026-03-19 11:49:44.089 +0900,69234,rice,NSIC RC 508 (TUBIGAN 42),Transplanting,Mixed,TRIPLE
18286,,,204583,2025-12-19,,2026-01-10,,204583,11,2026-02-25,50,,2026-03-19 11:49:44.089 +0900,2026-03-19 11:49:44.089 +0900,69235,rice,NSIC RC 508 (TUBIGAN 42),Transplanting,Mixed,AMMOSUL
18286,,,204583,2025-12-19,,2026-01-10,,204583,16,2026-02-25,50,,2026-03-19 11:49:44.089 +0900,2026-03-19 11:49:44.089 +0900,69236,rice,NSIC RC 508 (TUBIGAN 42),Transplanting,Mixed,OTHER
18848,,,204582,2025-12-12,,2026-01-05,,204582,9,2026-02-03,50,,2026-03-23 13:00:08.428 +0900,2026-03-23 13:00:08.428 +0900,71972,rice,GSR-102,Transplanting,Mixed,UREA
18848,,,204582,2025-12-12,,2026-01-05,,204582,12,2026-01-16,50,,2026-03-23 13:00:08.428 +0900,2026-03-23 13:00:08.428 +0900,71971,rice,GSR-102,Transplanting,Mixed,AMMOPHOS
28477,,,201612,2025-12-28,,2026-01-20,,201612,9,2026-01-31,25,,2026-05-06 12:14:10.291 +0900,2026-05-06 12:14:10.291 +0900,117266,rice,NSIC Rc234H (NK 5017),Transplanting,Mixed,UREA
28477,,,201612,2025-12-28,,2026-01-20,,201612,9,2026-02-20,25,,2026-05-06 12:14:10.291 +0900,2026-05-06 12:14:10.291 +0900,117268,rice,NSIC Rc234H (NK 5017),Transplanting,Mixed,UREA
28477,,,201612,2025-12-28,,2026-01-20,,201612,10,2026-01-31,25,,2026-05-06 12:14:10.291 +0900,2026-05-06 12:14:10.291 +0900,117267,rice,NSIC Rc234H (NK 5017),Transplanting,Mixed,TRIPLE
28477,,,201612,2025-12-28,,2026-01-20,,201612,10,2026-02-20,25,,2026-05-06 12:14:10.291 +0900,2026-05-06 12:14:10.291 +0900,117269,rice,NSIC Rc234H (NK 5017),Transplanting,Mixed,TRIPLE
18307,,,200729,2025-12-28,,2026-01-12,,200729,9,2026-02-02,50,,2026-03-19 12:25:40.138 +0900,2026-03-19 12:25:40.138 +0900,69338,rice,NSIC RC 234H (MESTISO 27),Transplanting,Mixed,UREA
18307,,,200729,2025-12-28,,2026-01-12,,200729,10,2026-01-19,75,,2026-03-19 12:25:40.138 +0900,2026-03-19 12:25:40.138 +0900,69337,rice,NSIC RC 234H (MESTISO 27),Transplanting,Mixed,TRIPLE
18307,,,200729,2025-12-28,,2026-01-12,,200729,11,2026-02-15,50,,2026-03-19 12:25:40.138 +0900,2026-03-19 12:25:40.138 +0900,69340,rice,NSIC RC 234H (MESTISO 27),Transplanting,Mixed,AMMOSUL
18307,,,200729,2025-12-28,,2026-01-12,,200729,12,2026-02-02,25,,2026-03-19 12:25:40.138 +0900,2026-03-19 12:25:40.138 +0900,69339,rice,NSIC RC 234H (MESTISO 27),Transplanting,Mixed,AMMOPHOS
28484,,,204414,2025-12-28,,2026-01-22,,204414,9,2026-02-01,150,,2026-05-06 12:27:01.803 +0900,2026-05-06 12:27:01.803 +0900,117294,rice,BIGANTE/BIGANTE PLUS,Transplanting,Mixed,UREA
28484,,,204414,2025-12-28,,2026-01-22,,204414,9,2026-02-21,150,,2026-05-06 12:27:01.803 +0900,2026-05-06 12:27:01.803 +0900,117296,rice,BIGANTE/BIGANTE PLUS,Transplanting,Mixed,UREA
28484,,,204414,2025-12-28,,2026-01-22,,204414,10,2026-02-01,150,,2026-05-06 12:27:01.803 +0900,2026-05-06 12:27:01.803 +0900,117295,rice,BIGANTE/BIGANTE PLUS,Transplanting,Mixed,TRIPLE
28484,,,204414,2025-12-28,,2026-01-22,,204414,10,2026-02-21,150,,2026-05-06 12:27:01.803 +0900,2026-05-06 12:27:01.803 +0900,117297,rice,BIGANTE/BIGANTE PLUS,Transplanting,Mixed,TRIPLE
28513,,,202870,2025-12-12,,2026-01-07,,202870,9,2026-01-17,50,,2026-05-06 14:48:20.125 +0900,2026-05-06 14:48:20.125 +0900,117423,rice,JACKPOT 102,Transplanting,Mixed,UREA
28513,,,202870,2025-12-12,,2026-01-07,,202870,9,2026-02-17,50,,2026-05-06 14:48:20.125 +0900,2026-05-06 14:48:20.125 +0900,117425,rice,JACKPOT 102,Transplanting,Mixed,UREA
28513,,,202870,2025-12-12,,2026-01-07,,202870,11,2026-01-17,100,,2026-05-06 14:48:20.125 +0900,2026-05-06 14:48:20.125 +0900,117424,rice,JACKPOT 102,Transplanting,Mixed,AMMOSUL
28513,,,202870,2025-12-12,,2026-01-07,,202870,11,2026-02-17,100,,2026-05-06 14:48:20.125 +0900,2026-05-06 14:48:20.125 +0900,117426,rice,JACKPOT 102,Transplanting,Mixed,AMMOSUL
28513,,,202870,2025-12-12,,2026-01-07,,202870,13,,,,2026-05-06 14:48:20.125 +0900,2026-05-06 14:48:20.125 +0900,117427,rice,JACKPOT 102,Transplanting,Mixed,COMMERCIAL
28286,,,204394,2025-12-15,,2026-01-07,,204394,9,2026-01-28,100,,2026-05-05 11:57:39.991 +0900,2026-05-05 11:57:39.991 +0900,116292,rice,NSIC Rc234H (NK 5017),Transplanting,Mixed,UREA
28286,,,204394,2025-12-15,,2026-01-07,,204394,9,2026-02-08,100,,2026-05-05 11:57:39.991 +0900,2026-05-05 11:57:39.991 +0900,116295,rice,NSIC Rc234H (NK 5017),Transplanting,Mixed,UREA
28286,,,204394,2025-12-15,,2026-01-07,,204394,10,2026-01-28,50,,2026-05-05 11:57:39.991 +0900,2026-05-05 11:57:39.991 +0900,116293,rice,NSIC Rc234H (NK 5017),Transplanting,Mixed,TRIPLE
28286,,,204394,2025-12-15,,2026-01-07,,204394,12,2026-01-28,50,,2026-05-05 11:57:39.991 +0900,2026-05-05 11:57:39.991 +0900,116294,rice,NSIC Rc234H (NK 5017),Transplanting,Mixed,AMMOPHOS
28286,,,204394,2025-12-15,,2026-01-07,,204394,12,2026-02-08,50,,2026-05-05 11:57:39.991 +0900,2026-05-05 11:57:39.991 +0900,116296,rice,NSIC Rc234H (NK 5017),Transplanting,Mixed,AMMOPHOS
28286,,,204394,2025-12-15,,2026-01-07,,204394,12,2026-02-23,50,,2026-05-05 11:57:39.991 +0900,2026-05-05 11:57:39.991 +0900,116297,rice,NSIC Rc234H (NK 5017),Transplanting,Mixed,AMMOPHOS
28286,,,204394,2025-12-15,,2026-01-07,,204394,16,2026-02-23,50,,2026-05-05 11:57:39.991 +0900,2026-05-05 11:57:39.991 +0900,116298,rice,NSIC Rc234H (NK 5017),Transplanting,Mixed,OTHER
18321,,,202199,2025-12-28,,2026-01-22,,202199,9,2026-02-08,200,,2026-03-19 12:46:55.194 +0900,2026-03-19 12:46:55.194 +0900,69402,rice,NSIC RC 548H (Mestiso 101),Transplanting,Mixed,UREA
18321,,,202199,2025-12-28,,2026-01-22,,202199,9,2026-02-16,200,,2026-03-19 12:46:55.194 +0900,2026-03-19 12:46:55.194 +0900,69404,rice,NSIC RC 548H (Mestiso 101),Transplanting,Mixed,UREA
18321,,,202199,2025-12-28,,2026-01-22,,202199,12,2026-02-08,200,,2026-03-19 12:46:55.194 +0900,2026-03-19 12:46:55.194 +0900,69403,rice,NSIC RC 548H (Mestiso 101),Transplanting,Mixed,AMMOPHOS
18321,,,202199,2025-12-28,,2026-01-22,,202199,12,2026-02-16,200,,2026-03-19 12:46:55.194 +0900,2026-03-19 12:46:55.194 +0900,69405,rice,NSIC RC 548H (Mestiso 101),Transplanting,Mixed,AMMOPHOS
28305,,,201594,2025-12-13,,2026-01-07,,201594,9,2026-01-17,50,,2026-05-05 12:30:15.320 +0900,2026-05-05 12:30:15.320 +0900,116395,rice,BIGANTE/BIGANTE PLUS,Transplanting,Mixed,UREA
28305,,,201594,2025-12-13,,2026-01-07,,201594,9,2026-02-04,50,,2026-05-05 12:30:15.320 +0900,2026-05-05 12:30:15.320 +0900,116397,rice,BIGANTE/BIGANTE PLUS,Transplanting,Mixed,UREA
28305,,,201594,2025-12-13,,2026-01-07,,201594,12,2026-01-17,50,,2026-05-05 12:30:15.320 +0900,2026-05-05 12:30:15.320 +0900,116396,rice,BIGANTE/BIGANTE PLUS,Transplanting,Mixed,AMMOPHOS
28305,,,201594,2025-12-13,,2026-01-07,,201594,12,2026-02-04,50,,2026-05-05 12:30:15.320 +0900,2026-05-05 12:30:15.320 +0900,116398,rice,BIGANTE/BIGANTE PLUS,Transplanting,Mixed,AMMOPHOS
17650,,,202450,2025-12-05,,2026-01-08,,202450,9,2026-01-25,100,,2026-03-10 11:31:47.158 +0900,2026-03-10 11:31:47.158 +0900,66025,rice,NSIC Rc456H (LP 937),Transplanting,Mixed,UREA
17650,,,202450,2025-12-05,,2026-01-08,,202450,9,2026-02-10,100,,2026-03-10 11:31:47.158 +0900,2026-03-10 11:31:47.158 +0900,66027,rice,NSIC Rc456H (LP 937),Transplanting,Mixed,UREA
17650,,,202450,2025-12-05,,2026-01-08,,202450,10,2026-01-08,200,,2026-03-10 11:31:47.158 +0900,2026-03-10 11:31:47.158 +0900,66024,rice,NSIC Rc456H (LP 937),Transplanting,Mixed,TRIPLE
17650,,,202450,2025-12-05,,2026-01-08,,202450,12,2026-01-25,200,,2026-03-10 11:31:47.158 +0900,2026-03-10 11:31:47.158 +0900,66026,rice,NSIC Rc456H (LP 937),Transplanting,Mixed,AMMOPHOS
17650,,,202450,2025-12-05,,2026-01-08,,202450,12,2026-02-10,200,,2026-03-10 11:31:47.158 +0900,2026-03-10 11:31:47.158 +0900,66028,rice,NSIC Rc456H (LP 937),Transplanting,Mixed,AMMOPHOS
28430,,,202224,2025-12-15,,2026-01-19,,202224,9,2026-01-29,25,,2026-05-06 11:04:49.308 +0900,2026-05-06 11:04:49.308 +0900,117035,rice,JACKPOT 102,Transplanting,Mixed,UREA
28430,,,202224,2025-12-15,,2026-01-19,,202224,9,2026-02-20,25,,2026-05-06 11:04:49.308 +0900,2026-05-06 11:04:49.308 +0900,117037,rice,JACKPOT 102,Transplanting,Mixed,UREA
28430,,,202224,2025-12-15,,2026-01-19,,202224,16,2026-01-29,25,,2026-05-06 11:04:49.308 +0900,2026-05-06 11:04:49.308 +0900,117036,rice,JACKPOT 102,Transplanting,Mixed,OTHER
28430,,,202224,2025-12-15,,2026-01-19,,202224,16,2026-02-20,25,,2026-05-06 11:04:49.308 +0900,2026-05-06 11:04:49.308 +0900,117038,rice,JACKPOT 102,Transplanting,Mixed,OTHER
28611,,,202226,2025-12-16,,2026-01-18,,202226,9,2026-01-28,10,,2026-05-13 10:16:58.742 +0900,2026-05-13 10:16:58.742 +0900,117851,rice,NSIC RC 664H,Transplanting,Mixed,UREA
28611,,,202226,2025-12-16,,2026-01-18,,202226,9,2026-02-17,10,,2026-05-13 10:16:58.742 +0900,2026-05-13 10:16:58.742 +0900,117853,rice,NSIC RC 664H,Transplanting,Mixed,UREA
28611,,,202226,2025-12-16,,2026-01-18,,202226,12,2026-01-28,10,,2026-05-13 10:16:58.742 +0900,2026-05-13 10:16:58.742 +0900,117852,rice,NSIC RC 664H,Transplanting,Mixed,AMMOPHOS
28611,,,202226,2025-12-16,,2026-01-18,,202226,12,2026-02-17,10,,2026-05-13 10:16:58.742 +0900,2026-05-13 10:16:58.742 +0900,117854,rice,NSIC RC 664H,Transplanting,Mixed,AMMOPHOS
28326,,,202246,2025-12-18,,2026-01-21,,202246,9,2026-01-31,150,,2026-05-05 13:50:40.297 +0900,2026-05-05 13:50:40.297 +0900,116521,rice,JACKPOT 102,Transplanting,Mixed,UREA
28326,,,202246,2025-12-18,,2026-01-21,,202246,9,2026-02-20,150,,2026-05-05 13:50:40.297 +0900,2026-05-05 13:50:40.297 +0900,116523,rice,JACKPOT 102,Transplanting,Mixed,UREA
28326,,,202246,2025-12-18,,2026-01-21,,202246,12,2026-01-31,150,,2026-05-05 13:50:40.297 +0900,2026-05-05 13:50:40.297 +0900,116522,rice,JACKPOT 102,Transplanting,Mixed,AMMOPHOS
28326,,,202246,2025-12-18,,2026-01-21,,202246,12,2026-02-20,100,,2026-05-05 13:50:40.297 +0900,2026-05-05 13:50:40.297 +0900,116524,rice,JACKPOT 102,Transplanting,Mixed,AMMOPHOS
28547,,,202236,2025-12-28,,2026-01-18,,202236,9,2026-01-28,75,,2026-05-06 15:33:35.404 +0900,2026-05-06 15:33:35.404 +0900,117568,rice,BIGANTE/BIGANTE PLUS,Transplanting,Mixed,UREA
28547,,,202236,2025-12-28,,2026-01-18,,202236,9,2026-02-17,75,,2026-05-06 15:33:35.404 +0900,2026-05-06 15:33:35.404 +0900,117570,rice,BIGANTE/BIGANTE PLUS,Transplanting,Mixed,UREA
28547,,,202236,2025-12-28,,2026-01-18,,202236,10,2026-01-28,75,,2026-05-06 15:33:35.404 +0900,2026-05-06 15:33:35.404 +0900,117569,rice,BIGANTE/BIGANTE PLUS,Transplanting,Mixed,TRIPLE
28547,,,202236,2025-12-28,,2026-01-18,,202236,10,2026-02-17,75,,2026-05-06 15:33:35.404 +0900,2026-05-06 15:33:35.404 +0900,117571,rice,BIGANTE/BIGANTE PLUS,Transplanting,Mixed,TRIPLE
28545,,,202238,2025-12-28,,2026-01-18,,202238,9,2026-01-28,25,,2026-05-06 15:31:50.452 +0900,2026-05-06 15:31:50.452 +0900,117560,rice,BIGANTE/BIGANTE PLUS,Transplanting,Mixed,UREA
28545,,,202238,2025-12-28,,2026-01-18,,202238,9,2026-02-17,25,,2026-05-06 15:31:50.452 +0900,2026-05-06 15:31:50.452 +0900,117562,rice,BIGANTE/BIGANTE PLUS,Transplanting,Mixed,UREA
28545,,,202238,2025-12-28,,2026-01-18,,202238,10,2026-01-28,25,,2026-05-06 15:31:50.452 +0900,2026-05-06 15:31:50.452 +0900,117561,rice,BIGANTE/BIGANTE PLUS,Transplanting,Mixed,TRIPLE
28545,,,202238,2025-12-28,,2026-01-18,,202238,10,2026-02-17,25,,2026-05-06 15:31:50.452 +0900,2026-05-06 15:31:50.452 +0900,117563,rice,BIGANTE/BIGANTE PLUS,Transplanting,Mixed,TRIPLE
28288,,,202265,2025-12-25,,2026-02-02,,202265,9,2026-02-05,25,,2026-05-05 12:01:00.685 +0900,2026-05-05 12:01:00.685 +0900,116303,rice,BIGANTE/BIGANTE PLUS,Transplanting,Mixed,UREA
28288,,,202265,2025-12-25,,2026-02-02,,202265,9,2026-02-20,25,,2026-05-05 12:01:00.685 +0900,2026-05-05 12:01:00.685 +0900,116306,rice,BIGANTE/BIGANTE PLUS,Transplanting,Mixed,UREA
28288,,,202265,2025-12-25,,2026-02-02,,202265,10,2026-02-05,25,,2026-05-05 12:01:00.685 +0900,2026-05-05 12:01:00.685 +0900,116304,rice,BIGANTE/BIGANTE PLUS,Transplanting,Mixed,TRIPLE
28288,,,202265,2025-12-25,,2026-02-02,,202265,12,2026-02-05,25,,2026-05-05 12:01:00.685 +0900,2026-05-05 12:01:00.685 +0900,116305,rice,BIGANTE/BIGANTE PLUS,Transplanting,Mixed,AMMOPHOS
28288,,,202265,2025-12-25,,2026-02-02,,202265,12,2026-02-20,25,,2026-05-05 12:01:00.685 +0900,2026-05-05 12:01:00.685 +0900,116307,rice,BIGANTE/BIGANTE PLUS,Transplanting,Mixed,AMMOPHOS
28288,,,202265,2025-12-25,,2026-02-02,,202265,16,2026-03-07,25,,2026-05-05 12:01:00.685 +0900,2026-05-05 12:01:00.685 +0900,116308,rice,BIGANTE/BIGANTE PLUS,Transplanting,Mixed,OTHER
28363,,,202247,2025-12-18,,2026-01-20,,202247,9,2026-02-01,175,,2026-05-05 16:03:45.767 +0900,2026-05-05 16:03:45.767 +0900,116715,rice,NSIC Rc234H (NK 5017),Transplanting,Mixed,UREA
28363,,,202247,2025-12-18,,2026-01-20,,202247,9,2026-02-21,175,,2026-05-05 16:03:45.767 +0900,2026-05-05 16:03:45.767 +0900,116717,rice,NSIC Rc234H (NK 5017),Transplanting,Mixed,UREA
28363,,,202247,2025-12-18,,2026-01-20,,202247,12,2026-02-01,200,,2026-05-05 16:03:45.767 +0900,2026-05-05 16:03:45.767 +0900,116716,rice,NSIC Rc234H (NK 5017),Transplanting,Mixed,AMMOPHOS
28363,,,202247,2025-12-18,,2026-01-20,,202247,12,2026-02-21,200,,2026-05-05 16:03:45.767 +0900,2026-05-05 16:03:45.767 +0900,116718,rice,NSIC Rc234H (NK 5017),Transplanting,Mixed,AMMOPHOS
28263,,,200733,2025-12-05,,2026-01-04,,200733,9,2026-01-14,75,,2026-05-05 10:46:49.237 +0900,2026-05-05 10:46:49.237 +0900,116167,rice,BIGANTE/BIGANTE PLUS,Transplanting,Mixed,UREA
28263,,,200733,2025-12-05,,2026-01-04,,200733,9,2026-01-28,75,,2026-05-05 10:46:49.237 +0900,2026-05-05 10:46:49.237 +0900,116170,rice,BIGANTE/BIGANTE PLUS,Transplanting,Mixed,UREA
28263,,,200733,2025-12-05,,2026-01-04,,200733,10,2026-01-14,50,,2026-05-05 10:46:49.237 +0900,2026-05-05 10:46:49.237 +0900,116168,rice,BIGANTE/BIGANTE PLUS,Transplanting,Mixed,TRIPLE
28263,,,200733,2025-12-05,,2026-01-04,,200733,12,2026-01-28,50,,2026-05-05 10:46:49.237 +0900,2026-05-05 10:46:49.237 +0900,116171,rice,BIGANTE/BIGANTE PLUS,Transplanting,Mixed,AMMOPHOS
28263,,,200733,2025-12-05,,2026-01-04,,200733,12,2026-02-08,50,,2026-05-05 10:46:49.237 +0900,2026-05-05 10:46:49.237 +0900,116172,rice,BIGANTE/BIGANTE PLUS,Transplanting,Mixed,AMMOPHOS
28263,,,200733,2025-12-05,,2026-01-04,,200733,16,2026-01-14,50,,2026-05-05 10:46:49.237 +0900,2026-05-05 10:46:49.237 +0900,116169,rice,BIGANTE/BIGANTE PLUS,Transplanting,Mixed,OTHER
28263,,,200733,2025-12-05,,2026-01-04,,200733,16,2026-02-08,50,,2026-05-05 10:46:49.237 +0900,2026-05-05 10:46:49.237 +0900,116173,rice,BIGANTE/BIGANTE PLUS,Transplanting,Mixed,OTHER
18330,,,202197,2025-11-25,,2026-01-27,,202197,9,2026-02-06,50,,2026-03-19 13:10:02.261 +0900,2026-03-19 13:10:02.261 +0900,69442,rice,NSIC Rc456H (LP 937),Transplanting,Mixed,UREA
18330,,,202197,2025-11-25,,2026-01-27,,202197,9,2026-02-21,50,,2026-03-19 13:10:02.261 +0900,2026-03-19 13:10:02.261 +0900,69445,rice,NSIC Rc456H (LP 937),Transplanting,Mixed,UREA
18330,,,202197,2025-11-25,,2026-01-27,,202197,10,2026-02-06,50,,2026-03-19 13:10:02.261 +0900,2026-03-19 13:10:02.261 +0900,69443,rice,NSIC Rc456H (LP 937),Transplanting,Mixed,TRIPLE
18330,,,202197,2025-11-25,,2026-01-27,,202197,10,2026-02-21,50,,2026-03-19 13:10:02.261 +0900,2026-03-19 13:10:02.261 +0900,69446,rice,NSIC Rc456H (LP 937),Transplanting,Mixed,TRIPLE
18330,,,202197,2025-11-25,,2026-01-27,,202197,12,2026-02-06,100,,2026-03-19 13:10:02.261 +0900,2026-03-19 13:10:02.261 +0900,69444,rice,NSIC Rc456H (LP 937),Transplanting,Mixed,AMMOPHOS
18330,,,202197,2025-11-25,,2026-01-27,,202197,12,2026-02-21,100,,2026-03-19 13:10:02.261 +0900,2026-03-19 13:10:02.261 +0900,69447,rice,NSIC Rc456H (LP 937),Transplanting,Mixed,AMMOPHOS
28319,,,204406,2025-12-30,,2026-01-21,,204406,9,2026-01-31,75,,2026-05-05 13:03:02.697 +0900,2026-05-05 13:03:02.697 +0900,116488,rice,NSIC Rc234H (NK 5017),Transplanting,Mixed,UREA
28319,,,204406,2025-12-30,,2026-01-21,,204406,9,2026-02-20,75,,2026-05-05 13:03:02.697 +0900,2026-05-05 13:03:02.697 +0900,116490,rice,NSIC Rc234H (NK 5017),Transplanting,Mixed,UREA
28319,,,204406,2025-12-30,,2026-01-21,,204406,10,2026-01-31,75,,2026-05-05 13:03:02.697 +0900,2026-05-05 13:03:02.697 +0900,116489,rice,NSIC Rc234H (NK 5017),Transplanting,Mixed,TRIPLE
28319,,,204406,2025-12-30,,2026-01-21,,204406,10,2026-02-20,75,,2026-05-05 13:03:02.697 +0900,2026-05-05 13:03:02.697 +0900,116491,rice,NSIC Rc234H (NK 5017),Transplanting,Mixed,TRIPLE
28300,,,204473,2025-12-11,,2026-01-10,,204473,9,2026-01-25,100,,2026-05-05 12:23:54.976 +0900,2026-05-05 12:23:54.976 +0900,116368,rice,BIGANTE/BIGANTE PLUS,Transplanting,Mixed,UREA
28300,,,204473,2025-12-11,,2026-01-10,,204473,9,2026-02-09,100,,2026-05-05 12:23:54.976 +0900,2026-05-05 12:23:54.976 +0900,116370,rice,BIGANTE/BIGANTE PLUS,Transplanting,Mixed,UREA
28300,,,204473,2025-12-11,,2026-01-10,,204473,12,2026-01-25,50,,2026-05-05 12:23:54.976 +0900,2026-05-05 12:23:54.976 +0900,116369,rice,BIGANTE/BIGANTE PLUS,Transplanting,Mixed,AMMOPHOS
28300,,,204473,2025-12-11,,2026-01-10,,204473,12,2026-02-09,50,,2026-05-05 12:23:54.976 +0900,2026-05-05 12:23:54.976 +0900,116371,rice,BIGANTE/BIGANTE PLUS,Transplanting,Mixed,AMMOPHOS
28300,,,204473,2025-12-11,,2026-01-10,,204473,13,,,,2026-05-05 12:23:54.976 +0900,2026-05-05 12:23:54.976 +0900,116372,rice,BIGANTE/BIGANTE PLUS,Transplanting,Mixed,COMMERCIAL
28499,,,202262,2025-12-28,,2026-01-23,,202262,9,2026-02-02,50,,2026-05-06 14:16:18.464 +0900,2026-05-06 14:16:18.464 +0900,117355,rice,JACKPOT 102,Transplanting,Mixed,UREA
28499,,,202262,2025-12-28,,2026-01-23,,202262,9,2026-02-22,50,,2026-05-06 14:16:18.464 +0900,2026-05-06 14:16:18.464 +0900,117357,rice,JACKPOT 102,Transplanting,Mixed,UREA
28499,,,202262,2025-12-28,,2026-01-23,,202262,10,2026-02-02,50,,2026-05-06 14:16:18.464 +0900,2026-05-06 14:16:18.464 +0900,117356,rice,JACKPOT 102,Transplanting,Mixed,TRIPLE
28499,,,202262,2025-12-28,,2026-01-23,,202262,10,2026-02-22,50,,2026-05-06 14:16:18.464 +0900,2026-05-06 14:16:18.464 +0900,117358,rice,JACKPOT 102,Transplanting,Mixed,TRIPLE
28395,,,200636,2025-12-16,,2026-01-17,,200636,9,2026-01-31,100,,2026-05-05 16:46:10.653 +0900,2026-05-05 16:46:10.653 +0900,116871,rice,NSIC Rc234H (NK 5017),Transplanting,Mixed,UREA
28395,,,200636,2025-12-16,,2026-01-17,,200636,9,2026-02-13,100,,2026-05-05 16:46:10.653 +0900,2026-05-05 16:46:10.653 +0900,116873,rice,NSIC Rc234H (NK 5017),Transplanting,Mixed,UREA
28395,,,200636,2025-12-16,,2026-01-17,,200636,12,2026-01-31,50,,2026-05-05 16:46:10.653 +0900,2026-05-05 16:46:10.653 +0900,116872,rice,NSIC Rc234H (NK 5017),Transplanting,Mixed,AMMOPHOS
28395,,,200636,2025-12-16,,2026-01-17,,200636,12,2026-02-13,50,,2026-05-05 16:46:10.653 +0900,2026-05-05 16:46:10.653 +0900,116874,rice,NSIC Rc234H (NK 5017),Transplanting,Mixed,AMMOPHOS
28395,,,200636,2025-12-16,,2026-01-17,,200636,13,,,,2026-05-05 16:46:10.653 +0900,2026-05-05 16:46:10.653 +0900,116875,rice,NSIC Rc234H (NK 5017),Transplanting,Mixed,COMMERCIAL
28533,,,200718,2025-12-30,,2026-01-26,,200718,9,2026-02-05,50,,2026-05-06 15:11:41.531 +0900,2026-05-06 15:11:41.531 +0900,117508,rice,BIGANTE/BIGANTE PLUS,Transplanting,Mixed,UREA
28533,,,200718,2025-12-30,,2026-01-26,,200718,9,2026-02-25,50,,2026-05-06 15:11:41.531 +0900,2026-05-06 15:11:41.531 +0900,117510,rice,BIGANTE/BIGANTE PLUS,Transplanting,Mixed,UREA
28533,,,200718,2025-12-30,,2026-01-26,,200718,10,2026-02-05,50,,2026-05-06 15:11:41.531 +0900,2026-05-06 15:11:41.531 +0900,117509,rice,BIGANTE/BIGANTE PLUS,Transplanting,Mixed,TRIPLE
28533,,,200718,2025-12-30,,2026-01-26,,200718,10,2026-02-25,50,,2026-05-06 15:11:41.531 +0900,2026-05-06 15:11:41.531 +0900,117511,rice,BIGANTE/BIGANTE PLUS,Transplanting,Mixed,TRIPLE
28478,,,200771,2025-12-27,,2026-01-19,,200771,9,2026-01-29,125,,2026-05-06 12:15:37.603 +0900,2026-05-06 12:15:37.603 +0900,117270,rice,NSIC Rc456H (LP 937),Transplanting,Mixed,UREA
28478,,,200771,2025-12-27,,2026-01-19,,200771,9,2026-02-18,125,,2026-05-06 12:15:37.603 +0900,2026-05-06 12:15:37.603 +0900,117272,rice,NSIC Rc456H (LP 937),Transplanting,Mixed,UREA
28478,,,200771,2025-12-27,,2026-01-19,,200771,10,2026-01-29,125,,2026-05-06 12:15:37.603 +0900,2026-05-06 12:15:37.603 +0900,117271,rice,NSIC Rc456H (LP 937),Transplanting,Mixed,TRIPLE
28478,,,200771,2025-12-27,,2026-01-19,,200771,10,2026-02-18,125,,2026-05-06 12:15:37.603 +0900,2026-05-06 12:15:37.603 +0900,117273,rice,NSIC Rc456H (LP 937),Transplanting,Mixed,TRIPLE
17707,,,201615,2025-12-29,,2026-01-30,,201615,9,2026-02-07,200,,2026-03-13 15:28:30.542 +0900,2026-03-13 15:28:30.542 +0900,66382,rice,NSIC RC 314H (Mestiso 46),Transplanting,Mixed,UREA
17707,,,201615,2025-12-29,,2026-01-30,,201615,9,2026-03-08,200,,2026-03-13 15:28:30.542 +0900,2026-03-13 15:28:30.542 +0900,66385,rice,NSIC RC 314H (Mestiso 46),Transplanting,Mixed,UREA
17707,,,201615,2025-12-29,,2026-01-30,,201615,10,2026-02-07,200,,2026-03-13 15:28:30.542 +0900,2026-03-13 15:28:30.542 +0900,66383,rice,NSIC RC 314H (Mestiso 46),Transplanting,Mixed,TRIPLE
17707,,,201615,2025-12-29,,2026-01-30,,201615,12,2026-02-07,100,,2026-03-13 15:28:30.542 +0900,2026-03-13 15:28:30.542 +0900,66384,rice,NSIC RC 314H (Mestiso 46),Transplanting,Mixed,AMMOPHOS
17707,,,201615,2025-12-29,,2026-01-30,,201615,12,2026-03-08,100,,2026-03-13 15:28:30.542 +0900,2026-03-13 15:28:30.542 +0900,66386,rice,NSIC RC 314H (Mestiso 46),Transplanting,Mixed,AMMOPHOS
17707,,,201615,2025-12-29,,2026-01-30,,201615,13,,,,2026-03-13 15:28:30.542 +0900,2026-03-13 15:28:30.542 +0900,66388,rice,NSIC RC 314H (Mestiso 46),Transplanting,Mixed,COMMERCIAL
17707,,,201615,2025-12-29,,2026-01-30,,201615,16,2026-03-08,100,,2026-03-13 15:28:30.542 +0900,2026-03-13 15:28:30.542 +0900,66387,rice,NSIC RC 314H (Mestiso 46),Transplanting,Mixed,OTHER
28333,,,204410,2025-12-13,,2026-01-03,,204410,9,2026-01-13,100,,2026-05-05 14:04:33.403 +0900,2026-05-05 14:04:33.403 +0900,116557,rice,NSIC Rc234H (NK 5017),Transplanting,Mixed,UREA
28333,,,204410,2025-12-13,,2026-01-03,,204410,9,2026-01-28,100,,2026-05-05 14:04:33.403 +0900,2026-05-05 14:04:33.403 +0900,116560,rice,NSIC Rc234H (NK 5017),Transplanting,Mixed,UREA
28333,,,204410,2025-12-13,,2026-01-03,,204410,10,2026-01-13,50,,2026-05-05 14:04:33.403 +0900,2026-05-05 14:04:33.403 +0900,116558,rice,NSIC Rc234H (NK 5017),Transplanting,Mixed,TRIPLE
28333,,,204410,2025-12-13,,2026-01-03,,204410,12,2026-01-13,50,,2026-05-05 14:04:33.403 +0900,2026-05-05 14:04:33.403 +0900,116559,rice,NSIC Rc234H (NK 5017),Transplanting,Mixed,AMMOPHOS
28333,,,204410,2025-12-13,,2026-01-03,,204410,12,2026-01-28,50,,2026-05-05 14:04:33.403 +0900,2026-05-05 14:04:33.403 +0900,116561,rice,NSIC Rc234H (NK 5017),Transplanting,Mixed,AMMOPHOS
28324,,,201628,2025-12-05,,2026-01-07,,201628,9,2026-01-17,100,,2026-05-05 13:45:34.379 +0900,2026-05-05 13:45:34.379 +0900,116511,rice,BIGANTE/BIGANTE PLUS,Transplanting,Mixed,UREA
28324,,,201628,2025-12-05,,2026-01-07,,201628,9,2026-02-12,100,,2026-05-05 13:45:34.379 +0900,2026-05-05 13:45:34.379 +0900,116514,rice,BIGANTE/BIGANTE PLUS,Transplanting,Mixed,UREA
28324,,,201628,2025-12-05,,2026-01-07,,201628,10,2026-01-17,50,,2026-05-05 13:45:34.379 +0900,2026-05-05 13:45:34.379 +0900,116512,rice,BIGANTE/BIGANTE PLUS,Transplanting,Mixed,TRIPLE
28324,,,201628,2025-12-05,,2026-01-07,,201628,12,2026-01-17,50,,2026-05-05 13:45:34.379 +0900,2026-05-05 13:45:34.379 +0900,116513,rice,BIGANTE/BIGANTE PLUS,Transplanting,Mixed,AMMOPHOS
28324,,,201628,2025-12-05,,2026-01-07,,201628,12,2026-02-12,50,,2026-05-05 13:45:34.379 +0900,2026-05-05 13:45:34.379 +0900,116515,rice,BIGANTE/BIGANTE PLUS,Transplanting,Mixed,AMMOPHOS
28452,,,202315,2025-12-10,,2025-12-29,,202315,9,2026-01-08,50,,2026-05-06 11:30:32.583 +0900,2026-05-06 11:30:32.583 +0900,117145,rice,NSIC RC 132H (MESTISO 6),Transplanting,Mixed,UREA
28452,,,202315,2025-12-10,,2025-12-29,,202315,9,2026-01-20,50,,2026-05-06 11:30:32.583 +0900,2026-05-06 11:30:32.583 +0900,117148,rice,NSIC RC 132H (MESTISO 6),Transplanting,Mixed,UREA
28452,,,202315,2025-12-10,,2025-12-29,,202315,9,2026-02-03,50,,2026-05-06 11:30:32.583 +0900,2026-05-06 11:30:32.583 +0900,117150,rice,NSIC RC 132H (MESTISO 6),Transplanting,Mixed,UREA
28452,,,202315,2025-12-10,,2025-12-29,,202315,10,2026-01-08,50,,2026-05-06 11:30:32.583 +0900,2026-05-06 11:30:32.583 +0900,117146,rice,NSIC RC 132H (MESTISO 6),Transplanting,Mixed,TRIPLE
28452,,,202315,2025-12-10,,2025-12-29,,202315,12,2026-01-08,50,,2026-05-06 11:30:32.583 +0900,2026-05-06 11:30:32.583 +0900,117147,rice,NSIC RC 132H (MESTISO 6),Transplanting,Mixed,AMMOPHOS
28452,,,202315,2025-12-10,,2025-12-29,,202315,12,2026-01-20,50,,2026-05-06 11:30:32.583 +0900,2026-05-06 11:30:32.583 +0900,117149,rice,NSIC RC 132H (MESTISO 6),Transplanting,Mixed,AMMOPHOS
28452,,,202315,2025-12-10,,2025-12-29,,202315,16,2026-02-03,50,,2026-05-06 11:30:32.583 +0900,2026-05-06 11:30:32.583 +0900,117151,rice,NSIC RC 132H (MESTISO 6),Transplanting,Mixed,OTHER
28253,,,201653,2025-12-11,,2026-01-05,,201653,9,2026-01-15,150,,2026-05-05 10:24:28.968 +0900,2026-05-05 10:24:28.968 +0900,116112,rice,NSIC Rc234H (NK 5017),Transplanting,Mixed,UREA
28253,,,201653,2025-12-11,,2026-01-05,,201653,9,2026-01-31,150,,2026-05-05 10:24:28.968 +0900,2026-05-05 10:24:28.968 +0900,116115,rice,NSIC Rc234H (NK 5017),Transplanting,Mixed,UREA
28253,,,201653,2025-12-11,,2026-01-05,,201653,9,2026-02-11,100,,2026-05-05 10:24:28.968 +0900,2026-05-05 10:24:28.968 +0900,116117,rice,NSIC Rc234H (NK 5017),Transplanting,Mixed,UREA
28253,,,201653,2025-12-11,,2026-01-05,,201653,10,2026-01-15,50,,2026-05-05 10:24:28.968 +0900,2026-05-05 10:24:28.968 +0900,116113,rice,NSIC Rc234H (NK 5017),Transplanting,Mixed,TRIPLE
28253,,,201653,2025-12-11,,2026-01-05,,201653,12,2026-01-15,50,,2026-05-05 10:24:28.968 +0900,2026-05-05 10:24:28.968 +0900,116114,rice,NSIC Rc234H (NK 5017),Transplanting,Mixed,AMMOPHOS
28253,,,201653,2025-12-11,,2026-01-05,,201653,12,2026-01-31,100,,2026-05-05 10:24:28.968 +0900,2026-05-05 10:24:28.968 +0900,116116,rice,NSIC Rc234H (NK 5017),Transplanting,Mixed,AMMOPHOS
28253,,,201653,2025-12-11,,2026-01-05,,201653,12,2026-02-11,75,,2026-05-05 10:24:28.968 +0900,2026-05-05 10:24:28.968 +0900,116118,rice,NSIC Rc234H (NK 5017),Transplanting,Mixed,AMMOPHOS
28253,,,201653,2025-12-11,,2026-01-05,,201653,16,2026-02-11,75,,2026-05-05 10:24:28.968 +0900,2026-05-05 10:24:28.968 +0900,116119,rice,NSIC Rc234H (NK 5017),Transplanting,Mixed,OTHER
28387,,,201681,2025-12-20,,2026-01-18,,201681,9,2026-01-28,75,,2026-05-05 16:37:51.624 +0900,2026-05-05 16:37:51.624 +0900,116835,rice,NSIC Rc234H (NK 5017),Transplanting,Mixed,UREA
28387,,,201681,2025-12-20,,2026-01-18,,201681,9,2026-02-17,75,,2026-05-05 16:37:51.624 +0900,2026-05-05 16:37:51.624 +0900,116838,rice,NSIC Rc234H (NK 5017),Transplanting,Mixed,UREA
28387,,,201681,2025-12-20,,2026-01-18,,201681,12,2026-01-28,75,,2026-05-05 16:37:51.624 +0900,2026-05-05 16:37:51.624 +0900,116836,rice,NSIC Rc234H (NK 5017),Transplanting,Mixed,AMMOPHOS
28387,,,201681,2025-12-20,,2026-01-18,,201681,12,2026-02-17,75,,2026-05-05 16:37:51.624 +0900,2026-05-05 16:37:51.624 +0900,116837,rice,NSIC Rc234H (NK 5017),Transplanting,Mixed,AMMOPHOS
28414,,,201703,2025-12-30,,2026-01-21,,201703,9,2026-01-31,125,,2026-05-06 09:57:08.698 +0900,2026-05-06 09:57:08.698 +0900,116956,rice,JACKPOT 102,Transplanting,Mixed,UREA
28414,,,201703,2025-12-30,,2026-01-21,,201703,9,2026-02-20,125,,2026-05-06 09:57:08.698 +0900,2026-05-06 09:57:08.698 +0900,116958,rice,JACKPOT 102,Transplanting,Mixed,UREA
28414,,,201703,2025-12-30,,2026-01-21,,201703,10,2026-01-31,125,,2026-05-06 09:57:08.698 +0900,2026-05-06 09:57:08.698 +0900,116957,rice,JACKPOT 102,Transplanting,Mixed,TRIPLE
28414,,,201703,2025-12-30,,2026-01-21,,201703,10,2026-02-20,125,,2026-05-06 09:57:08.698 +0900,2026-05-06 09:57:08.698 +0900,116959,rice,JACKPOT 102,Transplanting,Mixed,TRIPLE
19101,,,201674,2025-12-24,,2026-01-20,,201674,9,2026-01-30,25,,2026-03-24 12:40:29.616 +0900,2026-03-24 12:40:29.616 +0900,73199,rice,JACKPOT 102,Transplanting,Mixed,UREA
19101,,,201674,2025-12-24,,2026-01-20,,201674,9,2026-02-09,25,,2026-03-24 12:40:29.616 +0900,2026-03-24 12:40:29.616 +0900,73201,rice,JACKPOT 102,Transplanting,Mixed,UREA
19101,,,201674,2025-12-24,,2026-01-20,,201674,10,2026-01-30,25,,2026-03-24 12:40:29.616 +0900,2026-03-24 12:40:29.616 +0900,73200,rice,JACKPOT 102,Transplanting,Mixed,TRIPLE
19101,,,201674,2025-12-24,,2026-01-20,,201674,12,2026-02-09,25,,2026-03-24 12:40:29.616 +0900,2026-03-24 12:40:29.616 +0900,73202,rice,JACKPOT 102,Transplanting,Mixed,AMMOPHOS
19101,,,201674,2025-12-24,,2026-01-20,,201674,16,2026-02-09,25,,2026-03-24 12:40:29.616 +0900,2026-03-24 12:40:29.616 +0900,73203,rice,JACKPOT 102,Transplanting,Mixed,OTHER
28406,,,201691,2025-12-29,,2026-01-21,,201691,9,2026-01-31,50,,2026-05-06 09:42:03.303 +0900,2026-05-06 09:42:03.303 +0900,116921,rice,JACKPOT 102,Transplanting,Mixed,UREA
28406,,,201691,2025-12-29,,2026-01-21,,201691,9,2026-02-20,50,,2026-05-06 09:42:03.303 +0900,2026-05-06 09:42:03.303 +0900,116923,rice,JACKPOT 102,Transplanting,Mixed,UREA
28406,,,201691,2025-12-29,,2026-01-21,,201691,10,2026-01-31,50,,2026-05-06 09:42:03.303 +0900,2026-05-06 09:42:03.303 +0900,116922,rice,JACKPOT 102,Transplanting,Mixed,TRIPLE
28406,,,201691,2025-12-29,,2026-01-21,,201691,10,2026-02-20,50,,2026-05-06 09:42:03.303 +0900,2026-05-06 09:42:03.303 +0900,116924,rice,JACKPOT 102,Transplanting,Mixed,TRIPLE
28362,,,202312,2025-12-27,,2026-01-08,,202312,9,2026-01-16,150,,2026-05-05 16:02:46.597 +0900,2026-05-05 16:02:46.597 +0900,116709,rice,JACKPOT 102,Transplanting,Mixed,UREA
28362,,,202312,2025-12-27,,2026-01-08,,202312,9,2026-01-30,150,,2026-05-05 16:02:46.597 +0900,2026-05-05 16:02:46.597 +0900,116712,rice,JACKPOT 102,Transplanting,Mixed,UREA
28362,,,202312,2025-12-27,,2026-01-08,,202312,10,2026-01-16,100,,2026-05-05 16:02:46.597 +0900,2026-05-05 16:02:46.597 +0900,116710,rice,JACKPOT 102,Transplanting,Mixed,TRIPLE
28362,,,202312,2025-12-27,,2026-01-08,,202312,10,2026-01-30,100,,2026-05-05 16:02:46.597 +0900,2026-05-05 16:02:46.597 +0900,116713,rice,JACKPOT 102,Transplanting,Mixed,TRIPLE
28362,,,202312,2025-12-27,,2026-01-08,,202312,12,2026-01-16,100,,2026-05-05 16:02:46.597 +0900,2026-05-05 16:02:46.597 +0900,116711,rice,JACKPOT 102,Transplanting,Mixed,AMMOPHOS
28362,,,202312,2025-12-27,,2026-01-08,,202312,12,2026-01-30,100,,2026-05-05 16:02:46.597 +0900,2026-05-05 16:02:46.597 +0900,116714,rice,JACKPOT 102,Transplanting,Mixed,AMMOPHOS
28601,,,202313,2025-12-13,,2026-01-20,,202313,9,2026-01-30,125,,2026-05-13 10:04:50.994 +0900,2026-05-13 10:04:50.994 +0900,117803,rice,NSIC RC 664H,Transplanting,Mixed,UREA
28601,,,202313,2025-12-13,,2026-01-20,,202313,9,2026-02-19,125,,2026-05-13 10:04:50.994 +0900,2026-05-13 10:04:50.994 +0900,117805,rice,NSIC RC 664H,Transplanting,Mixed,UREA
28601,,,202313,2025-12-13,,2026-01-20,,202313,12,2026-01-30,125,,2026-05-13 10:04:50.994 +0900,2026-05-13 10:04:50.994 +0900,117804,rice,NSIC RC 664H,Transplanting,Mixed,AMMOPHOS
28601,,,202313,2025-12-13,,2026-01-20,,202313,12,2026-02-19,125,,2026-05-13 10:04:50.994 +0900,2026-05-13 10:04:50.994 +0900,117806,rice,NSIC RC 664H,Transplanting,Mixed,AMMOPHOS
18284,,,202190,2025-12-05,,2026-01-09,,202190,9,2026-01-16,100,,2026-03-19 11:42:14.428 +0900,2026-03-19 11:42:14.428 +0900,69218,rice,NSIC RC 512 (TUBIGAN 44),Transplanting,Burned or Removed,UREA
18284,,,202190,2025-12-05,,2026-01-09,,202190,9,2026-01-25,100,,2026-03-19 11:42:14.428 +0900,2026-03-19 11:42:14.428 +0900,69220,rice,NSIC RC 512 (TUBIGAN 44),Transplanting,Burned or Removed,UREA
18284,,,202190,2025-12-05,,2026-01-09,,202190,9,2026-02-24,100,,2026-03-19 11:42:14.428 +0900,2026-03-19 11:42:14.428 +0900,69222,rice,NSIC RC 512 (TUBIGAN 44),Transplanting,Burned or Removed,UREA
18284,,,202190,2025-12-05,,2026-01-09,,202190,12,2026-01-16,100,,2026-03-19 11:42:14.428 +0900,2026-03-19 11:42:14.428 +0900,69219,rice,NSIC RC 512 (TUBIGAN 44),Transplanting,Burned or Removed,AMMOPHOS
18284,,,202190,2025-12-05,,2026-01-09,,202190,12,2026-01-25,100,,2026-03-19 11:42:14.428 +0900,2026-03-19 11:42:14.428 +0900,69221,rice,NSIC RC 512 (TUBIGAN 44),Transplanting,Burned or Removed,AMMOPHOS
18284,,,202190,2025-12-05,,2026-01-09,,202190,12,2026-02-24,100,,2026-03-19 11:42:14.428 +0900,2026-03-19 11:42:14.428 +0900,69223,rice,NSIC RC 512 (TUBIGAN 44),Transplanting,Burned or Removed,AMMOPHOS
28458,,,202259,2025-12-30,,2026-01-28,,202259,9,2026-02-07,75,,2026-05-06 11:37:32.995 +0900,2026-05-06 11:37:32.995 +0900,117180,rice,NSIC Rc234H (NK 5017),Transplanting,Mixed,UREA
28458,,,202259,2025-12-30,,2026-01-28,,202259,9,2026-02-27,75,,2026-05-06 11:37:32.995 +0900,2026-05-06 11:37:32.995 +0900,117182,rice,NSIC Rc234H (NK 5017),Transplanting,Mixed,UREA
28458,,,202259,2025-12-30,,2026-01-28,,202259,10,2026-02-07,75,,2026-05-06 11:37:32.995 +0900,2026-05-06 11:37:32.995 +0900,117181,rice,NSIC Rc234H (NK 5017),Transplanting,Mixed,TRIPLE
28458,,,202259,2025-12-30,,2026-01-28,,202259,10,2026-02-27,75,,2026-05-06 11:37:32.995 +0900,2026-05-06 11:37:32.995 +0900,117183,rice,NSIC Rc234H (NK 5017),Transplanting,Mixed,TRIPLE
28492,,,202308,2025-12-28,,2026-01-23,,202308,9,2026-02-02,100,,2026-05-06 12:45:26.833 +0900,2026-05-06 12:45:26.833 +0900,117327,rice,NSIC RC 132H (MESTISO 6),Transplanting,Mixed,UREA
28492,,,202308,2025-12-28,,2026-01-23,,202308,9,2026-02-22,100,,2026-05-06 12:45:26.833 +0900,2026-05-06 12:45:26.833 +0900,117329,rice,NSIC RC 132H (MESTISO 6),Transplanting,Mixed,UREA
28492,,,202308,2025-12-28,,2026-01-23,,202308,10,2026-02-02,100,,2026-05-06 12:45:26.833 +0900,2026-05-06 12:45:26.833 +0900,117328,rice,NSIC RC 132H (MESTISO 6),Transplanting,Mixed,TRIPLE
28492,,,202308,2025-12-28,,2026-01-23,,202308,10,2026-02-22,100,,2026-05-06 12:45:26.833 +0900,2026-05-06 12:45:26.833 +0900,117330,rice,NSIC RC 132H (MESTISO 6),Transplanting,Mixed,TRIPLE
28548,,,204475,2025-12-27,,2026-01-21,,204475,9,2026-01-31,100,,2026-05-06 15:34:26.311 +0900,2026-05-06 15:34:26.311 +0900,117572,rice,JACKPOT 102,Transplanting,Mixed,UREA
28548,,,204475,2025-12-27,,2026-01-21,,204475,9,2026-02-20,100,,2026-05-06 15:34:26.311 +0900,2026-05-06 15:34:26.311 +0900,117574,rice,JACKPOT 102,Transplanting,Mixed,UREA
28548,,,204475,2025-12-27,,2026-01-21,,204475,10,2026-01-31,100,,2026-05-06 15:34:26.311 +0900,2026-05-06 15:34:26.311 +0900,117573,rice,JACKPOT 102,Transplanting,Mixed,TRIPLE
28548,,,204475,2025-12-27,,2026-01-21,,204475,10,2026-02-20,100,,2026-05-06 15:34:26.311 +0900,2026-05-06 15:34:26.311 +0900,117575,rice,JACKPOT 102,Transplanting,Mixed,TRIPLE
28284,,,204415,2025-12-03,,2026-01-07,,204415,9,2026-01-17,50,,2026-05-05 11:52:57.772 +0900,2026-05-05 11:52:57.772 +0900,116283,rice,BIGANTE/BIGANTE PLUS,Transplanting,Mixed,UREA
28284,,,204415,2025-12-03,,2026-01-07,,204415,9,2026-01-30,50,,2026-05-05 11:52:57.772 +0900,2026-05-05 11:52:57.772 +0900,116285,rice,BIGANTE/BIGANTE PLUS,Transplanting,Mixed,UREA
28284,,,204415,2025-12-03,,2026-01-07,,204415,12,2026-01-17,50,,2026-05-05 11:52:57.772 +0900,2026-05-05 11:52:57.772 +0900,116284,rice,BIGANTE/BIGANTE PLUS,Transplanting,Mixed,AMMOPHOS
28284,,,204415,2025-12-03,,2026-01-07,,204415,12,2026-01-30,50,,2026-05-05 11:52:57.772 +0900,2026-05-05 11:52:57.772 +0900,116286,rice,BIGANTE/BIGANTE PLUS,Transplanting,Mixed,AMMOPHOS
28287,,,202326,2025-12-20,,2026-01-18,,202326,9,2026-02-02,25,,2026-05-05 11:59:21.049 +0900,2026-05-05 11:59:21.049 +0900,116299,rice,JACKPOT 102,Transplanting,Mixed,UREA
28287,,,202326,2025-12-20,,2026-01-18,,202326,9,2026-02-17,25,,2026-05-05 11:59:21.049 +0900,2026-05-05 11:59:21.049 +0900,116301,rice,JACKPOT 102,Transplanting,Mixed,UREA
28287,,,202326,2025-12-20,,2026-01-18,,202326,10,2026-02-02,25,,2026-05-05 11:59:21.049 +0900,2026-05-05 11:59:21.049 +0900,116300,rice,JACKPOT 102,Transplanting,Mixed,TRIPLE
28287,,,202326,2025-12-20,,2026-01-18,,202326,12,2026-02-17,25,,2026-05-05 11:59:21.049 +0900,2026-05-05 11:59:21.049 +0900,116302,rice,JACKPOT 102,Transplanting,Mixed,AMMOPHOS
17643,,,201635,2025-12-03,,2026-01-28,,201635,9,2026-01-30,100,,2026-03-10 10:53:56.364 +0900,2026-03-10 10:53:56.364 +0900,65990,rice,NSIC RC 128 (MABANGO 1),Transplanting,Mixed,UREA
17643,,,201635,2025-12-03,,2026-01-28,,201635,9,2026-02-02,100,,2026-03-10 10:53:56.364 +0900,2026-03-10 10:53:56.364 +0900,65992,rice,NSIC RC 128 (MABANGO 1),Transplanting,Mixed,UREA
17643,,,201635,2025-12-03,,2026-01-28,,201635,9,2026-03-14,100,,2026-03-10 10:53:56.364 +0900,2026-03-10 10:53:56.364 +0900,65995,rice,NSIC RC 128 (MABANGO 1),Transplanting,Mixed,UREA
17643,,,201635,2025-12-03,,2026-01-28,,201635,10,2026-02-02,100,,2026-03-10 10:53:56.364 +0900,2026-03-10 10:53:56.364 +0900,65993,rice,NSIC RC 128 (MABANGO 1),Transplanting,Mixed,TRIPLE
17643,,,201635,2025-12-03,,2026-01-28,,201635,11,2026-03-14,50,,2026-03-10 10:53:56.364 +0900,2026-03-10 10:53:56.364 +0900,65994,rice,NSIC RC 128 (MABANGO 1),Transplanting,Mixed,AMMOSUL
17643,,,201635,2025-12-03,,2026-01-28,,201635,12,2026-01-30,100,,2026-03-10 10:53:56.364 +0900,2026-03-10 10:53:56.364 +0900,65991,rice,NSIC RC 128 (MABANGO 1),Transplanting,Mixed,AMMOPHOS
17643,,,201635,2025-12-03,,2026-01-28,,201635,13,,,,2026-03-10 10:53:56.364 +0900,2026-03-10 10:53:56.364 +0900,65996,rice,NSIC RC 128 (MABANGO 1),Transplanting,Mixed,COMMERCIAL
28378,,,202413,2025-12-05,,2026-01-03,,202413,9,2026-01-18,50,,2026-05-05 16:24:57.130 +0900,2026-05-05 16:24:57.130 +0900,116791,rice,JACKPOT 102,Transplanting,Mixed,UREA
28378,,,202413,2025-12-05,,2026-01-03,,202413,9,2026-02-03,50,,2026-05-05 16:24:57.130 +0900,2026-05-05 16:24:57.130 +0900,116794,rice,JACKPOT 102,Transplanting,Mixed,UREA
28378,,,202413,2025-12-05,,2026-01-03,,202413,10,2026-01-18,50,,2026-05-05 16:24:57.130 +0900,2026-05-05 16:24:57.130 +0900,116792,rice,JACKPOT 102,Transplanting,Mixed,TRIPLE
28378,,,202413,2025-12-05,,2026-01-03,,202413,10,2026-02-03,50,,2026-05-05 16:24:57.130 +0900,2026-05-05 16:24:57.130 +0900,116795,rice,JACKPOT 102,Transplanting,Mixed,TRIPLE
28378,,,202413,2025-12-05,,2026-01-03,,202413,12,2026-01-18,50,,2026-05-05 16:24:57.130 +0900,2026-05-05 16:24:57.130 +0900,116793,rice,JACKPOT 102,Transplanting,Mixed,AMMOPHOS
28378,,,202413,2025-12-05,,2026-01-03,,202413,12,2026-02-03,50,,2026-05-05 16:24:57.130 +0900,2026-05-05 16:24:57.130 +0900,116796,rice,JACKPOT 102,Transplanting,Mixed,AMMOPHOS
28620,,,202414,2025-12-17,,2026-01-21,,202414,9,2026-01-31,100,,2026-05-13 10:27:06.273 +0900,2026-05-13 10:27:06.273 +0900,117889,rice,NSIC RC 664H,Transplanting,Mixed,UREA
28620,,,202414,2025-12-17,,2026-01-21,,202414,9,2026-02-20,100,,2026-05-13 10:27:06.273 +0900,2026-05-13 10:27:06.273 +0900,117891,rice,NSIC RC 664H,Transplanting,Mixed,UREA
28620,,,202414,2025-12-17,,2026-01-21,,202414,10,2026-01-31,100,,2026-05-13 10:27:06.273 +0900,2026-05-13 10:27:06.273 +0900,117890,rice,NSIC RC 664H,Transplanting,Mixed,TRIPLE
28620,,,202414,2025-12-17,,2026-01-21,,202414,10,2026-02-20,100,,2026-05-13 10:27:06.273 +0900,2026-05-13 10:27:06.273 +0900,117892,rice,NSIC RC 664H,Transplanting,Mixed,TRIPLE
18317,,,202208,2025-12-05,,2026-01-07,,202208,9,2026-01-21,100,,2026-03-19 12:41:46.261 +0900,2026-03-19 12:41:46.261 +0900,69384,rice,NSIC RC 548H (Mestiso 101),Transplanting,Mixed,UREA
18317,,,202208,2025-12-05,,2026-01-07,,202208,9,2026-02-20,100,,2026-03-19 12:41:46.261 +0900,2026-03-19 12:41:46.261 +0900,69386,rice,NSIC RC 548H (Mestiso 101),Transplanting,Mixed,UREA
18317,,,202208,2025-12-05,,2026-01-07,,202208,10,2026-01-21,150,,2026-03-19 12:41:46.261 +0900,2026-03-19 12:41:46.261 +0900,69385,rice,NSIC RC 548H (Mestiso 101),Transplanting,Mixed,TRIPLE
18317,,,202208,2025-12-05,,2026-01-07,,202208,10,2026-02-20,150,,2026-03-19 12:41:46.261 +0900,2026-03-19 12:41:46.261 +0900,69387,rice,NSIC RC 548H (Mestiso 101),Transplanting,Mixed,TRIPLE
28597,,,204401,2025-12-12,,2026-01-05,,204401,9,2026-01-21,25,,2026-05-13 10:00:44.440 +0900,2026-05-13 10:00:44.440 +0900,117782,rice,NSIC RC 664H,Transplanting,Mixed,UREA
28597,,,204401,2025-12-12,,2026-01-05,,204401,9,2026-02-05,25,,2026-05-13 10:00:44.440 +0900,2026-05-13 10:00:44.440 +0900,117784,rice,NSIC RC 664H,Transplanting,Mixed,UREA
28597,,,204401,2025-12-12,,2026-01-05,,204401,12,2026-01-21,25,,2026-05-13 10:00:44.440 +0900,2026-05-13 10:00:44.440 +0900,117783,rice,NSIC RC 664H,Transplanting,Mixed,AMMOPHOS
28597,,,204401,2025-12-12,,2026-01-05,,204401,12,2026-02-05,25,,2026-05-13 10:00:44.440 +0900,2026-05-13 10:00:44.440 +0900,117785,rice,NSIC RC 664H,Transplanting,Mixed,AMMOPHOS
28281,,,201679,2025-12-09,,2026-01-04,,201679,9,2026-01-14,50,,2026-05-05 11:48:20.294 +0900,2026-05-05 11:48:20.294 +0900,116266,rice,BIGANTE/BIGANTE PLUS,Transplanting,Mixed,UREA
28281,,,201679,2025-12-09,,2026-01-04,,201679,9,2026-01-28,50,,2026-05-05 11:48:20.294 +0900,2026-05-05 11:48:20.294 +0900,116269,rice,BIGANTE/BIGANTE PLUS,Transplanting,Mixed,UREA
28281,,,201679,2025-12-09,,2026-01-04,,201679,10,2026-01-14,25,,2026-05-05 11:48:20.294 +0900,2026-05-05 11:48:20.294 +0900,116267,rice,BIGANTE/BIGANTE PLUS,Transplanting,Mixed,TRIPLE
28281,,,201679,2025-12-09,,2026-01-04,,201679,12,2026-01-14,25,,2026-05-05 11:48:20.294 +0900,2026-05-05 11:48:20.294 +0900,116268,rice,BIGANTE/BIGANTE PLUS,Transplanting,Mixed,AMMOPHOS
28281,,,201679,2025-12-09,,2026-01-04,,201679,12,2026-01-28,25,,2026-05-05 11:48:20.294 +0900,2026-05-05 11:48:20.294 +0900,116270,rice,BIGANTE/BIGANTE PLUS,Transplanting,Mixed,AMMOPHOS
28281,,,201679,2025-12-09,,2026-01-04,,201679,12,2026-02-09,25,,2026-05-05 11:48:20.294 +0900,2026-05-05 11:48:20.294 +0900,116271,rice,BIGANTE/BIGANTE PLUS,Transplanting,Mixed,AMMOPHOS
28281,,,201679,2025-12-09,,2026-01-04,,201679,16,2026-02-09,25,,2026-05-05 11:48:20.294 +0900,2026-05-05 11:48:20.294 +0900,116272,rice,BIGANTE/BIGANTE PLUS,Transplanting,Mixed,OTHER
28462,,,204592,2025-12-20,,2026-01-21,,204592,9,2026-01-31,125,,2026-05-06 11:43:22.976 +0900,2026-05-06 11:43:22.976 +0900,117196,rice,NSIC Rc234H (NK 5017),Transplanting,Mixed,UREA
28462,,,204592,2025-12-20,,2026-01-21,,204592,9,2026-02-20,125,,2026-05-06 11:43:22.976 +0900,2026-05-06 11:43:22.976 +0900,117198,rice,NSIC Rc234H (NK 5017),Transplanting,Mixed,UREA
28462,,,204592,2025-12-20,,2026-01-21,,204592,12,2026-01-31,125,,2026-05-06 11:43:22.976 +0900,2026-05-06 11:43:22.976 +0900,117197,rice,NSIC Rc234H (NK 5017),Transplanting,Mixed,AMMOPHOS
28462,,,204592,2025-12-20,,2026-01-21,,204592,12,2026-02-20,125,,2026-05-06 11:43:22.976 +0900,2026-05-06 11:43:22.976 +0900,117199,rice,NSIC Rc234H (NK 5017),Transplanting,Mixed,AMMOPHOS
28366,,,200748,2025-12-19,,2026-01-03,,200748,9,2026-01-10,25,,2026-05-05 16:09:14.945 +0900,2026-05-05 16:09:14.945 +0900,116733,rice,BIGANTE/BIGANTE PLUS,Transplanting,Mixed,UREA
28366,,,200748,2025-12-19,,2026-01-03,,200748,9,2026-01-22,25,,2026-05-05 16:09:14.945 +0900,2026-05-05 16:09:14.945 +0900,116736,rice,BIGANTE/BIGANTE PLUS,Transplanting,Mixed,UREA
28366,,,200748,2025-12-19,,2026-01-03,,200748,9,2026-02-07,25,,2026-05-05 16:09:14.945 +0900,2026-05-05 16:09:14.945 +0900,116738,rice,BIGANTE/BIGANTE PLUS,Transplanting,Mixed,UREA
28366,,,200748,2025-12-19,,2026-01-03,,200748,10,2026-01-10,25,,2026-05-05 16:09:14.945 +0900,2026-05-05 16:09:14.945 +0900,116734,rice,BIGANTE/BIGANTE PLUS,Transplanting,Mixed,TRIPLE
28366,,,200748,2025-12-19,,2026-01-03,,200748,12,2026-01-10,25,,2026-05-05 16:09:14.945 +0900,2026-05-05 16:09:14.945 +0900,116735,rice,BIGANTE/BIGANTE PLUS,Transplanting,Mixed,AMMOPHOS
28366,,,200748,2025-12-19,,2026-01-03,,200748,12,2026-01-22,25,,2026-05-05 16:09:14.945 +0900,2026-05-05 16:09:14.945 +0900,116737,rice,BIGANTE/BIGANTE PLUS,Transplanting,Mixed,AMMOPHOS
28366,,,200748,2025-12-19,,2026-01-03,,200748,16,2026-02-07,25,,2026-05-05 16:09:14.945 +0900,2026-05-05 16:09:14.945 +0900,116739,rice,BIGANTE/BIGANTE PLUS,Transplanting,Mixed,OTHER
17711,,,201665,2025-12-10,,2026-01-15,,201665,9,2026-02-10,50,,2026-03-13 16:01:40.452 +0900,2026-03-13 16:01:40.452 +0900,66408,rice,NSIC RC 402 (Tubigan 36),Transplanting,Burned or Removed,UREA
17711,,,201665,2025-12-10,,2026-01-15,,201665,10,2026-01-22,100,,2026-03-13 16:01:40.452 +0900,2026-03-13 16:01:40.452 +0900,66406,rice,NSIC RC 402 (Tubigan 36),Transplanting,Burned or Removed,TRIPLE
17711,,,201665,2025-12-10,,2026-01-15,,201665,12,2026-01-22,100,,2026-03-13 16:01:40.452 +0900,2026-03-13 16:01:40.452 +0900,66407,rice,NSIC RC 402 (Tubigan 36),Transplanting,Burned or Removed,AMMOPHOS
17711,,,201665,2025-12-10,,2026-01-15,,201665,12,2026-02-10,100,,2026-03-13 16:01:40.452 +0900,2026-03-13 16:01:40.452 +0900,66409,rice,NSIC RC 402 (Tubigan 36),Transplanting,Burned or Removed,AMMOPHOS
28347,,,201647,2025-12-26,,2026-01-28,,201647,9,2026-02-12,50,,2026-05-05 14:59:22.351 +0900,2026-05-05 14:59:22.351 +0900,116638,rice,JACKPOT 102,Transplanting,Mixed,UREA
28347,,,201647,2025-12-26,,2026-01-28,,201647,9,2026-02-27,50,,2026-05-05 14:59:22.351 +0900,2026-05-05 14:59:22.351 +0900,116640,rice,JACKPOT 102,Transplanting,Mixed,UREA
28347,,,201647,2025-12-26,,2026-01-28,,201647,12,2026-02-12,50,,2026-05-05 14:59:22.351 +0900,2026-05-05 14:59:22.351 +0900,116639,rice,JACKPOT 102,Transplanting,Mixed,AMMOPHOS
28347,,,201647,2025-12-26,,2026-01-28,,201647,12,2026-02-27,50,,2026-05-05 14:59:22.351 +0900,2026-05-05 14:59:22.351 +0900,116641,rice,JACKPOT 102,Transplanting,Mixed,AMMOPHOS
28316,,,202882,2025-12-10,,2026-01-07,,202882,9,2026-01-17,100,,2026-05-05 12:56:21.657 +0900,2026-05-05 12:56:21.657 +0900,116457,rice,NSIC Rc234H (NK 5017),Transplanting,Mixed,UREA
28316,,,202882,2025-12-10,,2026-01-07,,202882,9,2026-02-03,100,,2026-05-05 12:56:21.657 +0900,2026-05-05 12:56:21.657 +0900,116460,rice,NSIC Rc234H (NK 5017),Transplanting,Mixed,UREA
28316,,,202882,2025-12-10,,2026-01-07,,202882,10,2026-01-17,50,,2026-05-05 12:56:21.657 +0900,2026-05-05 12:56:21.657 +0900,116458,rice,NSIC Rc234H (NK 5017),Transplanting,Mixed,TRIPLE
28316,,,202882,2025-12-10,,2026-01-07,,202882,12,2026-01-17,50,,2026-05-05 12:56:21.657 +0900,2026-05-05 12:56:21.657 +0900,116459,rice,NSIC Rc234H (NK 5017),Transplanting,Mixed,AMMOPHOS
28316,,,202882,2025-12-10,,2026-01-07,,202882,12,2026-02-03,50,,2026-05-05 12:56:21.657 +0900,2026-05-05 12:56:21.657 +0900,116461,rice,NSIC Rc234H (NK 5017),Transplanting,Mixed,AMMOPHOS
19102,,,204602,2025-12-10,,2026-01-18,,204602,9,2026-02-07,100,,2026-03-24 12:43:55.059 +0900,2026-03-24 12:43:55.059 +0900,73206,rice,JACKPOT 102,Transplanting,Mixed,UREA
19102,,,204602,2025-12-10,,2026-01-18,,204602,10,2026-01-18,50,,2026-03-24 12:43:55.059 +0900,2026-03-24 12:43:55.059 +0900,73204,rice,JACKPOT 102,Transplanting,Mixed,TRIPLE
19102,,,204602,2025-12-10,,2026-01-18,,204602,12,2026-01-18,100,,2026-03-24 12:43:55.059 +0900,2026-03-24 12:43:55.059 +0900,73205,rice,JACKPOT 102,Transplanting,Mixed,AMMOPHOS
28361,,,204432,2025-12-31,,2026-01-22,,204432,9,2026-02-01,75,,2026-05-05 16:02:08.543 +0900,2026-05-05 16:02:08.543 +0900,116703,rice,NSIC Rc234H (NK 5017),Transplanting,Mixed,UREA
28361,,,204432,2025-12-31,,2026-01-22,,204432,9,2026-02-15,75,,2026-05-05 16:02:08.543 +0900,2026-05-05 16:02:08.543 +0900,116706,rice,NSIC Rc234H (NK 5017),Transplanting,Mixed,UREA
28361,,,204432,2025-12-31,,2026-01-22,,204432,10,2026-02-01,75,,2026-05-05 16:02:08.543 +0900,2026-05-05 16:02:08.543 +0900,116704,rice,NSIC Rc234H (NK 5017),Transplanting,Mixed,TRIPLE
28361,,,204432,2025-12-31,,2026-01-22,,204432,10,2026-02-15,75,,2026-05-05 16:02:08.543 +0900,2026-05-05 16:02:08.543 +0900,116707,rice,NSIC Rc234H (NK 5017),Transplanting,Mixed,TRIPLE
28361,,,204432,2025-12-31,,2026-01-22,,204432,12,2026-02-01,75,,2026-05-05 16:02:08.543 +0900,2026-05-05 16:02:08.543 +0900,116705,rice,NSIC Rc234H (NK 5017),Transplanting,Mixed,AMMOPHOS
28361,,,204432,2025-12-31,,2026-01-22,,204432,12,2026-02-15,75,,2026-05-05 16:02:08.543 +0900,2026-05-05 16:02:08.543 +0900,116708,rice,NSIC Rc234H (NK 5017),Transplanting,Mixed,AMMOPHOS
28459,,,204392,2025-12-19,,2026-01-20,,204392,9,2026-01-30,50,,2026-05-06 11:38:57.315 +0900,2026-05-06 11:38:57.315 +0900,117184,rice,BIGANTE/BIGANTE PLUS,Transplanting,Mixed,UREA
28459,,,204392,2025-12-19,,2026-01-20,,204392,9,2026-02-15,50,,2026-05-06 11:38:57.315 +0900,2026-05-06 11:38:57.315 +0900,117186,rice,BIGANTE/BIGANTE PLUS,Transplanting,Mixed,UREA
28459,,,204392,2025-12-19,,2026-01-20,,204392,12,2026-01-30,50,,2026-05-06 11:38:57.315 +0900,2026-05-06 11:38:57.315 +0900,117185,rice,BIGANTE/BIGANTE PLUS,Transplanting,Mixed,AMMOPHOS
28459,,,204392,2025-12-19,,2026-01-20,,204392,12,2026-02-15,50,,2026-05-06 11:38:57.315 +0900,2026-05-06 11:38:57.315 +0900,117187,rice,BIGANTE/BIGANTE PLUS,Transplanting,Mixed,AMMOPHOS
28505,,,202860,2025-12-18,,2026-01-07,,202860,9,2026-01-07,50,,2026-05-06 14:25:17.120 +0900,2026-05-06 14:25:17.120 +0900,117384,rice,JACKPOT 102,Transplanting,Mixed,UREA
28505,,,202860,2025-12-18,,2026-01-07,,202860,9,2026-02-27,50,,2026-05-06 14:25:17.120 +0900,2026-05-06 14:25:17.120 +0900,117386,rice,JACKPOT 102,Transplanting,Mixed,UREA
28505,,,202860,2025-12-18,,2026-01-07,,202860,12,2026-01-07,100,,2026-05-06 14:25:17.120 +0900,2026-05-06 14:25:17.120 +0900,117385,rice,JACKPOT 102,Transplanting,Mixed,AMMOPHOS
28505,,,202860,2025-12-18,,2026-01-07,,202860,12,2026-02-27,100,,2026-05-06 14:25:17.120 +0900,2026-05-06 14:25:17.120 +0900,117387,rice,JACKPOT 102,Transplanting,Mixed,AMMOPHOS
28505,,,202860,2025-12-18,,2026-01-07,,202860,13,,,,2026-05-06 14:25:17.120 +0900,2026-05-06 14:25:17.120 +0900,117388,rice,JACKPOT 102,Transplanting,Mixed,COMMERCIAL
28507,,,202869,2025-12-10,,2026-01-07,,202869,9,2026-01-17,50,,2026-05-06 14:33:59.566 +0900,2026-05-06 14:33:59.566 +0900,117394,rice,JACKPOT 102,Transplanting,Mixed,UREA
28507,,,202869,2025-12-10,,2026-01-07,,202869,9,2026-02-17,50,,2026-05-06 14:33:59.566 +0900,2026-05-06 14:33:59.566 +0900,117396,rice,JACKPOT 102,Transplanting,Mixed,UREA
28507,,,202869,2025-12-10,,2026-01-07,,202869,12,2026-01-17,100,,2026-05-06 14:33:59.566 +0900,2026-05-06 14:33:59.566 +0900,117395,rice,JACKPOT 102,Transplanting,Mixed,AMMOPHOS
28507,,,202869,2025-12-10,,2026-01-07,,202869,12,2026-02-17,100,,2026-05-06 14:33:59.566 +0900,2026-05-06 14:33:59.566 +0900,117397,rice,JACKPOT 102,Transplanting,Mixed,AMMOPHOS
28507,,,202869,2025-12-10,,2026-01-07,,202869,13,,,,2026-05-06 14:33:59.566 +0900,2026-05-06 14:33:59.566 +0900,117398,rice,JACKPOT 102,Transplanting,Mixed,COMMERCIAL
28243,,,202463,2025-12-11,,2025-12-27,,202463,9,2026-01-05,75,,2026-05-05 09:39:06.313 +0900,2026-05-05 09:39:06.313 +0900,116052,rice,BIGANTE/BIGANTE PLUS,Transplanting,Mixed,UREA
28243,,,202463,2025-12-11,,2025-12-27,,202463,9,2026-01-15,75,,2026-05-05 09:39:06.313 +0900,2026-05-05 09:39:06.313 +0900,116055,rice,BIGANTE/BIGANTE PLUS,Transplanting,Mixed,UREA
28243,,,202463,2025-12-11,,2025-12-27,,202463,9,2026-02-02,50,,2026-05-05 09:39:06.313 +0900,2026-05-05 09:39:06.313 +0900,116057,rice,BIGANTE/BIGANTE PLUS,Transplanting,Mixed,UREA
28243,,,202463,2025-12-11,,2025-12-27,,202463,10,2026-01-05,50,,2026-05-05 09:39:06.313 +0900,2026-05-05 09:39:06.313 +0900,116053,rice,BIGANTE/BIGANTE PLUS,Transplanting,Mixed,TRIPLE
28243,,,202463,2025-12-11,,2025-12-27,,202463,12,2026-01-05,50,,2026-05-05 09:39:06.313 +0900,2026-05-05 09:39:06.313 +0900,116054,rice,BIGANTE/BIGANTE PLUS,Transplanting,Mixed,AMMOPHOS
28243,,,202463,2025-12-11,,2025-12-27,,202463,12,2026-01-15,50,,2026-05-05 09:39:06.313 +0900,2026-05-05 09:39:06.313 +0900,116056,rice,BIGANTE/BIGANTE PLUS,Transplanting,Mixed,AMMOPHOS
28243,,,202463,2025-12-11,,2025-12-27,,202463,16,2026-02-02,25,,2026-05-05 09:39:06.313 +0900,2026-05-05 09:39:06.313 +0900,116058,rice,BIGANTE/BIGANTE PLUS,Transplanting,Mixed,OTHER
28622,,,202899,2025-12-27,,2026-01-20,,202899,9,2026-01-30,150,,2026-05-13 10:29:37.392 +0900,2026-05-13 10:29:37.392 +0900,117897,rice,NSIC RC 664H,Transplanting,Mixed,UREA
28622,,,202899,2025-12-27,,2026-01-20,,202899,9,2026-02-19,150,,2026-05-13 10:29:37.392 +0900,2026-05-13 10:29:37.392 +0900,117899,rice,NSIC RC 664H,Transplanting,Mixed,UREA
28622,,,202899,2025-12-27,,2026-01-20,,202899,10,2026-01-30,150,,2026-05-13 10:29:37.392 +0900,2026-05-13 10:29:37.392 +0900,117898,rice,NSIC RC 664H,Transplanting,Mixed,TRIPLE
28622,,,202899,2025-12-27,,2026-01-20,,202899,10,2026-02-19,150,,2026-05-13 10:29:37.392 +0900,2026-05-13 10:29:37.392 +0900,117900,rice,NSIC RC 664H,Transplanting,Mixed,TRIPLE
18329,,,202203,2025-12-03,,2026-01-08,,202203,9,2026-02-10,100,,2026-03-19 13:07:40.355 +0900,2026-03-19 13:07:40.355 +0900,69439,rice,PSB RC18 (ALA),Transplanting,Mixed,UREA
18329,,,202203,2025-12-03,,2026-01-08,,202203,10,2026-01-20,150,,2026-03-19 13:07:40.355 +0900,2026-03-19 13:07:40.355 +0900,69438,rice,PSB RC18 (ALA),Transplanting,Mixed,TRIPLE
18329,,,202203,2025-12-03,,2026-01-08,,202203,12,2026-03-01,50,,2026-03-19 13:07:40.355 +0900,2026-03-19 13:07:40.355 +0900,69440,rice,PSB RC18 (ALA),Transplanting,Mixed,AMMOPHOS
18329,,,202203,2025-12-03,,2026-01-08,,202203,13,,,,2026-03-19 13:07:40.355 +0900,2026-03-19 13:07:40.355 +0900,69441,rice,PSB RC18 (ALA),Transplanting,Mixed,COMMERCIAL
28457,,,202457,2025-12-26,,2026-01-28,,202457,9,2026-02-12,50,,2026-05-06 11:35:46.358 +0900,2026-05-06 11:35:46.358 +0900,117176,rice,JACKPOT 102,Transplanting,Mixed,UREA
28457,,,202457,2025-12-26,,2026-01-28,,202457,9,2026-03-01,50,,2026-05-06 11:35:46.358 +0900,2026-05-06 11:35:46.358 +0900,117178,rice,JACKPOT 102,Transplanting,Mixed,UREA
28457,,,202457,2025-12-26,,2026-01-28,,202457,10,2026-02-12,50,,2026-05-06 11:35:46.358 +0900,2026-05-06 11:35:46.358 +0900,117177,rice,JACKPOT 102,Transplanting,Mixed,TRIPLE
28457,,,202457,2025-12-26,,2026-01-28,,202457,10,2026-03-01,50,,2026-05-06 11:35:46.358 +0900,2026-05-06 11:35:46.358 +0900,117179,rice,JACKPOT 102,Transplanting,Mixed,TRIPLE
28612,,,202231,2025-12-22,,2026-01-19,,202231,9,2026-01-29,100,,2026-05-13 10:18:13.227 +0900,2026-05-13 10:18:13.227 +0900,117855,rice,NSIC RC 664H,Transplanting,Mixed,UREA
28612,,,202231,2025-12-22,,2026-01-19,,202231,9,2026-02-18,100,,2026-05-13 10:18:13.227 +0900,2026-05-13 10:18:13.227 +0900,117858,rice,NSIC RC 664H,Transplanting,Mixed,UREA
28612,,,202231,2025-12-22,,2026-01-19,,202231,10,2026-01-29,50,,2026-05-13 10:18:13.227 +0900,2026-05-13 10:18:13.227 +0900,117856,rice,NSIC RC 664H,Transplanting,Mixed,TRIPLE
28612,,,202231,2025-12-22,,2026-01-19,,202231,10,2026-02-18,50,,2026-05-13 10:18:13.227 +0900,2026-05-13 10:18:13.227 +0900,117859,rice,NSIC RC 664H,Transplanting,Mixed,TRIPLE
28612,,,202231,2025-12-22,,2026-01-19,,202231,12,2026-01-29,100,,2026-05-13 10:18:13.227 +0900,2026-05-13 10:18:13.227 +0900,117857,rice,NSIC RC 664H,Transplanting,Mixed,AMMOPHOS
28612,,,202231,2025-12-22,,2026-01-19,,202231,12,2026-02-18,100,,2026-05-13 10:18:13.227 +0900,2026-05-13 10:18:13.227 +0900,117860,rice,NSIC RC 664H,Transplanting,Mixed,AMMOPHOS
28550,,,202237,2025-12-28,,2026-01-18,,202237,9,2026-01-28,75,,2026-05-06 15:36:54.975 +0900,2026-05-06 15:36:54.975 +0900,117580,rice,BIGANTE/BIGANTE PLUS,Transplanting,Mixed,UREA
28550,,,202237,2025-12-28,,2026-01-18,,202237,9,2026-02-17,75,,2026-05-06 15:36:54.975 +0900,2026-05-06 15:36:54.975 +0900,117582,rice,BIGANTE/BIGANTE PLUS,Transplanting,Mixed,UREA
28550,,,202237,2025-12-28,,2026-01-18,,202237,10,2026-01-28,75,,2026-05-06 15:36:54.975 +0900,2026-05-06 15:36:54.975 +0900,117581,rice,BIGANTE/BIGANTE PLUS,Transplanting,Mixed,TRIPLE
28550,,,202237,2025-12-28,,2026-01-18,,202237,10,2026-02-17,75,,2026-05-06 15:36:54.975 +0900,2026-05-06 15:36:54.975 +0900,117583,rice,BIGANTE/BIGANTE PLUS,Transplanting,Mixed,TRIPLE
28498,,,202261,2025-12-28,,2026-01-23,,202261,9,2026-02-02,50,,2026-05-06 14:12:31.636 +0900,2026-05-06 14:12:31.636 +0900,117351,rice,NSIC Rc234H (NK 5017),Transplanting,Mixed,UREA
28498,,,202261,2025-12-28,,2026-01-23,,202261,9,2026-02-22,50,,2026-05-06 14:12:31.636 +0900,2026-05-06 14:12:31.636 +0900,117353,rice,NSIC Rc234H (NK 5017),Transplanting,Mixed,UREA
28498,,,202261,2025-12-28,,2026-01-23,,202261,10,2026-02-02,50,,2026-05-06 14:12:31.636 +0900,2026-05-06 14:12:31.636 +0900,117352,rice,NSIC Rc234H (NK 5017),Transplanting,Mixed,TRIPLE
28498,,,202261,2025-12-28,,2026-01-23,,202261,10,2026-02-22,50,,2026-05-06 14:12:31.636 +0900,2026-05-06 14:12:31.636 +0900,117354,rice,NSIC Rc234H (NK 5017),Transplanting,Mixed,TRIPLE
18338,,,200730,2025-11-25,,2026-01-03,,200730,9,2026-01-17,50,,2026-03-19 15:34:55.406 +0900,2026-03-19 15:34:55.406 +0900,69481,rice,NSIC Rc234H (NK 5017),Transplanting,Mixed,UREA
18338,,,200730,2025-11-25,,2026-01-03,,200730,9,2026-02-06,50,,2026-03-19 15:34:55.406 +0900,2026-03-19 15:34:55.406 +0900,69483,rice,NSIC Rc234H (NK 5017),Transplanting,Mixed,UREA
18338,,,200730,2025-11-25,,2026-01-03,,200730,10,2026-01-17,50,,2026-03-19 15:34:55.406 +0900,2026-03-19 15:34:55.406 +0900,69482,rice,NSIC Rc234H (NK 5017),Transplanting,Mixed,TRIPLE
18338,,,200730,2025-11-25,,2026-01-03,,200730,10,2026-02-06,50,,2026-03-19 15:34:55.406 +0900,2026-03-19 15:34:55.406 +0900,69484,rice,NSIC Rc234H (NK 5017),Transplanting,Mixed,TRIPLE
18338,,,200730,2025-11-25,,2026-01-03,,200730,11,2026-02-25,50,,2026-03-19 15:34:55.406 +0900,2026-03-19 15:34:55.406 +0900,69485,rice,NSIC Rc234H (NK 5017),Transplanting,Mixed,AMMOSUL
18338,,,200730,2025-11-25,,2026-01-03,,200730,13,,,,2026-03-19 15:34:55.406 +0900,2026-03-19 15:34:55.406 +0900,69487,rice,NSIC Rc234H (NK 5017),Transplanting,Mixed,COMMERCIAL
18338,,,200730,2025-11-25,,2026-01-03,,200730,16,2026-02-25,50,,2026-03-19 15:34:55.406 +0900,2026-03-19 15:34:55.406 +0900,69486,rice,NSIC Rc234H (NK 5017),Transplanting,Mixed,OTHER
28546,,,200772,2025-12-18,,2026-01-22,,200772,9,2026-02-01,50,,2026-05-06 15:33:04.250 +0900,2026-05-06 15:33:04.250 +0900,117564,rice,BIGANTE/BIGANTE PLUS,Transplanting,Mixed,UREA
28546,,,200772,2025-12-18,,2026-01-22,,200772,9,2026-02-21,50,,2026-05-06 15:33:04.250 +0900,2026-05-06 15:33:04.250 +0900,117566,rice,BIGANTE/BIGANTE PLUS,Transplanting,Mixed,UREA
28546,,,200772,2025-12-18,,2026-01-22,,200772,10,2026-02-01,50,,2026-05-06 15:33:04.250 +0900,2026-05-06 15:33:04.250 +0900,117565,rice,BIGANTE/BIGANTE PLUS,Transplanting,Mixed,TRIPLE
28546,,,200772,2025-12-18,,2026-01-22,,200772,10,2026-02-21,50,,2026-05-06 15:33:04.250 +0900,2026-05-06 15:33:04.250 +0900,117567,rice,BIGANTE/BIGANTE PLUS,Transplanting,Mixed,TRIPLE
28563,,,201604,2025-12-18,,2026-01-18,,201604,9,2026-01-28,50,,2026-05-06 15:50:26.452 +0900,2026-05-06 15:50:26.452 +0900,117635,rice,NSIC Rc234H (NK 5017),Transplanting,Mixed,UREA
28563,,,201604,2025-12-18,,2026-01-18,,201604,9,2026-02-17,50,,2026-05-06 15:50:26.452 +0900,2026-05-06 15:50:26.452 +0900,117637,rice,NSIC Rc234H (NK 5017),Transplanting,Mixed,UREA
28563,,,201604,2025-12-18,,2026-01-18,,201604,10,2026-01-28,50,,2026-05-06 15:50:26.452 +0900,2026-05-06 15:50:26.452 +0900,117636,rice,NSIC Rc234H (NK 5017),Transplanting,Mixed,TRIPLE
28563,,,201604,2025-12-18,,2026-01-18,,201604,10,2026-02-17,50,,2026-05-06 15:50:26.452 +0900,2026-05-06 15:50:26.452 +0900,117638,rice,NSIC Rc234H (NK 5017),Transplanting,Mixed,TRIPLE
18308,,,201608,2025-12-03,,2026-01-03,,201608,9,2026-01-10,50,,2026-03-19 12:28:43.305 +0900,2026-03-19 12:28:43.305 +0900,69342,rice,NSIC Rc234H (NK 5017),Transplanting,Mixed,UREA
18308,,,201608,2025-12-03,,2026-01-03,,201608,9,2026-01-20,50,,2026-03-19 12:28:43.305 +0900,2026-03-19 12:28:43.305 +0900,69344,rice,NSIC Rc234H (NK 5017),Transplanting,Mixed,UREA
18308,,,201608,2025-12-03,,2026-01-03,,201608,10,2026-01-10,50,,2026-03-19 12:28:43.305 +0900,2026-03-19 12:28:43.305 +0900,69341,rice,NSIC Rc234H (NK 5017),Transplanting,Mixed,TRIPLE
18308,,,201608,2025-12-03,,2026-01-03,,201608,10,2026-01-20,50,,2026-03-19 12:28:43.305 +0900,2026-03-19 12:28:43.305 +0900,69345,rice,NSIC Rc234H (NK 5017),Transplanting,Mixed,TRIPLE
18308,,,201608,2025-12-03,,2026-01-03,,201608,11,2026-01-10,50,,2026-03-19 12:28:43.305 +0900,2026-03-19 12:28:43.305 +0900,69343,rice,NSIC Rc234H (NK 5017),Transplanting,Mixed,AMMOSUL
18308,,,201608,2025-12-03,,2026-01-03,,201608,11,2026-01-20,50,,2026-03-19 12:28:43.305 +0900,2026-03-19 12:28:43.305 +0900,69346,rice,NSIC Rc234H (NK 5017),Transplanting,Mixed,AMMOSUL
17648,,,201609,2025-12-28,,2026-01-18,,201609,9,2026-02-05,15,,2026-03-10 11:26:08.160 +0900,2026-03-10 11:26:08.160 +0900,66015,rice,NSIC RC 128 (MABANGO 1),Transplanting,Mixed,UREA
17648,,,201609,2025-12-28,,2026-01-18,,201609,9,2026-02-18,15,,2026-03-10 11:26:08.160 +0900,2026-03-10 11:26:08.160 +0900,66017,rice,NSIC RC 128 (MABANGO 1),Transplanting,Mixed,UREA
17648,,,201609,2025-12-28,,2026-01-18,,201609,10,2026-02-05,15,,2026-03-10 11:26:08.160 +0900,2026-03-10 11:26:08.160 +0900,66016,rice,NSIC RC 128 (MABANGO 1),Transplanting,Mixed,TRIPLE
17648,,,201609,2025-12-28,,2026-01-18,,201609,10,2026-02-18,15,,2026-03-10 11:26:08.160 +0900,2026-03-10 11:26:08.160 +0900,66018,rice,NSIC RC 128 (MABANGO 1),Transplanting,Mixed,TRIPLE
17648,,,201609,2025-12-28,,2026-01-18,,201609,12,2026-02-18,10,,2026-03-10 11:26:08.160 +0900,2026-03-10 11:26:08.160 +0900,66019,rice,NSIC RC 128 (MABANGO 1),Transplanting,Mixed,AMMOPHOS
28474,,,201636,2025-11-30,,2026-01-10,,201636,9,2026-01-20,50,,2026-05-06 12:09:55.104 +0900,2026-05-06 12:09:55.104 +0900,117251,rice,NSIC Rc456H (LP 937),Transplanting,Mixed,UREA
28474,,,201636,2025-11-30,,2026-01-10,,201636,9,2026-02-20,50,,2026-05-06 12:09:55.104 +0900,2026-05-06 12:09:55.104 +0900,117253,rice,NSIC Rc456H (LP 937),Transplanting,Mixed,UREA
28474,,,201636,2025-11-30,,2026-01-10,,201636,12,2026-01-20,50,,2026-05-06 12:09:55.104 +0900,2026-05-06 12:09:55.104 +0900,117252,rice,NSIC Rc456H (LP 937),Transplanting,Mixed,AMMOPHOS
28474,,,201636,2025-11-30,,2026-01-10,,201636,12,2026-02-20,50,,2026-05-06 12:09:55.104 +0900,2026-05-06 12:09:55.104 +0900,117254,rice,NSIC Rc456H (LP 937),Transplanting,Mixed,AMMOPHOS
28474,,,201636,2025-11-30,,2026-01-10,,201636,13,,,,2026-05-06 12:09:55.104 +0900,2026-05-06 12:09:55.104 +0900,117255,rice,NSIC Rc456H (LP 937),Transplanting,Mixed,COMMERCIAL
28453,,,201675,2025-12-03,,2025-12-28,,201675,9,2026-01-05,50,,2026-05-06 11:32:29.904 +0900,2026-05-06 11:32:29.904 +0900,117152,rice,NSIC Rc234H (NK 5017),Transplanting,Mixed,UREA
28453,,,201675,2025-12-03,,2025-12-28,,201675,9,2026-01-15,50,,2026-05-06 11:32:29.904 +0900,2026-05-06 11:32:29.904 +0900,117155,rice,NSIC Rc234H (NK 5017),Transplanting,Mixed,UREA
28453,,,201675,2025-12-03,,2025-12-28,,201675,9,2026-02-03,50,,2026-05-06 11:32:29.904 +0900,2026-05-06 11:32:29.904 +0900,117157,rice,NSIC Rc234H (NK 5017),Transplanting,Mixed,UREA
28453,,,201675,2025-12-03,,2025-12-28,,201675,10,2026-01-05,50,,2026-05-06 11:32:29.904 +0900,2026-05-06 11:32:29.904 +0900,117153,rice,NSIC Rc234H (NK 5017),Transplanting,Mixed,TRIPLE
28453,,,201675,2025-12-03,,2025-12-28,,201675,10,2026-01-15,50,,2026-05-06 11:32:29.904 +0900,2026-05-06 11:32:29.904 +0900,117156,rice,NSIC Rc234H (NK 5017),Transplanting,Mixed,TRIPLE
28453,,,201675,2025-12-03,,2025-12-28,,201675,12,2026-01-05,50,,2026-05-06 11:32:29.904 +0900,2026-05-06 11:32:29.904 +0900,117154,rice,NSIC Rc234H (NK 5017),Transplanting,Mixed,AMMOPHOS
28453,,,201675,2025-12-03,,2025-12-28,,201675,16,2026-02-03,50,,2026-05-06 11:32:29.904 +0900,2026-05-06 11:32:29.904 +0900,117158,rice,NSIC Rc234H (NK 5017),Transplanting,Mixed,OTHER
28331,,,200732,2025-12-16,,2026-01-09,,200732,9,2026-01-19,100,,2026-05-05 13:59:33.194 +0900,2026-05-05 13:59:33.194 +0900,116547,rice,JACKPOT 102,Transplanting,Mixed,UREA
28331,,,200732,2025-12-16,,2026-01-09,,200732,9,2026-01-30,100,,2026-05-05 13:59:33.194 +0900,2026-05-05 13:59:33.194 +0900,116549,rice,JACKPOT 102,Transplanting,Mixed,UREA
28331,,,200732,2025-12-16,,2026-01-09,,200732,10,2026-01-19,50,,2026-05-05 13:59:33.194 +0900,2026-05-05 13:59:33.194 +0900,116548,rice,JACKPOT 102,Transplanting,Mixed,TRIPLE
28331,,,200732,2025-12-16,,2026-01-09,,200732,12,2026-01-30,50,,2026-05-05 13:59:33.194 +0900,2026-05-05 13:59:33.194 +0900,116550,rice,JACKPOT 102,Transplanting,Mixed,AMMOPHOS
28331,,,200732,2025-12-16,,2026-01-09,,200732,12,2026-02-08,50,,2026-05-05 13:59:33.194 +0900,2026-05-05 13:59:33.194 +0900,116551,rice,JACKPOT 102,Transplanting,Mixed,AMMOPHOS
28331,,,200732,2025-12-16,,2026-01-09,,200732,16,2026-02-08,50,,2026-05-05 13:59:33.194 +0900,2026-05-05 13:59:33.194 +0900,116552,rice,JACKPOT 102,Transplanting,Mixed,OTHER
28493,,,202309,2025-12-25,,2026-01-23,,202309,9,2026-02-02,100,,2026-05-06 12:49:54.049 +0900,2026-05-06 12:49:54.049 +0900,117331,rice,NSIC Rc234H (NK 5017),Transplanting,Mixed,UREA
28493,,,202309,2025-12-25,,2026-01-23,,202309,9,2026-02-22,100,,2026-05-06 12:49:54.049 +0900,2026-05-06 12:49:54.049 +0900,117333,rice,NSIC Rc234H (NK 5017),Transplanting,Mixed,UREA
28493,,,202309,2025-12-25,,2026-01-23,,202309,12,2026-02-02,100,,2026-05-06 12:49:54.049 +0900,2026-05-06 12:49:54.049 +0900,117332,rice,NSIC Rc234H (NK 5017),Transplanting,Mixed,AMMOPHOS
28493,,,202309,2025-12-25,,2026-01-23,,202309,12,2026-02-22,100,,2026-05-06 12:49:54.049 +0900,2026-05-06 12:49:54.049 +0900,117334,rice,NSIC Rc234H (NK 5017),Transplanting,Mixed,AMMOPHOS
28471,,,204400,2025-12-05,,2026-01-16,,204400,9,2026-01-26,150,,2026-05-06 11:56:26.048 +0900,2026-05-06 11:56:26.048 +0900,117234,rice,NSIC Rc234H (NK 5017),Transplanting,Mixed,UREA
28471,,,204400,2025-12-05,,2026-01-16,,204400,9,2026-02-26,150,,2026-05-06 11:56:26.048 +0900,2026-05-06 11:56:26.048 +0900,117236,rice,NSIC Rc234H (NK 5017),Transplanting,Mixed,UREA
28471,,,204400,2025-12-05,,2026-01-16,,204400,12,2026-01-26,150,,2026-05-06 11:56:26.048 +0900,2026-05-06 11:56:26.048 +0900,117235,rice,NSIC Rc234H (NK 5017),Transplanting,Mixed,AMMOPHOS
28471,,,204400,2025-12-05,,2026-01-16,,204400,12,2026-02-26,150,,2026-05-06 11:56:26.048 +0900,2026-05-06 11:56:26.048 +0900,117237,rice,NSIC Rc234H (NK 5017),Transplanting,Mixed,AMMOPHOS
28471,,,204400,2025-12-05,,2026-01-16,,204400,13,,,,2026-05-06 11:56:26.048 +0900,2026-05-06 11:56:26.048 +0900,117238,rice,NSIC Rc234H (NK 5017),Transplanting,Mixed,COMMERCIAL
17669,,,202207,2025-12-20,,2026-01-08,,202207,9,2026-01-13,250,,2026-03-10 14:58:37.173 +0900,2026-03-10 14:58:37.173 +0900,66112,rice,NSIC RC 314H (Mestiso 46),Transplanting,Mixed,UREA
17669,,,202207,2025-12-20,,2026-01-08,,202207,9,2026-02-17,250,,2026-03-10 14:58:37.173 +0900,2026-03-10 14:58:37.173 +0900,66114,rice,NSIC RC 314H (Mestiso 46),Transplanting,Mixed,UREA
17669,,,202207,2025-12-20,,2026-01-08,,202207,10,2026-01-13,250,,2026-03-10 14:58:37.173 +0900,2026-03-10 14:58:37.173 +0900,66113,rice,NSIC RC 314H (Mestiso 46),Transplanting,Mixed,TRIPLE
17669,,,202207,2025-12-20,,2026-01-08,,202207,10,2026-02-17,250,,2026-03-10 14:58:37.173 +0900,2026-03-10 14:58:37.173 +0900,66115,rice,NSIC RC 314H (Mestiso 46),Transplanting,Mixed,TRIPLE
17669,,,202207,2025-12-20,,2026-01-08,,202207,13,,,,2026-03-10 14:58:37.173 +0900,2026-03-10 14:58:37.173 +0900,66116,rice,NSIC RC 314H (Mestiso 46),Transplanting,Mixed,COMMERCIAL
17670,,,202227,2025-12-10,,2026-01-08,,202227,9,2026-01-28,200,,2026-03-10 15:18:02.380 +0900,2026-03-10 15:18:02.380 +0900,66117,rice,NSIC RC 314H (Mestiso 46),Transplanting,Mixed,UREA
17670,,,202227,2025-12-10,,2026-01-08,,202227,9,2026-02-12,200,,2026-03-10 15:18:02.380 +0900,2026-03-10 15:18:02.380 +0900,66119,rice,NSIC RC 314H (Mestiso 46),Transplanting,Mixed,UREA
17670,,,202227,2025-12-10,,2026-01-08,,202227,10,2026-01-28,200,,2026-03-10 15:18:02.380 +0900,2026-03-10 15:18:02.380 +0900,66118,rice,NSIC RC 314H (Mestiso 46),Transplanting,Mixed,TRIPLE
17670,,,202227,2025-12-10,,2026-01-08,,202227,10,2026-02-12,200,,2026-03-10 15:18:02.380 +0900,2026-03-10 15:18:02.380 +0900,66120,rice,NSIC RC 314H (Mestiso 46),Transplanting,Mixed,TRIPLE
28354,,,204668,2025-12-17,,2026-01-10,,204668,9,2026-01-17,100,,2026-05-05 15:52:14.617 +0900,2026-05-05 15:52:14.617 +0900,116671,rice,NSIC Rc234H (NK 5017),Transplanting,Mixed,UREA
28354,,,204668,2025-12-17,,2026-01-10,,204668,9,2026-01-31,100,,2026-05-05 15:52:14.617 +0900,2026-05-05 15:52:14.617 +0900,116674,rice,NSIC Rc234H (NK 5017),Transplanting,Mixed,UREA
28354,,,204668,2025-12-17,,2026-01-10,,204668,10,2026-01-17,50,,2026-05-05 15:52:14.617 +0900,2026-05-05 15:52:14.617 +0900,116672,rice,NSIC Rc234H (NK 5017),Transplanting,Mixed,TRIPLE
28354,,,204668,2025-12-17,,2026-01-10,,204668,12,2026-01-17,50,,2026-05-05 15:52:14.617 +0900,2026-05-05 15:52:14.617 +0900,116673,rice,NSIC Rc234H (NK 5017),Transplanting,Mixed,AMMOPHOS
28354,,,204668,2025-12-17,,2026-01-10,,204668,12,2026-01-31,100,,2026-05-05 15:52:14.617 +0900,2026-05-05 15:52:14.617 +0900,116675,rice,NSIC Rc234H (NK 5017),Transplanting,Mixed,AMMOPHOS
28418,,,202897,2025-12-30,,2026-01-26,,202897,9,2026-02-05,300,,2026-05-06 10:12:40.409 +0900,2026-05-06 10:12:40.409 +0900,116975,rice,BIGANTE/BIGANTE PLUS,Transplanting,Mixed,UREA
28418,,,202897,2025-12-30,,2026-01-26,,202897,9,2026-02-06,300,,2026-05-06 10:12:40.409 +0900,2026-05-06 10:12:40.409 +0900,116977,rice,BIGANTE/BIGANTE PLUS,Transplanting,Mixed,UREA
28418,,,202897,2025-12-30,,2026-01-26,,202897,10,2026-02-05,300,,2026-05-06 10:12:40.409 +0900,2026-05-06 10:12:40.409 +0900,116976,rice,BIGANTE/BIGANTE PLUS,Transplanting,Mixed,TRIPLE
28418,,,202897,2025-12-30,,2026-01-26,,202897,10,2026-02-06,300,,2026-05-06 10:12:40.409 +0900,2026-05-06 10:12:40.409 +0900,116978,rice,BIGANTE/BIGANTE PLUS,Transplanting,Mixed,TRIPLE
28609,,,202223,2025-12-15,,2026-01-21,,202223,9,2026-01-31,100,,2026-05-13 10:12:57.072 +0900,2026-05-13 10:12:57.072 +0900,117841,rice,NSIC RC 664H,Transplanting,Mixed,UREA
28609,,,202223,2025-12-15,,2026-01-21,,202223,9,2026-02-20,100,,2026-05-13 10:12:57.072 +0900,2026-05-13 10:12:57.072 +0900,117843,rice,NSIC RC 664H,Transplanting,Mixed,UREA
28609,,,202223,2025-12-15,,2026-01-21,,202223,10,2026-01-31,100,,2026-05-13 10:12:57.072 +0900,2026-05-13 10:12:57.072 +0900,117842,rice,NSIC RC 664H,Transplanting,Mixed,TRIPLE
28609,,,202223,2025-12-15,,2026-01-21,,202223,10,2026-02-20,100,,2026-05-13 10:12:57.072 +0900,2026-05-13 10:12:57.072 +0900,117844,rice,NSIC RC 664H,Transplanting,Mixed,TRIPLE
28624,,,204413,2025-12-29,,2026-01-25,,204413,9,2026-02-04,75,,2026-05-13 10:31:46.984 +0900,2026-05-13 10:31:46.984 +0900,117905,rice,NSIC RC 664H,Transplanting,Mixed,UREA
28624,,,204413,2025-12-29,,2026-01-25,,204413,9,2026-02-24,75,,2026-05-13 10:31:46.984 +0900,2026-05-13 10:31:46.984 +0900,117907,rice,NSIC RC 664H,Transplanting,Mixed,UREA
28624,,,204413,2025-12-29,,2026-01-25,,204413,10,2026-02-04,75,,2026-05-13 10:31:46.984 +0900,2026-05-13 10:31:46.984 +0900,117906,rice,NSIC RC 664H,Transplanting,Mixed,TRIPLE
28624,,,204413,2025-12-29,,2026-01-25,,204413,10,2026-02-24,75,,2026-05-13 10:31:46.984 +0900,2026-05-13 10:31:46.984 +0900,117908,rice,NSIC RC 664H,Transplanting,Mixed,TRIPLE
28570,,,204448,2025-12-30,,2026-01-22,,204448,9,2026-02-01,75,,2026-05-07 10:00:44.658 +0900,2026-05-07 10:00:44.658 +0900,117663,rice,BIGANTE/BIGANTE PLUS,Transplanting,Mixed,UREA
28570,,,204448,2025-12-30,,2026-01-22,,204448,9,2026-02-25,75,,2026-05-07 10:00:44.658 +0900,2026-05-07 10:00:44.658 +0900,117665,rice,BIGANTE/BIGANTE PLUS,Transplanting,Mixed,UREA
28570,,,204448,2025-12-30,,2026-01-22,,204448,10,2026-02-01,100,,2026-05-07 10:00:44.658 +0900,2026-05-07 10:00:44.658 +0900,117664,rice,BIGANTE/BIGANTE PLUS,Transplanting,Mixed,TRIPLE
28570,,,204448,2025-12-30,,2026-01-22,,204448,10,2026-02-25,100,,2026-05-07 10:00:44.658 +0900,2026-05-07 10:00:44.658 +0900,117666,rice,BIGANTE/BIGANTE PLUS,Transplanting,Mixed,TRIPLE
18849,,,204452,2025-11-08,,2026-01-16,,204452,9,2026-01-30,100,,2026-03-23 13:02:34.713 +0900,2026-03-23 13:02:34.713 +0900,71973,rice,JACKPOT 102,Transplanting,Mixed,UREA
18849,,,204452,2025-11-08,,2026-01-16,,204452,9,2026-02-15,100,,2026-03-23 13:02:34.713 +0900,2026-03-23 13:02:34.713 +0900,71975,rice,JACKPOT 102,Transplanting,Mixed,UREA
18849,,,204452,2025-11-08,,2026-01-16,,204452,11,2026-03-07,100,,2026-03-23 13:02:34.713 +0900,2026-03-23 13:02:34.713 +0900,71976,rice,JACKPOT 102,Transplanting,Mixed,AMMOSUL
18849,,,204452,2025-11-08,,2026-01-16,,204452,12,2026-01-30,100,,2026-03-23 13:02:34.713 +0900,2026-03-23 13:02:34.713 +0900,71974,rice,JACKPOT 102,Transplanting,Mixed,AMMOPHOS
18849,,,204452,2025-11-08,,2026-01-16,,204452,13,,,,2026-03-23 13:02:34.713 +0900,2026-03-23 13:02:34.713 +0900,71978,rice,JACKPOT 102,Transplanting,Mixed,COMMERCIAL
18849,,,204452,2025-11-08,,2026-01-16,,204452,16,2026-03-07,50,,2026-03-23 13:02:34.713 +0900,2026-03-23 13:02:34.713 +0900,71977,rice,JACKPOT 102,Transplanting,Mixed,OTHER
28303,,,201704,2025-12-15,,2026-01-10,,201704,9,2026-01-17,50,,2026-05-05 12:27:22.755 +0900,2026-05-05 12:27:22.755 +0900,116382,rice,BIGANTE/BIGANTE PLUS,Transplanting,Mixed,UREA
28303,,,201704,2025-12-15,,2026-01-10,,201704,9,2026-02-01,50,,2026-05-05 12:27:22.755 +0900,2026-05-05 12:27:22.755 +0900,116385,rice,BIGANTE/BIGANTE PLUS,Transplanting,Mixed,UREA
28303,,,201704,2025-12-15,,2026-01-10,,201704,9,2026-02-15,50,,2026-05-05 12:27:22.755 +0900,2026-05-05 12:27:22.755 +0900,116387,rice,BIGANTE/BIGANTE PLUS,Transplanting,Mixed,UREA
28303,,,201704,2025-12-15,,2026-01-10,,201704,10,2026-01-17,25,,2026-05-05 12:27:22.755 +0900,2026-05-05 12:27:22.755 +0900,116383,rice,BIGANTE/BIGANTE PLUS,Transplanting,Mixed,TRIPLE
28303,,,201704,2025-12-15,,2026-01-10,,201704,12,2026-01-17,25,,2026-05-05 12:27:22.755 +0900,2026-05-05 12:27:22.755 +0900,116384,rice,BIGANTE/BIGANTE PLUS,Transplanting,Mixed,AMMOPHOS
28303,,,201704,2025-12-15,,2026-01-10,,201704,12,2026-02-01,25,,2026-05-05 12:27:22.755 +0900,2026-05-05 12:27:22.755 +0900,116386,rice,BIGANTE/BIGANTE PLUS,Transplanting,Mixed,AMMOPHOS
28303,,,201704,2025-12-15,,2026-01-10,,201704,13,,,,2026-05-05 12:27:22.755 +0900,2026-05-05 12:27:22.755 +0900,116389,rice,BIGANTE/BIGANTE PLUS,Transplanting,Mixed,COMMERCIAL
28303,,,201704,2025-12-15,,2026-01-10,,201704,16,2026-02-15,25,,2026-05-05 12:27:22.755 +0900,2026-05-05 12:27:22.755 +0900,116388,rice,BIGANTE/BIGANTE PLUS,Transplanting,Mixed,OTHER
18285,,,202892,2025-12-05,,2026-01-09,,202892,9,2026-01-16,50,,2026-03-19 11:44:38.774 +0900,2026-03-19 11:44:38.774 +0900,69224,rice,NSIC RC 512 (TUBIGAN 44),Transplanting,Mixed,UREA
18285,,,202892,2025-12-05,,2026-01-09,,202892,9,2026-01-25,50,,2026-03-19 11:44:38.774 +0900,2026-03-19 11:44:38.774 +0900,69226,rice,NSIC RC 512 (TUBIGAN 44),Transplanting,Mixed,UREA
18285,,,202892,2025-12-05,,2026-01-09,,202892,9,2026-02-24,50,,2026-03-19 11:44:38.774 +0900,2026-03-19 11:44:38.774 +0900,69228,rice,NSIC RC 512 (TUBIGAN 44),Transplanting,Mixed,UREA
18285,,,202892,2025-12-05,,2026-01-09,,202892,12,2026-01-16,50,,2026-03-19 11:44:38.774 +0900,2026-03-19 11:44:38.774 +0900,69225,rice,NSIC RC 512 (TUBIGAN 44),Transplanting,Mixed,AMMOPHOS
18285,,,202892,2025-12-05,,2026-01-09,,202892,12,2026-01-25,50,,2026-03-19 11:44:38.774 +0900,2026-03-19 11:44:38.774 +0900,69227,rice,NSIC RC 512 (TUBIGAN 44),Transplanting,Mixed,AMMOPHOS
18285,,,202892,2025-12-05,,2026-01-09,,202892,12,2026-02-24,50,,2026-03-19 11:44:38.774 +0900,2026-03-19 11:44:38.774 +0900,69229,rice,NSIC RC 512 (TUBIGAN 44),Transplanting,Mixed,AMMOPHOS
18285,,,202892,2025-12-05,,2026-01-09,,202892,13,,,,2026-03-19 11:44:38.774 +0900,2026-03-19 11:44:38.774 +0900,69230,rice,NSIC RC 512 (TUBIGAN 44),Transplanting,Mixed,COMMERCIAL
18853,,,201687,2025-11-05,,2026-01-18,,201687,9,2026-02-07,50,,2026-03-23 14:05:02.554 +0900,2026-03-23 14:05:02.554 +0900,71994,rice,NSIC Rc456H (LP 937),Transplanting,Mixed,UREA
18853,,,201687,2025-11-05,,2026-01-18,,201687,9,2026-03-02,50,,2026-03-23 14:05:02.554 +0900,2026-03-23 14:05:02.554 +0900,71996,rice,NSIC Rc456H (LP 937),Transplanting,Mixed,UREA
18853,,,201687,2025-11-05,,2026-01-18,,201687,12,2026-02-07,50,,2026-03-23 14:05:02.554 +0900,2026-03-23 14:05:02.554 +0900,71995,rice,NSIC Rc456H (LP 937),Transplanting,Mixed,AMMOPHOS
18853,,,201687,2025-11-05,,2026-01-18,,201687,12,2026-03-02,50,,2026-03-23 14:05:02.554 +0900,2026-03-23 14:05:02.554 +0900,71997,rice,NSIC Rc456H (LP 937),Transplanting,Mixed,AMMOPHOS
18853,,,201687,2025-11-05,,2026-01-18,,201687,13,,,,2026-03-23 14:05:02.554 +0900,2026-03-23 14:05:02.554 +0900,71999,rice,NSIC Rc456H (LP 937),Transplanting,Mixed,COMMERCIAL
18853,,,201687,2025-11-05,,2026-01-18,,201687,16,2026-03-10,50,,2026-03-23 14:05:02.554 +0900,2026-03-23 14:05:02.554 +0900,71998,rice,NSIC Rc456H (LP 937),Transplanting,Mixed,OTHER
17652,,,202903,2025-12-10,,2026-01-04,,202903,9,2026-01-14,50,,2026-03-10 11:42:35.291 +0900,2026-03-10 11:42:35.291 +0900,66034,rice,NSIC Rc234H (NK 5017),Transplanting,Mixed,UREA
17652,,,202903,2025-12-10,,2026-01-04,,202903,9,2026-01-20,100,,2026-03-10 11:42:35.291 +0900,2026-03-10 11:42:35.291 +0900,66036,rice,NSIC Rc234H (NK 5017),Transplanting,Mixed,UREA
17652,,,202903,2025-12-10,,2026-01-04,,202903,12,2026-01-14,100,,2026-03-10 11:42:35.291 +0900,2026-03-10 11:42:35.291 +0900,66035,rice,NSIC Rc234H (NK 5017),Transplanting,Mixed,AMMOPHOS
17652,,,202903,2025-12-10,,2026-01-04,,202903,12,2026-01-20,25,,2026-03-10 11:42:35.291 +0900,2026-03-10 11:42:35.291 +0900,66037,rice,NSIC Rc234H (NK 5017),Transplanting,Mixed,AMMOPHOS
28262,,,202451,2025-12-05,,2026-01-07,,202451,9,2026-01-17,50,,2026-05-05 10:44:54.530 +0900,2026-05-05 10:44:54.530 +0900,116163,rice,NSIC Rc456H (LP 937),Transplanting,Mixed,UREA
28262,,,202451,2025-12-05,,2026-01-07,,202451,10,2026-01-17,50,,2026-05-05 10:44:54.530 +0900,2026-05-05 10:44:54.530 +0900,116164,rice,NSIC Rc456H (LP 937),Transplanting,Mixed,TRIPLE
28262,,,202451,2025-12-05,,2026-01-07,,202451,10,2026-01-27,50,,2026-05-05 10:44:54.530 +0900,2026-05-05 10:44:54.530 +0900,116165,rice,NSIC Rc456H (LP 937),Transplanting,Mixed,TRIPLE
28262,,,202451,2025-12-05,,2026-01-07,,202451,16,2026-02-04,50,,2026-05-05 10:44:54.530 +0900,2026-05-05 10:44:54.530 +0900,116166,rice,NSIC Rc456H (LP 937),Transplanting,Mixed,OTHER
28270,,,200743,2025-12-05,,2026-01-04,,200743,9,2026-01-14,50,,2026-05-05 11:04:25.040 +0900,2026-05-05 11:04:25.040 +0900,116206,rice,BIGANTE/BIGANTE PLUS,Transplanting,Mixed,UREA
28270,,,200743,2025-12-05,,2026-01-04,,200743,9,2026-01-28,50,,2026-05-05 11:04:25.040 +0900,2026-05-05 11:04:25.040 +0900,116209,rice,BIGANTE/BIGANTE PLUS,Transplanting,Mixed,UREA
28270,,,200743,2025-12-05,,2026-01-04,,200743,9,2026-02-08,25,,2026-05-05 11:04:25.040 +0900,2026-05-05 11:04:25.040 +0900,116211,rice,BIGANTE/BIGANTE PLUS,Transplanting,Mixed,UREA
28270,,,200743,2025-12-05,,2026-01-04,,200743,10,2026-01-14,25,,2026-05-05 11:04:25.040 +0900,2026-05-05 11:04:25.040 +0900,116207,rice,BIGANTE/BIGANTE PLUS,Transplanting,Mixed,TRIPLE
28270,,,200743,2025-12-05,,2026-01-04,,200743,12,2026-01-14,25,,2026-05-05 11:04:25.040 +0900,2026-05-05 11:04:25.040 +0900,116208,rice,BIGANTE/BIGANTE PLUS,Transplanting,Mixed,AMMOPHOS
28270,,,200743,2025-12-05,,2026-01-04,,200743,12,2026-01-28,25,,2026-05-05 11:04:25.040 +0900,2026-05-05 11:04:25.040 +0900,116210,rice,BIGANTE/BIGANTE PLUS,Transplanting,Mixed,AMMOPHOS
28270,,,200743,2025-12-05,,2026-01-04,,200743,16,2026-02-08,25,,2026-05-05 11:04:25.040 +0900,2026-05-05 11:04:25.040 +0900,116212,rice,BIGANTE/BIGANTE PLUS,Transplanting,Mixed,OTHER
28610,,,202232,2025-12-28,,2026-01-20,,202232,9,2026-01-30,25,,2026-05-13 10:14:04.342 +0900,2026-05-13 10:14:04.342 +0900,117845,rice,NSIC RC 664H,Transplanting,Mixed,UREA
28610,,,202232,2025-12-28,,2026-01-20,,202232,9,2026-02-19,25,,2026-05-13 10:14:04.342 +0900,2026-05-13 10:14:04.342 +0900,117848,rice,NSIC RC 664H,Transplanting,Mixed,UREA
28610,,,202232,2025-12-28,,2026-01-20,,202232,10,2026-01-30,25,,2026-05-13 10:14:04.342 +0900,2026-05-13 10:14:04.342 +0900,117846,rice,NSIC RC 664H,Transplanting,Mixed,TRIPLE
28610,,,202232,2025-12-28,,2026-01-20,,202232,10,2026-02-19,25,,2026-05-13 10:14:04.342 +0900,2026-05-13 10:14:04.342 +0900,117849,rice,NSIC RC 664H,Transplanting,Mixed,TRIPLE
28610,,,202232,2025-12-28,,2026-01-20,,202232,12,2026-01-30,25,,2026-05-13 10:14:04.342 +0900,2026-05-13 10:14:04.342 +0900,117847,rice,NSIC RC 664H,Transplanting,Mixed,AMMOPHOS
28610,,,202232,2025-12-28,,2026-01-20,,202232,12,2026-02-19,25,,2026-05-13 10:14:04.342 +0900,2026-05-13 10:14:04.342 +0900,117850,rice,NSIC RC 664H,Transplanting,Mixed,AMMOPHOS
17642,,,202242,2025-12-25,,2026-01-12,,202242,9,2026-01-25,50,,2026-03-10 10:50:28.845 +0900,2026-03-10 10:50:28.845 +0900,65988,rice,NSIC RC 402 (Tubigan 36),Transplanting,Mixed,UREA
17642,,,202242,2025-12-25,,2026-01-12,,202242,9,2026-02-15,50,,2026-03-10 10:50:28.845 +0900,2026-03-10 10:50:28.845 +0900,65989,rice,NSIC RC 402 (Tubigan 36),Transplanting,Mixed,UREA
28328,,,201645,2025-12-28,,2026-01-24,,201645,9,2026-02-03,100,,2026-05-05 13:53:27.609 +0900,2026-05-05 13:53:27.609 +0900,116532,rice,NSIC Rc456H (LP 937),Transplanting,Mixed,UREA
28328,,,201645,2025-12-28,,2026-01-24,,201645,9,2026-02-23,100,,2026-05-05 13:53:27.609 +0900,2026-05-05 13:53:27.609 +0900,116534,rice,NSIC Rc456H (LP 937),Transplanting,Mixed,UREA
28328,,,201645,2025-12-28,,2026-01-24,,201645,10,2026-02-03,50,,2026-05-05 13:53:27.609 +0900,2026-05-05 13:53:27.609 +0900,116533,rice,NSIC Rc456H (LP 937),Transplanting,Mixed,TRIPLE
28328,,,201645,2025-12-28,,2026-01-24,,201645,10,2026-02-23,50,,2026-05-05 13:53:27.609 +0900,2026-05-05 13:53:27.609 +0900,116535,rice,NSIC Rc456H (LP 937),Transplanting,Mixed,TRIPLE
28487,,,201689,2025-12-28,,2026-01-22,,201689,9,2026-02-01,500,,2026-05-06 12:33:36.770 +0900,2026-05-06 12:33:36.770 +0900,117307,rice,JACKPOT 102,Transplanting,Mixed,UREA
28487,,,201689,2025-12-28,,2026-01-22,,201689,9,2026-02-21,500,,2026-05-06 12:33:36.770 +0900,2026-05-06 12:33:36.770 +0900,117309,rice,JACKPOT 102,Transplanting,Mixed,UREA
28487,,,201689,2025-12-28,,2026-01-22,,201689,10,2026-02-01,500,,2026-05-06 12:33:36.770 +0900,2026-05-06 12:33:36.770 +0900,117308,rice,JACKPOT 102,Transplanting,Mixed,TRIPLE
28487,,,201689,2025-12-28,,2026-01-22,,201689,10,2026-02-21,500,,2026-05-06 12:33:36.770 +0900,2026-05-06 12:33:36.770 +0900,117310,rice,JACKPOT 102,Transplanting,Mixed,TRIPLE
28397,,,200639,2025-12-16,,2026-01-12,,200639,9,2026-01-30,100,,2026-05-05 16:50:11.479 +0900,2026-05-05 16:50:11.479 +0900,116881,rice,NSIC RC 132H (MESTISO 6),Transplanting,Mixed,UREA
28397,,,200639,2025-12-16,,2026-01-12,,200639,9,2026-02-14,100,,2026-05-05 16:50:11.479 +0900,2026-05-05 16:50:11.479 +0900,116883,rice,NSIC RC 132H (MESTISO 6),Transplanting,Mixed,UREA
28397,,,200639,2025-12-16,,2026-01-12,,200639,12,2026-01-30,50,,2026-05-05 16:50:11.479 +0900,2026-05-05 16:50:11.479 +0900,116882,rice,NSIC RC 132H (MESTISO 6),Transplanting,Mixed,AMMOPHOS
28397,,,200639,2025-12-16,,2026-01-12,,200639,12,2026-02-14,50,,2026-05-05 16:50:11.479 +0900,2026-05-05 16:50:11.479 +0900,116884,rice,NSIC RC 132H (MESTISO 6),Transplanting,Mixed,AMMOPHOS
28397,,,200639,2025-12-16,,2026-01-12,,200639,13,,,,2026-05-05 16:50:11.479 +0900,2026-05-05 16:50:11.479 +0900,116885,rice,NSIC RC 132H (MESTISO 6),Transplanting,Mixed,COMMERCIAL
28565,,,201605,2025-12-18,,2026-01-18,,201605,9,2026-01-28,25,,2026-05-06 15:51:35.342 +0900,2026-05-06 15:51:35.342 +0900,117643,rice,NSIC Rc234H (NK 5017),Transplanting,Mixed,UREA
28565,,,201605,2025-12-18,,2026-01-18,,201605,9,2026-02-17,25,,2026-05-06 15:51:35.342 +0900,2026-05-06 15:51:35.342 +0900,117645,rice,NSIC Rc234H (NK 5017),Transplanting,Mixed,UREA
28565,,,201605,2025-12-18,,2026-01-18,,201605,10,2026-01-28,25,,2026-05-06 15:51:35.342 +0900,2026-05-06 15:51:35.342 +0900,117644,rice,NSIC Rc234H (NK 5017),Transplanting,Mixed,TRIPLE
28565,,,201605,2025-12-18,,2026-01-18,,201605,10,2026-02-17,25,,2026-05-06 15:51:35.342 +0900,2026-05-06 15:51:35.342 +0900,117646,rice,NSIC Rc234H (NK 5017),Transplanting,Mixed,TRIPLE
28392,,,201648,2025-12-26,,2026-01-28,,201648,9,2026-02-12,25,,2026-05-05 16:42:30.687 +0900,2026-05-05 16:42:30.687 +0900,116858,rice,NSIC Rc234H (NK 5017),Transplanting,Mixed,UREA
28392,,,201648,2025-12-26,,2026-01-28,,201648,9,2026-02-27,25,,2026-05-05 16:42:30.687 +0900,2026-05-05 16:42:30.687 +0900,116860,rice,NSIC Rc234H (NK 5017),Transplanting,Mixed,UREA
28392,,,201648,2025-12-26,,2026-01-28,,201648,12,2026-02-12,25,,2026-05-05 16:42:30.687 +0900,2026-05-05 16:42:30.687 +0900,116859,rice,NSIC Rc234H (NK 5017),Transplanting,Mixed,AMMOPHOS
28392,,,201648,2025-12-26,,2026-01-28,,201648,12,2026-02-27,25,,2026-05-05 16:42:30.687 +0900,2026-05-05 16:42:30.687 +0900,116861,rice,NSIC Rc234H (NK 5017),Transplanting,Mixed,AMMOPHOS
28468,,,202341,2025-12-12,,2026-01-19,,202341,9,2026-01-30,200,,2026-05-06 11:52:40.204 +0900,2026-05-06 11:52:40.204 +0900,117220,rice,BIGANTE/BIGANTE PLUS,Transplanting,Mixed,UREA
28468,,,202341,2025-12-12,,2026-01-19,,202341,9,2026-02-19,200,,2026-05-06 11:52:40.204 +0900,2026-05-06 11:52:40.204 +0900,117222,rice,BIGANTE/BIGANTE PLUS,Transplanting,Mixed,UREA
28468,,,202341,2025-12-12,,2026-01-19,,202341,12,2026-01-30,200,,2026-05-06 11:52:40.204 +0900,2026-05-06 11:52:40.204 +0900,117221,rice,BIGANTE/BIGANTE PLUS,Transplanting,Mixed,AMMOPHOS
28468,,,202341,2025-12-12,,2026-01-19,,202341,12,2026-02-19,200,,2026-05-06 11:52:40.204 +0900,2026-05-06 11:52:40.204 +0900,117223,rice,BIGANTE/BIGANTE PLUS,Transplanting,Mixed,AMMOPHOS
17706,,,201616,2025-12-29,,2026-01-30,,201616,9,2026-02-07,100,,2026-03-13 15:23:50.598 +0900,2026-03-13 15:23:50.598 +0900,66375,rice,NSIC RC 314H (Mestiso 46),Transplanting,Mixed,UREA
17706,,,201616,2025-12-29,,2026-01-30,,201616,9,2026-03-08,50,,2026-03-13 15:23:50.598 +0900,2026-03-13 15:23:50.598 +0900,66378,rice,NSIC RC 314H (Mestiso 46),Transplanting,Mixed,UREA
17706,,,201616,2025-12-29,,2026-01-30,,201616,10,2026-02-07,150,,2026-03-13 15:23:50.598 +0900,2026-03-13 15:23:50.598 +0900,66376,rice,NSIC RC 314H (Mestiso 46),Transplanting,Mixed,TRIPLE
17706,,,201616,2025-12-29,,2026-01-30,,201616,12,2026-02-07,100,,2026-03-13 15:23:50.598 +0900,2026-03-13 15:23:50.598 +0900,66377,rice,NSIC RC 314H (Mestiso 46),Transplanting,Mixed,AMMOPHOS
17706,,,201616,2025-12-29,,2026-01-30,,201616,12,2026-03-08,50,,2026-03-13 15:23:50.598 +0900,2026-03-13 15:23:50.598 +0900,66379,rice,NSIC RC 314H (Mestiso 46),Transplanting,Mixed,AMMOPHOS
17706,,,201616,2025-12-29,,2026-01-30,,201616,13,,,,2026-03-13 15:23:50.598 +0900,2026-03-13 15:23:50.598 +0900,66381,rice,NSIC RC 314H (Mestiso 46),Transplanting,Mixed,COMMERCIAL
17706,,,201616,2025-12-29,,2026-01-30,,201616,16,2026-03-08,50,,2026-03-13 15:23:50.598 +0900,2026-03-13 15:23:50.598 +0900,66380,rice,NSIC RC 314H (Mestiso 46),Transplanting,Mixed,OTHER
28336,,,204403,2025-12-08,,2026-01-02,,204403,9,2026-01-09,100,,2026-05-05 14:10:26.626 +0900,2026-05-05 14:10:26.626 +0900,116572,rice,NSIC RC 132H (MESTISO 6),Transplanting,Mixed,UREA
28336,,,204403,2025-12-08,,2026-01-02,,204403,9,2026-01-25,100,,2026-05-05 14:10:26.626 +0900,2026-05-05 14:10:26.626 +0900,116575,rice,NSIC RC 132H (MESTISO 6),Transplanting,Mixed,UREA
28336,,,204403,2025-12-08,,2026-01-02,,204403,9,2026-02-07,100,,2026-05-05 14:10:26.626 +0900,2026-05-05 14:10:26.626 +0900,116578,rice,NSIC RC 132H (MESTISO 6),Transplanting,Mixed,UREA
28336,,,204403,2025-12-08,,2026-01-02,,204403,10,2026-01-09,50,,2026-05-05 14:10:26.626 +0900,2026-05-05 14:10:26.626 +0900,116573,rice,NSIC RC 132H (MESTISO 6),Transplanting,Mixed,TRIPLE
28336,,,204403,2025-12-08,,2026-01-02,,204403,10,2026-01-25,50,,2026-05-05 14:10:26.626 +0900,2026-05-05 14:10:26.626 +0900,116576,rice,NSIC RC 132H (MESTISO 6),Transplanting,Mixed,TRIPLE
28336,,,204403,2025-12-08,,2026-01-02,,204403,12,2026-01-09,50,,2026-05-05 14:10:26.626 +0900,2026-05-05 14:10:26.626 +0900,116574,rice,NSIC RC 132H (MESTISO 6),Transplanting,Mixed,AMMOPHOS
28336,,,204403,2025-12-08,,2026-01-02,,204403,12,2026-01-25,50,,2026-05-05 14:10:26.626 +0900,2026-05-05 14:10:26.626 +0900,116577,rice,NSIC RC 132H (MESTISO 6),Transplanting,Mixed,AMMOPHOS
28336,,,204403,2025-12-08,,2026-01-02,,204403,16,2026-02-07,50,,2026-05-05 14:10:26.626 +0900,2026-05-05 14:10:26.626 +0900,116579,rice,NSIC RC 132H (MESTISO 6),Transplanting,Mixed,OTHER
28274,,,204421,2025-12-06,,2026-01-12,,204421,9,2026-01-22,50,,2026-05-05 11:22:21.845 +0900,2026-05-05 11:22:21.845 +0900,116228,rice,JACKPOT 102,Transplanting,Mixed,UREA
28274,,,204421,2025-12-06,,2026-01-12,,204421,9,2026-02-05,50,,2026-05-05 11:22:21.845 +0900,2026-05-05 11:22:21.845 +0900,116231,rice,JACKPOT 102,Transplanting,Mixed,UREA
28274,,,204421,2025-12-06,,2026-01-12,,204421,10,2026-01-22,25,,2026-05-05 11:22:21.845 +0900,2026-05-05 11:22:21.845 +0900,116229,rice,JACKPOT 102,Transplanting,Mixed,TRIPLE
28274,,,204421,2025-12-06,,2026-01-12,,204421,12,2026-01-22,25,,2026-05-05 11:22:21.845 +0900,2026-05-05 11:22:21.845 +0900,116230,rice,JACKPOT 102,Transplanting,Mixed,AMMOPHOS
28274,,,204421,2025-12-06,,2026-01-12,,204421,12,2026-02-05,25,,2026-05-05 11:22:21.845 +0900,2026-05-05 11:22:21.845 +0900,116232,rice,JACKPOT 102,Transplanting,Mixed,AMMOPHOS
28511,,,202861,2025-12-12,,2026-01-06,,202861,9,2026-01-16,15,,2026-05-06 14:46:29.861 +0900,2026-05-06 14:46:29.861 +0900,117414,rice,JACKPOT 102,Transplanting,Mixed,UREA
28511,,,202861,2025-12-12,,2026-01-06,,202861,9,2026-02-16,15,,2026-05-06 14:46:29.861 +0900,2026-05-06 14:46:29.861 +0900,117416,rice,JACKPOT 102,Transplanting,Mixed,UREA
28511,,,202861,2025-12-12,,2026-01-06,,202861,12,2026-01-16,15,,2026-05-06 14:46:29.861 +0900,2026-05-06 14:46:29.861 +0900,117415,rice,JACKPOT 102,Transplanting,Mixed,AMMOPHOS
28511,,,202861,2025-12-12,,2026-01-06,,202861,12,2026-02-16,15,,2026-05-06 14:46:29.861 +0900,2026-05-06 14:46:29.861 +0900,117417,rice,JACKPOT 102,Transplanting,Mixed,AMMOPHOS
28511,,,202861,2025-12-12,,2026-01-06,,202861,13,,,,2026-05-06 14:46:29.861 +0900,2026-05-06 14:46:29.861 +0900,117418,rice,JACKPOT 102,Transplanting,Mixed,COMMERCIAL
28407,,,202890,2025-12-20,,2026-01-05,,202890,9,2026-01-25,75,,2026-05-06 09:43:47.118 +0900,2026-05-06 09:43:47.118 +0900,116925,rice,NSIC Rc234H (NK 5017),Transplanting,Mixed,UREA
28407,,,202890,2025-12-20,,2026-01-05,,202890,9,2026-02-14,100,,2026-05-06 09:43:47.118 +0900,2026-05-06 09:43:47.118 +0900,116927,rice,NSIC Rc234H (NK 5017),Transplanting,Mixed,UREA
28407,,,202890,2025-12-20,,2026-01-05,,202890,10,2026-01-25,125,,2026-05-06 09:43:47.118 +0900,2026-05-06 09:43:47.118 +0900,116926,rice,NSIC Rc234H (NK 5017),Transplanting,Mixed,TRIPLE
28407,,,202890,2025-12-20,,2026-01-05,,202890,12,2026-02-14,100,,2026-05-06 09:43:47.118 +0900,2026-05-06 09:43:47.118 +0900,116928,rice,NSIC Rc234H (NK 5017),Transplanting,Mixed,AMMOPHOS
28254,,,201661,2025-12-10,,2026-01-04,,201661,9,2026-01-16,100,,2026-05-05 10:27:09.118 +0900,2026-05-05 10:27:09.118 +0900,116120,rice,NSIC Rc234H (NK 5017),Transplanting,Mixed,UREA
28254,,,201661,2025-12-10,,2026-01-04,,201661,9,2026-01-31,100,,2026-05-05 10:27:09.118 +0900,2026-05-05 10:27:09.118 +0900,116123,rice,NSIC Rc234H (NK 5017),Transplanting,Mixed,UREA
28254,,,201661,2025-12-10,,2026-01-04,,201661,9,2026-02-11,100,,2026-05-05 10:27:09.118 +0900,2026-05-05 10:27:09.118 +0900,116125,rice,NSIC Rc234H (NK 5017),Transplanting,Mixed,UREA
28254,,,201661,2025-12-10,,2026-01-04,,201661,10,2026-01-16,50,,2026-05-05 10:27:09.118 +0900,2026-05-05 10:27:09.118 +0900,116121,rice,NSIC Rc234H (NK 5017),Transplanting,Mixed,TRIPLE
28254,,,201661,2025-12-10,,2026-01-04,,201661,12,2026-01-16,50,,2026-05-05 10:27:09.118 +0900,2026-05-05 10:27:09.118 +0900,116122,rice,NSIC Rc234H (NK 5017),Transplanting,Mixed,AMMOPHOS
28254,,,201661,2025-12-10,,2026-01-04,,201661,12,2026-01-31,50,,2026-05-05 10:27:09.118 +0900,2026-05-05 10:27:09.118 +0900,116124,rice,NSIC Rc234H (NK 5017),Transplanting,Mixed,AMMOPHOS
28254,,,201661,2025-12-10,,2026-01-04,,201661,16,2026-02-11,50,,2026-05-05 10:27:09.118 +0900,2026-05-05 10:27:09.118 +0900,116126,rice,NSIC Rc234H (NK 5017),Transplanting,Mixed,OTHER
28370,,,201670,2025-12-22,,2026-01-11,,201670,9,2026-01-18,100,,2026-05-05 16:14:59.291 +0900,2026-05-05 16:14:59.291 +0900,116752,rice,NSIC Rc234H (NK 5017),Transplanting,Mixed,UREA
28370,,,201670,2025-12-22,,2026-01-11,,201670,9,2026-01-30,100,,2026-05-05 16:14:59.291 +0900,2026-05-05 16:14:59.291 +0900,116754,rice,NSIC Rc234H (NK 5017),Transplanting,Mixed,UREA
28370,,,201670,2025-12-22,,2026-01-11,,201670,9,2026-02-07,50,,2026-05-05 16:14:59.291 +0900,2026-05-05 16:14:59.291 +0900,116756,rice,NSIC Rc234H (NK 5017),Transplanting,Mixed,UREA
28370,,,201670,2025-12-22,,2026-01-11,,201670,12,2026-01-18,50,,2026-05-05 16:14:59.291 +0900,2026-05-05 16:14:59.291 +0900,116753,rice,NSIC Rc234H (NK 5017),Transplanting,Mixed,AMMOPHOS
28370,,,201670,2025-12-22,,2026-01-11,,201670,12,2026-01-30,50,,2026-05-05 16:14:59.291 +0900,2026-05-05 16:14:59.291 +0900,116755,rice,NSIC Rc234H (NK 5017),Transplanting,Mixed,AMMOPHOS
28370,,,201670,2025-12-22,,2026-01-11,,201670,16,2026-02-07,50,,2026-05-05 16:14:59.291 +0900,2026-05-05 16:14:59.291 +0900,116757,rice,NSIC Rc234H (NK 5017),Transplanting,Mixed,OTHER
28531,,,202454,2025-12-23,,2026-01-17,,202454,9,2026-01-27,125,,2026-05-06 15:10:08.758 +0900,2026-05-06 15:10:08.758 +0900,117499,rice,NSIC Rc456H (LP 937),Transplanting,Mixed,UREA
28531,,,202454,2025-12-23,,2026-01-17,,202454,9,2026-02-16,125,,2026-05-06 15:10:08.758 +0900,2026-05-06 15:10:08.758 +0900,117501,rice,NSIC Rc456H (LP 937),Transplanting,Mixed,UREA
28531,,,202454,2025-12-23,,2026-01-17,,202454,10,2026-01-27,150,,2026-05-06 15:10:08.758 +0900,2026-05-06 15:10:08.758 +0900,117500,rice,NSIC Rc456H (LP 937),Transplanting,Mixed,TRIPLE
28531,,,202454,2025-12-23,,2026-01-17,,202454,10,2026-02-16,150,,2026-05-06 15:10:08.758 +0900,2026-05-06 15:10:08.758 +0900,117502,rice,NSIC Rc456H (LP 937),Transplanting,Mixed,TRIPLE
27842,,,202263,2025-12-08,,2026-01-06,,202263,9,2026-01-22,50,,2026-04-23 11:49:31.283 +0900,2026-04-23 11:49:31.283 +0900,114250,rice,NSIC RC 522H (Mestiso 93),Transplanting,Mixed,UREA
27842,,,202263,2025-12-08,,2026-01-06,,202263,10,2026-01-10,200,,2026-04-23 11:49:31.283 +0900,2026-04-23 11:49:31.283 +0900,114249,rice,NSIC RC 522H (Mestiso 93),Transplanting,Mixed,TRIPLE
27842,,,202263,2025-12-08,,2026-01-06,,202263,10,2026-01-22,100,,2026-04-23 11:49:31.283 +0900,2026-04-23 11:49:31.283 +0900,114251,rice,NSIC RC 522H (Mestiso 93),Transplanting,Mixed,TRIPLE
27842,,,202263,2025-12-08,,2026-01-06,,202263,12,2026-01-22,50,,2026-04-23 11:49:31.283 +0900,2026-04-23 11:49:31.283 +0900,114252,rice,NSIC RC 522H (Mestiso 93),Transplanting,Mixed,AMMOPHOS
28593,,,201622,2025-12-18,,2025-12-27,,201622,9,2026-02-11,50,,2026-05-13 09:54:51.593 +0900,2026-05-13 09:54:51.593 +0900,117763,rice,NSIC RC 664H,Transplanting,Mixed,UREA
28593,,,201622,2025-12-18,,2025-12-27,,201622,9,2026-02-28,50,,2026-05-13 09:54:51.593 +0900,2026-05-13 09:54:51.593 +0900,117766,rice,NSIC RC 664H,Transplanting,Mixed,UREA
28593,,,201622,2025-12-18,,2025-12-27,,201622,10,2026-02-11,50,,2026-05-13 09:54:51.593 +0900,2026-05-13 09:54:51.593 +0900,117764,rice,NSIC RC 664H,Transplanting,Mixed,TRIPLE
28593,,,201622,2025-12-18,,2025-12-27,,201622,10,2026-02-28,50,,2026-05-13 09:54:51.593 +0900,2026-05-13 09:54:51.593 +0900,117767,rice,NSIC RC 664H,Transplanting,Mixed,TRIPLE
28593,,,201622,2025-12-18,,2025-12-27,,201622,12,2026-02-11,50,,2026-05-13 09:54:51.593 +0900,2026-05-13 09:54:51.593 +0900,117765,rice,NSIC RC 664H,Transplanting,Mixed,AMMOPHOS
28593,,,201622,2025-12-18,,2025-12-27,,201622,12,2026-02-28,50,,2026-05-13 09:54:51.593 +0900,2026-05-13 09:54:51.593 +0900,117768,rice,NSIC RC 664H,Transplanting,Mixed,AMMOPHOS
28442,,,201625,2025-12-14,,2026-01-17,,201625,9,2026-01-27,50,,2026-05-06 11:20:57.145 +0900,2026-05-06 11:20:57.145 +0900,117093,rice,NSIC Rc234H (NK 5017),Transplanting,Mixed,UREA
28442,,,201625,2025-12-14,,2026-01-17,,201625,9,2026-02-07,50,,2026-05-06 11:20:57.145 +0900,2026-05-06 11:20:57.145 +0900,117096,rice,NSIC Rc234H (NK 5017),Transplanting,Mixed,UREA
28442,,,201625,2025-12-14,,2026-01-17,,201625,10,2026-01-27,50,,2026-05-06 11:20:57.145 +0900,2026-05-06 11:20:57.145 +0900,117094,rice,NSIC Rc234H (NK 5017),Transplanting,Mixed,TRIPLE
28442,,,201625,2025-12-14,,2026-01-17,,201625,10,2026-02-07,50,,2026-05-06 11:20:57.145 +0900,2026-05-06 11:20:57.145 +0900,117097,rice,NSIC Rc234H (NK 5017),Transplanting,Mixed,TRIPLE
28442,,,201625,2025-12-14,,2026-01-17,,201625,12,2026-01-27,25,,2026-05-06 11:20:57.145 +0900,2026-05-06 11:20:57.145 +0900,117095,rice,NSIC Rc234H (NK 5017),Transplanting,Mixed,AMMOPHOS
28442,,,201625,2025-12-14,,2026-01-17,,201625,12,2026-02-07,25,,2026-05-06 11:20:57.145 +0900,2026-05-06 11:20:57.145 +0900,117098,rice,NSIC Rc234H (NK 5017),Transplanting,Mixed,AMMOPHOS
28410,,,202264,2025-12-30,,2026-01-21,,202264,9,2026-01-31,150,,2026-05-06 09:49:47.385 +0900,2026-05-06 09:49:47.385 +0900,116937,rice,JACKPOT 102,Transplanting,Mixed,UREA
28410,,,202264,2025-12-30,,2026-01-21,,202264,9,2026-02-20,150,,2026-05-06 09:49:47.385 +0900,2026-05-06 09:49:47.385 +0900,116939,rice,JACKPOT 102,Transplanting,Mixed,UREA
28410,,,202264,2025-12-30,,2026-01-21,,202264,10,2026-01-31,175,,2026-05-06 09:49:47.385 +0900,2026-05-06 09:49:47.385 +0900,116938,rice,JACKPOT 102,Transplanting,Mixed,TRIPLE
28410,,,202264,2025-12-30,,2026-01-21,,202264,10,2026-02-20,175,,2026-05-06 09:49:47.385 +0900,2026-05-06 09:49:47.385 +0900,116940,rice,JACKPOT 102,Transplanting,Mixed,TRIPLE
28410,,,202264,2025-12-30,,2026-01-21,,202264,12,2026-02-20,100,,2026-05-06 09:49:47.385 +0900,2026-05-06 09:49:47.385 +0900,116941,rice,JACKPOT 102,Transplanting,Mixed,AMMOPHOS
28534,,,202342,2025-12-15,,2026-01-10,,202342,9,2026-01-20,125,,2026-05-06 15:14:07.539 +0900,2026-05-06 15:14:07.539 +0900,117512,rice,JACKPOT 102,Transplanting,Mixed,UREA
28534,,,202342,2025-12-15,,2026-01-10,,202342,9,2026-02-09,125,,2026-05-06 15:14:07.539 +0900,2026-05-06 15:14:07.539 +0900,117514,rice,JACKPOT 102,Transplanting,Mixed,UREA
28534,,,202342,2025-12-15,,2026-01-10,,202342,10,2026-01-20,150,,2026-05-06 15:14:07.539 +0900,2026-05-06 15:14:07.539 +0900,117513,rice,JACKPOT 102,Transplanting,Mixed,TRIPLE
28534,,,202342,2025-12-15,,2026-01-10,,202342,10,2026-02-09,150,,2026-05-06 15:14:07.539 +0900,2026-05-06 15:14:07.539 +0900,117515,rice,JACKPOT 102,Transplanting,Mixed,TRIPLE
18314,,,202200,2025-12-05,,2026-01-10,,202200,9,2026-02-15,100,,2026-03-19 12:38:12.073 +0900,2026-03-19 12:38:12.073 +0900,69372,rice,NSIC RC 548H (Mestiso 101),Transplanting,Mixed,UREA
18314,,,202200,2025-12-05,,2026-01-10,,202200,10,2026-01-20,200,,2026-03-19 12:38:12.073 +0900,2026-03-19 12:38:12.073 +0900,69371,rice,NSIC RC 548H (Mestiso 101),Transplanting,Mixed,TRIPLE
18314,,,202200,2025-12-05,,2026-01-10,,202200,12,2026-02-15,100,,2026-03-19 12:38:12.073 +0900,2026-03-19 12:38:12.073 +0900,69373,rice,NSIC RC 548H (Mestiso 101),Transplanting,Mixed,AMMOPHOS
27819,,,202218,2025-12-08,,2025-12-29,,202218,9,2026-01-13,300,,2026-04-23 11:25:36.213 +0900,2026-04-23 11:25:36.213 +0900,114137,rice,NSIC Rc456H (LP 937),Transplanting,Mixed,UREA
27819,,,202218,2025-12-08,,2025-12-29,,202218,9,2026-02-10,200,,2026-04-23 11:25:36.213 +0900,2026-04-23 11:25:36.213 +0900,114139,rice,NSIC Rc456H (LP 937),Transplanting,Mixed,UREA
27819,,,202218,2025-12-08,,2025-12-29,,202218,10,2026-02-10,100,,2026-04-23 11:25:36.213 +0900,2026-04-23 11:25:36.213 +0900,114140,rice,NSIC Rc456H (LP 937),Transplanting,Mixed,TRIPLE
27819,,,202218,2025-12-08,,2025-12-29,,202218,10,2026-03-02,100,,2026-04-23 11:25:36.213 +0900,2026-04-23 11:25:36.213 +0900,114142,rice,NSIC Rc456H (LP 937),Transplanting,Mixed,TRIPLE
27819,,,202218,2025-12-08,,2025-12-29,,202218,12,2026-01-13,200,,2026-04-23 11:25:36.213 +0900,2026-04-23 11:25:36.213 +0900,114138,rice,NSIC Rc456H (LP 937),Transplanting,Mixed,AMMOPHOS
27819,,,202218,2025-12-08,,2025-12-29,,202218,12,2026-02-10,100,,2026-04-23 11:25:36.213 +0900,2026-04-23 11:25:36.213 +0900,114141,rice,NSIC Rc456H (LP 937),Transplanting,Mixed,AMMOPHOS
28445,,,201639,2025-12-02,,2025-12-24,,201639,9,2026-01-09,150,,2026-05-06 11:24:10.560 +0900,2026-05-06 11:24:10.560 +0900,117110,rice,JACKPOT 102,Transplanting,Mixed,UREA
28445,,,201639,2025-12-02,,2025-12-24,,201639,9,2026-01-29,150,,2026-05-06 11:24:10.560 +0900,2026-05-06 11:24:10.560 +0900,117112,rice,JACKPOT 102,Transplanting,Mixed,UREA
28445,,,201639,2025-12-02,,2025-12-24,,201639,10,2026-01-09,150,,2026-05-06 11:24:10.560 +0900,2026-05-06 11:24:10.560 +0900,117111,rice,JACKPOT 102,Transplanting,Mixed,TRIPLE
28445,,,201639,2025-12-02,,2025-12-24,,201639,10,2026-01-29,150,,2026-05-06 11:24:10.560 +0900,2026-05-06 11:24:10.560 +0900,117113,rice,JACKPOT 102,Transplanting,Mixed,TRIPLE
18316,,,204420,2025-12-05,,2026-01-08,,204420,9,2026-01-21,100,,2026-03-19 12:39:54.296 +0900,2026-03-19 12:39:54.296 +0900,69380,rice,NSIC RC 128 (MABANGO 1),Transplanting,Mixed,UREA
18316,,,204420,2025-12-05,,2026-01-08,,204420,9,2026-02-20,100,,2026-03-19 12:39:54.296 +0900,2026-03-19 12:39:54.296 +0900,69382,rice,NSIC RC 128 (MABANGO 1),Transplanting,Mixed,UREA
18316,,,204420,2025-12-05,,2026-01-08,,204420,10,2026-01-21,100,,2026-03-19 12:39:54.296 +0900,2026-03-19 12:39:54.296 +0900,69381,rice,NSIC RC 128 (MABANGO 1),Transplanting,Mixed,TRIPLE
18316,,,204420,2025-12-05,,2026-01-08,,204420,10,2026-02-20,100,,2026-03-19 12:39:54.296 +0900,2026-03-19 12:39:54.296 +0900,69383,rice,NSIC RC 128 (MABANGO 1),Transplanting,Mixed,TRIPLE
28562,,,204466,2025-12-18,,2026-01-18,,204466,9,2026-01-28,25,,2026-05-06 15:49:15.519 +0900,2026-05-06 15:49:15.519 +0900,117631,rice,NSIC Rc234H (NK 5017),Transplanting,Mixed,UREA
28562,,,204466,2025-12-18,,2026-01-18,,204466,9,2026-02-17,25,,2026-05-06 15:49:15.519 +0900,2026-05-06 15:49:15.519 +0900,117633,rice,NSIC Rc234H (NK 5017),Transplanting,Mixed,UREA
28562,,,204466,2025-12-18,,2026-01-18,,204466,10,2026-01-28,25,,2026-05-06 15:49:15.519 +0900,2026-05-06 15:49:15.519 +0900,117632,rice,NSIC Rc234H (NK 5017),Transplanting,Mixed,TRIPLE
28562,,,204466,2025-12-18,,2026-01-18,,204466,10,2026-02-17,25,,2026-05-06 15:49:15.519 +0900,2026-05-06 15:49:15.519 +0900,117634,rice,NSIC Rc234H (NK 5017),Transplanting,Mixed,TRIPLE
28574,,,200769,2025-12-29,,2026-01-21,,200769,9,2026-01-31,75,,2026-05-07 10:11:04.222 +0900,2026-05-07 10:11:04.222 +0900,117684,rice,BIGANTE/BIGANTE PLUS,Transplanting,Mixed,UREA
28574,,,200769,2025-12-29,,2026-01-21,,200769,9,2026-02-20,75,,2026-05-07 10:11:04.222 +0900,2026-05-07 10:11:04.222 +0900,117686,rice,BIGANTE/BIGANTE PLUS,Transplanting,Mixed,UREA
28574,,,200769,2025-12-29,,2026-01-21,,200769,10,2026-01-31,75,,2026-05-07 10:11:04.222 +0900,2026-05-07 10:11:04.222 +0900,117685,rice,BIGANTE/BIGANTE PLUS,Transplanting,Mixed,TRIPLE
28574,,,200769,2025-12-29,,2026-01-21,,200769,10,2026-02-20,75,,2026-05-07 10:11:04.222 +0900,2026-05-07 10:11:04.222 +0900,117687,rice,BIGANTE/BIGANTE PLUS,Transplanting,Mixed,TRIPLE
28339,,,202191,2025-11-28,,2026-01-11,,202191,9,2026-01-25,100,,2026-05-05 14:45:18.042 +0900,2026-05-05 14:45:18.042 +0900,116588,rice,JACKPOT 102,Transplanting,Mixed,UREA
28339,,,202191,2025-11-28,,2026-01-11,,202191,9,2026-02-08,100,,2026-05-05 14:45:18.042 +0900,2026-05-05 14:45:18.042 +0900,116590,rice,JACKPOT 102,Transplanting,Mixed,UREA
28339,,,202191,2025-11-28,,2026-01-11,,202191,12,2026-01-25,100,,2026-05-05 14:45:18.042 +0900,2026-05-05 14:45:18.042 +0900,116589,rice,JACKPOT 102,Transplanting,Mixed,AMMOPHOS
28339,,,202191,2025-11-28,,2026-01-11,,202191,12,2026-02-23,100,,2026-05-05 14:45:18.042 +0900,2026-05-05 14:45:18.042 +0900,116591,rice,JACKPOT 102,Transplanting,Mixed,AMMOPHOS
28339,,,202191,2025-11-28,,2026-01-11,,202191,16,2026-02-23,50,,2026-05-05 14:45:18.042 +0900,2026-05-05 14:45:18.042 +0900,116592,rice,JACKPOT 102,Transplanting,Mixed,OTHER
28379,,,200634,2025-12-05,,2026-01-03,,200634,9,2026-01-18,100,,2026-05-05 16:26:40.393 +0900,2026-05-05 16:26:40.393 +0900,116797,rice,JACKPOT 102,Transplanting,Mixed,UREA
28379,,,200634,2025-12-05,,2026-01-03,,200634,9,2026-02-03,100,,2026-05-05 16:26:40.393 +0900,2026-05-05 16:26:40.393 +0900,116800,rice,JACKPOT 102,Transplanting,Mixed,UREA
28379,,,200634,2025-12-05,,2026-01-03,,200634,10,2026-01-18,150,,2026-05-05 16:26:40.393 +0900,2026-05-05 16:26:40.393 +0900,116798,rice,JACKPOT 102,Transplanting,Mixed,TRIPLE
28379,,,200634,2025-12-05,,2026-01-03,,200634,10,2026-02-03,150,,2026-05-05 16:26:40.393 +0900,2026-05-05 16:26:40.393 +0900,116801,rice,JACKPOT 102,Transplanting,Mixed,TRIPLE
28379,,,200634,2025-12-05,,2026-01-03,,200634,12,2026-01-18,100,,2026-05-05 16:26:40.393 +0900,2026-05-05 16:26:40.393 +0900,116799,rice,JACKPOT 102,Transplanting,Mixed,AMMOPHOS
28379,,,200634,2025-12-05,,2026-01-03,,200634,12,2026-02-03,100,,2026-05-05 16:26:40.393 +0900,2026-05-05 16:26:40.393 +0900,116802,rice,JACKPOT 102,Transplanting,Mixed,AMMOPHOS
18332,,,201607,2025-12-03,,2026-01-04,,201607,9,2026-01-10,25,,2026-03-19 13:13:50.252 +0900,2026-03-19 13:13:50.252 +0900,69453,rice,NSIC RC 234H (MESTISO 27),Transplanting,Mixed,UREA
18332,,,201607,2025-12-03,,2026-01-04,,201607,9,2026-01-20,25,,2026-03-19 13:13:50.252 +0900,2026-03-19 13:13:50.252 +0900,69456,rice,NSIC RC 234H (MESTISO 27),Transplanting,Mixed,UREA
18332,,,201607,2025-12-03,,2026-01-04,,201607,10,2026-01-10,25,,2026-03-19 13:13:50.252 +0900,2026-03-19 13:13:50.252 +0900,69454,rice,NSIC RC 234H (MESTISO 27),Transplanting,Mixed,TRIPLE
18332,,,201607,2025-12-03,,2026-01-04,,201607,10,2026-01-20,25,,2026-03-19 13:13:50.252 +0900,2026-03-19 13:13:50.252 +0900,69457,rice,NSIC RC 234H (MESTISO 27),Transplanting,Mixed,TRIPLE
18332,,,201607,2025-12-03,,2026-01-04,,201607,11,2026-01-10,25,,2026-03-19 13:13:50.252 +0900,2026-03-19 13:13:50.252 +0900,69455,rice,NSIC RC 234H (MESTISO 27),Transplanting,Mixed,AMMOSUL
18332,,,201607,2025-12-03,,2026-01-04,,201607,11,2026-01-20,25,,2026-03-19 13:13:50.252 +0900,2026-03-19 13:13:50.252 +0900,69458,rice,NSIC RC 234H (MESTISO 27),Transplanting,Mixed,AMMOSUL
28440,,,201631,2025-12-10,,2026-01-05,,201631,9,2026-01-20,25,,2026-05-06 11:15:50.616 +0900,2026-05-06 11:15:50.616 +0900,117084,rice,JACKPOT 102,Transplanting,Mixed,UREA
28440,,,201631,2025-12-10,,2026-01-05,,201631,9,2026-02-09,25,,2026-05-06 11:15:50.616 +0900,2026-05-06 11:15:50.616 +0900,117086,rice,JACKPOT 102,Transplanting,Mixed,UREA
28440,,,201631,2025-12-10,,2026-01-05,,201631,10,2026-01-20,25,,2026-05-06 11:15:50.616 +0900,2026-05-06 11:15:50.616 +0900,117085,rice,JACKPOT 102,Transplanting,Mixed,TRIPLE
28440,,,201631,2025-12-10,,2026-01-05,,201631,10,2026-02-09,25,,2026-05-06 11:15:50.616 +0900,2026-05-06 11:15:50.616 +0900,117087,rice,JACKPOT 102,Transplanting,Mixed,TRIPLE
28528,,,202338,2025-12-26,,2026-01-18,,202338,9,2026-01-28,75,,2026-05-06 15:06:18.735 +0900,2026-05-06 15:06:18.735 +0900,117486,rice,JACKPOT 102,Transplanting,Mixed,UREA
28528,,,202338,2025-12-26,,2026-01-18,,202338,9,2026-02-17,75,,2026-05-06 15:06:18.735 +0900,2026-05-06 15:06:18.735 +0900,117488,rice,JACKPOT 102,Transplanting,Mixed,UREA
28528,,,202338,2025-12-26,,2026-01-18,,202338,10,2026-01-28,100,,2026-05-06 15:06:18.735 +0900,2026-05-06 15:06:18.735 +0900,117487,rice,JACKPOT 102,Transplanting,Mixed,TRIPLE
28528,,,202338,2025-12-26,,2026-01-18,,202338,10,2026-02-17,50,,2026-05-06 15:06:18.735 +0900,2026-05-06 15:06:18.735 +0900,117489,rice,JACKPOT 102,Transplanting,Mixed,TRIPLE
28350,,,201678,2025-12-26,,2026-01-21,,201678,9,2026-01-31,150,,2026-05-05 15:11:20.437 +0900,2026-05-05 15:11:20.437 +0900,116650,rice,NSIC Rc234H (NK 5017),Transplanting,Mixed,UREA
28350,,,201678,2025-12-26,,2026-01-21,,201678,9,2026-02-15,150,,2026-05-05 15:11:20.437 +0900,2026-05-05 15:11:20.437 +0900,116652,rice,NSIC Rc234H (NK 5017),Transplanting,Mixed,UREA
28350,,,201678,2025-12-26,,2026-01-21,,201678,12,2026-01-31,150,,2026-05-05 15:11:20.437 +0900,2026-05-05 15:11:20.437 +0900,116651,rice,NSIC Rc234H (NK 5017),Transplanting,Mixed,AMMOPHOS
28350,,,201678,2025-12-26,,2026-01-21,,201678,12,2026-02-15,150,,2026-05-05 15:11:20.437 +0900,2026-05-05 15:11:20.437 +0900,116653,rice,NSIC Rc234H (NK 5017),Transplanting,Mixed,AMMOPHOS
28350,,,201678,2025-12-26,,2026-01-21,,201678,16,2026-02-15,100,,2026-05-05 15:11:20.437 +0900,2026-05-05 15:11:20.437 +0900,116654,rice,NSIC Rc234H (NK 5017),Transplanting,Mixed,OTHER
28356,,,204390,2025-12-16,,2026-01-09,,204390,9,2026-01-19,100,,2026-05-05 15:55:27.343 +0900,2026-05-05 15:55:27.343 +0900,116681,rice,NSIC RC 132H (MESTISO 6),Transplanting,Mixed,UREA
28356,,,204390,2025-12-16,,2026-01-09,,204390,9,2026-02-05,100,,2026-05-05 15:55:27.343 +0900,2026-05-05 15:55:27.343 +0900,116683,rice,NSIC RC 132H (MESTISO 6),Transplanting,Mixed,UREA
28356,,,204390,2025-12-16,,2026-01-09,,204390,12,2026-01-19,50,,2026-05-05 15:55:27.343 +0900,2026-05-05 15:55:27.343 +0900,116682,rice,NSIC RC 132H (MESTISO 6),Transplanting,Mixed,AMMOPHOS
28356,,,204390,2025-12-16,,2026-01-09,,204390,12,2026-02-05,50,,2026-05-05 15:55:27.343 +0900,2026-05-05 15:55:27.343 +0900,116684,rice,NSIC RC 132H (MESTISO 6),Transplanting,Mixed,AMMOPHOS
28592,,,201684,2025-12-11,,2026-01-02,,201684,9,2026-01-12,100,,2026-05-13 09:53:42.722 +0900,2026-05-13 09:53:42.722 +0900,117758,rice,NSIC RC 664H,Transplanting,Mixed,UREA
28592,,,201684,2025-12-11,,2026-01-02,,201684,9,2026-01-27,100,,2026-05-13 09:53:42.722 +0900,2026-05-13 09:53:42.722 +0900,117761,rice,NSIC RC 664H,Transplanting,Mixed,UREA
28592,,,201684,2025-12-11,,2026-01-02,,201684,10,2026-01-12,50,,2026-05-13 09:53:42.722 +0900,2026-05-13 09:53:42.722 +0900,117759,rice,NSIC RC 664H,Transplanting,Mixed,TRIPLE
28592,,,201684,2025-12-11,,2026-01-02,,201684,12,2026-01-12,50,,2026-05-13 09:53:42.722 +0900,2026-05-13 09:53:42.722 +0900,117760,rice,NSIC RC 664H,Transplanting,Mixed,AMMOPHOS
28592,,,201684,2025-12-11,,2026-01-02,,201684,12,2026-01-27,50,,2026-05-13 09:53:42.722 +0900,2026-05-13 09:53:42.722 +0900,117762,rice,NSIC RC 664H,Transplanting,Mixed,AMMOPHOS
28587,,,201602,2025-12-12,,2026-01-14,,201602,9,2026-01-30,100,,2026-05-13 09:49:10.645 +0900,2026-05-13 09:49:10.645 +0900,117737,rice,NSIC RC 664H,Transplanting,Mixed,UREA
28587,,,201602,2025-12-12,,2026-01-14,,201602,9,2026-02-15,100,,2026-05-13 09:49:10.645 +0900,2026-05-13 09:49:10.645 +0900,117739,rice,NSIC RC 664H,Transplanting,Mixed,UREA
28587,,,201602,2025-12-12,,2026-01-14,,201602,12,2026-01-30,100,,2026-05-13 09:49:10.645 +0900,2026-05-13 09:49:10.645 +0900,117738,rice,NSIC RC 664H,Transplanting,Mixed,AMMOPHOS
28587,,,201602,2025-12-12,,2026-01-14,,201602,12,2026-02-15,100,,2026-05-13 09:49:10.645 +0900,2026-05-13 09:49:10.645 +0900,117740,rice,NSIC RC 664H,Transplanting,Mixed,AMMOPHOS
28389,,,202325,2025-12-18,,2026-01-13,,202325,9,2026-01-23,100,,2026-05-05 16:39:28.786 +0900,2026-05-05 16:39:28.786 +0900,116844,rice,JACKPOT 102,Transplanting,Mixed,UREA
28389,,,202325,2025-12-18,,2026-01-13,,202325,9,2026-02-08,100,,2026-05-05 16:39:28.786 +0900,2026-05-05 16:39:28.786 +0900,116846,rice,JACKPOT 102,Transplanting,Mixed,UREA
28389,,,202325,2025-12-18,,2026-01-13,,202325,12,2026-01-23,100,,2026-05-05 16:39:28.786 +0900,2026-05-05 16:39:28.786 +0900,116845,rice,JACKPOT 102,Transplanting,Mixed,AMMOPHOS
28389,,,202325,2025-12-18,,2026-01-13,,202325,12,2026-02-08,100,,2026-05-05 16:39:28.786 +0900,2026-05-05 16:39:28.786 +0900,116847,rice,JACKPOT 102,Transplanting,Mixed,AMMOPHOS
28389,,,202325,2025-12-18,,2026-01-13,,202325,16,2026-02-08,50,,2026-05-05 16:39:28.786 +0900,2026-05-05 16:39:28.786 +0900,116848,rice,JACKPOT 102,Transplanting,Mixed,OTHER
28357,,,202340,2025-12-21,,2026-01-12,,202340,9,2026-01-22,175,,2026-05-05 15:55:37.017 +0900,2026-05-05 15:55:37.017 +0900,116685,rice,BIGANTE/BIGANTE PLUS,Transplanting,Mixed,UREA
28357,,,202340,2025-12-21,,2026-01-12,,202340,9,2026-02-03,175,,2026-05-05 15:55:37.017 +0900,2026-05-05 15:55:37.017 +0900,116687,rice,BIGANTE/BIGANTE PLUS,Transplanting,Mixed,UREA
28357,,,202340,2025-12-21,,2026-01-12,,202340,12,2026-01-22,150,,2026-05-05 15:55:37.017 +0900,2026-05-05 15:55:37.017 +0900,116686,rice,BIGANTE/BIGANTE PLUS,Transplanting,Mixed,AMMOPHOS
28357,,,202340,2025-12-21,,2026-01-12,,202340,12,2026-02-03,175,,2026-05-05 15:55:37.017 +0900,2026-05-05 15:55:37.017 +0900,116688,rice,BIGANTE/BIGANTE PLUS,Transplanting,Mixed,AMMOPHOS
28396,,,200637,2025-12-17,,2026-01-18,,200637,9,2026-02-01,100,,2026-05-05 16:48:38.007 +0900,2026-05-05 16:48:38.007 +0900,116876,rice,NSIC Rc234H (NK 5017),Transplanting,Mixed,UREA
28396,,,200637,2025-12-17,,2026-01-18,,200637,9,2026-02-15,100,,2026-05-05 16:48:38.007 +0900,2026-05-05 16:48:38.007 +0900,116878,rice,NSIC Rc234H (NK 5017),Transplanting,Mixed,UREA
28396,,,200637,2025-12-17,,2026-01-18,,200637,12,2026-02-01,50,,2026-05-05 16:48:38.007 +0900,2026-05-05 16:48:38.007 +0900,116877,rice,NSIC Rc234H (NK 5017),Transplanting,Mixed,AMMOPHOS
28396,,,200637,2025-12-17,,2026-01-18,,200637,12,2026-02-15,50,,2026-05-05 16:48:38.007 +0900,2026-05-05 16:48:38.007 +0900,116879,rice,NSIC Rc234H (NK 5017),Transplanting,Mixed,AMMOPHOS
28396,,,200637,2025-12-17,,2026-01-18,,200637,13,,,,2026-05-05 16:48:38.007 +0900,2026-05-05 16:48:38.007 +0900,116880,rice,NSIC Rc234H (NK 5017),Transplanting,Mixed,COMMERCIAL
28252,,,202449,2025-12-28,,2026-01-26,,202449,9,2026-02-20,75,,2026-05-05 10:24:06.622 +0900,2026-05-05 10:24:06.622 +0900,116110,rice,NSIC Rc234H (NK 5017),Transplanting,Mixed,UREA
28252,,,202449,2025-12-28,,2026-01-26,,202449,9,2026-05-02,75,,2026-05-05 10:24:06.622 +0900,2026-05-05 10:24:06.622 +0900,116108,rice,NSIC Rc234H (NK 5017),Transplanting,Mixed,UREA
28252,,,202449,2025-12-28,,2026-01-26,,202449,12,2026-02-20,50,,2026-05-05 10:24:06.622 +0900,2026-05-05 10:24:06.622 +0900,116111,rice,NSIC Rc234H (NK 5017),Transplanting,Mixed,AMMOPHOS
28252,,,202449,2025-12-28,,2026-01-26,,202449,12,2026-05-02,75,,2026-05-05 10:24:06.622 +0900,2026-05-05 10:24:06.622 +0900,116109,rice,NSIC Rc234H (NK 5017),Transplanting,Mixed,AMMOPHOS
28295,,,204465,2025-11-28,,2026-01-10,,204465,9,2026-01-25,50,,2026-05-05 12:13:24.319 +0900,2026-05-05 12:13:24.319 +0900,116338,rice,JACKPOT 102,Transplanting,Mixed,UREA
28295,,,204465,2025-11-28,,2026-01-10,,204465,9,2026-02-08,50,,2026-05-05 12:13:24.319 +0900,2026-05-05 12:13:24.319 +0900,116340,rice,JACKPOT 102,Transplanting,Mixed,UREA
28295,,,204465,2025-11-28,,2026-01-10,,204465,10,2026-02-08,50,,2026-05-05 12:13:24.319 +0900,2026-05-05 12:13:24.319 +0900,116341,rice,JACKPOT 102,Transplanting,Mixed,TRIPLE
28295,,,204465,2025-11-28,,2026-01-10,,204465,12,2026-01-25,100,,2026-05-05 12:13:24.319 +0900,2026-05-05 12:13:24.319 +0900,116339,rice,JACKPOT 102,Transplanting,Mixed,AMMOPHOS
28295,,,204465,2025-11-28,,2026-01-10,,204465,12,2026-02-23,50,,2026-05-05 12:13:24.319 +0900,2026-05-05 12:13:24.319 +0900,116342,rice,JACKPOT 102,Transplanting,Mixed,AMMOPHOS
28295,,,204465,2025-11-28,,2026-01-10,,204465,16,2026-02-23,50,,2026-05-05 12:13:24.319 +0900,2026-05-05 12:13:24.319 +0900,116343,rice,JACKPOT 102,Transplanting,Mixed,OTHER
28404,,,204468,2025-12-27,,2026-01-21,,204468,9,2026-01-31,100,,2026-05-06 09:34:09.644 +0900,2026-05-06 09:34:09.644 +0900,116913,rice,BIGANTE/BIGANTE PLUS,Transplanting,Mixed,UREA
28404,,,204468,2025-12-27,,2026-01-21,,204468,9,2026-02-10,100,,2026-05-06 09:34:09.644 +0900,2026-05-06 09:34:09.644 +0900,116915,rice,BIGANTE/BIGANTE PLUS,Transplanting,Mixed,UREA
28404,,,204468,2025-12-27,,2026-01-21,,204468,12,2026-01-31,100,,2026-05-06 09:34:09.644 +0900,2026-05-06 09:34:09.644 +0900,116914,rice,BIGANTE/BIGANTE PLUS,Transplanting,Mixed,AMMOPHOS
28404,,,204468,2025-12-27,,2026-01-21,,204468,12,2026-02-10,100,,2026-05-06 09:34:09.644 +0900,2026-05-06 09:34:09.644 +0900,116916,rice,BIGANTE/BIGANTE PLUS,Transplanting,Mixed,AMMOPHOS
17677,,,202416,2025-12-20,,2026-01-05,,202416,9,2026-01-25,25,,2026-03-10 15:45:36.884 +0900,2026-03-10 15:45:36.884 +0900,66146,rice,NSIC RC 314H (Mestiso 46),Direct Seeding,Mixed,UREA
17677,,,202416,2025-12-20,,2026-01-05,,202416,9,2026-02-10,25,,2026-03-10 15:45:36.884 +0900,2026-03-10 15:45:36.884 +0900,66148,rice,NSIC RC 314H (Mestiso 46),Direct Seeding,Mixed,UREA
17677,,,202416,2025-12-20,,2026-01-05,,202416,10,2026-01-25,25,,2026-03-10 15:45:36.884 +0900,2026-03-10 15:45:36.884 +0900,66147,rice,NSIC RC 314H (Mestiso 46),Direct Seeding,Mixed,TRIPLE
17677,,,202416,2025-12-20,,2026-01-05,,202416,10,2026-02-10,25,,2026-03-10 15:45:36.884 +0900,2026-03-10 15:45:36.884 +0900,66149,rice,NSIC RC 314H (Mestiso 46),Direct Seeding,Mixed,TRIPLE
17677,,,202416,2025-12-20,,2026-01-05,,202416,13,,,,2026-03-10 15:45:36.884 +0900,2026-03-10 15:45:36.884 +0900,66150,rice,NSIC RC 314H (Mestiso 46),Direct Seeding,Mixed,COMMERCIAL
17657,,,202460,2025-12-20,,2026-01-07,,202460,9,2026-01-21,50,,2026-03-10 13:03:58.999 +0900,2026-03-10 13:03:58.999 +0900,66058,rice,NSIC RC 222 (Tubigan 18),Transplanting,Mixed,UREA
17657,,,202460,2025-12-20,,2026-01-07,,202460,9,2026-02-24,50,,2026-03-10 13:03:58.999 +0900,2026-03-10 13:03:58.999 +0900,66060,rice,NSIC RC 222 (Tubigan 18),Transplanting,Mixed,UREA
17657,,,202460,2025-12-20,,2026-01-07,,202460,12,2026-01-21,50,,2026-03-10 13:03:58.999 +0900,2026-03-10 13:03:58.999 +0900,66059,rice,NSIC RC 222 (Tubigan 18),Transplanting,Mixed,AMMOPHOS
17657,,,202460,2025-12-20,,2026-01-07,,202460,12,2026-02-24,50,,2026-03-10 13:03:58.999 +0900,2026-03-10 13:03:58.999 +0900,66061,rice,NSIC RC 222 (Tubigan 18),Transplanting,Mixed,AMMOPHOS
17657,,,202460,2025-12-20,,2026-01-07,,202460,13,,,,2026-03-10 13:03:58.999 +0900,2026-03-10 13:03:58.999 +0900,66062,rice,NSIC RC 222 (Tubigan 18),Transplanting,Mixed,COMMERCIAL
17664,,,204455,2026-01-19,,2026-01-22,,204455,9,2026-02-05,200,,2026-03-10 14:08:05.411 +0900,2026-03-10 14:08:05.411 +0900,66088,rice,NSIC RC 132H (MESTISO 6),Transplanting,Mixed,UREA
17664,,,204455,2026-01-19,,2026-01-22,,204455,9,2026-02-22,100,,2026-03-10 14:08:05.411 +0900,2026-03-10 14:08:05.411 +0900,66090,rice,NSIC RC 132H (MESTISO 6),Transplanting,Mixed,UREA
17664,,,204455,2026-01-19,,2026-01-22,,204455,11,2026-02-22,100,,2026-03-10 14:08:05.411 +0900,2026-03-10 14:08:05.411 +0900,66092,rice,NSIC RC 132H (MESTISO 6),Transplanting,Mixed,AMMOSUL
17664,,,204455,2026-01-19,,2026-01-22,,204455,12,2026-02-05,100,,2026-03-10 14:08:05.411 +0900,2026-03-10 14:08:05.411 +0900,66089,rice,NSIC RC 132H (MESTISO 6),Transplanting,Mixed,AMMOPHOS
17664,,,204455,2026-01-19,,2026-01-22,,204455,12,2026-02-22,100,,2026-03-10 14:08:05.411 +0900,2026-03-10 14:08:05.411 +0900,66091,rice,NSIC RC 132H (MESTISO 6),Transplanting,Mixed,AMMOPHOS
17664,,,204455,2026-01-19,,2026-01-22,,204455,15,,,,2026-03-10 14:08:05.411 +0900,2026-03-10 14:08:05.411 +0900,66093,rice,NSIC RC 132H (MESTISO 6),Transplanting,Mixed,COMPOST
28298,,,204443,2025-12-05,,2026-01-10,,204443,9,2026-01-21,50,,2026-05-05 12:21:13.733 +0900,2026-05-05 12:21:13.733 +0900,116358,rice,BIGANTE/BIGANTE PLUS,Transplanting,Mixed,UREA
28298,,,204443,2025-12-05,,2026-01-10,,204443,9,2026-02-08,50,,2026-05-05 12:21:13.733 +0900,2026-05-05 12:21:13.733 +0900,116360,rice,BIGANTE/BIGANTE PLUS,Transplanting,Mixed,UREA
28298,,,204443,2025-12-05,,2026-01-10,,204443,12,2026-01-21,25,,2026-05-05 12:21:13.733 +0900,2026-05-05 12:21:13.733 +0900,116359,rice,BIGANTE/BIGANTE PLUS,Transplanting,Mixed,AMMOPHOS
28298,,,204443,2025-12-05,,2026-01-10,,204443,12,2026-02-08,25,,2026-05-05 12:21:13.733 +0900,2026-05-05 12:21:13.733 +0900,116361,rice,BIGANTE/BIGANTE PLUS,Transplanting,Mixed,AMMOPHOS
28265,,,200735,2025-12-05,,2026-01-04,,200735,9,2026-01-14,150,,2026-05-05 10:53:24.532 +0900,2026-05-05 10:53:24.532 +0900,116178,rice,BIGANTE/BIGANTE PLUS,Transplanting,Mixed,UREA
28265,,,200735,2025-12-05,,2026-01-04,,200735,9,2026-01-28,150,,2026-05-05 10:53:24.532 +0900,2026-05-05 10:53:24.532 +0900,116181,rice,BIGANTE/BIGANTE PLUS,Transplanting,Mixed,UREA
28265,,,200735,2025-12-05,,2026-01-04,,200735,9,2026-02-08,50,,2026-05-05 10:53:24.532 +0900,2026-05-05 10:53:24.532 +0900,116183,rice,BIGANTE/BIGANTE PLUS,Transplanting,Mixed,UREA
28265,,,200735,2025-12-05,,2026-01-04,,200735,10,2026-01-14,100,,2026-05-05 10:53:24.532 +0900,2026-05-05 10:53:24.532 +0900,116180,rice,BIGANTE/BIGANTE PLUS,Transplanting,Mixed,TRIPLE
28265,,,200735,2025-12-05,,2026-01-04,,200735,12,2026-01-14,100,,2026-05-05 10:53:24.532 +0900,2026-05-05 10:53:24.532 +0900,116179,rice,BIGANTE/BIGANTE PLUS,Transplanting,Mixed,AMMOPHOS
28265,,,200735,2025-12-05,,2026-01-04,,200735,12,2026-01-28,100,,2026-05-05 10:53:24.532 +0900,2026-05-05 10:53:24.532 +0900,116182,rice,BIGANTE/BIGANTE PLUS,Transplanting,Mixed,AMMOPHOS
28265,,,200735,2025-12-05,,2026-01-04,,200735,16,2026-02-08,100,,2026-05-05 10:53:24.532 +0900,2026-05-05 10:53:24.532 +0900,116184,rice,BIGANTE/BIGANTE PLUS,Transplanting,Mixed,OTHER
28267,,,206170,2025-12-11,,2026-01-06,,206170,9,2026-01-16,100,,2026-05-05 10:58:13.816 +0900,2026-05-05 10:58:13.816 +0900,116190,rice,JACKPOT 102,Transplanting,Mixed,UREA
28267,,,206170,2025-12-11,,2026-01-06,,206170,9,2026-02-03,100,,2026-05-05 10:58:13.816 +0900,2026-05-05 10:58:13.816 +0900,116193,rice,JACKPOT 102,Transplanting,Mixed,UREA
28267,,,206170,2025-12-11,,2026-01-06,,206170,10,2026-01-16,50,,2026-05-05 10:58:13.816 +0900,2026-05-05 10:58:13.816 +0900,116191,rice,JACKPOT 102,Transplanting,Mixed,TRIPLE
28267,,,206170,2025-12-11,,2026-01-06,,206170,12,2026-01-16,50,,2026-05-05 10:58:13.816 +0900,2026-05-05 10:58:13.816 +0900,116192,rice,JACKPOT 102,Transplanting,Mixed,AMMOPHOS
28267,,,206170,2025-12-11,,2026-01-06,,206170,12,2026-02-03,50,,2026-05-05 10:58:13.816 +0900,2026-05-05 10:58:13.816 +0900,116194,rice,JACKPOT 102,Transplanting,Mixed,AMMOPHOS
28277,,,202220,2025-12-04,,2026-01-05,,202220,9,2026-01-15,100,,2026-05-05 11:27:53.639 +0900,2026-05-05 11:27:53.639 +0900,116243,rice,NSIC Rc234H (NK 5017),Transplanting,Mixed,UREA
28277,,,202220,2025-12-04,,2026-01-05,,202220,9,2026-02-05,50,,2026-05-05 11:27:53.639 +0900,2026-05-05 11:27:53.639 +0900,116246,rice,NSIC Rc234H (NK 5017),Transplanting,Mixed,UREA
28277,,,202220,2025-12-04,,2026-01-05,,202220,10,2026-01-15,50,,2026-05-05 11:27:53.639 +0900,2026-05-05 11:27:53.639 +0900,116244,rice,NSIC Rc234H (NK 5017),Transplanting,Mixed,TRIPLE
28277,,,202220,2025-12-04,,2026-01-05,,202220,12,2026-01-15,50,,2026-05-05 11:27:53.639 +0900,2026-05-05 11:27:53.639 +0900,116245,rice,NSIC Rc234H (NK 5017),Transplanting,Mixed,AMMOPHOS
28277,,,202220,2025-12-04,,2026-01-05,,202220,12,2026-02-05,50,,2026-05-05 11:27:53.639 +0900,2026-05-05 11:27:53.639 +0900,116247,rice,NSIC Rc234H (NK 5017),Transplanting,Mixed,AMMOPHOS
28615,,,202896,2025-12-15,,2026-01-19,,202896,9,2026-02-18,50,,2026-05-13 10:21:25.238 +0900,2026-05-13 10:21:25.238 +0900,117870,rice,NSIC RC 664H,Transplanting,Mixed,UREA
28615,,,202896,2025-12-15,,2026-01-19,,202896,10,2026-01-29,50,,2026-05-13 10:21:25.238 +0900,2026-05-13 10:21:25.238 +0900,117869,rice,NSIC RC 664H,Transplanting,Mixed,TRIPLE
28615,,,202896,2025-12-15,,2026-01-19,,202896,12,2026-02-18,50,,2026-05-13 10:21:25.238 +0900,2026-05-13 10:21:25.238 +0900,117871,rice,NSIC RC 664H,Transplanting,Mixed,AMMOPHOS
28322,,,204405,2025-12-30,,2026-01-21,,204405,9,2026-01-31,50,,2026-05-05 13:06:01.014 +0900,2026-05-05 13:06:01.014 +0900,116502,rice,NSIC Rc234H (NK 5017),Transplanting,Mixed,UREA
28322,,,204405,2025-12-30,,2026-01-21,,204405,9,2026-02-20,50,,2026-05-05 13:06:01.014 +0900,2026-05-05 13:06:01.014 +0900,116504,rice,NSIC Rc234H (NK 5017),Transplanting,Mixed,UREA
28322,,,204405,2025-12-30,,2026-01-21,,204405,10,2026-01-31,50,,2026-05-05 13:06:01.014 +0900,2026-05-05 13:06:01.014 +0900,116503,rice,NSIC Rc234H (NK 5017),Transplanting,Mixed,TRIPLE
28322,,,204405,2025-12-30,,2026-01-21,,204405,10,2026-02-20,50,,2026-05-05 13:06:01.014 +0900,2026-05-05 13:06:01.014 +0900,116505,rice,NSIC Rc234H (NK 5017),Transplanting,Mixed,TRIPLE
28481,,,204428,2025-12-28,,2026-01-20,,204428,9,2026-01-31,100,,2026-05-06 12:23:01.614 +0900,2026-05-06 12:23:01.614 +0900,117282,rice,NSIC Rc456H (LP 937),Transplanting,Mixed,UREA
28481,,,204428,2025-12-28,,2026-01-20,,204428,9,2026-02-20,100,,2026-05-06 12:23:01.614 +0900,2026-05-06 12:23:01.614 +0900,117284,rice,NSIC Rc456H (LP 937),Transplanting,Mixed,UREA
28481,,,204428,2025-12-28,,2026-01-20,,204428,10,2026-01-31,100,,2026-05-06 12:23:01.614 +0900,2026-05-06 12:23:01.614 +0900,117283,rice,NSIC Rc456H (LP 937),Transplanting,Mixed,TRIPLE
28481,,,204428,2025-12-28,,2026-01-20,,204428,10,2026-02-20,100,,2026-05-06 12:23:01.614 +0900,2026-05-06 12:23:01.614 +0900,117285,rice,NSIC Rc456H (LP 937),Transplanting,Mixed,TRIPLE
28306,,,201595,2025-12-13,,2026-01-07,,201595,9,2026-01-17,50,,2026-05-05 12:31:29.461 +0900,2026-05-05 12:31:29.461 +0900,116399,rice,BIGANTE/BIGANTE PLUS,Transplanting,Mixed,UREA
28306,,,201595,2025-12-13,,2026-01-07,,201595,9,2026-02-04,50,,2026-05-05 12:31:29.461 +0900,2026-05-05 12:31:29.461 +0900,116401,rice,BIGANTE/BIGANTE PLUS,Transplanting,Mixed,UREA
28306,,,201595,2025-12-13,,2026-01-07,,201595,10,2026-01-17,50,,2026-05-05 12:31:29.461 +0900,2026-05-05 12:31:29.461 +0900,116400,rice,BIGANTE/BIGANTE PLUS,Transplanting,Mixed,TRIPLE
28306,,,201595,2025-12-13,,2026-01-07,,201595,12,2026-02-04,50,,2026-05-05 12:31:29.461 +0900,2026-05-05 12:31:29.461 +0900,116402,rice,BIGANTE/BIGANTE PLUS,Transplanting,Mixed,AMMOPHOS
28302,,,200638,2025-12-03,,2025-12-26,,200638,9,2026-01-11,50,,2026-05-05 12:25:22.854 +0900,2026-05-05 12:25:22.854 +0900,116378,rice,BIGANTE/BIGANTE PLUS,Transplanting,Mixed,UREA
28302,,,200638,2025-12-03,,2025-12-26,,200638,9,2026-01-26,50,,2026-05-05 12:25:22.854 +0900,2026-05-05 12:25:22.854 +0900,116380,rice,BIGANTE/BIGANTE PLUS,Transplanting,Mixed,UREA
28302,,,200638,2025-12-03,,2025-12-26,,200638,12,2026-01-11,50,,2026-05-05 12:25:22.854 +0900,2026-05-05 12:25:22.854 +0900,116379,rice,BIGANTE/BIGANTE PLUS,Transplanting,Mixed,AMMOPHOS
28302,,,200638,2025-12-03,,2025-12-26,,200638,12,2026-01-26,50,,2026-05-05 12:25:22.854 +0900,2026-05-05 12:25:22.854 +0900,116381,rice,BIGANTE/BIGANTE PLUS,Transplanting,Mixed,AMMOPHOS
17716,,,200740,2025-12-28,,2026-01-27,,200740,11,2026-02-27,100,,2026-03-13 16:25:58.033 +0900,2026-03-13 16:25:58.033 +0900,66433,rice,NSIC Rc234H (NK 5017),Transplanting,Mixed,AMMOSUL
17716,,,200740,2025-12-28,,2026-01-27,,200740,12,2026-02-07,150,,2026-03-13 16:25:58.033 +0900,2026-03-13 16:25:58.033 +0900,66431,rice,NSIC Rc234H (NK 5017),Transplanting,Mixed,AMMOPHOS
17716,,,200740,2025-12-28,,2026-01-27,,200740,12,2026-02-17,150,,2026-03-13 16:25:58.033 +0900,2026-03-13 16:25:58.033 +0900,66432,rice,NSIC Rc234H (NK 5017),Transplanting,Mixed,AMMOPHOS
28365,,,200747,2025-12-19,,2026-01-03,,200747,9,2026-01-10,150,,2026-05-05 16:07:10.656 +0900,2026-05-05 16:07:10.656 +0900,116726,rice,BIGANTE/BIGANTE PLUS,Transplanting,Mixed,UREA
28365,,,200747,2025-12-19,,2026-01-03,,200747,9,2026-01-22,150,,2026-05-05 16:07:10.656 +0900,2026-05-05 16:07:10.656 +0900,116729,rice,BIGANTE/BIGANTE PLUS,Transplanting,Mixed,UREA
28365,,,200747,2025-12-19,,2026-01-03,,200747,9,2026-02-07,100,,2026-05-05 16:07:10.656 +0900,2026-05-05 16:07:10.656 +0900,116731,rice,BIGANTE/BIGANTE PLUS,Transplanting,Mixed,UREA
28365,,,200747,2025-12-19,,2026-01-03,,200747,10,2026-01-10,100,,2026-05-05 16:07:10.656 +0900,2026-05-05 16:07:10.656 +0900,116727,rice,BIGANTE/BIGANTE PLUS,Transplanting,Mixed,TRIPLE
28365,,,200747,2025-12-19,,2026-01-03,,200747,12,2026-01-10,100,,2026-05-05 16:07:10.656 +0900,2026-05-05 16:07:10.656 +0900,116728,rice,BIGANTE/BIGANTE PLUS,Transplanting,Mixed,AMMOPHOS
28365,,,200747,2025-12-19,,2026-01-03,,200747,12,2026-01-22,100,,2026-05-05 16:07:10.656 +0900,2026-05-05 16:07:10.656 +0900,116730,rice,BIGANTE/BIGANTE PLUS,Transplanting,Mixed,AMMOPHOS
28365,,,200747,2025-12-19,,2026-01-03,,200747,16,2026-02-07,100,,2026-05-05 16:07:10.656 +0900,2026-05-05 16:07:10.656 +0900,116732,rice,BIGANTE/BIGANTE PLUS,Transplanting,Mixed,OTHER
17658,,,200764,2025-12-08,,2026-01-30,,200764,12,2026-02-10,150,,2026-03-10 13:44:04.520 +0900,2026-03-10 13:44:04.520 +0900,66063,rice,NSIC RC 128 (MABANGO 1),Transplanting,Mixed,AMMOPHOS
17658,,,200764,2025-12-08,,2026-01-30,,200764,12,2026-03-02,150,,2026-03-10 13:44:04.520 +0900,2026-03-10 13:44:04.520 +0900,66064,rice,NSIC RC 128 (MABANGO 1),Transplanting,Mixed,AMMOPHOS
17678,,,200765,2025-12-08,,2026-01-30,,200765,9,2026-03-02,100,,2026-03-10 15:48:50.681 +0900,2026-03-10 15:48:50.681 +0900,66152,rice,NSIC RC 314H (Mestiso 46),Transplanting,Mixed,UREA
17678,,,200765,2025-12-08,,2026-01-30,,200765,10,2026-02-10,300,,2026-03-10 15:48:50.681 +0900,2026-03-10 15:48:50.681 +0900,66151,rice,NSIC RC 314H (Mestiso 46),Transplanting,Mixed,TRIPLE
17678,,,200765,2025-12-08,,2026-01-30,,200765,10,2026-03-02,200,,2026-03-10 15:48:50.681 +0900,2026-03-10 15:48:50.681 +0900,66153,rice,NSIC RC 314H (Mestiso 46),Transplanting,Mixed,TRIPLE
28544,,,200768,2025-12-28,,2026-01-22,,200768,9,2026-02-01,100,,2026-05-06 15:30:38.431 +0900,2026-05-06 15:30:38.431 +0900,117556,rice,BIGANTE/BIGANTE PLUS,Transplanting,Mixed,UREA
28544,,,200768,2025-12-28,,2026-01-22,,200768,9,2026-02-22,100,,2026-05-06 15:30:38.431 +0900,2026-05-06 15:30:38.431 +0900,117558,rice,BIGANTE/BIGANTE PLUS,Transplanting,Mixed,UREA
28544,,,200768,2025-12-28,,2026-01-22,,200768,10,2026-02-01,100,,2026-05-06 15:30:38.431 +0900,2026-05-06 15:30:38.431 +0900,117557,rice,BIGANTE/BIGANTE PLUS,Transplanting,Mixed,TRIPLE
28544,,,200768,2025-12-28,,2026-01-22,,200768,10,2026-02-22,100,,2026-05-06 15:30:38.431 +0900,2026-05-06 15:30:38.431 +0900,117559,rice,BIGANTE/BIGANTE PLUS,Transplanting,Mixed,TRIPLE
28260,,,200770,2025-12-22,,2026-01-27,,200770,9,2026-02-06,100,,2026-05-05 10:36:12.585 +0900,2026-05-05 10:36:12.585 +0900,116153,rice,BIGANTE/BIGANTE PLUS,Transplanting,Mixed,UREA
28260,,,200770,2025-12-22,,2026-01-27,,200770,9,2026-02-21,100,,2026-05-05 10:36:12.585 +0900,2026-05-05 10:36:12.585 +0900,116156,rice,BIGANTE/BIGANTE PLUS,Transplanting,Mixed,UREA
28260,,,200770,2025-12-22,,2026-01-27,,200770,10,2026-02-06,50,,2026-05-05 10:36:12.585 +0900,2026-05-05 10:36:12.585 +0900,116154,rice,BIGANTE/BIGANTE PLUS,Transplanting,Mixed,TRIPLE
28260,,,200770,2025-12-22,,2026-01-27,,200770,12,2026-02-06,50,,2026-05-05 10:36:12.585 +0900,2026-05-05 10:36:12.585 +0900,116155,rice,BIGANTE/BIGANTE PLUS,Transplanting,Mixed,AMMOPHOS
28260,,,200770,2025-12-22,,2026-01-27,,200770,12,2026-02-21,50,,2026-05-05 10:36:12.585 +0900,2026-05-05 10:36:12.585 +0900,116157,rice,BIGANTE/BIGANTE PLUS,Transplanting,Mixed,AMMOPHOS
28600,,,201593,2025-12-17,,2026-01-16,,201593,9,2026-01-31,25,,2026-05-13 10:04:18.875 +0900,2026-05-13 10:04:18.875 +0900,117798,rice,NSIC RC 664H,Transplanting,Mixed,UREA
28600,,,201593,2025-12-17,,2026-01-16,,201593,9,2026-02-15,25,,2026-05-13 10:04:18.875 +0900,2026-05-13 10:04:18.875 +0900,117800,rice,NSIC RC 664H,Transplanting,Mixed,UREA
28600,,,201593,2025-12-17,,2026-01-16,,201593,12,2026-01-31,25,,2026-05-13 10:04:18.875 +0900,2026-05-13 10:04:18.875 +0900,117799,rice,NSIC RC 664H,Transplanting,Mixed,AMMOPHOS
28600,,,201593,2025-12-17,,2026-01-16,,201593,12,2026-02-15,25,,2026-05-13 10:04:18.875 +0900,2026-05-13 10:04:18.875 +0900,117801,rice,NSIC RC 664H,Transplanting,Mixed,AMMOPHOS
28600,,,201593,2025-12-17,,2026-01-16,,201593,13,,,,2026-05-13 10:04:18.875 +0900,2026-05-13 10:04:18.875 +0900,117802,rice,NSIC RC 664H,Transplanting,Mixed,COMMERCIAL
28310,,,201596,2025-12-13,,2026-01-07,,201596,9,2026-01-17,50,,2026-05-05 12:37:59.154 +0900,2026-05-05 12:37:59.154 +0900,116423,rice,BIGANTE/BIGANTE PLUS,Transplanting,Mixed,UREA
28310,,,201596,2025-12-13,,2026-01-07,,201596,9,2026-02-04,50,,2026-05-05 12:37:59.154 +0900,2026-05-05 12:37:59.154 +0900,116425,rice,BIGANTE/BIGANTE PLUS,Transplanting,Mixed,UREA
28310,,,201596,2025-12-13,,2026-01-07,,201596,10,2026-01-17,50,,2026-05-05 12:37:59.154 +0900,2026-05-05 12:37:59.154 +0900,116424,rice,BIGANTE/BIGANTE PLUS,Transplanting,Mixed,TRIPLE
28310,,,201596,2025-12-13,,2026-01-07,,201596,12,2026-02-04,50,,2026-05-05 12:37:59.154 +0900,2026-05-05 12:37:59.154 +0900,116426,rice,BIGANTE/BIGANTE PLUS,Transplanting,Mixed,AMMOPHOS
18289,,,201597,2025-12-15,,2026-01-30,,201597,9,2026-02-09,25,,2026-03-19 11:56:06.483 +0900,2026-03-19 11:56:06.483 +0900,69246,rice,NSIC Rc456H (LP 937),Transplanting,Mixed,UREA
18289,,,201597,2025-12-15,,2026-01-30,,201597,9,2026-03-08,25,,2026-03-19 11:56:06.483 +0900,2026-03-19 11:56:06.483 +0900,69248,rice,NSIC Rc456H (LP 937),Transplanting,Mixed,UREA
18289,,,201597,2025-12-15,,2026-01-30,,201597,12,2026-02-09,50,,2026-03-19 11:56:06.483 +0900,2026-03-19 11:56:06.483 +0900,69247,rice,NSIC Rc456H (LP 937),Transplanting,Mixed,AMMOPHOS
18289,,,201597,2025-12-15,,2026-01-30,,201597,12,2026-03-08,50,,2026-03-19 11:56:06.483 +0900,2026-03-19 11:56:06.483 +0900,69249,rice,NSIC Rc456H (LP 937),Transplanting,Mixed,AMMOPHOS
18289,,,201597,2025-12-15,,2026-01-30,,201597,13,,,,2026-03-19 11:56:06.483 +0900,2026-03-19 11:56:06.483 +0900,69250,rice,NSIC Rc456H (LP 937),Transplanting,Mixed,COMMERCIAL
17713,,,201610,2025-12-28,,2026-01-18,,201610,9,2026-02-02,10,,2026-03-13 16:13:08.294 +0900,2026-03-13 16:13:08.294 +0900,66415,rice,NSIC RC 128 (MABANGO 1),Transplanting,Mixed,UREA
17713,,,201610,2025-12-28,,2026-01-18,,201610,9,2026-02-18,10,,2026-03-13 16:13:08.294 +0900,2026-03-13 16:13:08.294 +0900,66416,rice,NSIC RC 128 (MABANGO 1),Transplanting,Mixed,UREA
17713,,,201610,2025-12-28,,2026-01-18,,201610,10,2026-02-18,10,,2026-03-13 16:13:08.294 +0900,2026-03-13 16:13:08.294 +0900,66417,rice,NSIC RC 128 (MABANGO 1),Transplanting,Mixed,TRIPLE
17713,,,201610,2025-12-28,,2026-01-18,,201610,12,2026-02-18,10,,2026-03-13 16:13:08.294 +0900,2026-03-13 16:13:08.294 +0900,66418,rice,NSIC RC 128 (MABANGO 1),Transplanting,Mixed,AMMOPHOS
18333,,,201598,2025-12-15,,2026-01-13,,201598,9,2026-01-23,25,,2026-03-19 13:18:42.543 +0900,2026-03-19 13:18:42.543 +0900,69459,rice,NSIC RC 234H (MESTISO 27),Transplanting,Mixed,UREA
18333,,,201598,2025-12-15,,2026-01-13,,201598,9,2026-02-20,2,,2026-03-19 13:18:42.543 +0900,2026-03-19 13:18:42.543 +0900,69461,rice,NSIC RC 234H (MESTISO 27),Transplanting,Mixed,UREA
18333,,,201598,2025-12-15,,2026-01-13,,201598,12,2026-01-23,50,,2026-03-19 13:18:42.543 +0900,2026-03-19 13:18:42.543 +0900,69460,rice,NSIC RC 234H (MESTISO 27),Transplanting,Mixed,AMMOPHOS
18333,,,201598,2025-12-15,,2026-01-13,,201598,12,2026-02-20,50,,2026-03-19 13:18:42.543 +0900,2026-03-19 13:18:42.543 +0900,69462,rice,NSIC RC 234H (MESTISO 27),Transplanting,Mixed,AMMOPHOS
18333,,,201598,2025-12-15,,2026-01-13,,201598,13,,,,2026-03-19 13:18:42.543 +0900,2026-03-19 13:18:42.543 +0900,69463,rice,NSIC RC 234H (MESTISO 27),Transplanting,Mixed,COMMERCIAL
28321,,,201601,2025-12-12,,2026-01-07,,201601,9,2026-01-17,100,,2026-05-05 13:04:53.694 +0900,2026-05-05 13:04:53.694 +0900,116497,rice,BIGANTE/BIGANTE PLUS,Transplanting,Mixed,UREA
28321,,,201601,2025-12-12,,2026-01-07,,201601,9,2026-02-01,100,,2026-05-05 13:04:53.694 +0900,2026-05-05 13:04:53.694 +0900,116500,rice,BIGANTE/BIGANTE PLUS,Transplanting,Mixed,UREA
28321,,,201601,2025-12-12,,2026-01-07,,201601,10,2026-01-17,50,,2026-05-05 13:04:53.694 +0900,2026-05-05 13:04:53.694 +0900,116498,rice,BIGANTE/BIGANTE PLUS,Transplanting,Mixed,TRIPLE
28321,,,201601,2025-12-12,,2026-01-07,,201601,12,2026-01-17,50,,2026-05-05 13:04:53.694 +0900,2026-05-05 13:04:53.694 +0900,116499,rice,BIGANTE/BIGANTE PLUS,Transplanting,Mixed,AMMOPHOS
28321,,,201601,2025-12-12,,2026-01-07,,201601,12,2026-02-01,50,,2026-05-05 13:04:53.694 +0900,2026-05-05 13:04:53.694 +0900,116501,rice,BIGANTE/BIGANTE PLUS,Transplanting,Mixed,AMMOPHOS
28608,,,201613,2025-12-10,,2026-01-02,,201613,9,2026-01-17,25,,2026-05-13 10:12:31.506 +0900,2026-05-13 10:12:31.506 +0900,117835,rice,NSIC RC 664H,Transplanting,Mixed,UREA
28608,,,201613,2025-12-10,,2026-01-02,,201613,9,2026-02-01,25,,2026-05-13 10:12:31.506 +0900,2026-05-13 10:12:31.506 +0900,117838,rice,NSIC RC 664H,Transplanting,Mixed,UREA
28608,,,201613,2025-12-10,,2026-01-02,,201613,10,2026-01-17,25,,2026-05-13 10:12:31.506 +0900,2026-05-13 10:12:31.506 +0900,117836,rice,NSIC RC 664H,Transplanting,Mixed,TRIPLE
28608,,,201613,2025-12-10,,2026-01-02,,201613,12,2026-01-17,25,,2026-05-13 10:12:31.506 +0900,2026-05-13 10:12:31.506 +0900,117837,rice,NSIC RC 664H,Transplanting,Mixed,AMMOPHOS
28608,,,201613,2025-12-10,,2026-01-02,,201613,12,2026-02-01,25,,2026-05-13 10:12:31.506 +0900,2026-05-13 10:12:31.506 +0900,117839,rice,NSIC RC 664H,Transplanting,Mixed,AMMOPHOS
28608,,,201613,2025-12-10,,2026-01-02,,201613,16,2026-02-16,25,,2026-05-13 10:12:31.506 +0900,2026-05-13 10:12:31.506 +0900,117840,rice,NSIC RC 664H,Transplanting,Mixed,OTHER
28360,,,201617,2025-12-28,,2026-01-13,,201617,9,2026-01-20,100,,2026-05-05 15:59:04.705 +0900,2026-05-05 15:59:04.705 +0900,116698,rice,NSIC Rc234H (NK 5017),Transplanting,Mixed,UREA
28360,,,201617,2025-12-28,,2026-01-13,,201617,9,2026-01-30,100,,2026-05-05 15:59:04.705 +0900,2026-05-05 15:59:04.705 +0900,116701,rice,NSIC Rc234H (NK 5017),Transplanting,Mixed,UREA
28360,,,201617,2025-12-28,,2026-01-13,,201617,10,2026-01-20,100,,2026-05-05 15:59:04.705 +0900,2026-05-05 15:59:04.705 +0900,116699,rice,NSIC Rc234H (NK 5017),Transplanting,Mixed,TRIPLE
28360,,,201617,2025-12-28,,2026-01-13,,201617,12,2026-01-20,100,,2026-05-05 15:59:04.705 +0900,2026-05-05 15:59:04.705 +0900,116700,rice,NSIC Rc234H (NK 5017),Transplanting,Mixed,AMMOPHOS
28360,,,201617,2025-12-28,,2026-01-13,,201617,12,2026-01-30,100,,2026-05-05 15:59:04.705 +0900,2026-05-05 15:59:04.705 +0900,116702,rice,NSIC Rc234H (NK 5017),Transplanting,Mixed,AMMOPHOS
17663,,,201618,2025-12-28,,2026-01-14,,201618,9,2026-01-24,50,,2026-03-10 14:04:03.241 +0900,2026-03-10 14:04:03.241 +0900,66083,rice,NSIC RC 222 (Tubigan 18),Transplanting,Mixed,UREA
17663,,,201618,2025-12-28,,2026-01-14,,201618,9,2026-02-15,50,,2026-03-10 14:04:03.241 +0900,2026-03-10 14:04:03.241 +0900,66085,rice,NSIC RC 222 (Tubigan 18),Transplanting,Mixed,UREA
17663,,,201618,2025-12-28,,2026-01-14,,201618,10,2026-01-24,50,,2026-03-10 14:04:03.241 +0900,2026-03-10 14:04:03.241 +0900,66084,rice,NSIC RC 222 (Tubigan 18),Transplanting,Mixed,TRIPLE
17663,,,201618,2025-12-28,,2026-01-14,,201618,10,2026-02-15,50,,2026-03-10 14:04:03.241 +0900,2026-03-10 14:04:03.241 +0900,66086,rice,NSIC RC 222 (Tubigan 18),Transplanting,Mixed,TRIPLE
17663,,,201618,2025-12-28,,2026-01-14,,201618,13,,,,2026-03-10 14:04:03.241 +0900,2026-03-10 14:04:03.241 +0900,66087,rice,NSIC RC 222 (Tubigan 18),Transplanting,Mixed,COMMERCIAL
28372,,,201620,2025-12-15,,2026-01-18,,201620,9,2026-01-30,100,,2026-05-05 16:16:58.230 +0900,2026-05-05 16:16:58.230 +0900,116762,rice,JACKPOT 102,Transplanting,Mixed,UREA
28372,,,201620,2025-12-15,,2026-01-18,,201620,9,2026-02-21,100,,2026-05-05 16:16:58.230 +0900,2026-05-05 16:16:58.230 +0900,116764,rice,JACKPOT 102,Transplanting,Mixed,UREA
28372,,,201620,2025-12-15,,2026-01-18,,201620,12,2026-01-30,125,,2026-05-05 16:16:58.230 +0900,2026-05-05 16:16:58.230 +0900,116763,rice,JACKPOT 102,Transplanting,Mixed,AMMOPHOS
28372,,,201620,2025-12-15,,2026-01-18,,201620,12,2026-02-21,125,,2026-05-05 16:16:58.230 +0900,2026-05-05 16:16:58.230 +0900,116765,rice,JACKPOT 102,Transplanting,Mixed,AMMOPHOS
28372,,,201620,2025-12-15,,2026-01-18,,201620,16,2026-02-21,50,,2026-05-05 16:16:58.230 +0900,2026-05-05 16:16:58.230 +0900,116766,rice,JACKPOT 102,Transplanting,Mixed,OTHER
28373,,,201621,2025-12-15,,2026-01-19,,201621,9,2026-01-30,100,,2026-05-05 16:18:59.288 +0900,2026-05-05 16:18:59.288 +0900,116767,rice,NSIC Rc234H (NK 5017),Transplanting,Mixed,UREA
28373,,,201621,2025-12-15,,2026-01-19,,201621,9,2026-02-21,100,,2026-05-05 16:18:59.288 +0900,2026-05-05 16:18:59.288 +0900,116769,rice,NSIC Rc234H (NK 5017),Transplanting,Mixed,UREA
28373,,,201621,2025-12-15,,2026-01-19,,201621,12,2026-01-30,125,,2026-05-05 16:18:59.288 +0900,2026-05-05 16:18:59.288 +0900,116768,rice,NSIC Rc234H (NK 5017),Transplanting,Mixed,AMMOPHOS
28373,,,201621,2025-12-15,,2026-01-19,,201621,12,2026-02-21,50,,2026-05-05 16:18:59.288 +0900,2026-05-05 16:18:59.288 +0900,116771,rice,NSIC Rc234H (NK 5017),Transplanting,Mixed,AMMOPHOS
28373,,,201621,2025-12-15,,2026-01-19,,201621,16,2026-02-21,125,,2026-05-05 16:18:59.288 +0900,2026-05-05 16:18:59.288 +0900,116770,rice,NSIC Rc234H (NK 5017),Transplanting,Mixed,OTHER
28444,,,201623,2025-12-16,,2026-01-19,,201623,9,2026-01-19,50,,2026-05-06 11:22:32.681 +0900,2026-05-06 11:22:32.681 +0900,117104,rice,BIGANTE/BIGANTE PLUS,Transplanting,Mixed,UREA
28444,,,201623,2025-12-16,,2026-01-19,,201623,9,2026-01-29,50,,2026-05-06 11:22:32.681 +0900,2026-05-06 11:22:32.681 +0900,117107,rice,BIGANTE/BIGANTE PLUS,Transplanting,Mixed,UREA
28444,,,201623,2025-12-16,,2026-01-19,,201623,10,2026-01-19,100,,2026-05-06 11:22:32.681 +0900,2026-05-06 11:22:32.681 +0900,117105,rice,BIGANTE/BIGANTE PLUS,Transplanting,Mixed,TRIPLE
28444,,,201623,2025-12-16,,2026-01-19,,201623,10,2026-01-29,100,,2026-05-06 11:22:32.681 +0900,2026-05-06 11:22:32.681 +0900,117108,rice,BIGANTE/BIGANTE PLUS,Transplanting,Mixed,TRIPLE
28444,,,201623,2025-12-16,,2026-01-19,,201623,12,2026-01-19,50,,2026-05-06 11:22:32.681 +0900,2026-05-06 11:22:32.681 +0900,117106,rice,BIGANTE/BIGANTE PLUS,Transplanting,Mixed,AMMOPHOS
28444,,,201623,2025-12-16,,2026-01-19,,201623,12,2026-01-29,50,,2026-05-06 11:22:32.681 +0900,2026-05-06 11:22:32.681 +0900,117109,rice,BIGANTE/BIGANTE PLUS,Transplanting,Mixed,AMMOPHOS
28571,,,201624,2025-12-14,,2026-01-17,,201624,9,2026-01-27,50,,2026-05-07 10:03:55.579 +0900,2026-05-07 10:03:55.579 +0900,117667,rice,NSIC Rc234H (NK 5017),Transplanting,Mixed,UREA
28571,,,201624,2025-12-14,,2026-01-17,,201624,9,2026-02-07,50,,2026-05-07 10:03:55.579 +0900,2026-05-07 10:03:55.579 +0900,117670,rice,NSIC Rc234H (NK 5017),Transplanting,Mixed,UREA
28571,,,201624,2025-12-14,,2026-01-17,,201624,10,2026-01-27,50,,2026-05-07 10:03:55.579 +0900,2026-05-07 10:03:55.579 +0900,117668,rice,NSIC Rc234H (NK 5017),Transplanting,Mixed,TRIPLE
28571,,,201624,2025-12-14,,2026-01-17,,201624,10,2026-02-07,50,,2026-05-07 10:03:55.579 +0900,2026-05-07 10:03:55.579 +0900,117671,rice,NSIC Rc234H (NK 5017),Transplanting,Mixed,TRIPLE
28571,,,201624,2025-12-14,,2026-01-17,,201624,12,2026-01-27,25,,2026-05-07 10:03:55.579 +0900,2026-05-07 10:03:55.579 +0900,117669,rice,NSIC Rc234H (NK 5017),Transplanting,Mixed,AMMOPHOS
28571,,,201624,2025-12-14,,2026-01-17,,201624,12,2026-02-07,25,,2026-05-07 10:03:55.579 +0900,2026-05-07 10:03:55.579 +0900,117672,rice,NSIC Rc234H (NK 5017),Transplanting,Mixed,AMMOPHOS
28241,,,201627,2025-12-09,,2026-01-01,,201627,9,2026-01-10,50,,2026-05-05 09:29:55.855 +0900,2026-05-05 09:29:55.855 +0900,116040,rice,BIGANTE/BIGANTE PLUS,Transplanting,Mixed,UREA
28241,,,201627,2025-12-09,,2026-01-01,,201627,9,2026-01-20,50,,2026-05-05 09:29:55.855 +0900,2026-05-05 09:29:55.855 +0900,116042,rice,BIGANTE/BIGANTE PLUS,Transplanting,Mixed,UREA
28241,,,201627,2025-12-09,,2026-01-01,,201627,9,2026-02-03,50,,2026-05-05 09:29:55.855 +0900,2026-05-05 09:29:55.855 +0900,116044,rice,BIGANTE/BIGANTE PLUS,Transplanting,Mixed,UREA
28241,,,201627,2025-12-09,,2026-01-01,,201627,10,2026-01-10,50,,2026-05-05 09:29:55.855 +0900,2026-05-05 09:29:55.855 +0900,116041,rice,BIGANTE/BIGANTE PLUS,Transplanting,Mixed,TRIPLE
28241,,,201627,2025-12-09,,2026-01-01,,201627,12,2026-01-20,50,,2026-05-05 09:29:55.855 +0900,2026-05-05 09:29:55.855 +0900,116043,rice,BIGANTE/BIGANTE PLUS,Transplanting,Mixed,AMMOPHOS
28241,,,201627,2025-12-09,,2026-01-01,,201627,16,2026-02-03,50,,2026-05-05 09:29:55.855 +0900,2026-05-05 09:29:55.855 +0900,116045,rice,BIGANTE/BIGANTE PLUS,Transplanting,Mixed,OTHER
28451,,,201630,2025-12-10,,2026-01-05,,201630,9,2026-01-20,500,,2026-05-06 11:30:22.313 +0900,2026-05-06 11:30:22.313 +0900,117141,rice,JACKPOT 102,Transplanting,Mixed,UREA
28451,,,201630,2025-12-10,,2026-01-05,,201630,9,2026-02-09,550,,2026-05-06 11:30:22.313 +0900,2026-05-06 11:30:22.313 +0900,117143,rice,JACKPOT 102,Transplanting,Mixed,UREA
28451,,,201630,2025-12-10,,2026-01-05,,201630,10,2026-01-20,550,,2026-05-06 11:30:22.313 +0900,2026-05-06 11:30:22.313 +0900,117142,rice,JACKPOT 102,Transplanting,Mixed,TRIPLE
28451,,,201630,2025-12-10,,2026-01-05,,201630,10,2026-02-09,450,,2026-05-06 11:30:22.313 +0900,2026-05-06 11:30:22.313 +0900,117144,rice,JACKPOT 102,Transplanting,Mixed,TRIPLE
28438,,,201632,2025-12-10,,2026-01-06,,201632,9,2026-01-21,300,,2026-05-06 11:13:21.277 +0900,2026-05-06 11:13:21.277 +0900,117072,rice,JACKPOT 102,Transplanting,Mixed,UREA
28438,,,201632,2025-12-10,,2026-01-06,,201632,9,2026-02-10,300,,2026-05-06 11:13:21.277 +0900,2026-05-06 11:13:21.277 +0900,117074,rice,JACKPOT 102,Transplanting,Mixed,UREA
28438,,,201632,2025-12-10,,2026-01-06,,201632,10,2026-01-21,300,,2026-05-06 11:13:21.277 +0900,2026-05-06 11:13:21.277 +0900,117073,rice,JACKPOT 102,Transplanting,Mixed,TRIPLE
28438,,,201632,2025-12-10,,2026-01-06,,201632,10,2026-02-10,250,,2026-05-06 11:13:21.277 +0900,2026-05-06 11:13:21.277 +0900,117075,rice,JACKPOT 102,Transplanting,Mixed,TRIPLE
28619,,,201633,2025-12-13,,2026-01-08,,201633,9,2026-01-23,100,,2026-05-13 10:24:28.322 +0900,2026-05-13 10:24:28.322 +0900,117884,rice,NSIC RC 664H,Transplanting,Mixed,UREA
28619,,,201633,2025-12-13,,2026-01-08,,201633,9,2026-02-07,100,,2026-05-13 10:24:28.322 +0900,2026-05-13 10:24:28.322 +0900,117886,rice,NSIC RC 664H,Transplanting,Mixed,UREA
28619,,,201633,2025-12-13,,2026-01-08,,201633,12,2026-01-23,100,,2026-05-13 10:24:28.322 +0900,2026-05-13 10:24:28.322 +0900,117885,rice,NSIC RC 664H,Transplanting,Mixed,AMMOPHOS
28619,,,201633,2025-12-13,,2026-01-08,,201633,12,2026-02-07,100,,2026-05-13 10:24:28.322 +0900,2026-05-13 10:24:28.322 +0900,117887,rice,NSIC RC 664H,Transplanting,Mixed,AMMOPHOS
28619,,,201633,2025-12-13,,2026-01-08,,201633,13,,,,2026-05-13 10:24:28.322 +0900,2026-05-13 10:24:28.322 +0900,117888,rice,NSIC RC 664H,Transplanting,Mixed,COMMERCIAL
28419,,,201634,2025-12-18,,2026-01-13,,201634,9,2026-01-28,200,,2026-05-06 10:15:18.373 +0900,2026-05-06 10:15:18.373 +0900,116979,rice,JACKPOT 102,Transplanting,Mixed,UREA
28419,,,201634,2025-12-18,,2026-01-13,,201634,9,2026-02-17,200,,2026-05-06 10:15:18.373 +0900,2026-05-06 10:15:18.373 +0900,116981,rice,JACKPOT 102,Transplanting,Mixed,UREA
28419,,,201634,2025-12-18,,2026-01-13,,201634,10,2026-01-28,200,,2026-05-06 10:15:18.373 +0900,2026-05-06 10:15:18.373 +0900,116980,rice,JACKPOT 102,Transplanting,Mixed,TRIPLE
28419,,,201634,2025-12-18,,2026-01-13,,201634,10,2026-02-17,200,,2026-05-06 10:15:18.373 +0900,2026-05-06 10:15:18.373 +0900,116982,rice,JACKPOT 102,Transplanting,Mixed,TRIPLE
28449,,,201640,2025-12-02,,2025-12-24,,201640,9,2026-01-09,150,,2026-05-06 11:27:58.785 +0900,2026-05-06 11:27:58.785 +0900,117130,rice,JACKPOT 102,Transplanting,Mixed,UREA
28449,,,201640,2025-12-02,,2025-12-24,,201640,9,2026-01-29,150,,2026-05-06 11:27:58.785 +0900,2026-05-06 11:27:58.785 +0900,117132,rice,JACKPOT 102,Transplanting,Mixed,UREA
28449,,,201640,2025-12-02,,2025-12-24,,201640,10,2026-01-09,150,,2026-05-06 11:27:58.785 +0900,2026-05-06 11:27:58.785 +0900,117131,rice,JACKPOT 102,Transplanting,Mixed,TRIPLE
28449,,,201640,2025-12-02,,2025-12-24,,201640,10,2026-01-29,100,,2026-05-06 11:27:58.785 +0900,2026-05-06 11:27:58.785 +0900,117133,rice,JACKPOT 102,Transplanting,Mixed,TRIPLE
28351,,,201644,2025-12-28,,2026-01-24,,201644,9,2026-02-05,150,,2026-05-05 15:17:47.456 +0900,2026-05-05 15:17:47.456 +0900,116655,rice,NSIC RC 456H (Mestiso 78),Transplanting,Mixed,UREA
28351,,,201644,2025-12-28,,2026-01-24,,201644,9,2026-02-26,100,,2026-05-05 15:17:47.456 +0900,2026-05-05 15:17:47.456 +0900,116657,rice,NSIC RC 456H (Mestiso 78),Transplanting,Mixed,UREA
28351,,,201644,2025-12-28,,2026-01-24,,201644,12,2026-02-05,50,,2026-05-05 15:17:47.456 +0900,2026-05-05 15:17:47.456 +0900,116656,rice,NSIC RC 456H (Mestiso 78),Transplanting,Mixed,AMMOPHOS
28351,,,201644,2025-12-28,,2026-01-24,,201644,12,2026-02-26,50,,2026-05-05 15:17:47.456 +0900,2026-05-05 15:17:47.456 +0900,116658,rice,NSIC RC 456H (Mestiso 78),Transplanting,Mixed,AMMOPHOS
28351,,,201644,2025-12-28,,2026-01-24,,201644,16,2026-02-26,50,,2026-05-05 15:17:47.456 +0900,2026-05-05 15:17:47.456 +0900,116659,rice,NSIC RC 456H (Mestiso 78),Transplanting,Mixed,OTHER
18292,,,201646,2025-12-20,,2026-01-13,,201646,9,2026-01-20,100,,2026-03-19 12:01:58.859 +0900,2026-03-19 12:01:58.859 +0900,69261,rice,NSIC Rc132H (SL-8H),Transplanting,Mixed,UREA
18292,,,201646,2025-12-20,,2026-01-13,,201646,10,2026-01-20,150,,2026-03-19 12:01:58.859 +0900,2026-03-19 12:01:58.859 +0900,69262,rice,NSIC Rc132H (SL-8H),Transplanting,Mixed,TRIPLE
18292,,,201646,2025-12-20,,2026-01-13,,201646,11,2026-03-02,100,,2026-03-19 12:01:58.859 +0900,2026-03-19 12:01:58.859 +0900,69264,rice,NSIC Rc132H (SL-8H),Transplanting,Mixed,AMMOSUL
18292,,,201646,2025-12-20,,2026-01-13,,201646,12,2026-01-20,100,,2026-03-19 12:01:58.859 +0900,2026-03-19 12:01:58.859 +0900,69263,rice,NSIC Rc132H (SL-8H),Transplanting,Mixed,AMMOPHOS
18292,,,201646,2025-12-20,,2026-01-13,,201646,12,2026-03-02,100,,2026-03-19 12:01:58.859 +0900,2026-03-19 12:01:58.859 +0900,69265,rice,NSIC Rc132H (SL-8H),Transplanting,Mixed,AMMOPHOS
18292,,,201646,2025-12-20,,2026-01-13,,201646,14,,,,2026-03-19 12:01:58.859 +0900,2026-03-19 12:01:58.859 +0900,69267,rice,NSIC Rc132H (SL-8H),Transplanting,Mixed,MANURE
18292,,,201646,2025-12-20,,2026-01-13,,201646,15,,,,2026-03-19 12:01:58.859 +0900,2026-03-19 12:01:58.859 +0900,69266,rice,NSIC Rc132H (SL-8H),Transplanting,Mixed,COMPOST
28353,,,201649,2025-12-25,,2026-01-03,,201649,9,2026-01-20,100,,2026-05-05 15:49:59.028 +0900,2026-05-05 15:49:59.028 +0900,116666,rice,NSIC RC 222 (Tubigan 18),Transplanting,Mixed,UREA
28353,,,201649,2025-12-25,,2026-01-03,,201649,9,2026-02-12,50,,2026-05-05 15:49:59.028 +0900,2026-05-05 15:49:59.028 +0900,116669,rice,NSIC RC 222 (Tubigan 18),Transplanting,Mixed,UREA
28353,,,201649,2025-12-25,,2026-01-03,,201649,10,2026-01-20,50,,2026-05-05 15:49:59.028 +0900,2026-05-05 15:49:59.028 +0900,116667,rice,NSIC RC 222 (Tubigan 18),Transplanting,Mixed,TRIPLE
28353,,,201649,2025-12-25,,2026-01-03,,201649,12,2026-01-20,50,,2026-05-05 15:49:59.028 +0900,2026-05-05 15:49:59.028 +0900,116668,rice,NSIC RC 222 (Tubigan 18),Transplanting,Mixed,AMMOPHOS
28353,,,201649,2025-12-25,,2026-01-03,,201649,12,2026-02-12,50,,2026-05-05 15:49:59.028 +0900,2026-05-05 15:49:59.028 +0900,116670,rice,NSIC RC 222 (Tubigan 18),Transplanting,Mixed,AMMOPHOS
28554,,,201650,2025-12-23,,2026-01-19,,201650,9,2026-01-29,100,,2026-05-06 15:40:14.056 +0900,2026-05-06 15:40:14.056 +0900,117597,rice,BIGANTE/BIGANTE PLUS,Transplanting,Mixed,UREA
28554,,,201650,2025-12-23,,2026-01-19,,201650,9,2026-02-18,100,,2026-05-06 15:40:14.056 +0900,2026-05-06 15:40:14.056 +0900,117599,rice,BIGANTE/BIGANTE PLUS,Transplanting,Mixed,UREA
28554,,,201650,2025-12-23,,2026-01-19,,201650,10,2026-01-29,100,,2026-05-06 15:40:14.056 +0900,2026-05-06 15:40:14.056 +0900,117598,rice,BIGANTE/BIGANTE PLUS,Transplanting,Mixed,TRIPLE
28554,,,201650,2025-12-23,,2026-01-19,,201650,10,2026-02-18,100,,2026-05-06 15:40:14.056 +0900,2026-05-06 15:40:14.056 +0900,117600,rice,BIGANTE/BIGANTE PLUS,Transplanting,Mixed,TRIPLE
28256,,,201654,2025-12-11,,2026-01-05,,201654,9,2026-01-15,100,,2026-05-05 10:29:26.118 +0900,2026-05-05 10:29:26.118 +0900,116131,rice,NSIC Rc234H (NK 5017),Transplanting,Mixed,UREA
28256,,,201654,2025-12-11,,2026-01-05,,201654,9,2026-01-30,100,,2026-05-05 10:29:26.118 +0900,2026-05-05 10:29:26.118 +0900,116134,rice,NSIC Rc234H (NK 5017),Transplanting,Mixed,UREA
28256,,,201654,2025-12-11,,2026-01-05,,201654,9,2026-02-10,100,,2026-05-05 10:29:26.118 +0900,2026-05-05 10:29:26.118 +0900,116136,rice,NSIC Rc234H (NK 5017),Transplanting,Mixed,UREA
28256,,,201654,2025-12-11,,2026-01-05,,201654,10,2026-01-15,50,,2026-05-05 10:29:26.118 +0900,2026-05-05 10:29:26.118 +0900,116132,rice,NSIC Rc234H (NK 5017),Transplanting,Mixed,TRIPLE
28256,,,201654,2025-12-11,,2026-01-05,,201654,12,2026-01-15,50,,2026-05-05 10:29:26.118 +0900,2026-05-05 10:29:26.118 +0900,116133,rice,NSIC Rc234H (NK 5017),Transplanting,Mixed,AMMOPHOS
28256,,,201654,2025-12-11,,2026-01-05,,201654,12,2026-01-30,100,,2026-05-05 10:29:26.118 +0900,2026-05-05 10:29:26.118 +0900,116135,rice,NSIC Rc234H (NK 5017),Transplanting,Mixed,AMMOPHOS
28256,,,201654,2025-12-11,,2026-01-05,,201654,12,2026-02-10,75,,2026-05-05 10:29:26.118 +0900,2026-05-05 10:29:26.118 +0900,116137,rice,NSIC Rc234H (NK 5017),Transplanting,Mixed,AMMOPHOS
28256,,,201654,2025-12-11,,2026-01-05,,201654,16,2026-02-10,75,,2026-05-05 10:29:26.118 +0900,2026-05-05 10:29:26.118 +0900,116138,rice,NSIC Rc234H (NK 5017),Transplanting,Mixed,OTHER
19105,,,201655,2025-12-20,,2026-01-15,,201655,9,2026-01-26,50,,2026-03-24 12:56:54.723 +0900,2026-03-24 12:56:54.723 +0900,73215,rice,NSIC Rc234H (NK 5017),Transplanting,Mixed,UREA
19105,,,201655,2025-12-20,,2026-01-15,,201655,9,2026-02-05,50,,2026-03-24 12:56:54.723 +0900,2026-03-24 12:56:54.723 +0900,73217,rice,NSIC Rc234H (NK 5017),Transplanting,Mixed,UREA
19105,,,201655,2025-12-20,,2026-01-15,,201655,10,2026-01-26,50,,2026-03-24 12:56:54.723 +0900,2026-03-24 12:56:54.723 +0900,73216,rice,NSIC Rc234H (NK 5017),Transplanting,Mixed,TRIPLE
19105,,,201655,2025-12-20,,2026-01-15,,201655,10,2026-02-05,50,,2026-03-24 12:56:54.723 +0900,2026-03-24 12:56:54.723 +0900,73218,rice,NSIC Rc234H (NK 5017),Transplanting,Mixed,TRIPLE
17717,,,201656,2025-12-20,,2026-01-15,,201656,9,2026-01-25,50,,2026-03-13 16:27:30.292 +0900,2026-03-13 16:27:30.292 +0900,66434,rice,NSIC Rc234H (NK 5017),Transplanting,Mixed,UREA
17717,,,201656,2025-12-20,,2026-01-15,,201656,9,2026-02-10,50,,2026-03-13 16:27:30.292 +0900,2026-03-13 16:27:30.292 +0900,66436,rice,NSIC Rc234H (NK 5017),Transplanting,Mixed,UREA
17717,,,201656,2025-12-20,,2026-01-15,,201656,10,2026-01-25,50,,2026-03-13 16:27:30.292 +0900,2026-03-13 16:27:30.292 +0900,66435,rice,NSIC Rc234H (NK 5017),Transplanting,Mixed,TRIPLE
17717,,,201656,2025-12-20,,2026-01-15,,201656,10,2026-02-10,50,,2026-03-13 16:27:30.292 +0900,2026-03-13 16:27:30.292 +0900,66437,rice,NSIC Rc234H (NK 5017),Transplanting,Mixed,TRIPLE
28304,,,201658,2025-12-18,,2026-01-14,,201658,9,2026-01-23,50,,2026-05-05 12:29:01.856 +0900,2026-05-05 12:29:01.856 +0900,116390,rice,JACKPOT 102,Transplanting,Mixed,UREA
28304,,,201658,2025-12-18,,2026-01-14,,201658,9,2026-01-31,50,,2026-05-05 12:29:01.856 +0900,2026-05-05 12:29:01.856 +0900,116393,rice,JACKPOT 102,Transplanting,Mixed,UREA
28304,,,201658,2025-12-18,,2026-01-14,,201658,10,2026-01-23,25,,2026-05-05 12:29:01.856 +0900,2026-05-05 12:29:01.856 +0900,116391,rice,JACKPOT 102,Transplanting,Mixed,TRIPLE
28304,,,201658,2025-12-18,,2026-01-14,,201658,12,2026-01-23,25,,2026-05-05 12:29:01.856 +0900,2026-05-05 12:29:01.856 +0900,116392,rice,JACKPOT 102,Transplanting,Mixed,AMMOPHOS
28304,,,201658,2025-12-18,,2026-01-14,,201658,12,2026-01-31,25,,2026-05-05 12:29:01.856 +0900,2026-05-05 12:29:01.856 +0900,116394,rice,JACKPOT 102,Transplanting,Mixed,AMMOPHOS
18302,,,201660,2025-12-15,,2026-01-12,,201660,9,2026-01-18,50,,2026-03-19 12:16:38.369 +0900,2026-03-19 12:16:38.369 +0900,69314,rice,NSIC RC 548H (Mestiso 101),Transplanting,Mixed,UREA
18302,,,201660,2025-12-15,,2026-01-12,,201660,9,2026-02-10,25,,2026-03-19 12:16:38.369 +0900,2026-03-19 12:16:38.369 +0900,69316,rice,NSIC RC 548H (Mestiso 101),Transplanting,Mixed,UREA
18302,,,201660,2025-12-15,,2026-01-12,,201660,10,2026-02-10,50,,2026-03-19 12:16:38.369 +0900,2026-03-19 12:16:38.369 +0900,69317,rice,NSIC RC 548H (Mestiso 101),Transplanting,Mixed,TRIPLE
18302,,,201660,2025-12-15,,2026-01-12,,201660,12,2026-01-18,50,,2026-03-19 12:16:38.369 +0900,2026-03-19 12:16:38.369 +0900,69315,rice,NSIC RC 548H (Mestiso 101),Transplanting,Mixed,AMMOPHOS
28536,,,201662,2025-12-15,,2026-01-08,,201662,9,2026-01-18,250,,2026-05-06 15:16:55.354 +0900,2026-05-06 15:16:55.354 +0900,117521,rice,NSIC Rc234H (NK 5017),Transplanting,Mixed,UREA
28536,,,201662,2025-12-15,,2026-01-08,,201662,9,2026-02-07,250,,2026-05-06 15:16:55.354 +0900,2026-05-06 15:16:55.354 +0900,117523,rice,NSIC Rc234H (NK 5017),Transplanting,Mixed,UREA
28536,,,201662,2025-12-15,,2026-01-08,,201662,10,2026-01-18,250,,2026-05-06 15:16:55.354 +0900,2026-05-06 15:16:55.354 +0900,117522,rice,NSIC Rc234H (NK 5017),Transplanting,Mixed,TRIPLE
28536,,,201662,2025-12-15,,2026-01-08,,201662,10,2026-02-07,250,,2026-05-06 15:16:55.354 +0900,2026-05-06 15:16:55.354 +0900,117524,rice,NSIC Rc234H (NK 5017),Transplanting,Mixed,TRIPLE
27838,,,201663,2025-12-29,,2026-01-27,,201663,9,2026-02-16,300,,2026-04-23 11:46:18.889 +0900,2026-04-23 11:46:18.889 +0900,114232,rice,NSIC RC 418 (Sahod Ulan 14),Transplanting,Burned or Removed,UREA
27838,,,201663,2025-12-29,,2026-01-27,,201663,10,2026-02-06,300,,2026-04-23 11:46:18.889 +0900,2026-04-23 11:46:18.889 +0900,114230,rice,NSIC RC 418 (Sahod Ulan 14),Transplanting,Burned or Removed,TRIPLE
27838,,,201663,2025-12-29,,2026-01-27,,201663,12,2026-02-06,100,,2026-04-23 11:46:18.889 +0900,2026-04-23 11:46:18.889 +0900,114231,rice,NSIC RC 418 (Sahod Ulan 14),Transplanting,Burned or Removed,AMMOPHOS
27838,,,201663,2025-12-29,,2026-01-27,,201663,12,2026-02-16,100,,2026-04-23 11:46:18.889 +0900,2026-04-23 11:46:18.889 +0900,114233,rice,NSIC RC 418 (Sahod Ulan 14),Transplanting,Burned or Removed,AMMOPHOS
17710,,,201666,2025-12-10,,2026-01-26,,201666,10,2026-02-06,100,,2026-03-13 15:59:45.790 +0900,2026-03-13 15:59:45.790 +0900,66402,rice,NSIC Rc456H (LP 937),Transplanting,Burned or Removed,TRIPLE
17710,,,201666,2025-12-10,,2026-01-26,,201666,11,2026-02-15,100,,2026-03-13 15:59:45.790 +0900,2026-03-13 15:59:45.790 +0900,66404,rice,NSIC Rc456H (LP 937),Transplanting,Burned or Removed,AMMOSUL
17710,,,201666,2025-12-10,,2026-01-26,,201666,12,2026-02-06,50,,2026-03-13 15:59:45.790 +0900,2026-03-13 15:59:45.790 +0900,66403,rice,NSIC Rc456H (LP 937),Transplanting,Burned or Removed,AMMOPHOS
17710,,,201666,2025-12-10,,2026-01-26,,201666,12,2026-02-15,50,,2026-03-13 15:59:45.790 +0900,2026-03-13 15:59:45.790 +0900,66405,rice,NSIC Rc456H (LP 937),Transplanting,Burned or Removed,AMMOPHOS
17644,,,201668,2025-12-09,,2026-01-12,,201668,9,2026-01-20,50,,2026-03-10 10:56:43.570 +0900,2026-03-10 10:56:43.570 +0900,65997,rice,NSIC Rc234H (NK 5017),Transplanting,Mixed,UREA
17644,,,201668,2025-12-09,,2026-01-12,,201668,10,2026-01-20,50,,2026-03-10 10:56:43.570 +0900,2026-03-10 10:56:43.570 +0900,65998,rice,NSIC Rc234H (NK 5017),Transplanting,Mixed,TRIPLE
17644,,,201668,2025-12-09,,2026-01-12,,201668,10,2026-02-16,50,,2026-03-10 10:56:43.570 +0900,2026-03-10 10:56:43.570 +0900,65999,rice,NSIC Rc234H (NK 5017),Transplanting,Mixed,TRIPLE
17644,,,201668,2025-12-09,,2026-01-12,,201668,13,,,,2026-03-10 10:56:43.570 +0900,2026-03-10 10:56:43.570 +0900,66000,rice,NSIC Rc234H (NK 5017),Transplanting,Mixed,COMMERCIAL
28327,,,201669,2025-12-16,,2026-01-11,,201669,9,2026-01-27,100,,2026-05-05 13:51:30.645 +0900,2026-05-05 13:51:30.645 +0900,116525,rice,NSIC RC 132H (MESTISO 6),Transplanting,Mixed,UREA
28327,,,201669,2025-12-16,,2026-01-11,,201669,9,2026-02-08,100,,2026-05-05 13:51:30.645 +0900,2026-05-05 13:51:30.645 +0900,116528,rice,NSIC RC 132H (MESTISO 6),Transplanting,Mixed,UREA
28327,,,201669,2025-12-16,,2026-01-11,,201669,9,2026-02-20,50,,2026-05-05 13:51:30.645 +0900,2026-05-05 13:51:30.645 +0900,116530,rice,NSIC RC 132H (MESTISO 6),Transplanting,Mixed,UREA
28327,,,201669,2025-12-16,,2026-01-11,,201669,10,2026-01-27,50,,2026-05-05 13:51:30.645 +0900,2026-05-05 13:51:30.645 +0900,116526,rice,NSIC RC 132H (MESTISO 6),Transplanting,Mixed,TRIPLE
28327,,,201669,2025-12-16,,2026-01-11,,201669,12,2026-01-27,50,,2026-05-05 13:51:30.645 +0900,2026-05-05 13:51:30.645 +0900,116527,rice,NSIC RC 132H (MESTISO 6),Transplanting,Mixed,AMMOPHOS
28327,,,201669,2025-12-16,,2026-01-11,,201669,12,2026-02-08,50,,2026-05-05 13:51:30.645 +0900,2026-05-05 13:51:30.645 +0900,116529,rice,NSIC RC 132H (MESTISO 6),Transplanting,Mixed,AMMOPHOS
28327,,,201669,2025-12-16,,2026-01-11,,201669,16,2026-02-20,50,,2026-05-05 13:51:30.645 +0900,2026-05-05 13:51:30.645 +0900,116531,rice,NSIC RC 132H (MESTISO 6),Transplanting,Mixed,OTHER
19106,,,201676,2025-12-09,,2026-01-03,,201676,9,2026-01-15,50,,2026-03-24 13:01:20.779 +0900,2026-03-24 13:01:20.779 +0900,73219,rice,NSIC Rc234H (NK 5017),Transplanting,Mixed,UREA
19106,,,201676,2025-12-09,,2026-01-03,,201676,9,2026-01-30,50,,2026-03-24 13:01:20.779 +0900,2026-03-24 13:01:20.779 +0900,73221,rice,NSIC Rc234H (NK 5017),Transplanting,Mixed,UREA
19106,,,201676,2025-12-09,,2026-01-03,,201676,12,2026-01-15,50,,2026-03-24 13:01:20.779 +0900,2026-03-24 13:01:20.779 +0900,73220,rice,NSIC Rc234H (NK 5017),Transplanting,Mixed,AMMOPHOS
19106,,,201676,2025-12-09,,2026-01-03,,201676,12,2026-01-30,50,,2026-03-24 13:01:20.779 +0900,2026-03-24 13:01:20.779 +0900,73222,rice,NSIC Rc234H (NK 5017),Transplanting,Mixed,AMMOPHOS
19106,,,201676,2025-12-09,,2026-01-03,,201676,12,2026-02-11,50,,2026-03-24 13:01:20.779 +0900,2026-03-24 13:01:20.779 +0900,73223,rice,NSIC Rc234H (NK 5017),Transplanting,Mixed,AMMOPHOS
19106,,,201676,2025-12-09,,2026-01-03,,201676,16,2026-02-11,50,,2026-03-24 13:01:20.779 +0900,2026-03-24 13:01:20.779 +0900,73224,rice,NSIC Rc234H (NK 5017),Transplanting,Mixed,OTHER
19113,,,201677,2025-12-09,,2026-01-04,,201677,9,2026-01-14,75,,2026-03-24 14:22:56.727 +0900,2026-03-24 14:22:56.727 +0900,73255,rice,BIGANTE/BIGANTE PLUS,Transplanting,Mixed,UREA
19113,,,201677,2025-12-09,,2026-01-04,,201677,9,2026-02-03,25,,2026-03-24 14:22:56.727 +0900,2026-03-24 14:22:56.727 +0900,73258,rice,BIGANTE/BIGANTE PLUS,Transplanting,Mixed,UREA
19113,,,201677,2025-12-09,,2026-01-04,,201677,10,2026-01-24,125,,2026-03-24 14:22:56.727 +0900,2026-03-24 14:22:56.727 +0900,73257,rice,BIGANTE/BIGANTE PLUS,Transplanting,Mixed,TRIPLE
19113,,,201677,2025-12-09,,2026-01-04,,201677,12,2026-01-14,50,,2026-03-24 14:22:56.727 +0900,2026-03-24 14:22:56.727 +0900,73256,rice,BIGANTE/BIGANTE PLUS,Transplanting,Mixed,AMMOPHOS
19113,,,201677,2025-12-09,,2026-01-04,,201677,12,2026-02-03,25,,2026-03-24 14:22:56.727 +0900,2026-03-24 14:22:56.727 +0900,73259,rice,BIGANTE/BIGANTE PLUS,Transplanting,Mixed,AMMOPHOS
19113,,,201677,2025-12-09,,2026-01-04,,201677,13,,,,2026-03-24 14:22:56.727 +0900,2026-03-24 14:22:56.727 +0900,73260,rice,BIGANTE/BIGANTE PLUS,Transplanting,Mixed,COMMERCIAL
28280,,,201680,2025-12-09,,2026-01-04,,201680,9,2026-01-14,100,,2026-05-05 11:46:36.404 +0900,2026-05-05 11:46:36.404 +0900,116259,rice,BIGANTE/BIGANTE PLUS,Transplanting,Mixed,UREA
28280,,,201680,2025-12-09,,2026-01-04,,201680,9,2026-01-28,100,,2026-05-05 11:46:36.404 +0900,2026-05-05 11:46:36.404 +0900,116262,rice,BIGANTE/BIGANTE PLUS,Transplanting,Mixed,UREA
28280,,,201680,2025-12-09,,2026-01-04,,201680,10,2026-01-14,50,,2026-05-05 11:46:36.404 +0900,2026-05-05 11:46:36.404 +0900,116260,rice,BIGANTE/BIGANTE PLUS,Transplanting,Mixed,TRIPLE
28280,,,201680,2025-12-09,,2026-01-04,,201680,12,2026-01-14,50,,2026-05-05 11:46:36.404 +0900,2026-05-05 11:46:36.404 +0900,116261,rice,BIGANTE/BIGANTE PLUS,Transplanting,Mixed,AMMOPHOS
28280,,,201680,2025-12-09,,2026-01-04,,201680,12,2026-01-28,50,,2026-05-05 11:46:36.404 +0900,2026-05-05 11:46:36.404 +0900,116263,rice,BIGANTE/BIGANTE PLUS,Transplanting,Mixed,AMMOPHOS
28280,,,201680,2025-12-09,,2026-01-04,,201680,12,2026-02-09,50,,2026-05-05 11:46:36.404 +0900,2026-05-05 11:46:36.404 +0900,116264,rice,BIGANTE/BIGANTE PLUS,Transplanting,Mixed,AMMOPHOS
28280,,,201680,2025-12-09,,2026-01-04,,201680,16,2026-02-09,50,,2026-05-05 11:46:36.404 +0900,2026-05-05 11:46:36.404 +0900,116265,rice,BIGANTE/BIGANTE PLUS,Transplanting,Mixed,OTHER
28271,,,201686,2025-12-27,,2026-01-20,,201686,9,2026-01-25,1050,,2026-05-05 11:14:59.265 +0900,2026-05-05 11:14:59.265 +0900,116213,rice,NSIC RC 436 (TUBIGAN 37),Transplanting,Mixed,UREA
28271,,,201686,2025-12-27,,2026-01-20,,201686,9,2026-02-20,1050,,2026-05-05 11:14:59.265 +0900,2026-05-05 11:14:59.265 +0900,116216,rice,NSIC RC 436 (TUBIGAN 37),Transplanting,Mixed,UREA
28271,,,201686,2025-12-27,,2026-01-20,,201686,10,2026-01-25,1050,,2026-05-05 11:14:59.265 +0900,2026-05-05 11:14:59.265 +0900,116215,rice,NSIC RC 436 (TUBIGAN 37),Transplanting,Mixed,TRIPLE
28271,,,201686,2025-12-27,,2026-01-20,,201686,10,2026-02-20,1000,,2026-05-05 11:14:59.265 +0900,2026-05-05 11:14:59.265 +0900,116218,rice,NSIC RC 436 (TUBIGAN 37),Transplanting,Mixed,TRIPLE
28271,,,201686,2025-12-27,,2026-01-20,,201686,12,2026-01-25,1050,,2026-05-05 11:14:59.265 +0900,2026-05-05 11:14:59.265 +0900,116214,rice,NSIC RC 436 (TUBIGAN 37),Transplanting,Mixed,AMMOPHOS
28271,,,201686,2025-12-27,,2026-01-20,,201686,12,2026-02-20,1050,,2026-05-05 11:14:59.265 +0900,2026-05-05 11:14:59.265 +0900,116217,rice,NSIC RC 436 (TUBIGAN 37),Transplanting,Mixed,AMMOPHOS
28315,,,201688,2025-12-28,,2026-01-20,,201688,9,2026-01-25,25,,2026-05-05 12:51:47.674 +0900,2026-05-05 12:51:47.674 +0900,116451,rice,NSIC RC 436 (TUBIGAN 37),Transplanting,Mixed,UREA
28315,,,201688,2025-12-28,,2026-01-20,,201688,9,2026-02-20,25,,2026-05-05 12:51:47.674 +0900,2026-05-05 12:51:47.674 +0900,116454,rice,NSIC RC 436 (TUBIGAN 37),Transplanting,Mixed,UREA
28315,,,201688,2025-12-28,,2026-01-20,,201688,10,2026-01-25,25,,2026-05-05 12:51:47.674 +0900,2026-05-05 12:51:47.674 +0900,116453,rice,NSIC RC 436 (TUBIGAN 37),Transplanting,Mixed,TRIPLE
28315,,,201688,2025-12-28,,2026-01-20,,201688,10,2026-02-20,25,,2026-05-05 12:51:47.674 +0900,2026-05-05 12:51:47.674 +0900,116456,rice,NSIC RC 436 (TUBIGAN 37),Transplanting,Mixed,TRIPLE
28315,,,201688,2025-12-28,,2026-01-20,,201688,12,2026-01-25,50,,2026-05-05 12:51:47.674 +0900,2026-05-05 12:51:47.674 +0900,116452,rice,NSIC RC 436 (TUBIGAN 37),Transplanting,Mixed,AMMOPHOS
28315,,,201688,2025-12-28,,2026-01-20,,201688,12,2026-02-20,50,,2026-05-05 12:51:47.674 +0900,2026-05-05 12:51:47.674 +0900,116455,rice,NSIC RC 436 (TUBIGAN 37),Transplanting,Mixed,AMMOPHOS
28588,,,201690,2025-12-15,,2026-01-14,,201690,9,2026-01-24,50,,2026-05-13 09:50:07.601 +0900,2026-05-13 09:50:07.601 +0900,117741,rice,NSIC RC 664H,Transplanting,Mixed,UREA
28588,,,201690,2025-12-15,,2026-01-14,,201690,9,2026-02-08,50,,2026-05-13 09:50:07.601 +0900,2026-05-13 09:50:07.601 +0900,117743,rice,NSIC RC 664H,Transplanting,Mixed,UREA
28588,,,201690,2025-12-15,,2026-01-14,,201690,10,2026-02-08,50,,2026-05-13 09:50:07.601 +0900,2026-05-13 09:50:07.601 +0900,117744,rice,NSIC RC 664H,Transplanting,Mixed,TRIPLE
28588,,,201690,2025-12-15,,2026-01-14,,201690,12,2026-01-24,50,,2026-05-13 09:50:07.601 +0900,2026-05-13 09:50:07.601 +0900,117742,rice,NSIC RC 664H,Transplanting,Mixed,AMMOPHOS
28588,,,201690,2025-12-15,,2026-01-14,,201690,12,2026-02-08,50,,2026-05-13 09:50:07.601 +0900,2026-05-13 09:50:07.601 +0900,117745,rice,NSIC RC 664H,Transplanting,Mixed,AMMOPHOS
28401,,,201694,2025-12-28,,2026-01-24,,201694,9,2026-02-03,100,,2026-05-06 09:26:16.883 +0900,2026-05-06 09:26:16.883 +0900,116901,rice,JACKPOT 102,Transplanting,Mixed,UREA
28401,,,201694,2025-12-28,,2026-01-24,,201694,9,2026-02-23,100,,2026-05-06 09:26:16.883 +0900,2026-05-06 09:26:16.883 +0900,116903,rice,JACKPOT 102,Transplanting,Mixed,UREA
28401,,,201694,2025-12-28,,2026-01-24,,201694,12,2026-02-03,100,,2026-05-06 09:26:16.883 +0900,2026-05-06 09:26:16.883 +0900,116902,rice,JACKPOT 102,Transplanting,Mixed,AMMOPHOS
28401,,,201694,2025-12-28,,2026-01-24,,201694,12,2026-02-23,100,,2026-05-06 09:26:16.883 +0900,2026-05-06 09:26:16.883 +0900,116904,rice,JACKPOT 102,Transplanting,Mixed,AMMOPHOS
28313,,,201696,2025-12-12,,2026-01-07,,201696,9,2026-01-20,100,,2026-05-05 12:44:57.833 +0900,2026-05-05 12:44:57.833 +0900,116441,rice,JACKPOT 102,Transplanting,Mixed,UREA
28313,,,201696,2025-12-12,,2026-01-07,,201696,9,2026-01-30,100,,2026-05-05 12:44:57.833 +0900,2026-05-05 12:44:57.833 +0900,116444,rice,JACKPOT 102,Transplanting,Mixed,UREA
28313,,,201696,2025-12-12,,2026-01-07,,201696,10,2026-01-20,50,,2026-05-05 12:44:57.833 +0900,2026-05-05 12:44:57.833 +0900,116442,rice,JACKPOT 102,Transplanting,Mixed,TRIPLE
28313,,,201696,2025-12-12,,2026-01-07,,201696,12,2026-01-20,50,,2026-05-05 12:44:57.833 +0900,2026-05-05 12:44:57.833 +0900,116443,rice,JACKPOT 102,Transplanting,Mixed,AMMOPHOS
28313,,,201696,2025-12-12,,2026-01-07,,201696,12,2026-01-30,50,,2026-05-05 12:44:57.833 +0900,2026-05-05 12:44:57.833 +0900,116445,rice,JACKPOT 102,Transplanting,Mixed,AMMOPHOS
28402,,,201695,2025-12-28,,2026-01-24,,201695,9,2026-02-03,100,,2026-05-06 09:27:33.525 +0900,2026-05-06 09:27:33.525 +0900,116905,rice,JACKPOT 102,Transplanting,Mixed,UREA
28402,,,201695,2025-12-28,,2026-01-24,,201695,9,2026-02-23,100,,2026-05-06 09:27:33.525 +0900,2026-05-06 09:27:33.525 +0900,116907,rice,JACKPOT 102,Transplanting,Mixed,UREA
28402,,,201695,2025-12-28,,2026-01-24,,201695,12,2026-02-03,100,,2026-05-06 09:27:33.525 +0900,2026-05-06 09:27:33.525 +0900,116906,rice,JACKPOT 102,Transplanting,Mixed,AMMOPHOS
28402,,,201695,2025-12-28,,2026-01-24,,201695,12,2026-02-23,100,,2026-05-06 09:27:33.525 +0900,2026-05-06 09:27:33.525 +0900,116908,rice,JACKPOT 102,Transplanting,Mixed,AMMOPHOS
28275,,,201700,2025-12-10,,2026-01-04,,201700,9,2026-01-11,100,,2026-05-05 11:24:41.889 +0900,2026-05-05 11:24:41.889 +0900,116233,rice,BIGANTE/BIGANTE PLUS,Transplanting,Mixed,UREA
28275,,,201700,2025-12-10,,2026-01-04,,201700,9,2026-01-25,50,,2026-05-05 11:24:41.889 +0900,2026-05-05 11:24:41.889 +0900,116236,rice,BIGANTE/BIGANTE PLUS,Transplanting,Mixed,UREA
28275,,,201700,2025-12-10,,2026-01-04,,201700,10,2026-01-11,50,,2026-05-05 11:24:41.889 +0900,2026-05-05 11:24:41.889 +0900,116234,rice,BIGANTE/BIGANTE PLUS,Transplanting,Mixed,TRIPLE
28275,,,201700,2025-12-10,,2026-01-04,,201700,12,2026-01-11,50,,2026-05-05 11:24:41.889 +0900,2026-05-05 11:24:41.889 +0900,116235,rice,BIGANTE/BIGANTE PLUS,Transplanting,Mixed,AMMOPHOS
28275,,,201700,2025-12-10,,2026-01-04,,201700,12,2026-01-25,50,,2026-05-05 11:24:41.889 +0900,2026-05-05 11:24:41.889 +0900,116237,rice,BIGANTE/BIGANTE PLUS,Transplanting,Mixed,AMMOPHOS
28255,,,201701,2025-12-28,,2026-01-22,,201701,9,2026-02-01,125,,2026-05-05 10:27:24.413 +0900,2026-05-05 10:27:24.413 +0900,116127,rice,JACKPOT 102,Transplanting,Mixed,UREA
28255,,,201701,2025-12-28,,2026-01-22,,201701,9,2026-02-16,125,,2026-05-05 10:27:24.413 +0900,2026-05-05 10:27:24.413 +0900,116129,rice,JACKPOT 102,Transplanting,Mixed,UREA
28255,,,201701,2025-12-28,,2026-01-22,,201701,12,2026-02-01,125,,2026-05-05 10:27:24.413 +0900,2026-05-05 10:27:24.413 +0900,116128,rice,JACKPOT 102,Transplanting,Mixed,AMMOPHOS
28255,,,201701,2025-12-28,,2026-01-22,,201701,12,2026-02-16,50,,2026-05-05 10:27:24.413 +0900,2026-05-05 10:27:24.413 +0900,116130,rice,JACKPOT 102,Transplanting,Mixed,AMMOPHOS
28417,,,201702,2025-12-26,,2026-01-22,,201702,9,2026-02-01,75,,2026-05-06 10:05:12.205 +0900,2026-05-06 10:05:12.205 +0900,116971,rice,NSIC Rc234H (NK 5017),Transplanting,Mixed,UREA
28417,,,201702,2025-12-26,,2026-01-22,,201702,9,2026-02-16,75,,2026-05-06 10:05:12.205 +0900,2026-05-06 10:05:12.205 +0900,116973,rice,NSIC Rc234H (NK 5017),Transplanting,Mixed,UREA
28417,,,201702,2025-12-26,,2026-01-22,,201702,12,2026-02-01,75,,2026-05-06 10:05:12.205 +0900,2026-05-06 10:05:12.205 +0900,116972,rice,NSIC Rc234H (NK 5017),Transplanting,Mixed,AMMOPHOS
28417,,,201702,2025-12-26,,2026-01-22,,201702,12,2026-02-16,75,,2026-05-06 10:05:12.205 +0900,2026-05-06 10:05:12.205 +0900,116974,rice,NSIC Rc234H (NK 5017),Transplanting,Mixed,AMMOPHOS
28345,,,201705,2025-12-15,,2026-01-10,,201705,9,2026-01-17,100,,2026-05-05 14:55:42.390 +0900,2026-05-05 14:55:42.390 +0900,116622,rice,BIGANTE/BIGANTE PLUS,Transplanting,Mixed,UREA
28345,,,201705,2025-12-15,,2026-01-10,,201705,9,2026-02-01,100,,2026-05-05 14:55:42.390 +0900,2026-05-05 14:55:42.390 +0900,116625,rice,BIGANTE/BIGANTE PLUS,Transplanting,Mixed,UREA
28345,,,201705,2025-12-15,,2026-01-10,,201705,9,2026-02-15,100,,2026-05-05 14:55:42.390 +0900,2026-05-05 14:55:42.390 +0900,116627,rice,BIGANTE/BIGANTE PLUS,Transplanting,Mixed,UREA
28345,,,201705,2025-12-15,,2026-01-10,,201705,10,2026-01-17,50,,2026-05-05 14:55:42.390 +0900,2026-05-05 14:55:42.390 +0900,116623,rice,BIGANTE/BIGANTE PLUS,Transplanting,Mixed,TRIPLE
28345,,,201705,2025-12-15,,2026-01-10,,201705,12,2026-01-17,50,,2026-05-05 14:55:42.390 +0900,2026-05-05 14:55:42.390 +0900,116624,rice,BIGANTE/BIGANTE PLUS,Transplanting,Mixed,AMMOPHOS
28345,,,201705,2025-12-15,,2026-01-10,,201705,12,2026-02-01,50,,2026-05-05 14:55:42.390 +0900,2026-05-05 14:55:42.390 +0900,116626,rice,BIGANTE/BIGANTE PLUS,Transplanting,Mixed,AMMOPHOS
28345,,,201705,2025-12-15,,2026-01-10,,201705,13,,,,2026-05-05 14:55:42.390 +0900,2026-05-05 14:55:42.390 +0900,116629,rice,BIGANTE/BIGANTE PLUS,Transplanting,Mixed,COMMERCIAL
28345,,,201705,2025-12-15,,2026-01-10,,201705,16,2026-02-15,50,,2026-05-05 14:55:42.390 +0900,2026-05-05 14:55:42.390 +0900,116628,rice,BIGANTE/BIGANTE PLUS,Transplanting,Mixed,OTHER
17715,,,201706,2025-12-04,,2026-01-18,,201706,9,2026-01-28,150,,2026-03-13 16:24:11.974 +0900,2026-03-13 16:24:11.974 +0900,66425,rice,NSIC Rc234H (NK 5017),Transplanting,Mixed,UREA
17715,,,201706,2025-12-04,,2026-01-18,,201706,9,2026-02-22,100,,2026-03-13 16:24:11.974 +0900,2026-03-13 16:24:11.974 +0900,66427,rice,NSIC Rc234H (NK 5017),Transplanting,Mixed,UREA
17715,,,201706,2025-12-04,,2026-01-18,,201706,11,2026-02-22,100,,2026-03-13 16:24:11.974 +0900,2026-03-13 16:24:11.974 +0900,66428,rice,NSIC Rc234H (NK 5017),Transplanting,Mixed,AMMOSUL
17715,,,201706,2025-12-04,,2026-01-18,,201706,12,2026-01-28,100,,2026-03-13 16:24:11.974 +0900,2026-03-13 16:24:11.974 +0900,66426,rice,NSIC Rc234H (NK 5017),Transplanting,Mixed,AMMOPHOS
17715,,,201706,2025-12-04,,2026-01-18,,201706,12,2026-02-22,100,,2026-03-13 16:24:11.974 +0900,2026-03-13 16:24:11.974 +0900,66429,rice,NSIC Rc234H (NK 5017),Transplanting,Mixed,AMMOPHOS
17715,,,201706,2025-12-04,,2026-01-18,,201706,13,,,,2026-03-13 16:24:11.974 +0900,2026-03-13 16:24:11.974 +0900,66430,rice,NSIC Rc234H (NK 5017),Transplanting,Mixed,COMMERCIAL
17714,,,201707,2025-12-04,,2026-01-18,,201707,9,2026-01-28,150,,2026-03-13 16:22:26.933 +0900,2026-03-13 16:22:26.933 +0900,66419,rice,NSIC Rc234H (NK 5017),Transplanting,Mixed,UREA
17714,,,201707,2025-12-04,,2026-01-18,,201707,9,2026-02-28,100,,2026-03-13 16:22:26.933 +0900,2026-03-13 16:22:26.933 +0900,66421,rice,NSIC Rc234H (NK 5017),Transplanting,Mixed,UREA
17714,,,201707,2025-12-04,,2026-01-18,,201707,11,2026-02-28,100,,2026-03-13 16:22:26.933 +0900,2026-03-13 16:22:26.933 +0900,66422,rice,NSIC Rc234H (NK 5017),Transplanting,Mixed,AMMOSUL
17714,,,201707,2025-12-04,,2026-01-18,,201707,12,2026-01-28,100,,2026-03-13 16:22:26.933 +0900,2026-03-13 16:22:26.933 +0900,66420,rice,NSIC Rc234H (NK 5017),Transplanting,Mixed,AMMOPHOS
17714,,,201707,2025-12-04,,2026-01-18,,201707,12,2026-02-28,100,,2026-03-13 16:22:26.933 +0900,2026-03-13 16:22:26.933 +0900,66423,rice,NSIC Rc234H (NK 5017),Transplanting,Mixed,AMMOPHOS
17714,,,201707,2025-12-04,,2026-01-18,,201707,13,,,,2026-03-13 16:22:26.933 +0900,2026-03-13 16:22:26.933 +0900,66424,rice,NSIC Rc234H (NK 5017),Transplanting,Mixed,COMMERCIAL
28371,,,202198,2025-12-15,,2026-01-13,,202198,9,2026-01-23,50,,2026-05-05 16:15:21.230 +0900,2026-05-05 16:15:21.230 +0900,116758,rice,BIGANTE/BIGANTE PLUS,Transplanting,Mixed,UREA
28371,,,202198,2025-12-15,,2026-01-13,,202198,9,2026-02-17,25,,2026-05-05 16:15:21.230 +0900,2026-05-05 16:15:21.230 +0900,116760,rice,BIGANTE/BIGANTE PLUS,Transplanting,Mixed,UREA
28371,,,202198,2025-12-15,,2026-01-13,,202198,10,2026-01-23,25,,2026-05-05 16:15:21.230 +0900,2026-05-05 16:15:21.230 +0900,116759,rice,BIGANTE/BIGANTE PLUS,Transplanting,Mixed,TRIPLE
28371,,,202198,2025-12-15,,2026-01-13,,202198,12,2026-02-17,25,,2026-05-05 16:15:21.230 +0900,2026-05-05 16:15:21.230 +0900,116761,rice,BIGANTE/BIGANTE PLUS,Transplanting,Mixed,AMMOPHOS
28334,,,202210,2025-12-09,,2026-01-06,,202210,9,2026-01-16,100,,2026-05-05 14:05:53.257 +0900,2026-05-05 14:05:53.257 +0900,116562,rice,JACKPOT 102,Transplanting,Mixed,UREA
28334,,,202210,2025-12-09,,2026-01-06,,202210,9,2026-01-30,100,,2026-05-05 14:05:53.257 +0900,2026-05-05 14:05:53.257 +0900,116565,rice,JACKPOT 102,Transplanting,Mixed,UREA
28334,,,202210,2025-12-09,,2026-01-06,,202210,10,2026-01-16,50,,2026-05-05 14:05:53.257 +0900,2026-05-05 14:05:53.257 +0900,116563,rice,JACKPOT 102,Transplanting,Mixed,TRIPLE
28334,,,202210,2025-12-09,,2026-01-06,,202210,12,2026-01-16,50,,2026-05-05 14:05:53.257 +0900,2026-05-05 14:05:53.257 +0900,116564,rice,JACKPOT 102,Transplanting,Mixed,AMMOPHOS
28334,,,202210,2025-12-09,,2026-01-06,,202210,12,2026-01-30,50,,2026-05-05 14:05:53.257 +0900,2026-05-05 14:05:53.257 +0900,116566,rice,JACKPOT 102,Transplanting,Mixed,AMMOPHOS
18313,,,202213,2025-12-28,,2026-01-16,,202213,9,2026-01-26,100,,2026-03-19 12:35:32.017 +0900,2026-03-19 12:35:32.017 +0900,69367,rice,NSIC RC 548H (Mestiso 101),Transplanting,Mixed,UREA
18313,,,202213,2025-12-28,,2026-01-16,,202213,9,2026-02-06,150,,2026-03-19 12:35:32.017 +0900,2026-03-19 12:35:32.017 +0900,69369,rice,NSIC RC 548H (Mestiso 101),Transplanting,Mixed,UREA
18313,,,202213,2025-12-28,,2026-01-16,,202213,10,2026-01-26,50,,2026-03-19 12:35:32.017 +0900,2026-03-19 12:35:32.017 +0900,69368,rice,NSIC RC 548H (Mestiso 101),Transplanting,Mixed,TRIPLE
18313,,,202213,2025-12-28,,2026-01-16,,202213,10,2026-02-06,150,,2026-03-19 12:35:32.017 +0900,2026-03-19 12:35:32.017 +0900,69370,rice,NSIC RC 548H (Mestiso 101),Transplanting,Mixed,TRIPLE
28330,,,202217,2025-12-20,,2026-01-18,,202217,9,2026-01-28,150,,2026-05-05 13:57:21.148 +0900,2026-05-05 13:57:21.148 +0900,116540,rice,BIGANTE/BIGANTE PLUS,Transplanting,Mixed,UREA
28330,,,202217,2025-12-20,,2026-01-18,,202217,9,2026-02-12,150,,2026-05-05 13:57:21.148 +0900,2026-05-05 13:57:21.148 +0900,116543,rice,BIGANTE/BIGANTE PLUS,Transplanting,Mixed,UREA
28330,,,202217,2025-12-20,,2026-01-18,,202217,10,2026-01-28,100,,2026-05-05 13:57:21.148 +0900,2026-05-05 13:57:21.148 +0900,116541,rice,BIGANTE/BIGANTE PLUS,Transplanting,Mixed,TRIPLE
28330,,,202217,2025-12-20,,2026-01-18,,202217,12,2026-01-28,100,,2026-05-05 13:57:21.148 +0900,2026-05-05 13:57:21.148 +0900,116542,rice,BIGANTE/BIGANTE PLUS,Transplanting,Mixed,AMMOPHOS
28330,,,202217,2025-12-20,,2026-01-18,,202217,12,2026-02-12,100,,2026-05-05 13:57:21.148 +0900,2026-05-05 13:57:21.148 +0900,116544,rice,BIGANTE/BIGANTE PLUS,Transplanting,Mixed,AMMOPHOS
28330,,,202217,2025-12-20,,2026-01-18,,202217,12,2026-02-25,50,,2026-05-05 13:57:21.148 +0900,2026-05-05 13:57:21.148 +0900,116545,rice,BIGANTE/BIGANTE PLUS,Transplanting,Mixed,AMMOPHOS
28330,,,202217,2025-12-20,,2026-01-18,,202217,16,2026-02-25,50,,2026-05-05 13:57:21.148 +0900,2026-05-05 13:57:21.148 +0900,116546,rice,BIGANTE/BIGANTE PLUS,Transplanting,Mixed,OTHER
28566,,,202221,2025-12-18,,2026-01-14,,202221,9,2026-01-24,100,,2026-05-06 15:52:25.911 +0900,2026-05-06 15:52:25.911 +0900,117647,rice,NSIC Rc456H (LP 937),Transplanting,Mixed,UREA
28566,,,202221,2025-12-18,,2026-01-14,,202221,9,2026-02-13,100,,2026-05-06 15:52:25.911 +0900,2026-05-06 15:52:25.911 +0900,117649,rice,NSIC Rc456H (LP 937),Transplanting,Mixed,UREA
28566,,,202221,2025-12-18,,2026-01-14,,202221,10,2026-01-24,100,,2026-05-06 15:52:25.911 +0900,2026-05-06 15:52:25.911 +0900,117648,rice,NSIC Rc456H (LP 937),Transplanting,Mixed,TRIPLE
28566,,,202221,2025-12-18,,2026-01-14,,202221,10,2026-02-13,50,,2026-05-06 15:52:25.911 +0900,2026-05-06 15:52:25.911 +0900,117650,rice,NSIC Rc456H (LP 937),Transplanting,Mixed,TRIPLE
28268,,,202228,2025-11-27,,2026-01-24,,202228,9,2026-02-03,100,,2026-05-05 10:58:28.567 +0900,2026-05-05 10:58:28.567 +0900,116195,rice,NSIC Rc234H (NK 5017),Transplanting,Mixed,UREA
28268,,,202228,2025-11-27,,2026-01-24,,202228,9,2026-02-13,100,,2026-05-05 10:58:28.567 +0900,2026-05-05 10:58:28.567 +0900,116197,rice,NSIC Rc234H (NK 5017),Transplanting,Mixed,UREA
28268,,,202228,2025-11-27,,2026-01-24,,202228,12,2026-02-03,125,,2026-05-05 10:58:28.567 +0900,2026-05-05 10:58:28.567 +0900,116196,rice,NSIC Rc234H (NK 5017),Transplanting,Mixed,AMMOPHOS
28268,,,202228,2025-11-27,,2026-01-24,,202228,12,2026-02-13,100,,2026-05-05 10:58:28.567 +0900,2026-05-05 10:58:28.567 +0900,116198,rice,NSIC Rc234H (NK 5017),Transplanting,Mixed,AMMOPHOS
27828,,,202229,2025-11-27,,2026-01-24,,202229,9,2026-02-03,100,,2026-04-23 11:35:32.528 +0900,2026-04-23 11:35:32.528 +0900,114183,rice,NSIC Rc234H (NK 5017),Transplanting,Mixed,UREA
27828,,,202229,2025-11-27,,2026-01-24,,202229,9,2026-02-15,100,,2026-04-23 11:35:32.528 +0900,2026-04-23 11:35:32.528 +0900,114185,rice,NSIC Rc234H (NK 5017),Transplanting,Mixed,UREA
27828,,,202229,2025-11-27,,2026-01-24,,202229,12,2026-02-03,125,,2026-04-23 11:35:32.528 +0900,2026-04-23 11:35:32.528 +0900,114184,rice,NSIC Rc234H (NK 5017),Transplanting,Mixed,AMMOPHOS
27828,,,202229,2025-11-27,,2026-01-24,,202229,12,2026-02-15,125,,2026-04-23 11:35:32.528 +0900,2026-04-23 11:35:32.528 +0900,114186,rice,NSIC Rc234H (NK 5017),Transplanting,Mixed,AMMOPHOS
28344,,,202230,2025-12-13,,2026-01-07,,202230,9,2026-01-14,75,,2026-05-05 14:53:28.230 +0900,2026-05-05 14:53:28.230 +0900,116617,rice,BIGANTE/BIGANTE PLUS,Transplanting,Mixed,UREA
28344,,,202230,2025-12-13,,2026-01-07,,202230,9,2026-01-29,75,,2026-05-05 14:53:28.230 +0900,2026-05-05 14:53:28.230 +0900,116619,rice,BIGANTE/BIGANTE PLUS,Transplanting,Mixed,UREA
28344,,,202230,2025-12-13,,2026-01-07,,202230,9,2026-02-10,50,,2026-05-05 14:53:28.230 +0900,2026-05-05 14:53:28.230 +0900,116621,rice,BIGANTE/BIGANTE PLUS,Transplanting,Mixed,UREA
28344,,,202230,2025-12-13,,2026-01-07,,202230,12,2026-01-14,50,,2026-05-05 14:53:28.230 +0900,2026-05-05 14:53:28.230 +0900,116618,rice,BIGANTE/BIGANTE PLUS,Transplanting,Mixed,AMMOPHOS
28344,,,202230,2025-12-13,,2026-01-07,,202230,12,2026-01-29,50,,2026-05-05 14:53:28.230 +0900,2026-05-05 14:53:28.230 +0900,116620,rice,BIGANTE/BIGANTE PLUS,Transplanting,Mixed,AMMOPHOS
28398,,,202235,2025-12-20,,2026-01-18,,202235,9,2026-02-02,100,,2026-05-05 16:51:46.709 +0900,2026-05-05 16:51:46.709 +0900,116886,rice,NSIC Rc234H (NK 5017),Transplanting,Mixed,UREA
28398,,,202235,2025-12-20,,2026-01-18,,202235,9,2026-02-17,100,,2026-05-05 16:51:46.709 +0900,2026-05-05 16:51:46.709 +0900,116891,rice,NSIC Rc234H (NK 5017),Transplanting,Mixed,UREA
28398,,,202235,2025-12-20,,2026-01-18,,202235,10,2026-02-02,50,,2026-05-05 16:51:46.709 +0900,2026-05-05 16:51:46.709 +0900,116887,rice,NSIC Rc234H (NK 5017),Transplanting,Mixed,TRIPLE
28398,,,202235,2025-12-20,,2026-01-18,,202235,10,2026-02-17,50,,2026-05-05 16:51:46.709 +0900,2026-05-05 16:51:46.709 +0900,116889,rice,NSIC Rc234H (NK 5017),Transplanting,Mixed,TRIPLE
28398,,,202235,2025-12-20,,2026-01-18,,202235,12,2026-02-02,50,,2026-05-05 16:51:46.709 +0900,2026-05-05 16:51:46.709 +0900,116888,rice,NSIC Rc234H (NK 5017),Transplanting,Mixed,AMMOPHOS
28398,,,202235,2025-12-20,,2026-01-18,,202235,12,2026-02-17,50,,2026-05-05 16:51:46.709 +0900,2026-05-05 16:51:46.709 +0900,116890,rice,NSIC Rc234H (NK 5017),Transplanting,Mixed,AMMOPHOS
28398,,,202235,2025-12-20,,2026-01-18,,202235,13,,,,2026-05-05 16:51:46.709 +0900,2026-05-05 16:51:46.709 +0900,116892,rice,NSIC Rc234H (NK 5017),Transplanting,Mixed,COMMERCIAL
28526,,,202239,2025-12-28,,2026-01-22,,202239,9,2026-02-01,125,,2026-05-06 15:00:50.426 +0900,2026-05-06 15:00:50.426 +0900,117478,rice,NSIC Rc456H (LP 937),Transplanting,Mixed,UREA
28526,,,202239,2025-12-28,,2026-01-22,,202239,9,2026-02-21,125,,2026-05-06 15:00:50.426 +0900,2026-05-06 15:00:50.426 +0900,117480,rice,NSIC Rc456H (LP 937),Transplanting,Mixed,UREA
28526,,,202239,2025-12-28,,2026-01-22,,202239,10,2026-02-01,125,,2026-05-06 15:00:50.426 +0900,2026-05-06 15:00:50.426 +0900,117479,rice,NSIC Rc456H (LP 937),Transplanting,Mixed,TRIPLE
28526,,,202239,2025-12-28,,2026-01-22,,202239,10,2026-02-21,125,,2026-05-06 15:00:50.426 +0900,2026-05-06 15:00:50.426 +0900,117481,rice,NSIC Rc456H (LP 937),Transplanting,Mixed,TRIPLE
28523,,,202240,2025-12-15,,2026-01-24,,202240,9,2026-02-07,125,,2026-05-06 14:58:11.146 +0900,2026-05-06 14:58:11.146 +0900,117467,rice,NSIC Rc456H (LP 937),Transplanting,Mixed,UREA
28523,,,202240,2025-12-15,,2026-01-24,,202240,9,2026-02-27,125,,2026-05-06 14:58:11.146 +0900,2026-05-06 14:58:11.146 +0900,117469,rice,NSIC Rc456H (LP 937),Transplanting,Mixed,UREA
28523,,,202240,2025-12-15,,2026-01-24,,202240,10,2026-02-07,125,,2026-05-06 14:58:11.146 +0900,2026-05-06 14:58:11.146 +0900,117468,rice,NSIC Rc456H (LP 937),Transplanting,Mixed,TRIPLE
28523,,,202240,2025-12-15,,2026-01-24,,202240,10,2026-02-27,125,,2026-05-06 14:58:11.146 +0900,2026-05-06 14:58:11.146 +0900,117470,rice,NSIC Rc456H (LP 937),Transplanting,Mixed,TRIPLE
28525,,,202241,2025-12-26,,2026-01-23,,202241,9,2026-02-08,125,,2026-05-06 14:59:35.164 +0900,2026-05-06 14:59:35.164 +0900,117474,rice,NSIC Rc456H (LP 937),Transplanting,Mixed,UREA
28525,,,202241,2025-12-26,,2026-01-23,,202241,9,2026-02-28,125,,2026-05-06 14:59:35.164 +0900,2026-05-06 14:59:35.164 +0900,117476,rice,NSIC Rc456H (LP 937),Transplanting,Mixed,UREA
28525,,,202241,2025-12-26,,2026-01-23,,202241,12,2026-02-08,125,,2026-05-06 14:59:35.164 +0900,2026-05-06 14:59:35.164 +0900,117475,rice,NSIC Rc456H (LP 937),Transplanting,Mixed,AMMOPHOS
28525,,,202241,2025-12-26,,2026-01-23,,202241,12,2026-02-28,125,,2026-05-06 14:59:35.164 +0900,2026-05-06 14:59:35.164 +0900,117477,rice,NSIC Rc456H (LP 937),Transplanting,Mixed,AMMOPHOS
19110,,,202243,2025-12-25,,2026-01-13,,202243,9,2026-01-25,50,,2026-03-24 14:20:48.966 +0900,2026-03-24 14:20:48.966 +0900,73240,rice,BIGANTE/BIGANTE PLUS,Transplanting,Mixed,UREA
19110,,,202243,2025-12-25,,2026-01-13,,202243,9,2026-02-12,50,,2026-03-24 14:20:48.966 +0900,2026-03-24 14:20:48.966 +0900,73242,rice,BIGANTE/BIGANTE PLUS,Transplanting,Mixed,UREA
19110,,,202243,2025-12-25,,2026-01-13,,202243,12,2026-01-25,100,,2026-03-24 14:20:48.966 +0900,2026-03-24 14:20:48.966 +0900,73241,rice,BIGANTE/BIGANTE PLUS,Transplanting,Mixed,AMMOPHOS
19110,,,202243,2025-12-25,,2026-01-13,,202243,12,2026-02-12,100,,2026-03-24 14:20:48.966 +0900,2026-03-24 14:20:48.966 +0900,73243,rice,BIGANTE/BIGANTE PLUS,Transplanting,Mixed,AMMOPHOS
19110,,,202243,2025-12-25,,2026-01-13,,202243,13,,,,2026-03-24 14:20:48.966 +0900,2026-03-24 14:20:48.966 +0900,73244,rice,BIGANTE/BIGANTE PLUS,Transplanting,Mixed,COMMERCIAL
28369,,,202244,2025-12-26,,2026-01-18,,202244,9,2026-01-25,50,,2026-05-05 16:12:01.512 +0900,2026-05-05 16:12:01.512 +0900,116748,rice,BIGANTE/BIGANTE PLUS,Transplanting,Mixed,UREA
28369,,,202244,2025-12-26,,2026-01-18,,202244,9,2026-02-05,50,,2026-05-05 16:12:01.512 +0900,2026-05-05 16:12:01.512 +0900,116750,rice,BIGANTE/BIGANTE PLUS,Transplanting,Mixed,UREA
28369,,,202244,2025-12-26,,2026-01-18,,202244,12,2026-01-25,50,,2026-05-05 16:12:01.512 +0900,2026-05-05 16:12:01.512 +0900,116749,rice,BIGANTE/BIGANTE PLUS,Transplanting,Mixed,AMMOPHOS
28369,,,202244,2025-12-26,,2026-01-18,,202244,12,2026-02-05,50,,2026-05-05 16:12:01.512 +0900,2026-05-05 16:12:01.512 +0900,116751,rice,BIGANTE/BIGANTE PLUS,Transplanting,Mixed,AMMOPHOS
28282,,,202245,2025-12-20,,2026-01-07,,202245,9,2026-01-17,100,,2026-05-05 11:49:51.066 +0900,2026-05-05 11:49:51.066 +0900,116273,rice,NSIC Rc234H (NK 5017),Transplanting,Mixed,UREA
28282,,,202245,2025-12-20,,2026-01-07,,202245,9,2026-01-30,50,,2026-05-05 11:49:51.066 +0900,2026-05-05 11:49:51.066 +0900,116276,rice,NSIC Rc234H (NK 5017),Transplanting,Mixed,UREA
28282,,,202245,2025-12-20,,2026-01-07,,202245,10,2026-01-17,50,,2026-05-05 11:49:51.066 +0900,2026-05-05 11:49:51.066 +0900,116274,rice,NSIC Rc234H (NK 5017),Transplanting,Mixed,TRIPLE
28282,,,202245,2025-12-20,,2026-01-07,,202245,12,2026-01-17,50,,2026-05-05 11:49:51.066 +0900,2026-05-05 11:49:51.066 +0900,116275,rice,NSIC Rc234H (NK 5017),Transplanting,Mixed,AMMOPHOS
28282,,,202245,2025-12-20,,2026-01-07,,202245,12,2026-01-30,50,,2026-05-05 11:49:51.066 +0900,2026-05-05 11:49:51.066 +0900,116277,rice,NSIC Rc234H (NK 5017),Transplanting,Mixed,AMMOPHOS
28437,,,202249,2025-12-06,,2026-01-15,,202249,9,2026-01-25,50,,2026-05-06 11:13:14.026 +0900,2026-05-06 11:13:14.026 +0900,117066,rice,NSIC Rc234H (NK 5017),Transplanting,Mixed,UREA
28437,,,202249,2025-12-06,,2026-01-15,,202249,9,2026-02-10,50,,2026-05-06 11:13:14.026 +0900,2026-05-06 11:13:14.026 +0900,117069,rice,NSIC Rc234H (NK 5017),Transplanting,Mixed,UREA
28437,,,202249,2025-12-06,,2026-01-15,,202249,9,2026-02-25,50,,2026-05-06 11:13:48.263 +0900,2026-05-06 11:13:48.263 +0900,117076,rice,NSIC Rc234H (NK 5017),Transplanting,Mixed,UREA
28437,,,202249,2025-12-06,,2026-01-15,,202249,10,2026-01-25,50,,2026-05-06 11:13:14.026 +0900,2026-05-06 11:13:14.026 +0900,117067,rice,NSIC Rc234H (NK 5017),Transplanting,Mixed,TRIPLE
28437,,,202249,2025-12-06,,2026-01-15,,202249,10,2026-02-10,50,,2026-05-06 11:13:14.026 +0900,2026-05-06 11:13:14.026 +0900,117070,rice,NSIC Rc234H (NK 5017),Transplanting,Mixed,TRIPLE
28437,,,202249,2025-12-06,,2026-01-15,,202249,12,2026-01-25,50,,2026-05-06 11:13:14.026 +0900,2026-05-06 11:13:14.026 +0900,117068,rice,NSIC Rc234H (NK 5017),Transplanting,Mixed,AMMOPHOS
28437,,,202249,2025-12-06,,2026-01-15,,202249,12,2026-02-10,50,,2026-05-06 11:13:14.026 +0900,2026-05-06 11:13:14.026 +0900,117071,rice,NSIC Rc234H (NK 5017),Transplanting,Mixed,AMMOPHOS
28343,,,202251,2025-12-08,,2026-01-12,,202251,9,2026-01-20,100,,2026-05-05 14:51:44.726 +0900,2026-05-05 14:51:44.726 +0900,116610,rice,NSIC RC 132H (MESTISO 6),Transplanting,Mixed,UREA
28343,,,202251,2025-12-08,,2026-01-12,,202251,9,2026-01-28,100,,2026-05-05 14:51:44.726 +0900,2026-05-05 14:51:44.726 +0900,116613,rice,NSIC RC 132H (MESTISO 6),Transplanting,Mixed,UREA
28343,,,202251,2025-12-08,,2026-01-12,,202251,9,2026-02-10,50,,2026-05-05 14:51:44.726 +0900,2026-05-05 14:51:44.726 +0900,116615,rice,NSIC RC 132H (MESTISO 6),Transplanting,Mixed,UREA
28343,,,202251,2025-12-08,,2026-01-12,,202251,10,2026-01-20,50,,2026-05-05 14:51:44.726 +0900,2026-05-05 14:51:44.726 +0900,116611,rice,NSIC RC 132H (MESTISO 6),Transplanting,Mixed,TRIPLE
28343,,,202251,2025-12-08,,2026-01-12,,202251,12,2026-01-20,50,,2026-05-05 14:51:44.726 +0900,2026-05-05 14:51:44.726 +0900,116612,rice,NSIC RC 132H (MESTISO 6),Transplanting,Mixed,AMMOPHOS
28343,,,202251,2025-12-08,,2026-01-12,,202251,12,2026-01-28,50,,2026-05-05 14:51:44.726 +0900,2026-05-05 14:51:44.726 +0900,116614,rice,NSIC RC 132H (MESTISO 6),Transplanting,Mixed,AMMOPHOS
28343,,,202251,2025-12-08,,2026-01-12,,202251,16,2026-02-10,50,,2026-05-05 14:51:44.726 +0900,2026-05-05 14:51:44.726 +0900,116616,rice,NSIC RC 132H (MESTISO 6),Transplanting,Mixed,OTHER
28512,,,202252,2025-12-25,,2026-01-19,,202252,9,2026-01-29,50,,2026-05-06 14:47:31.367 +0900,2026-05-06 14:47:31.367 +0900,117419,rice,JACKPOT 102,Transplanting,Mixed,UREA
28512,,,202252,2025-12-25,,2026-01-19,,202252,9,2026-02-18,50,,2026-05-06 14:47:31.367 +0900,2026-05-06 14:47:31.367 +0900,117421,rice,JACKPOT 102,Transplanting,Mixed,UREA
28512,,,202252,2025-12-25,,2026-01-19,,202252,10,2026-01-29,50,,2026-05-06 14:47:31.367 +0900,2026-05-06 14:47:31.367 +0900,117420,rice,JACKPOT 102,Transplanting,Mixed,TRIPLE
28512,,,202252,2025-12-25,,2026-01-19,,202252,10,2026-02-18,50,,2026-05-06 14:47:31.367 +0900,2026-05-06 14:47:31.367 +0900,117422,rice,JACKPOT 102,Transplanting,Mixed,TRIPLE
28514,,,202253,2025-12-28,,2026-01-22,,202253,9,2026-02-01,50,,2026-05-06 14:49:30.338 +0900,2026-05-06 14:49:30.338 +0900,117428,rice,JACKPOT 102,Transplanting,Mixed,UREA
28514,,,202253,2025-12-28,,2026-01-22,,202253,9,2026-02-21,50,,2026-05-06 14:49:30.338 +0900,2026-05-06 14:49:30.338 +0900,117430,rice,JACKPOT 102,Transplanting,Mixed,UREA
28514,,,202253,2025-12-28,,2026-01-22,,202253,10,2026-02-01,50,,2026-05-06 14:49:30.338 +0900,2026-05-06 14:49:30.338 +0900,117429,rice,JACKPOT 102,Transplanting,Mixed,TRIPLE
28514,,,202253,2025-12-28,,2026-01-22,,202253,10,2026-02-21,50,,2026-05-06 14:49:30.338 +0900,2026-05-06 14:49:30.338 +0900,117431,rice,JACKPOT 102,Transplanting,Mixed,TRIPLE
18298,,,202254,2025-12-29,,2026-01-05,,202254,9,2026-01-25,100,,2026-03-19 12:09:54.812 +0900,2026-03-19 12:09:54.812 +0900,69297,rice,NSIC RC 402 (Tubigan 36),Transplanting,Mixed,UREA
18298,,,202254,2025-12-29,,2026-01-05,,202254,10,2026-01-15,100,,2026-03-19 12:09:54.812 +0900,2026-03-19 12:09:54.812 +0900,69295,rice,NSIC RC 402 (Tubigan 36),Transplanting,Mixed,TRIPLE
18298,,,202254,2025-12-29,,2026-01-05,,202254,12,2026-01-15,200,,2026-03-19 12:09:54.812 +0900,2026-03-19 12:09:54.812 +0900,69296,rice,NSIC RC 402 (Tubigan 36),Transplanting,Mixed,AMMOPHOS
18298,,,202254,2025-12-29,,2026-01-05,,202254,12,2026-01-25,150,,2026-03-19 12:09:54.812 +0900,2026-03-19 12:09:54.812 +0900,69298,rice,NSIC RC 402 (Tubigan 36),Transplanting,Mixed,AMMOPHOS
18298,,,202254,2025-12-29,,2026-01-05,,202254,13,,,,2026-03-19 12:09:54.812 +0900,2026-03-19 12:09:54.812 +0900,69300,rice,NSIC RC 402 (Tubigan 36),Transplanting,Mixed,COMMERCIAL
18298,,,202254,2025-12-29,,2026-01-05,,202254,16,2026-02-04,150,,2026-03-19 12:09:54.812 +0900,2026-03-19 12:09:54.812 +0900,69299,rice,NSIC RC 402 (Tubigan 36),Transplanting,Mixed,OTHER
28289,,,202266,2025-12-25,,2026-02-02,,202266,9,2026-02-05,25,,2026-05-05 12:02:35.452 +0900,2026-05-05 12:02:35.452 +0900,116309,rice,BIGANTE/BIGANTE PLUS,Transplanting,Mixed,UREA
28289,,,202266,2025-12-25,,2026-02-02,,202266,9,2026-02-20,25,,2026-05-05 12:02:35.452 +0900,2026-05-05 12:02:35.452 +0900,116312,rice,BIGANTE/BIGANTE PLUS,Transplanting,Mixed,UREA
28289,,,202266,2025-12-25,,2026-02-02,,202266,10,2026-02-05,25,,2026-05-05 12:02:35.452 +0900,2026-05-05 12:02:35.452 +0900,116310,rice,BIGANTE/BIGANTE PLUS,Transplanting,Mixed,TRIPLE
28289,,,202266,2025-12-25,,2026-02-02,,202266,12,2026-02-05,25,,2026-05-05 12:02:35.452 +0900,2026-05-05 12:02:35.452 +0900,116311,rice,BIGANTE/BIGANTE PLUS,Transplanting,Mixed,AMMOPHOS
28289,,,202266,2025-12-25,,2026-02-02,,202266,12,2026-02-20,25,,2026-05-05 12:02:35.452 +0900,2026-05-05 12:02:35.452 +0900,116313,rice,BIGANTE/BIGANTE PLUS,Transplanting,Mixed,AMMOPHOS
28289,,,202266,2025-12-25,,2026-02-02,,202266,16,2026-03-07,25,,2026-05-05 12:02:35.452 +0900,2026-05-05 12:02:35.452 +0900,116314,rice,BIGANTE/BIGANTE PLUS,Transplanting,Mixed,OTHER
17646,,,202267,2025-12-15,,2026-01-20,,202267,9,2026-01-20,50,,2026-03-10 11:09:02.807 +0900,2026-03-10 11:09:02.807 +0900,66004,rice,NSIC RC 402 (Tubigan 36),Transplanting,Mixed,UREA
17646,,,202267,2025-12-15,,2026-01-20,,202267,9,2026-02-10,50,,2026-03-10 11:09:02.807 +0900,2026-03-10 11:09:02.807 +0900,66006,rice,NSIC RC 402 (Tubigan 36),Transplanting,Mixed,UREA
17646,,,202267,2025-12-15,,2026-01-20,,202267,12,2026-01-20,50,,2026-03-10 11:09:02.807 +0900,2026-03-10 11:09:02.807 +0900,66005,rice,NSIC RC 402 (Tubigan 36),Transplanting,Mixed,AMMOPHOS
17646,,,202267,2025-12-15,,2026-01-20,,202267,12,2026-02-10,50,,2026-03-10 11:09:02.807 +0900,2026-03-10 11:09:02.807 +0900,66007,rice,NSIC RC 402 (Tubigan 36),Transplanting,Mixed,AMMOPHOS
17646,,,202267,2025-12-15,,2026-01-20,,202267,13,,,,2026-03-10 11:09:02.807 +0900,2026-03-10 11:09:02.807 +0900,66008,rice,NSIC RC 402 (Tubigan 36),Transplanting,Mixed,COMMERCIAL
17649,,,202268,2025-12-02,,2026-01-08,,202268,9,2026-01-12,100,,2026-03-10 11:29:12.888 +0900,2026-03-10 11:29:12.888 +0900,66020,rice,NSIC RC 128 (MABANGO 1),Transplanting,Mixed,UREA
17649,,,202268,2025-12-02,,2026-01-08,,202268,10,2026-02-09,100,,2026-03-10 11:29:12.888 +0900,2026-03-10 11:29:12.888 +0900,66022,rice,NSIC RC 128 (MABANGO 1),Transplanting,Mixed,TRIPLE
17649,,,202268,2025-12-02,,2026-01-08,,202268,11,2026-02-09,50,,2026-03-10 11:29:12.888 +0900,2026-03-10 11:29:12.888 +0900,66023,rice,NSIC RC 128 (MABANGO 1),Transplanting,Mixed,AMMOSUL
17649,,,202268,2025-12-02,,2026-01-08,,202268,12,2026-01-12,100,,2026-03-10 11:29:12.888 +0900,2026-03-10 11:29:12.888 +0900,66021,rice,NSIC RC 128 (MABANGO 1),Transplanting,Mixed,AMMOPHOS
28461,,,202270,2025-12-20,,2026-01-23,,202270,9,2026-02-03,100,,2026-05-06 11:41:58.186 +0900,2026-05-06 11:41:58.186 +0900,117192,rice,NSIC RC 132H (MESTISO 6),Transplanting,Mixed,UREA
28461,,,202270,2025-12-20,,2026-01-23,,202270,9,2026-02-18,100,,2026-05-06 11:41:58.186 +0900,2026-05-06 11:41:58.186 +0900,117194,rice,NSIC RC 132H (MESTISO 6),Transplanting,Mixed,UREA
28461,,,202270,2025-12-20,,2026-01-23,,202270,12,2026-02-03,100,,2026-05-06 11:41:58.186 +0900,2026-05-06 11:41:58.186 +0900,117193,rice,NSIC RC 132H (MESTISO 6),Transplanting,Mixed,AMMOPHOS
28461,,,202270,2025-12-20,,2026-01-23,,202270,12,2026-02-18,100,,2026-05-06 11:41:58.186 +0900,2026-05-06 11:41:58.186 +0900,117195,rice,NSIC RC 132H (MESTISO 6),Transplanting,Mixed,AMMOPHOS
28494,,,202310,2025-12-25,,2026-01-23,,202310,9,2026-02-02,100,,2026-05-06 12:51:21.141 +0900,2026-05-06 12:51:21.141 +0900,117335,rice,NSIC Rc234H (NK 5017),Transplanting,Mixed,UREA
28494,,,202310,2025-12-25,,2026-01-23,,202310,9,2026-02-22,100,,2026-05-06 12:51:21.141 +0900,2026-05-06 12:51:21.141 +0900,117337,rice,NSIC Rc234H (NK 5017),Transplanting,Mixed,UREA
28494,,,202310,2025-12-25,,2026-01-23,,202310,12,2026-02-02,100,,2026-05-06 12:51:21.141 +0900,2026-05-06 12:51:21.141 +0900,117336,rice,NSIC Rc234H (NK 5017),Transplanting,Mixed,AMMOPHOS
28494,,,202310,2025-12-25,,2026-01-23,,202310,12,2026-02-22,100,,2026-05-06 12:51:21.141 +0900,2026-05-06 12:51:21.141 +0900,117338,rice,NSIC Rc234H (NK 5017),Transplanting,Mixed,AMMOPHOS
28456,,,202314,2025-12-10,,2025-12-29,,202314,9,2026-01-08,100,,2026-05-06 11:35:32.532 +0900,2026-05-06 11:35:32.532 +0900,117169,rice,NSIC RC 132H (MESTISO 6),Transplanting,Mixed,UREA
28456,,,202314,2025-12-10,,2025-12-29,,202314,9,2026-01-20,100,,2026-05-06 11:35:32.532 +0900,2026-05-06 11:35:32.532 +0900,117172,rice,NSIC RC 132H (MESTISO 6),Transplanting,Mixed,UREA
28456,,,202314,2025-12-10,,2025-12-29,,202314,9,2026-02-03,100,,2026-05-06 11:35:32.532 +0900,2026-05-06 11:35:32.532 +0900,117174,rice,NSIC RC 132H (MESTISO 6),Transplanting,Mixed,UREA
28456,,,202314,2025-12-10,,2025-12-29,,202314,10,2026-01-08,50,,2026-05-06 11:35:32.532 +0900,2026-05-06 11:35:32.532 +0900,117170,rice,NSIC RC 132H (MESTISO 6),Transplanting,Mixed,TRIPLE
28456,,,202314,2025-12-10,,2025-12-29,,202314,12,2026-01-08,50,,2026-05-06 11:35:32.532 +0900,2026-05-06 11:35:32.532 +0900,117171,rice,NSIC RC 132H (MESTISO 6),Transplanting,Mixed,AMMOPHOS
28456,,,202314,2025-12-10,,2025-12-29,,202314,12,2026-01-20,100,,2026-05-06 11:35:32.532 +0900,2026-05-06 11:35:32.532 +0900,117173,rice,NSIC RC 132H (MESTISO 6),Transplanting,Mixed,AMMOPHOS
28456,,,202314,2025-12-10,,2025-12-29,,202314,16,2026-02-03,50,,2026-05-06 11:35:32.532 +0900,2026-05-06 11:35:32.532 +0900,117175,rice,NSIC RC 132H (MESTISO 6),Transplanting,Mixed,OTHER
19103,,,202319,2025-11-29,,2025-12-27,,202319,9,2026-01-05,50,,2026-03-24 12:45:49.778 +0900,2026-03-24 12:45:49.778 +0900,73207,rice,NSIC Rc234H (NK 5017),Transplanting,Mixed,UREA
19103,,,202319,2025-11-29,,2025-12-27,,202319,9,2026-01-25,100,,2026-03-24 12:45:49.778 +0900,2026-03-24 12:45:49.778 +0900,73209,rice,NSIC Rc234H (NK 5017),Transplanting,Mixed,UREA
19103,,,202319,2025-11-29,,2025-12-27,,202319,12,2026-01-05,100,,2026-03-24 12:45:49.778 +0900,2026-03-24 12:45:49.778 +0900,73208,rice,NSIC Rc234H (NK 5017),Transplanting,Mixed,AMMOPHOS
19103,,,202319,2025-11-29,,2025-12-27,,202319,16,2026-01-25,50,,2026-03-24 12:45:49.778 +0900,2026-03-24 12:45:49.778 +0900,73210,rice,NSIC Rc234H (NK 5017),Transplanting,Mixed,OTHER
28261,,,202321,2025-12-01,,2026-01-03,,202321,9,2026-01-13,100,,2026-05-05 10:40:27.153 +0900,2026-05-05 10:40:27.153 +0900,116158,rice,BIGANTE/BIGANTE PLUS,Transplanting,Mixed,UREA
28261,,,202321,2025-12-01,,2026-01-03,,202321,9,2026-01-23,50,,2026-05-05 10:40:27.153 +0900,2026-05-05 10:40:27.153 +0900,116160,rice,BIGANTE/BIGANTE PLUS,Transplanting,Mixed,UREA
28261,,,202321,2025-12-01,,2026-01-03,,202321,10,2026-01-13,50,,2026-05-05 10:40:27.153 +0900,2026-05-05 10:40:27.153 +0900,116159,rice,BIGANTE/BIGANTE PLUS,Transplanting,Mixed,TRIPLE
28261,,,202321,2025-12-01,,2026-01-03,,202321,12,2026-01-23,50,,2026-05-05 10:40:27.153 +0900,2026-05-05 10:40:27.153 +0900,116161,rice,BIGANTE/BIGANTE PLUS,Transplanting,Mixed,AMMOPHOS
28261,,,202321,2025-12-01,,2026-01-03,,202321,16,2026-02-01,50,,2026-05-05 10:40:27.153 +0900,2026-05-05 10:40:27.153 +0900,116162,rice,BIGANTE/BIGANTE PLUS,Transplanting,Mixed,OTHER
28393,,,202322,2025-12-12,,2026-01-15,,202322,9,2026-01-25,75,,2026-05-05 16:42:36.629 +0900,2026-05-05 16:42:36.629 +0900,116862,rice,JACKPOT 102,Transplanting,Mixed,UREA
28393,,,202322,2025-12-12,,2026-01-15,,202322,9,2026-02-14,75,,2026-05-05 16:42:36.629 +0900,2026-05-05 16:42:36.629 +0900,116864,rice,JACKPOT 102,Transplanting,Mixed,UREA
28393,,,202322,2025-12-12,,2026-01-15,,202322,12,2026-01-25,75,,2026-05-05 16:42:36.629 +0900,2026-05-05 16:42:36.629 +0900,116863,rice,JACKPOT 102,Transplanting,Mixed,AMMOPHOS
28393,,,202322,2025-12-12,,2026-01-15,,202322,12,2026-02-14,50,,2026-05-05 16:42:36.629 +0900,2026-05-05 16:42:36.629 +0900,116865,rice,JACKPOT 102,Transplanting,Mixed,AMMOPHOS
28489,,,202323,2025-12-18,,2026-01-13,,202323,9,2026-01-23,50,,2026-05-06 12:36:27.849 +0900,2026-05-06 12:36:27.849 +0900,117315,rice,BIGANTE/BIGANTE PLUS,Transplanting,Mixed,UREA
28489,,,202323,2025-12-18,,2026-01-13,,202323,9,2026-02-12,50,,2026-05-06 12:36:27.849 +0900,2026-05-06 12:36:27.849 +0900,117317,rice,BIGANTE/BIGANTE PLUS,Transplanting,Mixed,UREA
28489,,,202323,2025-12-18,,2026-01-13,,202323,10,2026-01-23,50,,2026-05-06 12:36:27.849 +0900,2026-05-06 12:36:27.849 +0900,117316,rice,BIGANTE/BIGANTE PLUS,Transplanting,Mixed,TRIPLE
28489,,,202323,2025-12-18,,2026-01-13,,202323,10,2026-02-12,50,,2026-05-06 12:36:27.849 +0900,2026-05-06 12:36:27.849 +0900,117318,rice,BIGANTE/BIGANTE PLUS,Transplanting,Mixed,TRIPLE
28613,,,202328,2025-12-08,,2026-01-17,,202328,9,2026-01-27,25,,2026-05-13 10:18:45.742 +0900,2026-05-13 10:18:45.742 +0900,117861,rice,NSIC RC 664H,Transplanting,Mixed,UREA
28613,,,202328,2025-12-08,,2026-01-17,,202328,9,2026-02-16,25,,2026-05-13 10:18:45.742 +0900,2026-05-13 10:18:45.742 +0900,117863,rice,NSIC RC 664H,Transplanting,Mixed,UREA
28613,,,202328,2025-12-08,,2026-01-17,,202328,12,2026-01-27,25,,2026-05-13 10:18:45.742 +0900,2026-05-13 10:18:45.742 +0900,117862,rice,NSIC RC 664H,Transplanting,Mixed,AMMOPHOS
28613,,,202328,2025-12-08,,2026-01-17,,202328,12,2026-02-16,25,,2026-05-13 10:18:45.742 +0900,2026-05-13 10:18:45.742 +0900,117864,rice,NSIC RC 664H,Transplanting,Mixed,AMMOPHOS
28340,,,202329,2025-12-06,,2026-01-03,,202329,9,2026-01-10,50,,2026-05-05 14:46:58.343 +0900,2026-05-05 14:46:58.343 +0900,116593,rice,JACKPOT 102,Transplanting,Mixed,UREA
28340,,,202329,2025-12-06,,2026-01-03,,202329,9,2026-01-25,50,,2026-05-05 14:46:58.343 +0900,2026-05-05 14:46:58.343 +0900,116596,rice,JACKPOT 102,Transplanting,Mixed,UREA
28340,,,202329,2025-12-06,,2026-01-03,,202329,10,2026-01-10,25,,2026-05-05 14:46:58.343 +0900,2026-05-05 14:46:58.343 +0900,116594,rice,JACKPOT 102,Transplanting,Mixed,TRIPLE
28340,,,202329,2025-12-06,,2026-01-03,,202329,12,2026-01-10,25,,2026-05-05 14:46:58.343 +0900,2026-05-05 14:46:58.343 +0900,116595,rice,JACKPOT 102,Transplanting,Mixed,AMMOPHOS
28340,,,202329,2025-12-06,,2026-01-03,,202329,12,2026-01-25,25,,2026-05-05 14:46:58.343 +0900,2026-05-05 14:46:58.343 +0900,116597,rice,JACKPOT 102,Transplanting,Mixed,AMMOPHOS
28340,,,202329,2025-12-06,,2026-01-03,,202329,16,2026-02-05,25,,2026-05-05 14:46:58.343 +0900,2026-05-05 14:46:58.343 +0900,116598,rice,JACKPOT 102,Transplanting,Mixed,OTHER
28475,,,202331,2025-12-28,,2026-01-22,,202331,9,2026-02-01,100,,2026-05-06 12:11:27.454 +0900,2026-05-06 12:11:27.454 +0900,117256,rice,BIGANTE/BIGANTE PLUS,Transplanting,Mixed,UREA
28475,,,202331,2025-12-28,,2026-01-22,,202331,9,2026-02-21,100,,2026-05-06 12:11:27.454 +0900,2026-05-06 12:11:27.454 +0900,117258,rice,BIGANTE/BIGANTE PLUS,Transplanting,Mixed,UREA
28475,,,202331,2025-12-28,,2026-01-22,,202331,10,2026-02-01,100,,2026-05-06 12:11:27.454 +0900,2026-05-06 12:11:27.454 +0900,117257,rice,BIGANTE/BIGANTE PLUS,Transplanting,Mixed,TRIPLE
28475,,,202331,2025-12-28,,2026-01-22,,202331,10,2026-02-21,100,,2026-05-06 12:11:27.454 +0900,2026-05-06 12:11:27.454 +0900,117259,rice,BIGANTE/BIGANTE PLUS,Transplanting,Mixed,TRIPLE
28475,,,202331,2025-12-28,,2026-01-22,,202331,12,2026-02-21,50,,2026-05-06 12:11:27.454 +0900,2026-05-06 12:11:27.454 +0900,117260,rice,BIGANTE/BIGANTE PLUS,Transplanting,Mixed,AMMOPHOS
28332,,,202336,2025-12-12,,2026-01-13,,202336,9,2026-01-23,25,,2026-05-05 14:00:48.363 +0900,2026-05-05 14:00:48.363 +0900,116553,rice,BIGANTE/BIGANTE PLUS,Transplanting,Mixed,UREA
28332,,,202336,2025-12-12,,2026-01-13,,202336,9,2026-02-03,25,,2026-05-05 14:00:48.363 +0900,2026-05-05 14:00:48.363 +0900,116555,rice,BIGANTE/BIGANTE PLUS,Transplanting,Mixed,UREA
28332,,,202336,2025-12-12,,2026-01-13,,202336,12,2026-01-23,25,,2026-05-05 14:00:48.363 +0900,2026-05-05 14:00:48.363 +0900,116554,rice,BIGANTE/BIGANTE PLUS,Transplanting,Mixed,AMMOPHOS
28332,,,202336,2025-12-12,,2026-01-13,,202336,12,2026-02-03,25,,2026-05-05 14:00:48.363 +0900,2026-05-05 14:00:48.363 +0900,116556,rice,BIGANTE/BIGANTE PLUS,Transplanting,Mixed,AMMOPHOS
28518,,,202337,2025-12-31,,2026-01-27,,202337,9,2026-01-06,200,,2026-05-06 14:52:46.588 +0900,2026-05-06 14:52:46.588 +0900,117446,rice,JACKPOT 102,Transplanting,Mixed,UREA
28518,,,202337,2025-12-31,,2026-01-27,,202337,9,2026-01-26,200,,2026-05-06 14:52:46.588 +0900,2026-05-06 14:52:46.588 +0900,117448,rice,JACKPOT 102,Transplanting,Mixed,UREA
28518,,,202337,2025-12-31,,2026-01-27,,202337,10,2026-01-06,225,,2026-05-06 14:52:46.588 +0900,2026-05-06 14:52:46.588 +0900,117447,rice,JACKPOT 102,Transplanting,Mixed,TRIPLE
28518,,,202337,2025-12-31,,2026-01-27,,202337,10,2026-01-26,225,,2026-05-06 14:52:46.588 +0900,2026-05-06 14:52:46.588 +0900,117449,rice,JACKPOT 102,Transplanting,Mixed,TRIPLE
28408,,,202339,2025-12-26,,2026-01-19,,202339,9,2026-01-29,200,,2026-05-06 09:44:11.660 +0900,2026-05-06 09:44:11.660 +0900,116929,rice,BIGANTE/BIGANTE PLUS,Transplanting,Mixed,UREA
28408,,,202339,2025-12-26,,2026-01-19,,202339,9,2026-02-08,200,,2026-05-06 09:44:11.660 +0900,2026-05-06 09:44:11.660 +0900,116931,rice,BIGANTE/BIGANTE PLUS,Transplanting,Mixed,UREA
28408,,,202339,2025-12-26,,2026-01-19,,202339,10,2026-01-29,225,,2026-05-06 09:44:11.660 +0900,2026-05-06 09:44:11.660 +0900,116930,rice,BIGANTE/BIGANTE PLUS,Transplanting,Mixed,TRIPLE
28408,,,202339,2025-12-26,,2026-01-19,,202339,10,2026-02-08,225,,2026-05-06 09:44:11.660 +0900,2026-05-06 09:44:11.660 +0900,116932,rice,BIGANTE/BIGANTE PLUS,Transplanting,Mixed,TRIPLE
28467,,,202344,2025-12-16,,2026-01-18,,202344,9,2026-01-28,125,,2026-05-06 11:51:15.303 +0900,2026-05-06 11:51:15.303 +0900,117216,rice,NSIC Rc234H (NK 5017),Transplanting,Mixed,UREA
28467,,,202344,2025-12-16,,2026-01-18,,202344,9,2026-02-13,125,,2026-05-06 11:51:15.303 +0900,2026-05-06 11:51:15.303 +0900,117218,rice,NSIC Rc234H (NK 5017),Transplanting,Mixed,UREA
28467,,,202344,2025-12-16,,2026-01-18,,202344,12,2026-01-28,125,,2026-05-06 11:51:15.303 +0900,2026-05-06 11:51:15.303 +0900,117217,rice,NSIC Rc234H (NK 5017),Transplanting,Mixed,AMMOPHOS
28467,,,202344,2025-12-16,,2026-01-18,,202344,12,2026-02-13,125,,2026-05-06 11:51:15.303 +0900,2026-05-06 11:51:15.303 +0900,117219,rice,NSIC Rc234H (NK 5017),Transplanting,Mixed,AMMOPHOS
17463,,,202347,2025-12-10,,2026-01-08,,202347,9,2026-01-18,150,,2026-03-05 11:52:41.881 +0900,2026-03-05 11:52:41.881 +0900,65047,rice,NSIC RC 402 (Tubigan 36),Transplanting,Mixed,UREA
17463,,,202347,2025-12-10,,2026-01-08,,202347,9,2026-02-10,150,,2026-03-05 11:52:41.881 +0900,2026-03-05 11:52:41.881 +0900,65049,rice,NSIC RC 402 (Tubigan 36),Transplanting,Mixed,UREA
17463,,,202347,2025-12-10,,2026-01-08,,202347,11,2026-02-25,50,,2026-03-05 11:52:41.881 +0900,2026-03-05 11:52:41.881 +0900,65051,rice,NSIC RC 402 (Tubigan 36),Transplanting,Mixed,AMMOSUL
17463,,,202347,2025-12-10,,2026-01-08,,202347,12,2026-01-18,150,,2026-03-05 11:52:41.881 +0900,2026-03-05 11:52:41.881 +0900,65048,rice,NSIC RC 402 (Tubigan 36),Transplanting,Mixed,AMMOPHOS
17463,,,202347,2025-12-10,,2026-01-08,,202347,12,2026-02-10,150,,2026-03-05 11:52:41.881 +0900,2026-03-05 11:52:41.881 +0900,65050,rice,NSIC RC 402 (Tubigan 36),Transplanting,Mixed,AMMOPHOS
17463,,,202347,2025-12-10,,2026-01-08,,202347,13,,,,2026-03-05 11:52:41.881 +0900,2026-03-05 11:52:41.881 +0900,65053,rice,NSIC RC 402 (Tubigan 36),Transplanting,Mixed,COMMERCIAL
17463,,,202347,2025-12-10,,2026-01-08,,202347,16,2026-02-25,100,,2026-03-05 11:52:41.881 +0900,2026-03-05 11:52:41.881 +0900,65052,rice,NSIC RC 402 (Tubigan 36),Transplanting,Mixed,OTHER
17654,,,202348,2025-12-10,,2026-01-20,,202348,9,2026-01-28,50,,2026-03-10 11:56:28.860 +0900,2026-03-10 11:56:28.860 +0900,66044,rice,PSB RC18 (ALA),Transplanting,Mixed,UREA
17654,,,202348,2025-12-10,,2026-01-20,,202348,9,2026-02-12,50,,2026-03-10 11:56:28.860 +0900,2026-03-10 11:56:28.860 +0900,66046,rice,PSB RC18 (ALA),Transplanting,Mixed,UREA
17654,,,202348,2025-12-10,,2026-01-20,,202348,10,2026-02-12,25,,2026-03-10 11:56:28.860 +0900,2026-03-10 11:56:28.860 +0900,66047,rice,PSB RC18 (ALA),Transplanting,Mixed,TRIPLE
17654,,,202348,2025-12-10,,2026-01-20,,202348,12,2026-01-28,25,,2026-03-10 11:56:28.860 +0900,2026-03-10 11:56:28.860 +0900,66045,rice,PSB RC18 (ALA),Transplanting,Mixed,AMMOPHOS
17654,,,202348,2025-12-10,,2026-01-20,,202348,15,,,,2026-03-10 11:56:28.860 +0900,2026-03-10 11:56:28.860 +0900,66049,rice,PSB RC18 (ALA),Transplanting,Mixed,COMPOST
17654,,,202348,2025-12-10,,2026-01-20,,202348,16,2026-02-20,50,,2026-03-10 11:56:28.860 +0900,2026-03-10 11:56:28.860 +0900,66048,rice,PSB RC18 (ALA),Transplanting,Mixed,OTHER
17653,,,202349,2025-12-10,,2026-01-20,,202349,9,2026-01-28,100,,2026-03-10 11:52:27.611 +0900,2026-03-10 11:52:27.611 +0900,66038,rice,NSIC Rc234H (NK 5017),Transplanting,Mixed,UREA
17653,,,202349,2025-12-10,,2026-01-20,,202349,10,2026-02-12,100,,2026-03-10 11:52:27.611 +0900,2026-03-10 11:52:27.611 +0900,66040,rice,NSIC Rc234H (NK 5017),Transplanting,Mixed,TRIPLE
17653,,,202349,2025-12-10,,2026-01-20,,202349,12,2026-01-28,100,,2026-03-10 11:52:27.611 +0900,2026-03-10 11:52:27.611 +0900,66039,rice,NSIC Rc234H (NK 5017),Transplanting,Mixed,AMMOPHOS
17653,,,202349,2025-12-10,,2026-01-20,,202349,12,2026-02-12,50,,2026-03-10 11:52:27.611 +0900,2026-03-10 11:52:27.611 +0900,66041,rice,NSIC Rc234H (NK 5017),Transplanting,Mixed,AMMOPHOS
17653,,,202349,2025-12-10,,2026-01-20,,202349,15,,,,2026-03-10 11:52:27.611 +0900,2026-03-10 11:52:27.611 +0900,66043,rice,NSIC Rc234H (NK 5017),Transplanting,Mixed,COMPOST
17653,,,202349,2025-12-10,,2026-01-20,,202349,16,2026-02-20,100,,2026-03-10 11:52:27.611 +0900,2026-03-10 11:52:27.611 +0900,66042,rice,NSIC Rc234H (NK 5017),Transplanting,Mixed,OTHER
28283,,,202350,2025-12-14,,2026-01-04,,202350,9,2026-01-11,100,,2026-05-05 11:51:21.094 +0900,2026-05-05 11:51:21.094 +0900,116278,rice,NSIC Rc234H (NK 5017),Transplanting,Mixed,UREA
28283,,,202350,2025-12-14,,2026-01-04,,202350,9,2026-01-19,100,,2026-05-05 11:51:21.094 +0900,2026-05-05 11:51:21.094 +0900,116281,rice,NSIC Rc234H (NK 5017),Transplanting,Mixed,UREA
28283,,,202350,2025-12-14,,2026-01-04,,202350,10,2026-01-11,50,,2026-05-05 11:51:21.094 +0900,2026-05-05 11:51:21.094 +0900,116279,rice,NSIC Rc234H (NK 5017),Transplanting,Mixed,TRIPLE
28283,,,202350,2025-12-14,,2026-01-04,,202350,12,2026-01-11,50,,2026-05-05 11:51:21.094 +0900,2026-05-05 11:51:21.094 +0900,116280,rice,NSIC Rc234H (NK 5017),Transplanting,Mixed,AMMOPHOS
28283,,,202350,2025-12-14,,2026-01-04,,202350,12,2026-01-19,50,,2026-05-05 11:51:21.094 +0900,2026-05-05 11:51:21.094 +0900,116282,rice,NSIC Rc234H (NK 5017),Transplanting,Mixed,AMMOPHOS
27835,,,202445,2025-12-11,,2026-01-18,,202445,10,2026-01-28,100,,2026-04-23 11:43:17.519 +0900,2026-04-23 11:43:17.519 +0900,114217,rice,NSIC Rc234H (NK 5017),Transplanting,Burned or Removed,TRIPLE
27835,,,202445,2025-12-11,,2026-01-18,,202445,10,2026-02-10,50,,2026-04-23 11:43:17.519 +0900,2026-04-23 11:43:17.519 +0900,114218,rice,NSIC Rc234H (NK 5017),Transplanting,Burned or Removed,TRIPLE
27835,,,202445,2025-12-11,,2026-01-18,,202445,12,2026-02-10,50,,2026-04-23 11:43:17.519 +0900,2026-04-23 11:43:17.519 +0900,114219,rice,NSIC Rc234H (NK 5017),Transplanting,Burned or Removed,AMMOPHOS
28454,,,202446,2025-12-03,,2025-12-28,,202446,9,2026-01-05,25,,2026-05-06 11:33:47.010 +0900,2026-05-06 11:33:47.010 +0900,117159,rice,NSIC Rc234H (NK 5017),Transplanting,Mixed,UREA
28454,,,202446,2025-12-03,,2025-12-28,,202446,9,2026-01-15,25,,2026-05-06 11:33:47.010 +0900,2026-05-06 11:33:47.010 +0900,117162,rice,NSIC Rc234H (NK 5017),Transplanting,Mixed,UREA
28454,,,202446,2025-12-03,,2025-12-28,,202446,10,2026-01-05,25,,2026-05-06 11:33:47.010 +0900,2026-05-06 11:33:47.010 +0900,117160,rice,NSIC Rc234H (NK 5017),Transplanting,Mixed,TRIPLE
28454,,,202446,2025-12-03,,2025-12-28,,202446,12,2026-01-05,25,,2026-05-06 11:33:47.010 +0900,2026-05-06 11:33:47.010 +0900,117161,rice,NSIC Rc234H (NK 5017),Transplanting,Mixed,AMMOPHOS
28454,,,202446,2025-12-03,,2025-12-28,,202446,12,2026-01-15,25,,2026-05-06 11:33:47.010 +0900,2026-05-06 11:33:47.010 +0900,117163,rice,NSIC Rc234H (NK 5017),Transplanting,Mixed,AMMOPHOS
28626,,,202447,2025-12-10,,2026-01-17,,202447,9,2026-01-30,150,,2026-05-13 10:34:56.714 +0900,2026-05-13 10:34:56.714 +0900,117913,rice,NSIC RC 664H,Transplanting,Mixed,UREA
28626,,,202447,2025-12-10,,2026-01-17,,202447,9,2026-02-15,150,,2026-05-13 10:34:56.714 +0900,2026-05-13 10:34:56.714 +0900,117915,rice,NSIC RC 664H,Transplanting,Mixed,UREA
28626,,,202447,2025-12-10,,2026-01-17,,202447,12,2026-01-30,150,,2026-05-13 10:34:56.714 +0900,2026-05-13 10:34:56.714 +0900,117914,rice,NSIC RC 664H,Transplanting,Mixed,AMMOPHOS
28626,,,202447,2025-12-10,,2026-01-17,,202447,12,2026-02-15,150,,2026-05-13 10:34:56.714 +0900,2026-05-13 10:34:56.714 +0900,117916,rice,NSIC RC 664H,Transplanting,Mixed,AMMOPHOS
28496,,,202452,2025-12-28,,2026-01-23,,202452,9,2026-02-02,75,,2026-05-06 12:54:19.546 +0900,2026-05-06 12:54:19.546 +0900,117343,rice,NSIC Rc234H (NK 5017),Transplanting,Mixed,UREA
28496,,,202452,2025-12-28,,2026-01-23,,202452,9,2026-02-22,75,,2026-05-06 12:54:19.546 +0900,2026-05-06 12:54:19.546 +0900,117345,rice,NSIC Rc234H (NK 5017),Transplanting,Mixed,UREA
28496,,,202452,2025-12-28,,2026-01-23,,202452,10,2026-02-02,125,,2026-05-06 12:54:19.546 +0900,2026-05-06 12:54:19.546 +0900,117344,rice,NSIC Rc234H (NK 5017),Transplanting,Mixed,TRIPLE
28496,,,202452,2025-12-28,,2026-01-23,,202452,10,2026-02-22,125,,2026-05-06 12:54:19.546 +0900,2026-05-06 12:54:19.546 +0900,117346,rice,NSIC Rc234H (NK 5017),Transplanting,Mixed,TRIPLE
27824,,,202459,2025-12-20,,2026-01-20,,202459,10,2026-01-30,50,,2026-04-23 11:32:24.596 +0900,2026-04-23 11:32:24.596 +0900,114164,rice,NSIC Rc456H (LP 937),Transplanting,Mixed,TRIPLE
27824,,,202459,2025-12-20,,2026-01-20,,202459,11,2026-01-30,25,,2026-04-23 11:32:24.596 +0900,2026-04-23 11:32:24.596 +0900,114165,rice,NSIC Rc456H (LP 937),Transplanting,Mixed,AMMOSUL
27824,,,202459,2025-12-20,,2026-01-20,,202459,11,2026-02-09,25,,2026-04-23 11:32:24.596 +0900,2026-04-23 11:32:24.596 +0900,114166,rice,NSIC Rc456H (LP 937),Transplanting,Mixed,AMMOSUL
27824,,,202459,2025-12-20,,2026-01-20,,202459,13,,,,2026-04-23 11:32:24.596 +0900,2026-04-23 11:32:24.596 +0900,114167,rice,NSIC Rc456H (LP 937),Transplanting,Mixed,COMMERCIAL
28323,,,202574,2025-12-12,,2026-01-07,,202574,9,2026-01-17,25,,2026-05-05 13:42:17.466 +0900,2026-05-05 13:42:17.466 +0900,116506,rice,BIGANTE/BIGANTE PLUS,Transplanting,Mixed,UREA
28323,,,202574,2025-12-12,,2026-01-07,,202574,9,2026-02-01,25,,2026-05-05 13:42:17.466 +0900,2026-05-05 13:42:17.466 +0900,116509,rice,BIGANTE/BIGANTE PLUS,Transplanting,Mixed,UREA
28323,,,202574,2025-12-12,,2026-01-07,,202574,10,2026-01-17,13,,2026-05-05 13:42:17.466 +0900,2026-05-05 13:42:17.466 +0900,116507,rice,BIGANTE/BIGANTE PLUS,Transplanting,Mixed,TRIPLE
28323,,,202574,2025-12-12,,2026-01-07,,202574,12,2026-01-17,13,,2026-05-05 13:42:17.466 +0900,2026-05-05 13:42:17.466 +0900,116508,rice,BIGANTE/BIGANTE PLUS,Transplanting,Mixed,AMMOPHOS
28323,,,202574,2025-12-12,,2026-01-07,,202574,12,2026-02-01,13,,2026-05-05 13:42:17.466 +0900,2026-05-05 13:42:17.466 +0900,116510,rice,BIGANTE/BIGANTE PLUS,Transplanting,Mixed,AMMOPHOS
28516,,,202863,2025-12-15,,2026-01-06,,202863,9,2026-01-16,50,,2026-05-06 14:51:25.274 +0900,2026-05-06 14:51:25.274 +0900,117437,rice,JACKPOT 102,Transplanting,Mixed,UREA
28516,,,202863,2025-12-15,,2026-01-06,,202863,9,2026-02-16,50,,2026-05-06 14:51:25.274 +0900,2026-05-06 14:51:25.274 +0900,117439,rice,JACKPOT 102,Transplanting,Mixed,UREA
28516,,,202863,2025-12-15,,2026-01-06,,202863,12,2026-01-16,100,,2026-05-06 14:51:25.274 +0900,2026-05-06 14:51:25.274 +0900,117438,rice,JACKPOT 102,Transplanting,Mixed,AMMOPHOS
28516,,,202863,2025-12-15,,2026-01-06,,202863,12,2026-02-16,100,,2026-05-06 14:51:25.274 +0900,2026-05-06 14:51:25.274 +0900,117440,rice,JACKPOT 102,Transplanting,Mixed,AMMOPHOS
28516,,,202863,2025-12-15,,2026-01-06,,202863,13,,,,2026-05-06 14:51:25.274 +0900,2026-05-06 14:51:25.274 +0900,117441,rice,JACKPOT 102,Transplanting,Mixed,COMMERCIAL
28503,,,202864,2025-12-15,,2026-01-10,,202864,9,2026-01-20,50,,2026-05-06 14:22:29.457 +0900,2026-05-06 14:22:29.457 +0900,117374,rice,JACKPOT 102,Transplanting,Mixed,UREA
28503,,,202864,2025-12-15,,2026-01-10,,202864,9,2026-02-20,50,,2026-05-06 14:22:29.457 +0900,2026-05-06 14:22:29.457 +0900,117376,rice,JACKPOT 102,Transplanting,Mixed,UREA
28503,,,202864,2025-12-15,,2026-01-10,,202864,12,2026-01-20,25,,2026-05-06 14:22:29.457 +0900,2026-05-06 14:22:29.457 +0900,117375,rice,JACKPOT 102,Transplanting,Mixed,AMMOPHOS
28503,,,202864,2025-12-15,,2026-01-10,,202864,12,2026-02-20,25,,2026-05-06 14:22:29.457 +0900,2026-05-06 14:22:29.457 +0900,117377,rice,JACKPOT 102,Transplanting,Mixed,AMMOPHOS
28503,,,202864,2025-12-15,,2026-01-10,,202864,13,,,,2026-05-06 14:22:29.457 +0900,2026-05-06 14:22:29.457 +0900,117378,rice,JACKPOT 102,Transplanting,Mixed,COMMERCIAL
28508,,,202865,2025-12-18,,2026-01-15,,202865,9,2026-01-25,50,,2026-05-06 14:37:10.183 +0900,2026-05-06 14:37:10.183 +0900,117399,rice,JACKPOT 102,Transplanting,Mixed,UREA
28508,,,202865,2025-12-18,,2026-01-15,,202865,9,2026-02-14,50,,2026-05-06 14:37:10.183 +0900,2026-05-06 14:37:10.183 +0900,117401,rice,JACKPOT 102,Transplanting,Mixed,UREA
28508,,,202865,2025-12-18,,2026-01-15,,202865,12,2026-01-25,75,,2026-05-06 14:37:10.183 +0900,2026-05-06 14:37:10.183 +0900,117400,rice,JACKPOT 102,Transplanting,Mixed,AMMOPHOS
28508,,,202865,2025-12-18,,2026-01-15,,202865,12,2026-02-14,75,,2026-05-06 14:37:10.183 +0900,2026-05-06 14:37:10.183 +0900,117402,rice,JACKPOT 102,Transplanting,Mixed,AMMOPHOS
28508,,,202865,2025-12-18,,2026-01-15,,202865,13,,,,2026-05-06 14:37:10.183 +0900,2026-05-06 14:37:10.183 +0900,117403,rice,JACKPOT 102,Transplanting,Mixed,COMMERCIAL
17651,,,202872,2025-11-29,,2026-01-12,,202872,9,2026-01-20,100,,2026-03-10 11:38:13.636 +0900,2026-03-10 11:38:13.636 +0900,66029,rice,NSIC Rc456H (LP 937),Transplanting,Mixed,UREA
17651,,,202872,2025-11-29,,2026-01-12,,202872,9,2026-02-16,25,,2026-03-10 11:38:13.636 +0900,2026-03-10 11:38:13.636 +0900,66032,rice,NSIC Rc456H (LP 937),Transplanting,Mixed,UREA
17651,,,202872,2025-11-29,,2026-01-12,,202872,10,2026-02-16,100,,2026-03-10 11:38:13.636 +0900,2026-03-10 11:38:13.636 +0900,66031,rice,NSIC Rc456H (LP 937),Transplanting,Mixed,TRIPLE
17651,,,202872,2025-11-29,,2026-01-12,,202872,12,2026-01-20,50,,2026-03-10 11:38:13.636 +0900,2026-03-10 11:38:13.636 +0900,66030,rice,NSIC Rc456H (LP 937),Transplanting,Mixed,AMMOPHOS
17651,,,202872,2025-11-29,,2026-01-12,,202872,13,,,,2026-03-10 11:38:13.636 +0900,2026-03-10 11:38:13.636 +0900,66033,rice,NSIC Rc456H (LP 937),Transplanting,Mixed,COMMERCIAL
28446,,,202874,2025-12-04,,2025-12-31,,202874,9,2026-01-15,150,,2026-05-06 11:24:47.086 +0900,2026-05-06 11:24:47.086 +0900,117114,rice,BIGANTE/BIGANTE PLUS,Transplanting,Mixed,UREA
28446,,,202874,2025-12-04,,2025-12-31,,202874,9,2026-01-30,150,,2026-05-06 11:24:47.086 +0900,2026-05-06 11:24:47.086 +0900,117116,rice,BIGANTE/BIGANTE PLUS,Transplanting,Mixed,UREA
28446,,,202874,2025-12-04,,2025-12-31,,202874,9,2026-02-14,100,,2026-05-06 11:24:47.086 +0900,2026-05-06 11:24:47.086 +0900,117118,rice,BIGANTE/BIGANTE PLUS,Transplanting,Mixed,UREA
28446,,,202874,2025-12-04,,2025-12-31,,202874,12,2026-01-15,100,,2026-05-06 11:24:47.086 +0900,2026-05-06 11:24:47.086 +0900,117115,rice,BIGANTE/BIGANTE PLUS,Transplanting,Mixed,AMMOPHOS
28446,,,202874,2025-12-04,,2025-12-31,,202874,12,2026-01-30,100,,2026-05-06 11:24:47.086 +0900,2026-05-06 11:24:47.086 +0900,117117,rice,BIGANTE/BIGANTE PLUS,Transplanting,Mixed,AMMOPHOS
28446,,,202874,2025-12-04,,2025-12-31,,202874,13,,,,2026-05-06 11:24:47.086 +0900,2026-05-06 11:24:47.086 +0900,117120,rice,BIGANTE/BIGANTE PLUS,Transplanting,Mixed,COMMERCIAL
28446,,,202874,2025-12-04,,2025-12-31,,202874,16,2026-02-14,50,,2026-05-06 11:24:47.086 +0900,2026-05-06 11:24:47.086 +0900,117119,rice,BIGANTE/BIGANTE PLUS,Transplanting,Mixed,OTHER
17712,,,202876,2025-12-02,,2026-01-23,,202876,9,2026-01-28,50,,2026-03-13 16:03:29.945 +0900,2026-03-13 16:03:29.945 +0900,66410,rice,NSIC Rc456H (LP 937),Transplanting,Mixed,UREA
17712,,,202876,2025-12-02,,2026-01-23,,202876,9,2026-02-07,25,,2026-03-13 16:03:29.945 +0900,2026-03-13 16:03:29.945 +0900,66412,rice,NSIC Rc456H (LP 937),Transplanting,Mixed,UREA
17712,,,202876,2025-12-02,,2026-01-23,,202876,10,2026-02-28,75,,2026-03-13 16:03:29.945 +0900,2026-03-13 16:03:29.945 +0900,66414,rice,NSIC Rc456H (LP 937),Transplanting,Mixed,TRIPLE
17712,,,202876,2025-12-02,,2026-01-23,,202876,12,2026-01-28,50,,2026-03-13 16:03:29.945 +0900,2026-03-13 16:03:29.945 +0900,66411,rice,NSIC Rc456H (LP 937),Transplanting,Mixed,AMMOPHOS
17712,,,202876,2025-12-02,,2026-01-23,,202876,12,2026-02-07,50,,2026-03-13 16:03:29.945 +0900,2026-03-13 16:03:29.945 +0900,66413,rice,NSIC Rc456H (LP 937),Transplanting,Mixed,AMMOPHOS
28314,,,202881,2025-12-12,,2026-01-09,,202881,9,2026-01-20,100,,2026-05-05 12:50:31.211 +0900,2026-05-05 12:50:31.211 +0900,116446,rice,JACKPOT 102,Transplanting,Mixed,UREA
28314,,,202881,2025-12-12,,2026-01-09,,202881,9,2026-02-05,100,,2026-05-05 12:50:31.211 +0900,2026-05-05 12:50:31.211 +0900,116449,rice,JACKPOT 102,Transplanting,Mixed,UREA
28314,,,202881,2025-12-12,,2026-01-09,,202881,10,2026-01-20,50,,2026-05-05 12:50:31.211 +0900,2026-05-05 12:50:31.211 +0900,116447,rice,JACKPOT 102,Transplanting,Mixed,TRIPLE
28314,,,202881,2025-12-12,,2026-01-09,,202881,12,2026-01-20,50,,2026-05-05 12:50:31.211 +0900,2026-05-05 12:50:31.211 +0900,116448,rice,JACKPOT 102,Transplanting,Mixed,AMMOPHOS
28314,,,202881,2025-12-12,,2026-01-09,,202881,12,2026-02-05,50,,2026-05-05 12:50:31.211 +0900,2026-05-05 12:50:31.211 +0900,116450,rice,JACKPOT 102,Transplanting,Mixed,AMMOPHOS
28515,,,202900,2026-01-12,,2026-02-04,,202900,9,2026-02-14,300,,2026-05-06 14:49:40.185 +0900,2026-05-06 14:49:40.185 +0900,117432,rice,NSIC Rc234H (NK 5017),Transplanting,Mixed,UREA
28515,,,202900,2026-01-12,,2026-02-04,,202900,9,2026-03-14,300,,2026-05-06 14:49:40.185 +0900,2026-05-06 14:49:40.185 +0900,117434,rice,NSIC Rc234H (NK 5017),Transplanting,Mixed,UREA
28515,,,202900,2026-01-12,,2026-02-04,,202900,11,2026-02-14,300,,2026-05-06 14:49:40.185 +0900,2026-05-06 14:49:40.185 +0900,117433,rice,NSIC Rc234H (NK 5017),Transplanting,Mixed,AMMOSUL
28515,,,202900,2026-01-12,,2026-02-04,,202900,11,2026-03-14,300,,2026-05-06 14:49:40.185 +0900,2026-05-06 14:49:40.185 +0900,117435,rice,NSIC Rc234H (NK 5017),Transplanting,Mixed,AMMOSUL
28515,,,202900,2026-01-12,,2026-02-04,,202900,13,,,,2026-05-06 14:49:40.185 +0900,2026-05-06 14:49:40.185 +0900,117436,rice,NSIC Rc234H (NK 5017),Transplanting,Mixed,COMMERCIAL
17666,,,202902,2025-12-10,,2026-01-14,,202902,9,2026-01-14,100,,2026-03-10 14:36:23.175 +0900,2026-03-10 14:36:23.175 +0900,66098,rice,NSIC RC 314H (Mestiso 46),Transplanting,Mixed,UREA
17666,,,202902,2025-12-10,,2026-01-14,,202902,9,2026-02-20,150,,2026-03-10 14:36:23.175 +0900,2026-03-10 14:36:23.175 +0900,66100,rice,NSIC RC 314H (Mestiso 46),Transplanting,Mixed,UREA
17666,,,202902,2025-12-10,,2026-01-14,,202902,10,2026-02-20,50,,2026-03-10 14:36:23.175 +0900,2026-03-10 14:36:23.175 +0900,66101,rice,NSIC RC 314H (Mestiso 46),Transplanting,Mixed,TRIPLE
17666,,,202902,2025-12-10,,2026-01-14,,202902,12,2026-01-14,50,,2026-03-10 14:36:23.175 +0900,2026-03-10 14:36:23.175 +0900,66099,rice,NSIC RC 314H (Mestiso 46),Transplanting,Mixed,AMMOPHOS
17660,,,204396,2025-12-08,,2025-12-28,,204396,9,2026-01-08,50,,2026-03-10 13:50:13.353 +0900,2026-03-10 13:50:13.353 +0900,66070,rice,NSIC RC 402 (Tubigan 36),Transplanting,Mixed,UREA
17660,,,204396,2025-12-08,,2025-12-28,,204396,9,2026-01-18,50,,2026-03-10 13:50:13.353 +0900,2026-03-10 13:50:13.353 +0900,66072,rice,NSIC RC 402 (Tubigan 36),Transplanting,Mixed,UREA
17660,,,204396,2025-12-08,,2025-12-28,,204396,12,2026-01-08,50,,2026-03-10 13:50:13.353 +0900,2026-03-10 13:50:13.353 +0900,66071,rice,NSIC RC 402 (Tubigan 36),Transplanting,Mixed,AMMOPHOS
28470,,,204397,2025-12-15,,2026-01-26,,204397,9,2026-02-05,50,,2026-05-06 11:55:08.669 +0900,2026-05-06 11:55:08.669 +0900,117229,rice,PSB RC34 (BURDAGOL),Transplanting,Mixed,UREA
28470,,,204397,2025-12-15,,2026-01-26,,204397,9,2026-02-15,50,,2026-05-06 11:55:08.669 +0900,2026-05-06 11:55:08.669 +0900,117231,rice,PSB RC34 (BURDAGOL),Transplanting,Mixed,UREA
28470,,,204397,2025-12-15,,2026-01-26,,204397,12,2026-02-05,50,,2026-05-06 11:55:08.669 +0900,2026-05-06 11:55:08.669 +0900,117230,rice,PSB RC34 (BURDAGOL),Transplanting,Mixed,AMMOPHOS
28470,,,204397,2025-12-15,,2026-01-26,,204397,12,2026-02-15,50,,2026-05-06 11:55:08.669 +0900,2026-05-06 11:55:08.669 +0900,117232,rice,PSB RC34 (BURDAGOL),Transplanting,Mixed,AMMOPHOS
28470,,,204397,2025-12-15,,2026-01-26,,204397,13,,,,2026-05-06 11:55:08.669 +0900,2026-05-06 11:55:08.669 +0900,117233,rice,PSB RC34 (BURDAGOL),Transplanting,Mixed,COMMERCIAL
28555,,,204398,2025-12-27,,2026-01-20,,204398,9,2026-01-30,100,,2026-05-06 15:41:36.733 +0900,2026-05-06 15:41:36.733 +0900,117601,rice,NSIC Rc456H (LP 937),Transplanting,Mixed,UREA
28555,,,204398,2025-12-27,,2026-01-20,,204398,9,2026-02-19,100,,2026-05-06 15:41:36.733 +0900,2026-05-06 15:41:36.733 +0900,117603,rice,NSIC Rc456H (LP 937),Transplanting,Mixed,UREA
28555,,,204398,2025-12-27,,2026-01-20,,204398,10,2026-01-30,100,,2026-05-06 15:41:36.733 +0900,2026-05-06 15:41:36.733 +0900,117602,rice,NSIC Rc456H (LP 937),Transplanting,Mixed,TRIPLE
28555,,,204398,2025-12-27,,2026-01-20,,204398,10,2026-02-19,100,,2026-05-06 15:41:36.733 +0900,2026-05-06 15:41:36.733 +0900,117604,rice,NSIC Rc456H (LP 937),Transplanting,Mixed,TRIPLE
28416,,,204402,2025-12-28,,2026-01-25,,204402,9,2026-02-04,100,,2026-05-06 09:59:13.679 +0900,2026-05-06 09:59:13.679 +0900,116967,rice,NSIC Rc234H (NK 5017),Transplanting,Mixed,UREA
28416,,,204402,2025-12-28,,2026-01-25,,204402,9,2026-02-24,150,,2026-05-06 09:59:13.679 +0900,2026-05-06 09:59:13.679 +0900,116969,rice,NSIC Rc234H (NK 5017),Transplanting,Mixed,UREA
28416,,,204402,2025-12-28,,2026-01-25,,204402,10,2026-02-04,125,,2026-05-06 09:59:13.679 +0900,2026-05-06 09:59:13.679 +0900,116968,rice,NSIC Rc234H (NK 5017),Transplanting,Mixed,TRIPLE
28416,,,204402,2025-12-28,,2026-01-25,,204402,12,2026-02-24,100,,2026-05-06 09:59:13.679 +0900,2026-05-06 09:59:13.679 +0900,116970,rice,NSIC Rc234H (NK 5017),Transplanting,Mixed,AMMOPHOS
28411,,,204411,2025-12-28,,2026-01-20,,204411,9,2026-01-30,100,,2026-05-06 09:51:33.404 +0900,2026-05-06 09:51:33.404 +0900,116942,rice,BIGANTE/BIGANTE PLUS,Transplanting,Mixed,UREA
28411,,,204411,2025-12-28,,2026-01-20,,204411,9,2026-02-19,100,,2026-05-06 09:51:33.404 +0900,2026-05-06 09:51:33.404 +0900,116944,rice,BIGANTE/BIGANTE PLUS,Transplanting,Mixed,UREA
28411,,,204411,2025-12-28,,2026-01-20,,204411,10,2026-01-30,100,,2026-05-06 09:51:33.404 +0900,2026-05-06 09:51:33.404 +0900,116943,rice,BIGANTE/BIGANTE PLUS,Transplanting,Mixed,TRIPLE
28411,,,204411,2025-12-28,,2026-01-20,,204411,10,2026-02-19,100,,2026-05-06 09:51:33.404 +0900,2026-05-06 09:51:33.404 +0900,116945,rice,BIGANTE/BIGANTE PLUS,Transplanting,Mixed,TRIPLE
28472,,,204407,2026-01-02,,2026-02-03,,204407,9,2026-02-12,75,,2026-05-06 11:59:56.096 +0900,2026-05-06 11:59:56.096 +0900,117239,rice,NSIC RC 132H (MESTISO 6),Transplanting,Mixed,UREA
28472,,,204407,2026-01-02,,2026-02-03,,204407,9,2026-02-24,75,,2026-05-06 11:59:56.096 +0900,2026-05-06 11:59:56.096 +0900,117241,rice,NSIC RC 132H (MESTISO 6),Transplanting,Mixed,UREA
28472,,,204407,2026-01-02,,2026-02-03,,204407,12,2026-02-12,75,,2026-05-06 11:59:56.096 +0900,2026-05-06 11:59:56.096 +0900,117240,rice,NSIC RC 132H (MESTISO 6),Transplanting,Mixed,AMMOPHOS
28472,,,204407,2026-01-02,,2026-02-03,,204407,12,2026-02-24,75,,2026-05-06 11:59:56.096 +0900,2026-05-06 11:59:56.096 +0900,117242,rice,NSIC RC 132H (MESTISO 6),Transplanting,Mixed,AMMOPHOS
28472,,,204407,2026-01-02,,2026-02-03,,204407,12,2026-04-05,75,,2026-05-06 11:59:56.096 +0900,2026-05-06 11:59:56.096 +0900,117243,rice,NSIC RC 132H (MESTISO 6),Transplanting,Mixed,AMMOPHOS
28472,,,204407,2026-01-02,,2026-02-03,,204407,13,,,,2026-05-06 11:59:56.096 +0900,2026-05-06 11:59:56.096 +0900,117245,rice,NSIC RC 132H (MESTISO 6),Transplanting,Mixed,COMMERCIAL
28472,,,204407,2026-01-02,,2026-02-03,,204407,16,2026-04-05,100,,2026-05-06 11:59:56.096 +0900,2026-05-06 11:59:56.096 +0900,117244,rice,NSIC RC 132H (MESTISO 6),Transplanting,Mixed,OTHER
28388,,,204419,2025-12-26,,2026-01-22,,204419,9,2026-02-02,100,,2026-05-05 16:37:54.753 +0900,2026-05-05 16:37:54.753 +0900,116839,rice,JACKPOT 102,Transplanting,Mixed,UREA
28388,,,204419,2025-12-26,,2026-01-22,,204419,9,2026-02-28,100,,2026-05-05 16:37:54.753 +0900,2026-05-05 16:37:54.753 +0900,116841,rice,JACKPOT 102,Transplanting,Mixed,UREA
28388,,,204419,2025-12-26,,2026-01-22,,204419,12,2026-02-02,125,,2026-05-05 16:37:54.753 +0900,2026-05-05 16:37:54.753 +0900,116840,rice,JACKPOT 102,Transplanting,Mixed,AMMOPHOS
28388,,,204419,2025-12-26,,2026-01-22,,204419,12,2026-02-28,125,,2026-05-05 16:37:54.753 +0900,2026-05-05 16:37:54.753 +0900,116842,rice,JACKPOT 102,Transplanting,Mixed,AMMOPHOS
28388,,,204419,2025-12-26,,2026-01-22,,204419,16,2026-02-28,50,,2026-05-05 16:37:54.753 +0900,2026-05-05 16:37:54.753 +0900,116843,rice,JACKPOT 102,Transplanting,Mixed,OTHER
28273,,,204422,2025-12-06,,2026-01-12,,204422,9,2026-01-22,50,,2026-05-05 11:18:31.230 +0900,2026-05-05 11:18:31.230 +0900,116223,rice,JACKPOT 102,Transplanting,Mixed,UREA
28273,,,204422,2025-12-06,,2026-01-12,,204422,9,2026-02-05,50,,2026-05-05 11:18:31.230 +0900,2026-05-05 11:18:31.230 +0900,116226,rice,JACKPOT 102,Transplanting,Mixed,UREA
28273,,,204422,2025-12-06,,2026-01-12,,204422,10,2026-01-22,25,,2026-05-05 11:18:31.230 +0900,2026-05-05 11:18:31.230 +0900,116224,rice,JACKPOT 102,Transplanting,Mixed,TRIPLE
28273,,,204422,2025-12-06,,2026-01-12,,204422,12,2026-01-22,25,,2026-05-05 11:18:31.230 +0900,2026-05-05 11:18:31.230 +0900,116225,rice,JACKPOT 102,Transplanting,Mixed,AMMOPHOS
28273,,,204422,2025-12-06,,2026-01-12,,204422,12,2026-02-05,25,,2026-05-05 11:18:31.230 +0900,2026-05-05 11:18:31.230 +0900,116227,rice,JACKPOT 102,Transplanting,Mixed,AMMOPHOS
28495,,,204423,2025-12-26,,2026-01-22,,204423,9,2026-02-01,100,,2026-05-06 12:52:47.540 +0900,2026-05-06 12:52:47.540 +0900,117339,rice,BIGANTE/BIGANTE PLUS,Transplanting,Mixed,UREA
28495,,,204423,2025-12-26,,2026-01-22,,204423,9,2026-02-21,100,,2026-05-06 12:52:47.540 +0900,2026-05-06 12:52:47.540 +0900,117341,rice,BIGANTE/BIGANTE PLUS,Transplanting,Mixed,UREA
28495,,,204423,2025-12-26,,2026-01-22,,204423,10,2026-02-01,100,,2026-05-06 12:52:47.540 +0900,2026-05-06 12:52:47.540 +0900,117340,rice,BIGANTE/BIGANTE PLUS,Transplanting,Mixed,TRIPLE
28495,,,204423,2025-12-26,,2026-01-22,,204423,10,2026-02-21,100,,2026-05-06 12:52:47.540 +0900,2026-05-06 12:52:47.540 +0900,117342,rice,BIGANTE/BIGANTE PLUS,Transplanting,Mixed,TRIPLE
28294,,,204424,2025-12-01,,2025-12-29,,204424,9,2026-01-11,100,,2026-05-05 12:11:27.379 +0900,2026-05-05 12:11:27.379 +0900,116334,rice,JACKPOT 102,Transplanting,Mixed,UREA
28294,,,204424,2025-12-01,,2025-12-29,,204424,9,2026-01-28,50,,2026-05-05 12:11:27.379 +0900,2026-05-05 12:11:27.379 +0900,116336,rice,JACKPOT 102,Transplanting,Mixed,UREA
28294,,,204424,2025-12-01,,2025-12-29,,204424,10,2026-01-28,50,,2026-05-05 12:11:27.379 +0900,2026-05-05 12:11:27.379 +0900,116337,rice,JACKPOT 102,Transplanting,Mixed,TRIPLE
28294,,,204424,2025-12-01,,2025-12-29,,204424,12,2026-01-11,50,,2026-05-05 12:11:27.379 +0900,2026-05-05 12:11:27.379 +0900,116335,rice,JACKPOT 102,Transplanting,Mixed,AMMOPHOS
28549,,,204436,2025-12-24,,2026-01-21,,204436,9,2026-01-31,50,,2026-05-06 15:35:43.504 +0900,2026-05-06 15:35:43.504 +0900,117576,rice,NSIC Rc234H (NK 5017),Transplanting,Mixed,UREA
28549,,,204436,2025-12-24,,2026-01-21,,204436,9,2026-02-20,50,,2026-05-06 15:35:43.504 +0900,2026-05-06 15:35:43.504 +0900,117578,rice,NSIC Rc234H (NK 5017),Transplanting,Mixed,UREA
28549,,,204436,2025-12-24,,2026-01-21,,204436,10,2026-01-31,50,,2026-05-06 15:35:43.504 +0900,2026-05-06 15:35:43.504 +0900,117577,rice,NSIC Rc234H (NK 5017),Transplanting,Mixed,TRIPLE
28549,,,204436,2025-12-24,,2026-01-21,,204436,10,2026-02-20,50,,2026-05-06 15:35:43.504 +0900,2026-05-06 15:35:43.504 +0900,117579,rice,NSIC Rc234H (NK 5017),Transplanting,Mixed,TRIPLE
28559,,,204427,2025-12-18,,2026-01-12,,204427,9,2026-01-22,100,,2026-05-06 15:46:36.401 +0900,2026-05-06 15:46:36.401 +0900,117618,rice,NSIC Rc456H (LP 937),Transplanting,Mixed,UREA
28559,,,204427,2025-12-18,,2026-01-12,,204427,9,2026-02-11,100,,2026-05-06 15:46:36.401 +0900,2026-05-06 15:46:36.401 +0900,117620,rice,NSIC Rc456H (LP 937),Transplanting,Mixed,UREA
28559,,,204427,2025-12-18,,2026-01-12,,204427,10,2026-01-22,100,,2026-05-06 15:46:36.401 +0900,2026-05-06 15:46:36.401 +0900,117619,rice,NSIC Rc456H (LP 937),Transplanting,Mixed,TRIPLE
28559,,,204427,2025-12-18,,2026-01-12,,204427,10,2026-02-11,100,,2026-05-06 15:46:36.401 +0900,2026-05-06 15:46:36.401 +0900,117621,rice,NSIC Rc456H (LP 937),Transplanting,Mixed,TRIPLE
28374,,,204435,2025-12-25,,2026-01-21,,204435,9,2026-01-21,75,,2026-05-05 16:19:06.933 +0900,2026-05-05 16:19:06.933 +0900,116772,rice,BIGANTE/BIGANTE PLUS,Transplanting,Mixed,UREA
28374,,,204435,2025-12-25,,2026-01-21,,204435,9,2026-02-20,75,,2026-05-05 16:19:06.933 +0900,2026-05-05 16:19:06.933 +0900,116774,rice,BIGANTE/BIGANTE PLUS,Transplanting,Mixed,UREA
28374,,,204435,2025-12-25,,2026-01-21,,204435,12,2026-01-21,75,,2026-05-05 16:19:06.933 +0900,2026-05-05 16:19:06.933 +0900,116773,rice,BIGANTE/BIGANTE PLUS,Transplanting,Mixed,AMMOPHOS
28374,,,204435,2025-12-25,,2026-01-21,,204435,12,2026-02-20,75,,2026-05-05 16:19:06.933 +0900,2026-05-05 16:19:06.933 +0900,116775,rice,BIGANTE/BIGANTE PLUS,Transplanting,Mixed,AMMOPHOS
28382,,,204437,2025-12-26,,2026-01-22,,204437,9,2026-02-01,50,,2026-05-05 16:31:06.941 +0900,2026-05-05 16:31:06.941 +0900,116813,rice,NSIC Rc234H (NK 5017),Transplanting,Mixed,UREA
28382,,,204437,2025-12-26,,2026-01-22,,204437,9,2026-02-21,50,,2026-05-05 16:31:06.941 +0900,2026-05-05 16:31:06.941 +0900,116815,rice,NSIC Rc234H (NK 5017),Transplanting,Mixed,UREA
28382,,,204437,2025-12-26,,2026-01-22,,204437,12,2026-02-01,50,,2026-05-05 16:31:06.941 +0900,2026-05-05 16:31:06.941 +0900,116814,rice,NSIC Rc234H (NK 5017),Transplanting,Mixed,AMMOPHOS
28382,,,204437,2025-12-26,,2026-01-22,,204437,12,2026-02-21,50,,2026-05-05 16:31:06.941 +0900,2026-05-05 16:31:06.941 +0900,116816,rice,NSIC Rc234H (NK 5017),Transplanting,Mixed,AMMOPHOS
28248,,,204438,2025-12-12,,2026-01-04,,204438,9,2026-01-12,75,,2026-05-05 10:11:00.913 +0900,2026-05-05 10:11:00.913 +0900,116086,rice,NSIC Rc234H (NK 5017),Transplanting,Mixed,UREA
28248,,,204438,2025-12-12,,2026-01-04,,204438,9,2026-01-27,75,,2026-05-05 10:11:00.913 +0900,2026-05-05 10:11:00.913 +0900,116089,rice,NSIC Rc234H (NK 5017),Transplanting,Mixed,UREA
28248,,,204438,2025-12-12,,2026-01-04,,204438,9,2026-02-09,50,,2026-05-05 10:11:00.913 +0900,2026-05-05 10:11:00.913 +0900,116091,rice,NSIC Rc234H (NK 5017),Transplanting,Mixed,UREA
28248,,,204438,2025-12-12,,2026-01-04,,204438,10,2026-01-12,50,,2026-05-05 10:11:00.913 +0900,2026-05-05 10:11:00.913 +0900,116087,rice,NSIC Rc234H (NK 5017),Transplanting,Mixed,TRIPLE
28248,,,204438,2025-12-12,,2026-01-04,,204438,12,2026-01-12,50,,2026-05-05 10:11:00.913 +0900,2026-05-05 10:11:00.913 +0900,116088,rice,NSIC Rc234H (NK 5017),Transplanting,Mixed,AMMOPHOS
28248,,,204438,2025-12-12,,2026-01-04,,204438,12,2026-01-27,50,,2026-05-05 10:11:00.913 +0900,2026-05-05 10:11:00.913 +0900,116090,rice,NSIC Rc234H (NK 5017),Transplanting,Mixed,AMMOPHOS
28248,,,204438,2025-12-12,,2026-01-04,,204438,16,2026-02-09,50,,2026-05-05 10:11:00.913 +0900,2026-05-05 10:11:00.913 +0900,116092,rice,NSIC Rc234H (NK 5017),Transplanting,Mixed,OTHER
28245,,,204440,2025-12-13,,2026-01-05,,204440,9,2026-01-13,100,,2026-05-05 09:59:51.908 +0900,2026-05-05 09:59:51.908 +0900,116065,rice,NSIC Rc234H (NK 5017),Transplanting,Mixed,UREA
28245,,,204440,2025-12-13,,2026-01-05,,204440,9,2026-01-28,100,,2026-05-05 09:59:51.908 +0900,2026-05-05 09:59:51.908 +0900,116068,rice,NSIC Rc234H (NK 5017),Transplanting,Mixed,UREA
28245,,,204440,2025-12-13,,2026-01-05,,204440,9,2026-02-10,100,,2026-05-05 09:59:51.908 +0900,2026-05-05 09:59:51.908 +0900,116070,rice,NSIC Rc234H (NK 5017),Transplanting,Mixed,UREA
28245,,,204440,2025-12-13,,2026-01-05,,204440,10,2026-01-13,50,,2026-05-05 09:59:51.908 +0900,2026-05-05 09:59:51.908 +0900,116066,rice,NSIC Rc234H (NK 5017),Transplanting,Mixed,TRIPLE
28245,,,204440,2025-12-13,,2026-01-05,,204440,12,2026-01-13,50,,2026-05-05 09:59:51.908 +0900,2026-05-05 09:59:51.908 +0900,116067,rice,NSIC Rc234H (NK 5017),Transplanting,Mixed,AMMOPHOS
28245,,,204440,2025-12-13,,2026-01-05,,204440,12,2026-01-28,50,,2026-05-05 09:59:51.908 +0900,2026-05-05 09:59:51.908 +0900,116069,rice,NSIC Rc234H (NK 5017),Transplanting,Mixed,AMMOPHOS
28245,,,204440,2025-12-13,,2026-01-05,,204440,16,2026-02-10,50,,2026-05-05 09:59:51.908 +0900,2026-05-05 09:59:51.908 +0900,116071,rice,NSIC Rc234H (NK 5017),Transplanting,Mixed,OTHER
28246,,,204441,2025-12-13,,2026-01-05,,204441,9,2026-01-13,50,,2026-05-05 10:02:55.696 +0900,2026-05-05 10:02:55.696 +0900,116072,rice,NSIC Rc234H (NK 5017),Transplanting,Mixed,UREA
28246,,,204441,2025-12-13,,2026-01-05,,204441,9,2026-01-28,50,,2026-05-05 10:02:55.696 +0900,2026-05-05 10:02:55.696 +0900,116075,rice,NSIC Rc234H (NK 5017),Transplanting,Mixed,UREA
28246,,,204441,2025-12-13,,2026-01-05,,204441,9,2026-02-10,50,,2026-05-05 10:02:55.696 +0900,2026-05-05 10:02:55.696 +0900,116077,rice,NSIC Rc234H (NK 5017),Transplanting,Mixed,UREA
28246,,,204441,2025-12-13,,2026-01-05,,204441,10,2026-01-13,25,,2026-05-05 10:02:55.696 +0900,2026-05-05 10:02:55.696 +0900,116073,rice,NSIC Rc234H (NK 5017),Transplanting,Mixed,TRIPLE
28246,,,204441,2025-12-13,,2026-01-05,,204441,12,2026-01-13,25,,2026-05-05 10:02:55.696 +0900,2026-05-05 10:02:55.696 +0900,116074,rice,NSIC Rc234H (NK 5017),Transplanting,Mixed,AMMOPHOS
28246,,,204441,2025-12-13,,2026-01-05,,204441,12,2026-01-28,25,,2026-05-05 10:02:55.696 +0900,2026-05-05 10:02:55.696 +0900,116076,rice,NSIC Rc234H (NK 5017),Transplanting,Mixed,AMMOPHOS
28246,,,204441,2025-12-13,,2026-01-05,,204441,16,2026-02-10,50,,2026-05-05 10:02:55.696 +0900,2026-05-05 10:02:55.696 +0900,116078,rice,NSIC Rc234H (NK 5017),Transplanting,Mixed,OTHER
28352,,,204442,2025-12-08,,2026-01-12,,204442,9,2026-01-27,100,,2026-05-05 15:48:07.551 +0900,2026-05-05 15:48:07.551 +0900,116660,rice,BIGANTE/BIGANTE PLUS,Transplanting,Mixed,UREA
28352,,,204442,2025-12-08,,2026-01-12,,204442,9,2026-02-11,100,,2026-05-05 15:48:07.551 +0900,2026-05-05 15:48:07.551 +0900,116663,rice,BIGANTE/BIGANTE PLUS,Transplanting,Mixed,UREA
28352,,,204442,2025-12-08,,2026-01-12,,204442,10,2026-01-27,50,,2026-05-05 15:48:07.551 +0900,2026-05-05 15:48:07.551 +0900,116661,rice,BIGANTE/BIGANTE PLUS,Transplanting,Mixed,TRIPLE
28352,,,204442,2025-12-08,,2026-01-12,,204442,12,2026-01-27,50,,2026-05-05 15:48:07.551 +0900,2026-05-05 15:48:07.551 +0900,116662,rice,BIGANTE/BIGANTE PLUS,Transplanting,Mixed,AMMOPHOS
28352,,,204442,2025-12-08,,2026-01-12,,204442,12,2026-02-11,50,,2026-05-05 15:48:07.551 +0900,2026-05-05 15:48:07.551 +0900,116664,rice,BIGANTE/BIGANTE PLUS,Transplanting,Mixed,AMMOPHOS
28352,,,204442,2025-12-08,,2026-01-12,,204442,13,,,,2026-05-05 15:48:07.551 +0900,2026-05-05 15:48:07.551 +0900,116665,rice,BIGANTE/BIGANTE PLUS,Transplanting,Mixed,COMMERCIAL
28337,,,204444,2025-12-28,,2026-01-24,,204444,9,2026-01-20,25,,2026-05-05 14:37:25.497 +0900,2026-05-05 14:37:25.497 +0900,116580,rice,BIGANTE/BIGANTE PLUS,Transplanting,Mixed,UREA
28337,,,204444,2025-12-28,,2026-01-24,,204444,9,2026-02-03,25,,2026-05-05 14:37:25.497 +0900,2026-05-05 14:37:25.497 +0900,116582,rice,BIGANTE/BIGANTE PLUS,Transplanting,Mixed,UREA
28337,,,204444,2025-12-28,,2026-01-24,,204444,10,2026-01-20,25,,2026-05-05 14:37:25.497 +0900,2026-05-05 14:37:25.497 +0900,116581,rice,BIGANTE/BIGANTE PLUS,Transplanting,Mixed,TRIPLE
28337,,,204444,2025-12-28,,2026-01-24,,204444,10,2026-02-03,25,,2026-05-05 14:37:25.497 +0900,2026-05-05 14:37:25.497 +0900,116583,rice,BIGANTE/BIGANTE PLUS,Transplanting,Mixed,TRIPLE
28338,,,204445,2025-12-25,,2026-01-19,,204445,9,2026-01-29,50,,2026-05-05 14:39:25.940 +0900,2026-05-05 14:39:25.940 +0900,116584,rice,BIGANTE/BIGANTE PLUS,Transplanting,Mixed,UREA
28338,,,204445,2025-12-25,,2026-01-19,,204445,9,2026-02-18,50,,2026-05-05 14:39:25.940 +0900,2026-05-05 14:39:25.940 +0900,116586,rice,BIGANTE/BIGANTE PLUS,Transplanting,Mixed,UREA
28338,,,204445,2025-12-25,,2026-01-19,,204445,10,2026-01-29,50,,2026-05-05 14:39:25.940 +0900,2026-05-05 14:39:25.940 +0900,116585,rice,BIGANTE/BIGANTE PLUS,Transplanting,Mixed,TRIPLE
28338,,,204445,2025-12-25,,2026-01-19,,204445,10,2026-02-18,50,,2026-05-05 14:39:25.940 +0900,2026-05-05 14:39:25.940 +0900,116587,rice,BIGANTE/BIGANTE PLUS,Transplanting,Mixed,TRIPLE
28320,,,204446,2025-12-17,,2026-01-03,,204446,9,2026-01-13,75,,2026-05-05 13:03:10.539 +0900,2026-05-05 13:03:10.539 +0900,116492,rice,BIGANTE/BIGANTE PLUS,Transplanting,Mixed,UREA
28320,,,204446,2025-12-17,,2026-01-03,,204446,9,2026-01-28,75,,2026-05-05 13:03:10.539 +0900,2026-05-05 13:03:10.539 +0900,116495,rice,BIGANTE/BIGANTE PLUS,Transplanting,Mixed,UREA
28320,,,204446,2025-12-17,,2026-01-03,,204446,10,2026-01-13,25,,2026-05-05 13:03:10.539 +0900,2026-05-05 13:03:10.539 +0900,116493,rice,BIGANTE/BIGANTE PLUS,Transplanting,Mixed,TRIPLE
28320,,,204446,2025-12-17,,2026-01-03,,204446,12,2026-01-13,50,,2026-05-05 13:03:10.539 +0900,2026-05-05 13:03:10.539 +0900,116494,rice,BIGANTE/BIGANTE PLUS,Transplanting,Mixed,AMMOPHOS
28320,,,204446,2025-12-17,,2026-01-03,,204446,12,2026-01-28,50,,2026-05-05 13:03:10.539 +0900,2026-05-05 13:03:10.539 +0900,116496,rice,BIGANTE/BIGANTE PLUS,Transplanting,Mixed,AMMOPHOS
28617,,,204449,2025-12-10,,2026-01-06,,204449,9,2026-01-16,100,,2026-05-13 10:23:00.068 +0900,2026-05-13 10:23:00.068 +0900,117876,rice,NSIC RC 664H,Transplanting,Mixed,UREA
28617,,,204449,2025-12-10,,2026-01-06,,204449,9,2026-01-30,100,,2026-05-13 10:23:00.068 +0900,2026-05-13 10:23:00.068 +0900,117878,rice,NSIC RC 664H,Transplanting,Mixed,UREA
28617,,,204449,2025-12-10,,2026-01-06,,204449,12,2026-01-16,50,,2026-05-13 10:23:00.068 +0900,2026-05-13 10:23:00.068 +0900,117877,rice,NSIC RC 664H,Transplanting,Mixed,AMMOPHOS
28617,,,204449,2025-12-10,,2026-01-06,,204449,12,2026-01-30,50,,2026-05-13 10:23:00.068 +0900,2026-05-13 10:23:00.068 +0900,117879,rice,NSIC RC 664H,Transplanting,Mixed,AMMOPHOS
17708,,,204451,2025-11-08,,2026-01-17,,204451,9,2026-01-20,200,,2026-03-13 15:34:26.856 +0900,2026-03-13 15:34:26.856 +0900,66389,rice,NSIC Rc456H (LP 937),Transplanting,Mixed,UREA
17708,,,204451,2025-11-08,,2026-01-17,,204451,9,2026-02-15,200,,2026-03-13 15:34:26.856 +0900,2026-03-13 15:34:26.856 +0900,66391,rice,NSIC Rc456H (LP 937),Transplanting,Mixed,UREA
17708,,,204451,2025-11-08,,2026-01-17,,204451,11,2026-03-07,200,,2026-03-13 15:34:26.856 +0900,2026-03-13 15:34:26.856 +0900,66392,rice,NSIC Rc456H (LP 937),Transplanting,Mixed,AMMOSUL
17708,,,204451,2025-11-08,,2026-01-17,,204451,12,2026-01-20,200,,2026-03-13 15:34:26.856 +0900,2026-03-13 15:34:26.856 +0900,66390,rice,NSIC Rc456H (LP 937),Transplanting,Mixed,AMMOPHOS
17708,,,204451,2025-11-08,,2026-01-17,,204451,13,,,,2026-03-13 15:34:26.856 +0900,2026-03-13 15:34:26.856 +0900,66394,rice,NSIC Rc456H (LP 937),Transplanting,Mixed,COMMERCIAL
17708,,,204451,2025-11-08,,2026-01-17,,204451,16,2026-03-07,100,,2026-03-13 15:34:26.856 +0900,2026-03-13 15:34:26.856 +0900,66393,rice,NSIC Rc456H (LP 937),Transplanting,Mixed,OTHER
28292,,,204450,2025-12-06,,2026-01-04,,204450,9,2026-01-19,25,,2026-05-05 12:08:00.578 +0900,2026-05-05 12:08:00.578 +0900,116326,rice,BIGANTE/BIGANTE PLUS,Transplanting,Mixed,UREA
28292,,,204450,2025-12-06,,2026-01-04,,204450,9,2026-02-06,25,,2026-05-05 12:08:00.578 +0900,2026-05-05 12:08:00.578 +0900,116328,rice,BIGANTE/BIGANTE PLUS,Transplanting,Mixed,UREA
28292,,,204450,2025-12-06,,2026-01-04,,204450,10,2026-01-19,25,,2026-05-05 12:08:00.578 +0900,2026-05-05 12:08:00.578 +0900,116327,rice,BIGANTE/BIGANTE PLUS,Transplanting,Mixed,TRIPLE
28292,,,204450,2025-12-06,,2026-01-04,,204450,10,2026-02-06,25,,2026-05-05 12:08:00.578 +0900,2026-05-05 12:08:00.578 +0900,116329,rice,BIGANTE/BIGANTE PLUS,Transplanting,Mixed,TRIPLE
17665,,,204453,2025-12-05,,2026-01-02,,204453,9,2026-01-31,50,,2026-03-10 14:31:36.137 +0900,2026-03-10 14:31:36.137 +0900,66095,rice,NSIC Rc234H (NK 5017),Transplanting,Mixed,UREA
17665,,,204453,2025-12-05,,2026-01-02,,204453,10,2026-01-18,100,,2026-03-10 14:31:36.137 +0900,2026-03-10 14:31:36.137 +0900,66094,rice,NSIC Rc234H (NK 5017),Transplanting,Mixed,TRIPLE
17665,,,204453,2025-12-05,,2026-01-02,,204453,12,2026-01-31,50,,2026-03-10 14:31:36.137 +0900,2026-03-10 14:31:36.137 +0900,66096,rice,NSIC Rc234H (NK 5017),Transplanting,Mixed,AMMOPHOS
17665,,,204453,2025-12-05,,2026-01-02,,204453,16,2026-01-31,25,,2026-03-10 14:31:36.137 +0900,2026-03-10 14:31:36.137 +0900,66097,rice,NSIC Rc234H (NK 5017),Transplanting,Mixed,OTHER
17673,,,204456,2025-12-05,,2026-01-08,,204456,9,2026-01-18,25,,2026-03-10 15:34:28.551 +0900,2026-03-10 15:34:28.551 +0900,66129,rice,NSIC RC 314H (Mestiso 46),Transplanting,Mixed,UREA
17673,,,204456,2025-12-05,,2026-01-08,,204456,9,2026-01-30,38,,2026-03-10 15:34:28.551 +0900,2026-03-10 15:34:28.551 +0900,66131,rice,NSIC RC 314H (Mestiso 46),Transplanting,Mixed,UREA
17673,,,204456,2025-12-05,,2026-01-08,,204456,12,2026-01-18,100,,2026-03-10 15:34:28.551 +0900,2026-03-10 15:34:28.551 +0900,66130,rice,NSIC RC 314H (Mestiso 46),Transplanting,Mixed,AMMOPHOS
17673,,,204456,2025-12-05,,2026-01-08,,204456,12,2026-01-30,75,,2026-03-10 15:34:28.551 +0900,2026-03-10 15:34:28.551 +0900,66132,rice,NSIC RC 314H (Mestiso 46),Transplanting,Mixed,AMMOPHOS
17672,,,204458,2025-12-05,,2026-01-18,,204458,9,2026-01-18,25,,2026-03-10 15:28:09.020 +0900,2026-03-10 15:28:09.020 +0900,66125,rice,NSIC RC 314H (Mestiso 46),Transplanting,Mixed,UREA
17672,,,204458,2025-12-05,,2026-01-18,,204458,9,2026-01-30,38,,2026-03-10 15:28:09.020 +0900,2026-03-10 15:28:09.020 +0900,66127,rice,NSIC RC 314H (Mestiso 46),Transplanting,Mixed,UREA
17672,,,204458,2025-12-05,,2026-01-18,,204458,12,2026-01-18,100,,2026-03-10 15:28:09.020 +0900,2026-03-10 15:28:09.020 +0900,66126,rice,NSIC RC 314H (Mestiso 46),Transplanting,Mixed,AMMOPHOS
17672,,,204458,2025-12-05,,2026-01-18,,204458,12,2026-01-30,75,,2026-03-10 15:28:09.020 +0900,2026-03-10 15:28:09.020 +0900,66128,rice,NSIC RC 314H (Mestiso 46),Transplanting,Mixed,AMMOPHOS
17671,,,204459,2025-12-05,,2026-01-18,,204459,9,2026-01-18,25,,2026-03-10 15:22:29.371 +0900,2026-03-10 15:22:29.371 +0900,66121,rice,NSIC RC 314H (Mestiso 46),Transplanting,Mixed,UREA
17671,,,204459,2025-12-05,,2026-01-18,,204459,9,2026-01-30,38,,2026-03-10 15:22:29.371 +0900,2026-03-10 15:22:29.371 +0900,66123,rice,NSIC RC 314H (Mestiso 46),Transplanting,Mixed,UREA
17671,,,204459,2025-12-05,,2026-01-18,,204459,12,2026-01-18,100,,2026-03-10 15:22:29.371 +0900,2026-03-10 15:22:29.371 +0900,66122,rice,NSIC RC 314H (Mestiso 46),Transplanting,Mixed,AMMOPHOS
17671,,,204459,2025-12-05,,2026-01-18,,204459,12,2026-01-30,75,,2026-03-10 15:22:29.371 +0900,2026-03-10 15:22:29.371 +0900,66124,rice,NSIC RC 314H (Mestiso 46),Transplanting,Mixed,AMMOPHOS
18331,,,204463,2025-12-01,,2026-01-06,,204463,9,2026-01-16,100,,2026-03-19 13:11:50.579 +0900,2026-03-19 13:11:50.579 +0900,69448,rice,NSIC RC 128 (MABANGO 1),Transplanting,Mixed,UREA
18331,,,204463,2025-12-01,,2026-01-06,,204463,10,2026-02-28,100,,2026-03-19 13:11:50.579 +0900,2026-03-19 13:11:50.579 +0900,69450,rice,NSIC RC 128 (MABANGO 1),Transplanting,Mixed,TRIPLE
18331,,,204463,2025-12-01,,2026-01-06,,204463,11,2026-02-28,50,,2026-03-19 13:11:50.579 +0900,2026-03-19 13:11:50.579 +0900,69451,rice,NSIC RC 128 (MABANGO 1),Transplanting,Mixed,AMMOSUL
18331,,,204463,2025-12-01,,2026-01-06,,204463,12,2026-01-16,100,,2026-03-19 13:11:50.579 +0900,2026-03-19 13:11:50.579 +0900,69449,rice,NSIC RC 128 (MABANGO 1),Transplanting,Mixed,AMMOPHOS
18331,,,204463,2025-12-01,,2026-01-06,,204463,13,,,,2026-03-19 13:11:50.579 +0900,2026-03-19 13:11:50.579 +0900,69452,rice,NSIC RC 128 (MABANGO 1),Transplanting,Mixed,COMMERCIAL
28285,,,204460,2025-12-07,,2026-01-04,,204460,9,2026-01-14,50,,2026-05-05 11:55:46.232 +0900,2026-05-05 11:55:46.232 +0900,116287,rice,BIGANTE/BIGANTE PLUS,Transplanting,Mixed,UREA
28285,,,204460,2025-12-07,,2026-01-04,,204460,9,2026-01-30,50,,2026-05-05 11:55:46.232 +0900,2026-05-05 11:55:46.232 +0900,116290,rice,BIGANTE/BIGANTE PLUS,Transplanting,Mixed,UREA
28285,,,204460,2025-12-07,,2026-01-04,,204460,10,2026-01-14,25,,2026-05-05 11:55:46.232 +0900,2026-05-05 11:55:46.232 +0900,116288,rice,BIGANTE/BIGANTE PLUS,Transplanting,Mixed,TRIPLE
28285,,,204460,2025-12-07,,2026-01-04,,204460,12,2026-01-14,25,,2026-05-05 11:55:46.232 +0900,2026-05-05 11:55:46.232 +0900,116289,rice,BIGANTE/BIGANTE PLUS,Transplanting,Mixed,AMMOPHOS
28285,,,204460,2025-12-07,,2026-01-04,,204460,12,2026-01-30,25,,2026-05-05 11:55:46.232 +0900,2026-05-05 11:55:46.232 +0900,116291,rice,BIGANTE/BIGANTE PLUS,Transplanting,Mixed,AMMOPHOS
17661,,,204461,2025-12-20,,2026-01-08,,204461,9,2026-01-12,50,,2026-03-10 13:53:01.566 +0900,2026-03-10 13:53:01.566 +0900,66073,rice,NSIC RC 128 (MABANGO 1),Transplanting,Mixed,UREA
17661,,,204461,2025-12-20,,2026-01-08,,204461,9,2026-02-19,50,,2026-03-10 13:53:01.566 +0900,2026-03-10 13:53:01.566 +0900,66075,rice,NSIC RC 128 (MABANGO 1),Transplanting,Mixed,UREA
17661,,,204461,2025-12-20,,2026-01-08,,204461,10,2026-01-12,25,,2026-03-10 13:53:01.566 +0900,2026-03-10 13:53:01.566 +0900,66074,rice,NSIC RC 128 (MABANGO 1),Transplanting,Mixed,TRIPLE
17661,,,204461,2025-12-20,,2026-01-08,,204461,10,2026-02-19,25,,2026-03-10 13:53:01.566 +0900,2026-03-10 13:53:01.566 +0900,66076,rice,NSIC RC 128 (MABANGO 1),Transplanting,Mixed,TRIPLE
17661,,,204461,2025-12-20,,2026-01-08,,204461,13,,,,2026-03-10 13:53:01.566 +0900,2026-03-10 13:53:01.566 +0900,66077,rice,NSIC RC 128 (MABANGO 1),Transplanting,Mixed,COMMERCIAL
28460,,,204464,2025-12-25,,2026-01-26,,204464,9,2026-02-07,100,,2026-05-06 11:40:36.042 +0900,2026-05-06 11:40:36.042 +0900,117188,rice,BIGANTE/BIGANTE PLUS,Transplanting,Mixed,UREA
28460,,,204464,2025-12-25,,2026-01-26,,204464,9,2026-02-22,100,,2026-05-06 11:40:36.042 +0900,2026-05-06 11:40:36.042 +0900,117190,rice,BIGANTE/BIGANTE PLUS,Transplanting,Mixed,UREA
28460,,,204464,2025-12-25,,2026-01-26,,204464,12,2026-02-07,150,,2026-05-06 11:40:36.042 +0900,2026-05-06 11:40:36.042 +0900,117189,rice,BIGANTE/BIGANTE PLUS,Transplanting,Mixed,AMMOPHOS
28460,,,204464,2025-12-25,,2026-01-26,,204464,12,2026-02-22,150,,2026-05-06 11:40:36.042 +0900,2026-05-06 11:40:36.042 +0900,117191,rice,BIGANTE/BIGANTE PLUS,Transplanting,Mixed,AMMOPHOS
28614,,,204470,2025-12-18,,2026-01-21,,204470,9,2026-02-20,100,,2026-05-13 10:19:45.661 +0900,2026-05-13 10:19:45.661 +0900,117867,rice,NSIC RC 664H,Transplanting,Mixed,UREA
28614,,,204470,2025-12-18,,2026-01-21,,204470,10,2026-01-31,100,,2026-05-13 10:19:45.661 +0900,2026-05-13 10:19:45.661 +0900,117865,rice,NSIC RC 664H,Transplanting,Mixed,TRIPLE
28614,,,204470,2025-12-18,,2026-01-21,,204470,12,2026-01-31,75,,2026-05-13 10:19:45.661 +0900,2026-05-13 10:19:45.661 +0900,117866,rice,NSIC RC 664H,Transplanting,Mixed,AMMOPHOS
28614,,,204470,2025-12-18,,2026-01-21,,204470,12,2026-02-20,75,,2026-05-13 10:19:45.661 +0900,2026-05-13 10:19:45.661 +0900,117868,rice,NSIC RC 664H,Transplanting,Mixed,AMMOPHOS
28257,,,204472,2025-12-30,,2026-01-28,,204472,9,2026-02-07,100,,2026-05-05 10:30:22.144 +0900,2026-05-05 10:30:22.144 +0900,116139,rice,JACKPOT 102,Transplanting,Mixed,UREA
28257,,,204472,2025-12-30,,2026-01-28,,204472,9,2026-02-27,100,,2026-05-05 10:30:22.144 +0900,2026-05-05 10:30:22.144 +0900,116141,rice,JACKPOT 102,Transplanting,Mixed,UREA
28257,,,204472,2025-12-30,,2026-01-28,,204472,12,2026-02-07,100,,2026-05-05 10:30:22.144 +0900,2026-05-05 10:30:22.144 +0900,116140,rice,JACKPOT 102,Transplanting,Mixed,AMMOPHOS
28257,,,204472,2025-12-30,,2026-01-28,,204472,12,2026-02-27,50,,2026-05-05 10:30:22.144 +0900,2026-05-05 10:30:22.144 +0900,116142,rice,JACKPOT 102,Transplanting,Mixed,AMMOPHOS
18324,,,204474,2025-12-03,,2026-01-15,,204474,9,2026-02-19,150,,2026-03-19 12:48:59.552 +0900,2026-03-19 12:48:59.552 +0900,69414,rice,NSIC RC 548H (Mestiso 101),Transplanting,Mixed,UREA
18324,,,204474,2025-12-03,,2026-01-15,,204474,10,2026-03-05,150,,2026-03-19 12:48:59.552 +0900,2026-03-19 12:48:59.552 +0900,69416,rice,NSIC RC 548H (Mestiso 101),Transplanting,Mixed,TRIPLE
18324,,,204474,2025-12-03,,2026-01-15,,204474,12,2026-02-19,50,,2026-03-19 12:48:59.552 +0900,2026-03-19 12:48:59.552 +0900,69415,rice,NSIC RC 548H (Mestiso 101),Transplanting,Mixed,AMMOPHOS
17459,,,204488,2025-12-10,,2026-01-08,,204488,9,2026-01-18,150,,2026-03-05 11:48:51.155 +0900,2026-03-05 11:48:51.155 +0900,65025,rice,NSIC RC 402 (Tubigan 36),Transplanting,Mixed,UREA
17459,,,204488,2025-12-10,,2026-01-08,,204488,9,2026-02-10,150,,2026-03-05 11:48:51.155 +0900,2026-03-05 11:48:51.155 +0900,65027,rice,NSIC RC 402 (Tubigan 36),Transplanting,Mixed,UREA
17459,,,204488,2025-12-10,,2026-01-08,,204488,11,2026-02-25,50,,2026-03-05 11:48:51.155 +0900,2026-03-05 11:48:51.155 +0900,65029,rice,NSIC RC 402 (Tubigan 36),Transplanting,Mixed,AMMOSUL
17459,,,204488,2025-12-10,,2026-01-08,,204488,12,2026-01-18,150,,2026-03-05 11:48:51.155 +0900,2026-03-05 11:48:51.155 +0900,65026,rice,NSIC RC 402 (Tubigan 36),Transplanting,Mixed,AMMOPHOS
17459,,,204488,2025-12-10,,2026-01-08,,204488,12,2026-02-10,150,,2026-03-05 11:48:51.155 +0900,2026-03-05 11:48:51.155 +0900,65028,rice,NSIC RC 402 (Tubigan 36),Transplanting,Mixed,AMMOPHOS
17459,,,204488,2025-12-10,,2026-01-08,,204488,13,,,,2026-03-05 11:48:51.155 +0900,2026-03-05 11:48:51.155 +0900,65031,rice,NSIC RC 402 (Tubigan 36),Transplanting,Mixed,COMMERCIAL
17459,,,204488,2025-12-10,,2026-01-08,,204488,16,2026-02-25,100,,2026-03-05 11:48:51.155 +0900,2026-03-05 11:48:51.155 +0900,65030,rice,NSIC RC 402 (Tubigan 36),Transplanting,Mixed,OTHER
28625,,,204490,2025-12-20,,2026-01-19,,204490,9,2026-01-29,200,,2026-05-13 10:34:46.465 +0900,2026-05-13 10:34:46.465 +0900,117909,rice,NSIC RC 664H,Transplanting,Mixed,UREA
28625,,,204490,2025-12-20,,2026-01-19,,204490,9,2026-02-18,200,,2026-05-13 10:34:46.465 +0900,2026-05-13 10:34:46.465 +0900,117911,rice,NSIC RC 664H,Transplanting,Mixed,UREA
28625,,,204490,2025-12-20,,2026-01-19,,204490,12,2026-01-29,200,,2026-05-13 10:34:46.465 +0900,2026-05-13 10:34:46.465 +0900,117910,rice,NSIC RC 664H,Transplanting,Mixed,AMMOPHOS
28625,,,204490,2025-12-20,,2026-01-19,,204490,12,2026-02-18,200,,2026-05-13 10:34:46.465 +0900,2026-05-13 10:34:46.465 +0900,117912,rice,NSIC RC 664H,Transplanting,Mixed,AMMOPHOS
28251,,,206121,2025-12-10,,2026-01-05,,206121,9,2026-01-15,100,,2026-05-05 10:21:38.472 +0900,2026-05-05 10:21:38.472 +0900,116102,rice,NSIC Rc234H (NK 5017),Transplanting,Mixed,UREA
28251,,,206121,2025-12-10,,2026-01-05,,206121,9,2026-01-30,100,,2026-05-05 10:21:38.472 +0900,2026-05-05 10:21:38.472 +0900,116104,rice,NSIC Rc234H (NK 5017),Transplanting,Mixed,UREA
28251,,,206121,2025-12-10,,2026-01-05,,206121,9,2026-02-10,50,,2026-05-05 10:21:38.472 +0900,2026-05-05 10:21:38.472 +0900,116106,rice,NSIC Rc234H (NK 5017),Transplanting,Mixed,UREA
28251,,,206121,2025-12-10,,2026-01-05,,206121,10,2026-01-15,50,,2026-05-05 10:21:38.472 +0900,2026-05-05 10:21:38.472 +0900,116103,rice,NSIC Rc234H (NK 5017),Transplanting,Mixed,TRIPLE
28251,,,206121,2025-12-10,,2026-01-05,,206121,12,2026-01-30,50,,2026-05-05 10:21:38.472 +0900,2026-05-05 10:21:38.472 +0900,116105,rice,NSIC Rc234H (NK 5017),Transplanting,Mixed,AMMOPHOS
28251,,,206121,2025-12-10,,2026-01-05,,206121,16,2026-02-10,50,,2026-05-05 10:21:38.472 +0900,2026-05-05 10:21:38.472 +0900,116107,rice,NSIC Rc234H (NK 5017),Transplanting,Mixed,OTHER
28598,,,206132,2025-12-07,,2026-01-05,,206132,9,2026-01-21,100,,2026-05-13 10:02:42.530 +0900,2026-05-13 10:02:42.530 +0900,117786,rice,NSIC RC 664H,Transplanting,Mixed,UREA
28598,,,206132,2025-12-07,,2026-01-05,,206132,9,2026-02-05,100,,2026-05-13 10:02:42.530 +0900,2026-05-13 10:02:42.530 +0900,117789,rice,NSIC RC 664H,Transplanting,Mixed,UREA
28598,,,206132,2025-12-07,,2026-01-05,,206132,10,2026-01-21,50,,2026-05-13 10:02:42.530 +0900,2026-05-13 10:02:42.530 +0900,117787,rice,NSIC RC 664H,Transplanting,Mixed,TRIPLE
28598,,,206132,2025-12-07,,2026-01-05,,206132,10,2026-02-05,50,,2026-05-13 10:02:42.530 +0900,2026-05-13 10:02:42.530 +0900,117790,rice,NSIC RC 664H,Transplanting,Mixed,TRIPLE
28598,,,206132,2025-12-07,,2026-01-05,,206132,12,2026-01-21,50,,2026-05-13 10:02:42.530 +0900,2026-05-13 10:02:42.530 +0900,117788,rice,NSIC RC 664H,Transplanting,Mixed,AMMOPHOS
28598,,,206132,2025-12-07,,2026-01-05,,206132,12,2026-02-05,50,,2026-05-13 10:02:42.530 +0900,2026-05-13 10:02:42.530 +0900,117791,rice,NSIC RC 664H,Transplanting,Mixed,AMMOPHOS
28384,,,202334,2025-12-28,,2026-01-26,,202334,9,2026-02-25,50,,2026-05-05 16:33:32.889 +0900,2026-05-05 16:33:32.889 +0900,116824,rice,BIGANTE/BIGANTE PLUS,Transplanting,Mixed,UREA
28384,,,202334,2025-12-28,,2026-01-26,,202334,10,2026-02-05,25,,2026-05-05 16:33:32.889 +0900,2026-05-05 16:33:32.889 +0900,116822,rice,BIGANTE/BIGANTE PLUS,Transplanting,Mixed,TRIPLE
28384,,,202334,2025-12-28,,2026-01-26,,202334,12,2026-02-05,50,,2026-05-05 16:33:32.889 +0900,2026-05-05 16:33:32.889 +0900,116823,rice,BIGANTE/BIGANTE PLUS,Transplanting,Mixed,AMMOPHOS
28384,,,202334,2025-12-28,,2026-01-26,,202334,12,2026-02-25,50,,2026-05-05 16:33:32.889 +0900,2026-05-05 16:33:32.889 +0900,116825,rice,BIGANTE/BIGANTE PLUS,Transplanting,Mixed,AMMOPHOS
28596,,,206120,2025-12-20,,2026-01-22,,206120,9,2026-02-01,125,,2026-05-13 09:59:53.910 +0900,2026-05-13 09:59:53.910 +0900,117778,rice,NSIC RC 664H,Transplanting,Mixed,UREA
28596,,,206120,2025-12-20,,2026-01-22,,206120,9,2026-02-21,100,,2026-05-13 09:59:53.910 +0900,2026-05-13 09:59:53.910 +0900,117780,rice,NSIC RC 664H,Transplanting,Mixed,UREA
28596,,,206120,2025-12-20,,2026-01-22,,206120,10,2026-02-01,125,,2026-05-13 09:59:53.910 +0900,2026-05-13 09:59:53.910 +0900,117779,rice,NSIC RC 664H,Transplanting,Mixed,TRIPLE
28596,,,206120,2025-12-20,,2026-01-22,,206120,12,2026-02-21,150,,2026-05-13 09:59:53.910 +0900,2026-05-13 09:59:53.910 +0900,117781,rice,NSIC RC 664H,Transplanting,Mixed,AMMOPHOS
28599,,,206123,2025-12-16,,2026-01-05,,206123,9,2026-01-13,100,,2026-05-13 10:02:49.058 +0900,2026-05-13 10:02:49.058 +0900,117792,rice,NSIC RC 664H,Transplanting,Mixed,UREA
28599,,,206123,2025-12-16,,2026-01-05,,206123,9,2026-01-29,100,,2026-05-13 10:02:49.058 +0900,2026-05-13 10:02:49.058 +0900,117795,rice,NSIC RC 664H,Transplanting,Mixed,UREA
28599,,,206123,2025-12-16,,2026-01-05,,206123,10,2026-01-13,50,,2026-05-13 10:02:49.058 +0900,2026-05-13 10:02:49.058 +0900,117793,rice,NSIC RC 664H,Transplanting,Mixed,TRIPLE
28599,,,206123,2025-12-16,,2026-01-05,,206123,12,2026-01-13,100,,2026-05-13 10:02:49.058 +0900,2026-05-13 10:02:49.058 +0900,117794,rice,NSIC RC 664H,Transplanting,Mixed,AMMOPHOS
28599,,,206123,2025-12-16,,2026-01-05,,206123,12,2026-01-29,100,,2026-05-13 10:02:49.058 +0900,2026-05-13 10:02:49.058 +0900,117796,rice,NSIC RC 664H,Transplanting,Mixed,AMMOPHOS
28599,,,206123,2025-12-16,,2026-01-05,,206123,16,2026-02-10,50,,2026-05-13 10:02:49.058 +0900,2026-05-13 10:02:49.058 +0900,117797,rice,NSIC RC 664H,Transplanting,Mixed,OTHER
28483,,,206124,2025-12-25,,2026-01-21,,206124,9,2026-01-31,125,,2026-05-06 12:25:36.063 +0900,2026-05-06 12:25:36.063 +0900,117290,rice,JACKPOT 102,Transplanting,Mixed,UREA
28483,,,206124,2025-12-25,,2026-01-21,,206124,9,2026-02-20,125,,2026-05-06 12:25:36.063 +0900,2026-05-06 12:25:36.063 +0900,117292,rice,JACKPOT 102,Transplanting,Mixed,UREA
28483,,,206124,2025-12-25,,2026-01-21,,206124,10,2026-01-31,125,,2026-05-06 12:25:36.063 +0900,2026-05-06 12:25:36.063 +0900,117291,rice,JACKPOT 102,Transplanting,Mixed,TRIPLE
28483,,,206124,2025-12-25,,2026-01-21,,206124,10,2026-02-20,125,,2026-05-06 12:25:36.063 +0900,2026-05-06 12:25:36.063 +0900,117293,rice,JACKPOT 102,Transplanting,Mixed,TRIPLE
28556,,,206125,2025-12-26,,2026-01-22,,206125,9,2026-02-01,125,,2026-05-06 15:43:08.255 +0900,2026-05-06 15:43:08.255 +0900,117605,rice,JACKPOT 102,Transplanting,Mixed,UREA
28556,,,206125,2025-12-26,,2026-01-22,,206125,9,2026-02-21,125,,2026-05-06 15:43:08.255 +0900,2026-05-06 15:43:08.255 +0900,117607,rice,JACKPOT 102,Transplanting,Mixed,UREA
28556,,,206125,2025-12-26,,2026-01-22,,206125,10,2026-02-01,125,,2026-05-06 15:43:08.255 +0900,2026-05-06 15:43:08.255 +0900,117606,rice,JACKPOT 102,Transplanting,Mixed,TRIPLE
28556,,,206125,2025-12-26,,2026-01-22,,206125,10,2026-02-21,125,,2026-05-06 15:43:08.255 +0900,2026-05-06 15:43:08.255 +0900,117608,rice,JACKPOT 102,Transplanting,Mixed,TRIPLE
28394,,,206129,2025-12-19,,2026-01-14,,206129,9,2026-01-29,50,,2026-05-05 16:44:55.454 +0900,2026-05-05 16:44:55.454 +0900,116866,rice,NSIC Rc234H (NK 5017),Transplanting,Mixed,UREA
28394,,,206129,2025-12-19,,2026-01-14,,206129,9,2026-02-13,50,,2026-05-05 16:44:55.454 +0900,2026-05-05 16:44:55.454 +0900,116868,rice,NSIC Rc234H (NK 5017),Transplanting,Mixed,UREA
28394,,,206129,2025-12-19,,2026-01-14,,206129,12,2026-01-29,50,,2026-05-05 16:44:55.454 +0900,2026-05-05 16:44:55.454 +0900,116867,rice,NSIC Rc234H (NK 5017),Transplanting,Mixed,AMMOPHOS
28394,,,206129,2025-12-19,,2026-01-14,,206129,12,2026-02-13,50,,2026-05-05 16:44:55.454 +0900,2026-05-05 16:44:55.454 +0900,116869,rice,NSIC Rc234H (NK 5017),Transplanting,Mixed,AMMOPHOS
28394,,,206129,2025-12-19,,2026-01-14,,206129,13,,,,2026-05-05 16:44:55.454 +0900,2026-05-05 16:44:55.454 +0900,116870,rice,NSIC Rc234H (NK 5017),Transplanting,Mixed,COMMERCIAL
28297,,,206131,2025-12-07,,2026-01-04,,206131,9,2026-01-20,100,,2026-05-05 12:19:19.251 +0900,2026-05-05 12:19:19.251 +0900,116352,rice,JACKPOT 102,Transplanting,Mixed,UREA
28297,,,206131,2025-12-07,,2026-01-04,,206131,9,2026-02-04,100,,2026-05-05 12:19:19.251 +0900,2026-05-05 12:19:19.251 +0900,116355,rice,JACKPOT 102,Transplanting,Mixed,UREA
28297,,,206131,2025-12-07,,2026-01-04,,206131,10,2026-01-20,50,,2026-05-05 12:19:19.251 +0900,2026-05-05 12:19:19.251 +0900,116353,rice,JACKPOT 102,Transplanting,Mixed,TRIPLE
28297,,,206131,2025-12-07,,2026-01-04,,206131,10,2026-02-04,50,,2026-05-05 12:19:19.251 +0900,2026-05-05 12:19:19.251 +0900,116356,rice,JACKPOT 102,Transplanting,Mixed,TRIPLE
28297,,,206131,2025-12-07,,2026-01-04,,206131,12,2026-01-20,50,,2026-05-05 12:19:19.251 +0900,2026-05-05 12:19:19.251 +0900,116354,rice,JACKPOT 102,Transplanting,Mixed,AMMOPHOS
28297,,,206131,2025-12-07,,2026-01-04,,206131,12,2026-02-04,50,,2026-05-05 12:19:19.251 +0900,2026-05-05 12:19:19.251 +0900,116357,rice,JACKPOT 102,Transplanting,Mixed,AMMOPHOS
28595,,,206135,2025-12-20,,2026-01-22,,206135,9,2026-01-03,100,,2026-05-13 09:57:34.303 +0900,2026-05-13 09:57:34.303 +0900,117773,rice,NSIC RC 664H,Transplanting,Mixed,UREA
28595,,,206135,2025-12-20,,2026-01-22,,206135,9,2026-01-18,100,,2026-05-13 09:57:34.303 +0900,2026-05-13 09:57:34.303 +0900,117776,rice,NSIC RC 664H,Transplanting,Mixed,UREA
28595,,,206135,2025-12-20,,2026-01-22,,206135,10,2026-01-03,50,,2026-05-13 09:57:34.303 +0900,2026-05-13 09:57:34.303 +0900,117774,rice,NSIC RC 664H,Transplanting,Mixed,TRIPLE
28595,,,206135,2025-12-20,,2026-01-22,,206135,12,2026-01-03,50,,2026-05-13 09:57:34.303 +0900,2026-05-13 09:57:34.303 +0900,117775,rice,NSIC RC 664H,Transplanting,Mixed,AMMOPHOS
28595,,,206135,2025-12-20,,2026-01-22,,206135,12,2026-01-18,50,,2026-05-13 09:57:34.303 +0900,2026-05-13 09:57:34.303 +0900,117777,rice,NSIC RC 664H,Transplanting,Mixed,AMMOPHOS
28604,,,206136,2025-12-10,,2026-01-18,,206136,9,2026-01-28,125,,2026-05-13 10:08:20.310 +0900,2026-05-13 10:08:20.310 +0900,117816,rice,NSIC RC 664H,Transplanting,Mixed,UREA
28604,,,206136,2025-12-10,,2026-01-18,,206136,9,2026-02-17,125,,2026-05-13 10:08:20.310 +0900,2026-05-13 10:08:20.310 +0900,117818,rice,NSIC RC 664H,Transplanting,Mixed,UREA
28604,,,206136,2025-12-10,,2026-01-18,,206136,12,2026-01-28,125,,2026-05-13 10:08:20.310 +0900,2026-05-13 10:08:20.310 +0900,117817,rice,NSIC RC 664H,Transplanting,Mixed,AMMOPHOS
28604,,,206136,2025-12-10,,2026-01-18,,206136,12,2026-02-17,125,,2026-05-13 10:08:20.310 +0900,2026-05-13 10:08:20.310 +0900,117819,rice,NSIC RC 664H,Transplanting,Mixed,AMMOPHOS
28375,,,206137,2025-12-22,,2026-01-24,,206137,9,2026-02-05,150,,2026-05-05 16:20:24.334 +0900,2026-05-05 16:20:24.334 +0900,116776,rice,NSIC Rc234H (NK 5017),Transplanting,Mixed,UREA
28375,,,206137,2025-12-22,,2026-01-24,,206137,9,2026-02-25,150,,2026-05-05 16:20:24.334 +0900,2026-05-05 16:20:24.334 +0900,116778,rice,NSIC Rc234H (NK 5017),Transplanting,Mixed,UREA
28375,,,206137,2025-12-22,,2026-01-24,,206137,12,2026-02-05,100,,2026-05-05 16:20:24.334 +0900,2026-05-05 16:20:24.334 +0900,116777,rice,NSIC Rc234H (NK 5017),Transplanting,Mixed,AMMOPHOS
28375,,,206137,2025-12-22,,2026-01-24,,206137,12,2026-02-25,100,,2026-05-05 16:20:24.334 +0900,2026-05-05 16:20:24.334 +0900,116779,rice,NSIC Rc234H (NK 5017),Transplanting,Mixed,AMMOPHOS
28375,,,206137,2025-12-22,,2026-01-24,,206137,16,2026-02-25,50,,2026-05-05 16:20:24.334 +0900,2026-05-05 16:20:24.334 +0900,116780,rice,NSIC Rc234H (NK 5017),Transplanting,Mixed,OTHER
28296,,,206138,2025-12-15,,2026-01-13,,206138,9,2026-01-28,100,,2026-05-05 12:15:59.256 +0900,2026-05-05 12:15:59.256 +0900,116344,rice,NSIC RC 132H (MESTISO 6),Transplanting,Mixed,UREA
28296,,,206138,2025-12-15,,2026-01-13,,206138,9,2026-02-12,100,,2026-05-05 12:15:59.256 +0900,2026-05-05 12:15:59.256 +0900,116347,rice,NSIC RC 132H (MESTISO 6),Transplanting,Mixed,UREA
28296,,,206138,2025-12-15,,2026-01-13,,206138,9,2026-02-27,50,,2026-05-05 12:15:59.256 +0900,2026-05-05 12:15:59.256 +0900,116350,rice,NSIC RC 132H (MESTISO 6),Transplanting,Mixed,UREA
28296,,,206138,2025-12-15,,2026-01-13,,206138,10,2026-01-28,50,,2026-05-05 12:15:59.256 +0900,2026-05-05 12:15:59.256 +0900,116345,rice,NSIC RC 132H (MESTISO 6),Transplanting,Mixed,TRIPLE
28296,,,206138,2025-12-15,,2026-01-13,,206138,10,2026-02-12,50,,2026-05-05 12:15:59.256 +0900,2026-05-05 12:15:59.256 +0900,116348,rice,NSIC RC 132H (MESTISO 6),Transplanting,Mixed,TRIPLE
28296,,,206138,2025-12-15,,2026-01-13,,206138,12,2026-01-28,100,,2026-05-05 12:15:59.256 +0900,2026-05-05 12:15:59.256 +0900,116346,rice,NSIC RC 132H (MESTISO 6),Transplanting,Mixed,AMMOPHOS
28296,,,206138,2025-12-15,,2026-01-13,,206138,12,2026-02-12,100,,2026-05-05 12:15:59.256 +0900,2026-05-05 12:15:59.256 +0900,116349,rice,NSIC RC 132H (MESTISO 6),Transplanting,Mixed,AMMOPHOS
28296,,,206138,2025-12-15,,2026-01-13,,206138,16,2026-02-27,50,,2026-05-05 12:15:59.256 +0900,2026-05-05 12:15:59.256 +0900,116351,rice,NSIC RC 132H (MESTISO 6),Transplanting,Mixed,OTHER
28594,,,206144,2025-12-26,,2026-01-20,,206144,9,2026-01-27,100,,2026-05-13 09:55:19.338 +0900,2026-05-13 09:55:19.338 +0900,117769,rice,NSIC RC 664H,Transplanting,Mixed,UREA
28594,,,206144,2025-12-26,,2026-01-20,,206144,9,2026-02-10,100,,2026-05-13 09:55:19.338 +0900,2026-05-13 09:55:19.338 +0900,117771,rice,NSIC RC 664H,Transplanting,Mixed,UREA
28594,,,206144,2025-12-26,,2026-01-20,,206144,10,2026-01-27,50,,2026-05-13 09:55:19.338 +0900,2026-05-13 09:55:19.338 +0900,117770,rice,NSIC RC 664H,Transplanting,Mixed,TRIPLE
28594,,,206144,2025-12-26,,2026-01-20,,206144,12,2026-02-10,50,,2026-05-13 09:55:19.338 +0900,2026-05-13 09:55:19.338 +0900,117772,rice,NSIC RC 664H,Transplanting,Mixed,AMMOPHOS
28561,,,206146,2025-12-23,,2026-01-16,,206146,9,2026-01-26,100,,2026-05-06 15:47:52.623 +0900,2026-05-06 15:47:52.623 +0900,117627,rice,NSIC Rc234H (NK 5017),Transplanting,Mixed,UREA
28561,,,206146,2025-12-23,,2026-01-16,,206146,9,2026-02-15,100,,2026-05-06 15:47:52.623 +0900,2026-05-06 15:47:52.623 +0900,117629,rice,NSIC Rc234H (NK 5017),Transplanting,Mixed,UREA
28561,,,206146,2025-12-23,,2026-01-16,,206146,10,2026-01-26,100,,2026-05-06 15:47:52.623 +0900,2026-05-06 15:47:52.623 +0900,117628,rice,NSIC Rc234H (NK 5017),Transplanting,Mixed,TRIPLE
28561,,,206146,2025-12-23,,2026-01-16,,206146,10,2026-02-15,100,,2026-05-06 15:47:52.623 +0900,2026-05-06 15:47:52.623 +0900,117630,rice,NSIC Rc234H (NK 5017),Transplanting,Mixed,TRIPLE
28348,,,206149,2025-12-28,,2026-01-27,,206149,9,2026-02-06,100,,2026-05-05 15:00:54.694 +0900,2026-05-05 15:00:54.694 +0900,116642,rice,BIGANTE/BIGANTE PLUS,Transplanting,Mixed,UREA
28348,,,206149,2025-12-28,,2026-01-27,,206149,9,2026-02-26,100,,2026-05-05 15:00:54.694 +0900,2026-05-05 15:00:54.694 +0900,116644,rice,BIGANTE/BIGANTE PLUS,Transplanting,Mixed,UREA
28348,,,206149,2025-12-28,,2026-01-27,,206149,12,2026-02-06,125,,2026-05-05 15:00:54.694 +0900,2026-05-05 15:00:54.694 +0900,116643,rice,BIGANTE/BIGANTE PLUS,Transplanting,Mixed,AMMOPHOS
28348,,,206149,2025-12-28,,2026-01-27,,206149,12,2026-02-26,125,,2026-05-05 15:00:54.694 +0900,2026-05-05 15:00:54.694 +0900,116645,rice,BIGANTE/BIGANTE PLUS,Transplanting,Mixed,AMMOPHOS
28317,,,206151,2025-12-12,,2026-01-16,,206151,9,2026-01-26,50,,2026-05-05 12:58:10.544 +0900,2026-05-05 12:58:10.544 +0900,116471,rice,BIGANTE/BIGANTE PLUS,Transplanting,Mixed,UREA
28317,,,206151,2025-12-12,,2026-01-16,,206151,9,2026-02-05,50,,2026-05-05 12:58:10.544 +0900,2026-05-05 12:58:10.544 +0900,116474,rice,BIGANTE/BIGANTE PLUS,Transplanting,Mixed,UREA
28317,,,206151,2025-12-12,,2026-01-16,,206151,10,2026-01-26,50,,2026-05-05 12:58:10.544 +0900,2026-05-05 12:58:10.544 +0900,116472,rice,BIGANTE/BIGANTE PLUS,Transplanting,Mixed,TRIPLE
28317,,,206151,2025-12-12,,2026-01-16,,206151,12,2026-01-26,50,,2026-05-05 12:58:10.544 +0900,2026-05-05 12:58:10.544 +0900,116473,rice,BIGANTE/BIGANTE PLUS,Transplanting,Mixed,AMMOPHOS
28317,,,206151,2025-12-12,,2026-01-16,,206151,12,2026-02-05,50,,2026-05-05 12:58:10.544 +0900,2026-05-05 12:58:10.544 +0900,116475,rice,BIGANTE/BIGANTE PLUS,Transplanting,Mixed,AMMOPHOS
28605,,,206155,2025-12-16,,2026-01-19,,206155,9,2026-02-02,100,,2026-05-13 10:08:29.680 +0900,2026-05-13 10:08:29.680 +0900,117820,rice,NSIC RC 664H,Transplanting,Mixed,UREA
28605,,,206155,2025-12-16,,2026-01-19,,206155,9,2026-02-17,100,,2026-05-13 10:08:29.680 +0900,2026-05-13 10:08:29.680 +0900,117822,rice,NSIC RC 664H,Transplanting,Mixed,UREA
28605,,,206155,2025-12-16,,2026-01-19,,206155,12,2026-02-02,50,,2026-05-13 10:08:29.680 +0900,2026-05-13 10:08:29.680 +0900,117821,rice,NSIC RC 664H,Transplanting,Mixed,AMMOPHOS
28605,,,206155,2025-12-16,,2026-01-19,,206155,12,2026-02-17,50,,2026-05-13 10:08:29.680 +0900,2026-05-13 10:08:29.680 +0900,117823,rice,NSIC RC 664H,Transplanting,Mixed,AMMOPHOS
28605,,,206155,2025-12-16,,2026-01-19,,206155,12,2026-03-05,50,,2026-05-13 10:08:29.680 +0900,2026-05-13 10:08:29.680 +0900,117824,rice,NSIC RC 664H,Transplanting,Mixed,AMMOPHOS
28605,,,206155,2025-12-16,,2026-01-19,,206155,16,2026-03-05,50,,2026-05-13 10:08:29.680 +0900,2026-05-13 10:08:29.680 +0900,117825,rice,NSIC RC 664H,Transplanting,Mixed,OTHER
28355,,,206168,2025-12-05,,2025-12-30,,206168,9,2026-01-07,25,,2026-05-05 15:54:10.252 +0900,2026-05-05 15:54:10.252 +0900,116676,rice,NSIC Rc234H (NK 5017),Transplanting,Mixed,UREA
28355,,,206168,2025-12-05,,2025-12-30,,206168,9,2026-01-20,25,,2026-05-05 15:54:10.252 +0900,2026-05-05 15:54:10.252 +0900,116678,rice,NSIC Rc234H (NK 5017),Transplanting,Mixed,UREA
28355,,,206168,2025-12-05,,2025-12-30,,206168,12,2026-01-07,25,,2026-05-05 15:54:10.252 +0900,2026-05-05 15:54:10.252 +0900,116677,rice,NSIC Rc234H (NK 5017),Transplanting,Mixed,AMMOPHOS
28355,,,206168,2025-12-05,,2025-12-30,,206168,12,2026-01-20,25,,2026-05-05 15:54:10.252 +0900,2026-05-05 15:54:10.252 +0900,116679,rice,NSIC Rc234H (NK 5017),Transplanting,Mixed,AMMOPHOS
28355,,,206168,2025-12-05,,2025-12-30,,206168,16,2026-02-01,25,,2026-05-05 15:54:10.252 +0900,2026-05-05 15:54:10.252 +0900,116680,rice,NSIC Rc234H (NK 5017),Transplanting,Mixed,OTHER
28266,,,206169,2025-12-11,,2026-01-06,,206169,9,2026-01-16,100,,2026-05-05 10:56:20.015 +0900,2026-05-05 10:56:20.015 +0900,116185,rice,JACKPOT 102,Transplanting,Mixed,UREA
28266,,,206169,2025-12-11,,2026-01-06,,206169,9,2026-02-03,100,,2026-05-05 10:56:20.015 +0900,2026-05-05 10:56:20.015 +0900,116188,rice,JACKPOT 102,Transplanting,Mixed,UREA
28266,,,206169,2025-12-11,,2026-01-06,,206169,10,2026-01-16,50,,2026-05-05 10:56:20.015 +0900,2026-05-05 10:56:20.015 +0900,116186,rice,JACKPOT 102,Transplanting,Mixed,TRIPLE
28266,,,206169,2025-12-11,,2026-01-06,,206169,12,2026-01-16,50,,2026-05-05 10:56:20.015 +0900,2026-05-05 10:56:20.015 +0900,116187,rice,JACKPOT 102,Transplanting,Mixed,AMMOPHOS
28266,,,206169,2025-12-11,,2026-01-06,,206169,12,2026-02-03,50,,2026-05-05 10:56:20.015 +0900,2026-05-05 10:56:20.015 +0900,116189,rice,JACKPOT 102,Transplanting,Mixed,AMMOPHOS
28258,,,206171,2025-12-11,,2026-01-06,,206171,9,2026-01-16,50,,2026-05-05 10:33:50.298 +0900,2026-05-05 10:33:50.298 +0900,116143,rice,NSIC RC 132H (MESTISO 6),Transplanting,Mixed,UREA
28258,,,206171,2025-12-11,,2026-01-06,,206171,9,2026-01-31,50,,2026-05-05 10:33:50.298 +0900,2026-05-05 10:33:50.298 +0900,116146,rice,NSIC RC 132H (MESTISO 6),Transplanting,Mixed,UREA
28258,,,206171,2025-12-11,,2026-01-06,,206171,9,2026-02-12,50,,2026-05-05 10:33:50.298 +0900,2026-05-05 10:33:50.298 +0900,116147,rice,NSIC RC 132H (MESTISO 6),Transplanting,Mixed,UREA
28258,,,206171,2025-12-11,,2026-01-06,,206171,12,2026-01-16,25,,2026-05-05 10:33:50.298 +0900,2026-05-05 10:33:50.298 +0900,116144,rice,NSIC RC 132H (MESTISO 6),Transplanting,Mixed,AMMOPHOS
28258,,,206171,2025-12-11,,2026-01-06,,206171,12,2026-01-31,25,,2026-05-05 10:33:50.298 +0900,2026-05-05 10:33:50.298 +0900,116145,rice,NSIC RC 132H (MESTISO 6),Transplanting,Mixed,AMMOPHOS
28258,,,206171,2025-12-11,,2026-01-06,,206171,16,2026-02-12,25,,2026-05-05 10:33:50.298 +0900,2026-05-05 10:33:50.298 +0900,116148,rice,NSIC RC 132H (MESTISO 6),Transplanting,Mixed,OTHER
28527,,,206456,2025-12-26,,2026-01-21,,206456,9,2026-01-31,50,,2026-05-06 15:03:23.052 +0900,2026-05-06 15:03:23.052 +0900,117482,rice,BIGANTE/BIGANTE PLUS,Transplanting,Mixed,UREA
28527,,,206456,2025-12-26,,2026-01-21,,206456,9,2026-02-20,50,,2026-05-06 15:03:23.052 +0900,2026-05-06 15:03:23.052 +0900,117484,rice,BIGANTE/BIGANTE PLUS,Transplanting,Mixed,UREA
28527,,,206456,2025-12-26,,2026-01-21,,206456,10,2026-01-31,50,,2026-05-06 15:03:23.052 +0900,2026-05-06 15:03:23.052 +0900,117483,rice,BIGANTE/BIGANTE PLUS,Transplanting,Mixed,TRIPLE
28527,,,206456,2025-12-26,,2026-01-21,,206456,10,2026-02-20,50,,2026-05-06 15:03:23.052 +0900,2026-05-06 15:03:23.052 +0900,117485,rice,BIGANTE/BIGANTE PLUS,Transplanting,Mixed,TRIPLE
17668,,,201642,2025-12-20,,2026-01-09,,201642,9,2026-01-15,50,,2026-03-10 14:53:59.524 +0900,2026-03-10 14:56:00.207 +0900,66107,rice,NSIC RC 314H (Mestiso 46),Transplanting,Mixed,UREA
17668,,,201642,2025-12-20,,2026-01-09,,201642,9,2026-02-17,50,,2026-03-10 14:53:59.524 +0900,2026-03-10 14:56:00.210 +0900,66109,rice,NSIC RC 314H (Mestiso 46),Transplanting,Mixed,UREA
17668,,,201642,2025-12-20,,2026-01-09,,201642,10,2026-01-15,75,,2026-03-10 14:53:59.524 +0900,2026-03-10 14:56:00.209 +0900,66108,rice,NSIC RC 314H (Mestiso 46),Transplanting,Mixed,TRIPLE
17668,,,201642,2025-12-20,,2026-01-09,,201642,10,2026-02-17,75,,2026-03-10 14:53:59.524 +0900,2026-03-10 14:56:00.211 +0900,66110,rice,NSIC RC 314H (Mestiso 46),Transplanting,Mixed,TRIPLE
28399,,,204434,2025-12-25,,2026-01-20,,204434,9,2026-01-31,650,,2026-05-06 09:22:55.621 +0900,2026-05-06 09:22:55.621 +0900,116893,rice,BIGANTE/BIGANTE PLUS,Transplanting,Mixed,UREA
28399,,,204434,2025-12-25,,2026-01-20,,204434,9,2026-02-20,650,,2026-05-06 09:22:55.621 +0900,2026-05-06 09:22:55.621 +0900,116895,rice,BIGANTE/BIGANTE PLUS,Transplanting,Mixed,UREA
28399,,,204434,2025-12-25,,2026-01-20,,204434,12,2026-01-31,650,,2026-05-06 09:22:55.621 +0900,2026-05-06 09:22:55.621 +0900,116894,rice,BIGANTE/BIGANTE PLUS,Transplanting,Mixed,AMMOPHOS
28399,,,204434,2025-12-25,,2026-01-20,,204434,12,2026-02-20,650,,2026-05-06 09:22:55.621 +0900,2026-05-06 09:22:55.621 +0900,116896,rice,BIGANTE/BIGANTE PLUS,Transplanting,Mixed,AMMOPHOS
28409,,,204412,2025-12-28,,2026-01-19,,204412,9,2026-01-29,100,,2026-05-06 09:48:17.860 +0900,2026-05-06 09:48:17.860 +0900,116933,rice,BIGANTE/BIGANTE PLUS,Transplanting,Mixed,UREA
28409,,,204412,2025-12-28,,2026-01-19,,204412,9,2026-02-18,100,,2026-05-06 09:48:17.860 +0900,2026-05-06 09:48:17.860 +0900,116935,rice,BIGANTE/BIGANTE PLUS,Transplanting,Mixed,UREA
28409,,,204412,2025-12-28,,2026-01-19,,204412,10,2026-01-29,100,,2026-05-06 09:48:17.860 +0900,2026-05-06 09:48:17.860 +0900,116934,rice,BIGANTE/BIGANTE PLUS,Transplanting,Mixed,TRIPLE
28409,,,204412,2025-12-28,,2026-01-19,,204412,10,2026-02-18,100,,2026-05-06 09:48:17.860 +0900,2026-05-06 09:48:17.860 +0900,116936,rice,BIGANTE/BIGANTE PLUS,Transplanting,Mixed,TRIPLE
28318,,,204418,2025-12-04,,2026-01-06,,204418,9,2026-01-16,50,,2026-05-05 13:01:30.795 +0900,2026-05-05 13:01:30.795 +0900,116482,rice,BIGANTE/BIGANTE PLUS,Transplanting,Mixed,UREA
28318,,,204418,2025-12-04,,2026-01-06,,204418,9,2026-01-31,50,,2026-05-05 13:01:30.795 +0900,2026-05-05 13:01:30.795 +0900,116485,rice,BIGANTE/BIGANTE PLUS,Transplanting,Mixed,UREA
28318,,,204418,2025-12-04,,2026-01-06,,204418,10,2026-01-16,25,,2026-05-05 13:01:30.795 +0900,2026-05-05 13:01:30.795 +0900,116483,rice,BIGANTE/BIGANTE PLUS,Transplanting,Mixed,TRIPLE
28318,,,204418,2025-12-04,,2026-01-06,,204418,12,2026-01-16,25,,2026-05-05 13:01:30.795 +0900,2026-05-05 13:01:30.795 +0900,116484,rice,BIGANTE/BIGANTE PLUS,Transplanting,Mixed,AMMOPHOS
28318,,,204418,2025-12-04,,2026-01-06,,204418,12,2026-01-31,25,,2026-05-05 13:01:30.795 +0900,2026-05-05 13:01:30.795 +0900,116486,rice,BIGANTE/BIGANTE PLUS,Transplanting,Mixed,AMMOPHOS
28318,,,204418,2025-12-04,,2026-01-06,,204418,16,2026-02-10,25,,2026-05-05 13:01:30.795 +0900,2026-05-05 13:01:30.795 +0900,116487,rice,BIGANTE/BIGANTE PLUS,Transplanting,Mixed,OTHER
28391,,,204467,2025-12-18,,2026-01-14,,204467,9,2026-01-23,100,,2026-05-05 16:41:03.286 +0900,2026-05-05 16:41:03.286 +0900,116853,rice,NSIC RC 132H (MESTISO 6),Transplanting,Mixed,UREA
28391,,,204467,2025-12-18,,2026-01-14,,204467,9,2026-02-08,100,,2026-05-05 16:41:03.286 +0900,2026-05-05 16:41:03.286 +0900,116855,rice,NSIC RC 132H (MESTISO 6),Transplanting,Mixed,UREA
28391,,,204467,2025-12-18,,2026-01-14,,204467,12,2026-01-23,100,,2026-05-05 16:41:03.286 +0900,2026-05-05 16:41:03.286 +0900,116854,rice,NSIC RC 132H (MESTISO 6),Transplanting,Mixed,AMMOPHOS
28391,,,204467,2025-12-18,,2026-01-14,,204467,12,2026-02-08,100,,2026-05-05 16:41:03.286 +0900,2026-05-05 16:41:03.286 +0900,116856,rice,NSIC RC 132H (MESTISO 6),Transplanting,Mixed,AMMOPHOS
28391,,,204467,2025-12-18,,2026-01-14,,204467,16,2026-02-08,50,,2026-05-05 16:41:03.286 +0900,2026-05-05 16:41:03.286 +0900,116857,rice,NSIC RC 132H (MESTISO 6),Transplanting,Mixed,OTHER
17709,,,204425,2025-12-05,,2026-01-02,,204425,9,2026-01-10,100,,2026-03-13 15:46:02.062 +0900,2026-03-13 15:46:02.062 +0900,66395,rice,NSIC Rc456H (LP 937),Transplanting,Mixed,UREA
17709,,,204425,2025-12-05,,2026-01-02,,204425,10,2026-01-25,100,,2026-03-13 15:46:02.062 +0900,2026-03-13 15:46:02.062 +0900,66398,rice,NSIC Rc456H (LP 937),Transplanting,Mixed,TRIPLE
17709,,,204425,2025-12-05,,2026-01-02,,204425,11,2026-01-10,50,,2026-03-13 15:46:02.062 +0900,2026-03-13 15:46:02.062 +0900,66396,rice,NSIC Rc456H (LP 937),Transplanting,Mixed,AMMOSUL
17709,,,204425,2025-12-05,,2026-01-02,,204425,11,2026-01-25,100,,2026-03-13 15:46:02.062 +0900,2026-03-13 15:46:02.062 +0900,66399,rice,NSIC Rc456H (LP 937),Transplanting,Mixed,AMMOSUL
17709,,,204425,2025-12-05,,2026-01-02,,204425,12,2026-01-10,50,,2026-03-13 15:46:02.062 +0900,2026-03-13 15:46:02.062 +0900,66397,rice,NSIC Rc456H (LP 937),Transplanting,Mixed,AMMOPHOS
17709,,,204425,2025-12-05,,2026-01-02,,204425,12,2026-01-25,50,,2026-03-13 15:46:02.062 +0900,2026-03-13 15:46:02.062 +0900,66400,rice,NSIC Rc456H (LP 937),Transplanting,Mixed,AMMOPHOS
17709,,,204425,2025-12-05,,2026-01-02,,204425,13,,,,2026-03-13 15:46:02.062 +0900,2026-03-13 15:46:02.062 +0900,66401,rice,NSIC Rc456H (LP 937),Transplanting,Mixed,COMMERCIAL
28502,,,202858,2025-12-18,,2026-01-08,,202858,9,2026-01-18,25,,2026-05-06 14:21:12.617 +0900,2026-05-06 14:21:12.617 +0900,117369,rice,JACKPOT 102,Transplanting,Mixed,UREA
28502,,,202858,2025-12-18,,2026-01-08,,202858,9,2026-02-18,25,,2026-05-06 14:21:12.617 +0900,2026-05-06 14:21:12.617 +0900,117371,rice,JACKPOT 102,Transplanting,Mixed,UREA
28502,,,202858,2025-12-18,,2026-01-08,,202858,12,2026-01-18,25,,2026-05-06 14:21:12.617 +0900,2026-05-06 14:21:12.617 +0900,117370,rice,JACKPOT 102,Transplanting,Mixed,AMMOPHOS
28502,,,202858,2025-12-18,,2026-01-08,,202858,12,2026-02-18,25,,2026-05-06 14:21:12.617 +0900,2026-05-06 14:21:12.617 +0900,117372,rice,JACKPOT 102,Transplanting,Mixed,AMMOPHOS
28502,,,202858,2025-12-18,,2026-01-08,,202858,13,,,,2026-05-06 14:21:12.617 +0900,2026-05-06 14:21:12.617 +0900,117373,rice,JACKPOT 102,Transplanting,Mixed,COMMERCIAL
28504,,,202859,2025-12-14,,2026-01-09,,202859,9,2026-01-19,50,,2026-05-06 14:23:58.103 +0900,2026-05-06 14:23:58.103 +0900,117379,rice,JACKPOT 102,Transplanting,Mixed,UREA
28504,,,202859,2025-12-14,,2026-01-09,,202859,9,2026-02-19,50,,2026-05-06 14:23:58.103 +0900,2026-05-06 14:23:58.103 +0900,117381,rice,JACKPOT 102,Transplanting,Mixed,UREA
28504,,,202859,2025-12-14,,2026-01-09,,202859,12,2026-01-19,50,,2026-05-06 14:23:58.103 +0900,2026-05-06 14:23:58.103 +0900,117380,rice,JACKPOT 102,Transplanting,Mixed,AMMOPHOS
28504,,,202859,2025-12-14,,2026-01-09,,202859,12,2026-02-19,50,,2026-05-06 14:23:58.103 +0900,2026-05-06 14:23:58.103 +0900,117382,rice,JACKPOT 102,Transplanting,Mixed,AMMOPHOS
28504,,,202859,2025-12-14,,2026-01-09,,202859,13,,,,2026-05-06 14:23:58.103 +0900,2026-05-06 14:23:58.103 +0900,117383,rice,JACKPOT 102,Transplanting,Mixed,COMMERCIAL
28501,,,202868,2025-12-10,,2026-01-06,,202868,9,2026-01-16,50,,2026-05-06 14:19:45.001 +0900,2026-05-06 14:19:45.001 +0900,117364,rice,JACKPOT 102,Transplanting,Mixed,UREA
28501,,,202868,2025-12-10,,2026-01-06,,202868,9,2026-02-16,50,,2026-05-06 14:19:45.001 +0900,2026-05-06 14:19:45.001 +0900,117366,rice,JACKPOT 102,Transplanting,Mixed,UREA
28501,,,202868,2025-12-10,,2026-01-06,,202868,12,2026-01-16,100,,2026-05-06 14:19:45.001 +0900,2026-05-06 14:19:45.001 +0900,117365,rice,JACKPOT 102,Transplanting,Mixed,AMMOPHOS
28501,,,202868,2025-12-10,,2026-01-06,,202868,12,2026-02-16,100,,2026-05-06 14:19:45.001 +0900,2026-05-06 14:19:45.001 +0900,117367,rice,JACKPOT 102,Transplanting,Mixed,AMMOPHOS
28501,,,202868,2025-12-10,,2026-01-06,,202868,13,,,,2026-05-06 14:19:45.001 +0900,2026-05-06 14:19:45.001 +0900,117368,rice,JACKPOT 102,Transplanting,Mixed,COMMERCIAL
28509,,,202871,2025-12-12,,2026-01-05,,202871,9,2026-01-15,100,,2026-05-06 14:38:55.030 +0900,2026-05-06 14:38:55.030 +0900,117404,rice,JACKPOT 102,Transplanting,Mixed,UREA
28509,,,202871,2025-12-12,,2026-01-05,,202871,9,2026-02-15,100,,2026-05-06 14:38:55.030 +0900,2026-05-06 14:38:55.030 +0900,117406,rice,JACKPOT 102,Transplanting,Mixed,UREA
28509,,,202871,2025-12-12,,2026-01-05,,202871,11,2026-01-15,100,,2026-05-06 14:38:55.030 +0900,2026-05-06 14:38:55.030 +0900,117405,rice,JACKPOT 102,Transplanting,Mixed,AMMOSUL
28509,,,202871,2025-12-12,,2026-01-05,,202871,11,2026-02-15,100,,2026-05-06 14:38:55.030 +0900,2026-05-06 14:38:55.030 +0900,117407,rice,JACKPOT 102,Transplanting,Mixed,AMMOSUL
28509,,,202871,2025-12-12,,2026-01-05,,202871,13,,,,2026-05-06 14:38:55.030 +0900,2026-05-06 14:38:55.030 +0900,117408,rice,JACKPOT 102,Transplanting,Mixed,COMMERCIAL
28603,,,202891,2025-12-15,,2026-01-20,,202891,9,2026-01-30,50,,2026-05-13 10:06:24.234 +0900,2026-05-13 10:06:24.234 +0900,117812,rice,NSIC RC 664H,Transplanting,Mixed,UREA
28603,,,202891,2025-12-15,,2026-01-20,,202891,9,2026-02-19,50,,2026-05-13 10:06:24.234 +0900,2026-05-13 10:06:24.234 +0900,117814,rice,NSIC RC 664H,Transplanting,Mixed,UREA
28603,,,202891,2025-12-15,,2026-01-20,,202891,10,2026-01-30,50,,2026-05-13 10:06:24.234 +0900,2026-05-13 10:06:24.234 +0900,117813,rice,NSIC RC 664H,Transplanting,Mixed,TRIPLE
28603,,,202891,2025-12-15,,2026-01-20,,202891,10,2026-02-19,50,,2026-05-13 10:06:24.234 +0900,2026-05-13 10:06:24.234 +0900,117815,rice,NSIC RC 664H,Transplanting,Mixed,TRIPLE
28572,,,202448,2025-12-16,,2026-01-19,,202448,9,2026-01-19,25,,2026-05-07 10:05:50.223 +0900,2026-05-07 10:05:50.223 +0900,117673,rice,BIGANTE/BIGANTE PLUS,Transplanting,Mixed,UREA
28572,,,202448,2025-12-16,,2026-01-19,,202448,9,2026-01-29,25,,2026-05-07 10:05:50.223 +0900,2026-05-07 10:05:50.223 +0900,117676,rice,BIGANTE/BIGANTE PLUS,Transplanting,Mixed,UREA
28572,,,202448,2025-12-16,,2026-01-19,,202448,10,2026-01-19,50,,2026-05-07 10:05:50.223 +0900,2026-05-07 10:05:50.223 +0900,117674,rice,BIGANTE/BIGANTE PLUS,Transplanting,Mixed,TRIPLE
28572,,,202448,2025-12-16,,2026-01-19,,202448,10,2026-01-29,50,,2026-05-07 10:05:50.223 +0900,2026-05-07 10:05:50.223 +0900,117677,rice,BIGANTE/BIGANTE PLUS,Transplanting,Mixed,TRIPLE
28572,,,202448,2025-12-16,,2026-01-19,,202448,12,2026-01-19,25,,2026-05-07 10:05:50.223 +0900,2026-05-07 10:05:50.223 +0900,117675,rice,BIGANTE/BIGANTE PLUS,Transplanting,Mixed,AMMOPHOS
28572,,,202448,2025-12-16,,2026-01-19,,202448,12,2026-01-29,25,,2026-05-07 10:05:50.223 +0900,2026-05-07 10:05:50.223 +0900,117678,rice,BIGANTE/BIGANTE PLUS,Transplanting,Mixed,AMMOPHOS
28543,,,202456,2025-12-27,,2026-01-18,,202456,9,2026-01-28,5,,2026-05-06 15:28:36.207 +0900,2026-05-06 15:28:36.207 +0900,117552,rice,NSIC Rc456H (LP 937),Transplanting,Mixed,UREA
28543,,,202456,2025-12-27,,2026-01-18,,202456,9,2026-02-17,5,,2026-05-06 15:28:36.207 +0900,2026-05-06 15:28:36.207 +0900,117554,rice,NSIC Rc456H (LP 937),Transplanting,Mixed,UREA
28543,,,202456,2025-12-27,,2026-01-18,,202456,10,2026-01-28,5,,2026-05-06 15:28:36.207 +0900,2026-05-06 15:28:36.207 +0900,117553,rice,NSIC Rc456H (LP 937),Transplanting,Mixed,TRIPLE
28543,,,202456,2025-12-27,,2026-01-18,,202456,10,2026-02-17,5,,2026-05-06 15:28:36.207 +0900,2026-05-06 15:28:36.207 +0900,117555,rice,NSIC Rc456H (LP 937),Transplanting,Mixed,TRIPLE
28264,,,202233,2025-11-20,,2025-12-23,,202233,9,2026-01-03,25,,2026-05-05 10:53:21.420 +0900,2026-05-05 10:53:21.420 +0900,116174,rice,NSIC Rc234H (NK 5017),Transplanting,Mixed,UREA
28264,,,202233,2025-11-20,,2025-12-23,,202233,9,2026-01-20,25,,2026-05-05 10:53:21.420 +0900,2026-05-05 10:53:21.420 +0900,116176,rice,NSIC Rc234H (NK 5017),Transplanting,Mixed,UREA
28264,,,202233,2025-11-20,,2025-12-23,,202233,12,2026-01-03,25,,2026-05-05 10:53:21.420 +0900,2026-05-05 10:53:21.420 +0900,116175,rice,NSIC Rc234H (NK 5017),Transplanting,Mixed,AMMOPHOS
28264,,,202233,2025-11-20,,2025-12-23,,202233,12,2026-01-20,25,,2026-05-05 10:53:21.420 +0900,2026-05-05 10:53:21.420 +0900,116177,rice,NSIC Rc234H (NK 5017),Transplanting,Mixed,AMMOPHOS
19116,,,201651,2025-12-05,,2026-01-21,,201651,9,2026-01-28,25,,2026-03-24 14:24:47.192 +0900,2026-03-24 14:24:47.192 +0900,73270,rice,NSIC Rc234H (NK 5017),Transplanting,Mixed,UREA
19116,,,201651,2025-12-05,,2026-01-21,,201651,9,2026-02-12,25,,2026-03-24 14:24:47.192 +0900,2026-03-24 14:24:47.192 +0900,73272,rice,NSIC Rc234H (NK 5017),Transplanting,Mixed,UREA
19116,,,201651,2025-12-05,,2026-01-21,,201651,12,2026-01-28,25,,2026-03-24 14:24:47.192 +0900,2026-03-24 14:24:47.192 +0900,73271,rice,NSIC Rc234H (NK 5017),Transplanting,Mixed,AMMOPHOS
19116,,,201651,2025-12-05,,2026-01-21,,201651,16,2026-02-12,25,,2026-03-24 14:24:47.192 +0900,2026-03-24 14:24:47.192 +0900,73273,rice,NSIC Rc234H (NK 5017),Transplanting,Mixed,OTHER
28463,,,202345,2025-12-15,,2026-01-22,,202345,9,2026-02-01,150,,2026-05-06 11:44:32.507 +0900,2026-05-06 11:44:32.507 +0900,117200,rice,BIGANTE/BIGANTE PLUS,Transplanting,Mixed,UREA
28463,,,202345,2025-12-15,,2026-01-22,,202345,9,2026-02-17,150,,2026-05-06 11:44:32.507 +0900,2026-05-06 11:44:32.507 +0900,117202,rice,BIGANTE/BIGANTE PLUS,Transplanting,Mixed,UREA
28463,,,202345,2025-12-15,,2026-01-22,,202345,12,2026-02-01,150,,2026-05-06 11:44:32.507 +0900,2026-05-06 11:44:32.507 +0900,117201,rice,BIGANTE/BIGANTE PLUS,Transplanting,Mixed,AMMOPHOS
28463,,,202345,2025-12-15,,2026-01-22,,202345,12,2026-02-17,150,,2026-05-06 11:44:32.507 +0900,2026-05-06 11:44:32.507 +0900,117203,rice,BIGANTE/BIGANTE PLUS,Transplanting,Mixed,AMMOPHOS
18303,,,202324,2025-12-04,,2026-01-20,,202324,9,2026-01-28,50,,2026-03-19 12:18:18.016 +0900,2026-03-19 12:18:18.016 +0900,69318,rice,NSIC RC 216 (Tubigan 17),Transplanting,Mixed,UREA
18303,,,202324,2025-12-04,,2026-01-20,,202324,9,2026-02-13,50,,2026-03-19 12:18:18.016 +0900,2026-03-19 12:18:18.016 +0900,69320,rice,NSIC RC 216 (Tubigan 17),Transplanting,Mixed,UREA
18303,,,202324,2025-12-04,,2026-01-20,,202324,11,2026-01-28,50,,2026-03-19 12:18:18.016 +0900,2026-03-19 12:18:18.016 +0900,69319,rice,NSIC RC 216 (Tubigan 17),Transplanting,Mixed,AMMOSUL
18303,,,202324,2025-12-04,,2026-01-20,,202324,11,2026-02-13,50,,2026-03-19 12:18:18.016 +0900,2026-03-19 12:18:18.016 +0900,69321,rice,NSIC RC 216 (Tubigan 17),Transplanting,Mixed,AMMOSUL
18303,,,202324,2025-12-04,,2026-01-20,,202324,13,,,,2026-03-19 12:18:18.016 +0900,2026-03-19 12:18:18.016 +0900,69322,rice,NSIC RC 216 (Tubigan 17),Transplanting,Mixed,COMMERCIAL
28602,,,201592,2025-12-17,,2026-01-17,,201592,9,2026-02-01,25,,2026-05-13 10:06:03.981 +0900,2026-05-13 10:06:03.981 +0900,117807,rice,NSIC RC 664H,Transplanting,Mixed,UREA
28602,,,201592,2025-12-17,,2026-01-17,,201592,9,2026-02-16,25,,2026-05-13 10:06:03.981 +0900,2026-05-13 10:06:03.981 +0900,117809,rice,NSIC RC 664H,Transplanting,Mixed,UREA
28602,,,201592,2025-12-17,,2026-01-17,,201592,12,2026-02-01,25,,2026-05-13 10:06:03.981 +0900,2026-05-13 10:06:03.981 +0900,117808,rice,NSIC RC 664H,Transplanting,Mixed,AMMOPHOS
28602,,,201592,2025-12-17,,2026-01-17,,201592,12,2026-02-16,25,,2026-05-13 10:06:03.981 +0900,2026-05-13 10:06:03.981 +0900,117810,rice,NSIC RC 664H,Transplanting,Mixed,AMMOPHOS
28602,,,201592,2025-12-17,,2026-01-17,,201592,13,,,,2026-05-13 10:06:03.981 +0900,2026-05-13 10:06:03.981 +0900,117811,rice,NSIC RC 664H,Transplanting,Mixed,COMMERCIAL
18311,,,202214,2025-12-20,,2026-01-05,,202214,9,2026-01-24,100,,2026-03-19 12:33:40.951 +0900,2026-03-19 12:33:40.951 +0900,69357,rice,NSIC RC 128 (MABANGO 1),Transplanting,Mixed,UREA
18311,,,202214,2025-12-20,,2026-01-05,,202214,9,2026-02-22,100,,2026-03-19 12:33:40.951 +0900,2026-03-19 12:33:40.951 +0900,69359,rice,NSIC RC 128 (MABANGO 1),Transplanting,Mixed,UREA
18311,,,202214,2025-12-20,,2026-01-05,,202214,10,2026-01-24,150,,2026-03-19 12:33:40.951 +0900,2026-03-19 12:33:40.951 +0900,69358,rice,NSIC RC 128 (MABANGO 1),Transplanting,Mixed,TRIPLE
18311,,,202214,2025-12-20,,2026-01-05,,202214,12,2026-02-22,100,,2026-03-19 12:33:40.951 +0900,2026-03-19 12:33:40.951 +0900,69360,rice,NSIC RC 128 (MABANGO 1),Transplanting,Mixed,AMMOPHOS
18311,,,202214,2025-12-20,,2026-01-05,,202214,15,,,,2026-03-19 12:33:40.951 +0900,2026-03-19 12:33:40.951 +0900,69361,rice,NSIC RC 128 (MABANGO 1),Transplanting,Mixed,COMPOST
28349,,,206119,2025-10-28,,2026-01-11,,206119,9,2026-01-21,50,,2026-05-05 15:09:49.246 +0900,2026-05-05 15:09:49.246 +0900,116646,rice,JACKPOT 102,Transplanting,Burned or Removed,UREA
28349,,,206119,2025-10-28,,2026-01-11,,206119,9,2026-02-05,50,,2026-05-05 15:09:49.246 +0900,2026-05-05 15:09:49.246 +0900,116648,rice,JACKPOT 102,Transplanting,Burned or Removed,UREA
28349,,,206119,2025-10-28,,2026-01-11,,206119,10,2026-02-05,100,,2026-05-05 15:09:49.246 +0900,2026-05-05 15:09:49.246 +0900,116649,rice,JACKPOT 102,Transplanting,Burned or Removed,TRIPLE
28349,,,206119,2025-10-28,,2026-01-11,,206119,12,2026-01-21,100,,2026-05-05 15:09:49.246 +0900,2026-05-05 15:09:49.246 +0900,116647,rice,JACKPOT 102,Transplanting,Burned or Removed,AMMOPHOS
28589,,,206122,2025-12-11,,2026-01-03,,206122,9,2026-01-10,50,,2026-05-13 09:50:45.636 +0900,2026-05-13 09:50:45.636 +0900,117746,rice,NSIC RC 664H,Transplanting,Mixed,UREA
28589,,,206122,2025-12-11,,2026-01-03,,206122,9,2026-01-29,50,,2026-05-13 09:50:45.636 +0900,2026-05-13 09:50:45.636 +0900,117749,rice,NSIC RC 664H,Transplanting,Mixed,UREA
28589,,,206122,2025-12-11,,2026-01-03,,206122,10,2026-01-10,50,,2026-05-13 09:50:45.636 +0900,2026-05-13 09:50:45.636 +0900,117747,rice,NSIC RC 664H,Transplanting,Mixed,TRIPLE
28589,,,206122,2025-12-11,,2026-01-03,,206122,12,2026-01-10,50,,2026-05-13 09:50:45.636 +0900,2026-05-13 09:50:45.636 +0900,117748,rice,NSIC RC 664H,Transplanting,Mixed,AMMOPHOS
28589,,,206122,2025-12-11,,2026-01-03,,206122,12,2026-01-29,50,,2026-05-13 09:50:45.636 +0900,2026-05-13 09:50:45.636 +0900,117750,rice,NSIC RC 664H,Transplanting,Mixed,AMMOPHOS
17645,,,200719,2025-12-31,,2026-01-23,,200719,9,2026-02-04,100,,2026-03-10 10:59:13.590 +0900,2026-03-10 10:59:13.590 +0900,66001,rice,NSIC Rc234H (NK 5017),Transplanting,Mixed,UREA
17645,,,200719,2025-12-31,,2026-01-23,,200719,10,2026-02-20,50,,2026-03-10 10:59:13.590 +0900,2026-03-10 10:59:13.590 +0900,66003,rice,NSIC Rc234H (NK 5017),Transplanting,Mixed,TRIPLE
17645,,,200719,2025-12-31,,2026-01-23,,200719,12,2026-02-04,100,,2026-03-10 10:59:13.590 +0900,2026-03-10 10:59:13.590 +0900,66002,rice,NSIC Rc234H (NK 5017),Transplanting,Mixed,AMMOPHOS
28510,,,202866,2025-12-10,,2026-01-08,,202866,9,2026-01-18,25,,2026-05-06 14:40:18.246 +0900,2026-05-06 14:40:18.246 +0900,117409,rice,JACKPOT 102,Transplanting,Mixed,UREA
28510,,,202866,2025-12-10,,2026-01-08,,202866,9,2026-02-18,25,,2026-05-06 14:40:18.246 +0900,2026-05-06 14:40:18.246 +0900,117411,rice,JACKPOT 102,Transplanting,Mixed,UREA
28510,,,202866,2025-12-10,,2026-01-08,,202866,12,2026-01-18,25,,2026-05-06 14:40:18.246 +0900,2026-05-06 14:40:18.246 +0900,117410,rice,JACKPOT 102,Transplanting,Mixed,AMMOPHOS
28510,,,202866,2025-12-10,,2026-01-08,,202866,12,2026-02-18,25,,2026-05-06 14:40:18.246 +0900,2026-05-06 14:40:18.246 +0900,117412,rice,JACKPOT 102,Transplanting,Mixed,AMMOPHOS
28510,,,202866,2025-12-10,,2026-01-08,,202866,13,,,,2026-05-06 14:40:18.246 +0900,2026-05-06 14:40:18.246 +0900,117413,rice,JACKPOT 102,Transplanting,Mixed,COMMERCIAL
28307,,,202884,2025-12-16,,2026-01-18,,202884,9,2026-02-01,550,,2026-05-05 12:33:20.308 +0900,2026-05-05 12:33:20.308 +0900,116403,rice,NSIC Rc234H (NK 5017),Transplanting,Mixed,UREA
28307,,,202884,2025-12-16,,2026-01-18,,202884,9,2026-02-16,550,,2026-05-05 12:33:20.308 +0900,2026-05-05 12:33:20.308 +0900,116406,rice,NSIC Rc234H (NK 5017),Transplanting,Mixed,UREA
28307,,,202884,2025-12-16,,2026-01-18,,202884,9,2026-03-03,250,,2026-05-05 12:33:20.308 +0900,2026-05-05 12:33:20.308 +0900,116408,rice,NSIC Rc234H (NK 5017),Transplanting,Mixed,UREA
28307,,,202884,2025-12-16,,2026-01-18,,202884,10,2026-02-01,250,,2026-05-05 12:33:20.308 +0900,2026-05-05 12:33:20.308 +0900,116404,rice,NSIC Rc234H (NK 5017),Transplanting,Mixed,TRIPLE
28307,,,202884,2025-12-16,,2026-01-18,,202884,12,2026-02-01,250,,2026-05-05 12:33:20.308 +0900,2026-05-05 12:33:20.308 +0900,116405,rice,NSIC Rc234H (NK 5017),Transplanting,Mixed,AMMOPHOS
28307,,,202884,2025-12-16,,2026-01-18,,202884,12,2026-02-16,250,,2026-05-05 12:33:20.308 +0900,2026-05-05 12:33:20.308 +0900,116407,rice,NSIC Rc234H (NK 5017),Transplanting,Mixed,AMMOPHOS
28307,,,202884,2025-12-16,,2026-01-18,,202884,16,2026-03-03,250,,2026-05-05 12:33:20.308 +0900,2026-05-05 12:33:20.308 +0900,116409,rice,NSIC Rc234H (NK 5017),Transplanting,Mixed,OTHER
28325,,,202311,2025-12-03,,2026-01-01,,202311,9,2026-01-11,100,,2026-05-05 13:49:37.141 +0900,2026-05-05 13:49:37.141 +0900,116516,rice,NSIC Rc234H (NK 5017),Transplanting,Mixed,UREA
28325,,,202311,2025-12-03,,2026-01-01,,202311,9,2026-01-25,100,,2026-05-05 13:49:37.141 +0900,2026-05-05 13:49:37.141 +0900,116519,rice,NSIC Rc234H (NK 5017),Transplanting,Mixed,UREA
28325,,,202311,2025-12-03,,2026-01-01,,202311,10,2026-01-11,75,,2026-05-05 13:49:37.141 +0900,2026-05-05 13:49:37.141 +0900,116517,rice,NSIC Rc234H (NK 5017),Transplanting,Mixed,TRIPLE
28325,,,202311,2025-12-03,,2026-01-01,,202311,12,2026-01-11,75,,2026-05-05 13:49:37.141 +0900,2026-05-05 13:49:37.141 +0900,116518,rice,NSIC Rc234H (NK 5017),Transplanting,Mixed,AMMOPHOS
28325,,,202311,2025-12-03,,2026-01-01,,202311,12,2026-01-25,75,,2026-05-05 13:49:37.141 +0900,2026-05-05 13:49:37.141 +0900,116520,rice,NSIC Rc234H (NK 5017),Transplanting,Mixed,AMMOPHOS
28564,,,202222,2025-12-18,,2026-01-15,,202222,9,2026-01-25,100,,2026-05-06 15:50:51.765 +0900,2026-05-06 15:50:51.765 +0900,117639,rice,NSIC Rc456H (LP 937),Transplanting,Mixed,UREA
28564,,,202222,2025-12-18,,2026-01-15,,202222,9,2026-02-14,100,,2026-05-06 15:50:51.765 +0900,2026-05-06 15:50:51.765 +0900,117641,rice,NSIC Rc456H (LP 937),Transplanting,Mixed,UREA
28564,,,202222,2025-12-18,,2026-01-15,,202222,10,2026-01-25,100,,2026-05-06 15:50:51.765 +0900,2026-05-06 15:50:51.765 +0900,117640,rice,NSIC Rc456H (LP 937),Transplanting,Mixed,TRIPLE
28564,,,202222,2025-12-18,,2026-01-15,,202222,10,2026-02-14,100,,2026-05-06 15:50:51.765 +0900,2026-05-06 15:50:51.765 +0900,117642,rice,NSIC Rc456H (LP 937),Transplanting,Mixed,TRIPLE
18296,,,202255,2025-12-25,,2026-01-05,,202255,10,2026-01-15,50,,2026-03-19 12:07:52.400 +0900,2026-03-19 12:07:52.400 +0900,69283,rice,NSIC RC 402 (Tubigan 36),Transplanting,Mixed,TRIPLE
18296,,,202255,2025-12-25,,2026-01-05,,202255,10,2026-01-25,50,,2026-03-19 12:07:52.400 +0900,2026-03-19 12:07:52.400 +0900,69285,rice,NSIC RC 402 (Tubigan 36),Transplanting,Mixed,TRIPLE
18296,,,202255,2025-12-25,,2026-01-05,,202255,12,2026-01-15,100,,2026-03-19 12:07:52.400 +0900,2026-03-19 12:07:52.400 +0900,69284,rice,NSIC RC 402 (Tubigan 36),Transplanting,Mixed,AMMOPHOS
18296,,,202255,2025-12-25,,2026-01-05,,202255,12,2026-01-25,50,,2026-03-19 12:07:52.400 +0900,2026-03-19 12:07:52.400 +0900,69286,rice,NSIC RC 402 (Tubigan 36),Transplanting,Mixed,AMMOPHOS
18296,,,202255,2025-12-25,,2026-01-05,,202255,13,,,,2026-03-19 12:07:52.400 +0900,2026-03-19 12:07:52.400 +0900,69288,rice,NSIC RC 402 (Tubigan 36),Transplanting,Mixed,COMMERCIAL
18296,,,202255,2025-12-25,,2026-01-05,,202255,16,2026-02-04,50,,2026-03-19 12:07:52.400 +0900,2026-03-19 12:07:52.400 +0900,69287,rice,NSIC RC 402 (Tubigan 36),Transplanting,Mixed,OTHER
28591,,,202204,2025-12-10,,2026-01-06,,202204,9,2026-01-13,100,,2026-05-13 09:52:07.128 +0900,2026-05-13 09:52:07.128 +0900,117754,rice,NSIC RC 664H,Transplanting,Mixed,UREA
28591,,,202204,2025-12-10,,2026-01-06,,202204,9,2026-01-29,50,,2026-05-13 09:52:07.128 +0900,2026-05-13 09:52:07.128 +0900,117756,rice,NSIC RC 664H,Transplanting,Mixed,UREA
28591,,,202204,2025-12-10,,2026-01-06,,202204,10,2026-01-13,50,,2026-05-13 09:52:07.128 +0900,2026-05-13 09:52:07.128 +0900,117755,rice,NSIC RC 664H,Transplanting,Mixed,TRIPLE
28591,,,202204,2025-12-10,,2026-01-06,,202204,10,2026-01-29,50,,2026-05-13 09:52:07.128 +0900,2026-05-13 09:52:07.128 +0900,117757,rice,NSIC RC 664H,Transplanting,Mixed,TRIPLE
28432,,,202256,2025-12-18,,2026-01-21,,202256,9,2026-01-31,50,,2026-05-06 11:08:45.172 +0900,2026-05-06 11:08:45.172 +0900,117043,rice,JACKPOT 102,Transplanting,Mixed,UREA
28432,,,202256,2025-12-18,,2026-01-21,,202256,9,2026-02-20,50,,2026-05-06 11:08:45.172 +0900,2026-05-06 11:08:45.172 +0900,117045,rice,JACKPOT 102,Transplanting,Mixed,UREA
28432,,,202256,2025-12-18,,2026-01-21,,202256,12,2026-01-31,50,,2026-05-06 11:08:45.172 +0900,2026-05-06 11:08:45.172 +0900,117044,rice,JACKPOT 102,Transplanting,Mixed,AMMOPHOS
28432,,,202256,2025-12-18,,2026-01-21,,202256,12,2026-02-20,50,,2026-05-06 11:08:45.172 +0900,2026-05-06 11:08:45.172 +0900,117046,rice,JACKPOT 102,Transplanting,Mixed,AMMOPHOS
28403,,,201693,2025-12-27,,2026-01-24,,201693,9,2026-02-03,25,,2026-05-06 09:30:23.229 +0900,2026-05-06 09:30:23.229 +0900,116909,rice,JACKPOT 102,Transplanting,Mixed,UREA
28403,,,201693,2025-12-27,,2026-01-24,,201693,9,2026-02-23,25,,2026-05-06 09:30:23.229 +0900,2026-05-06 09:30:23.229 +0900,116911,rice,JACKPOT 102,Transplanting,Mixed,UREA
28403,,,201693,2025-12-27,,2026-01-24,,201693,10,2026-02-03,25,,2026-05-06 09:30:23.229 +0900,2026-05-06 09:30:23.229 +0900,116910,rice,JACKPOT 102,Transplanting,Mixed,TRIPLE
28403,,,201693,2025-12-27,,2026-01-24,,201693,12,2026-02-23,50,,2026-05-06 09:30:23.229 +0900,2026-05-06 09:30:23.229 +0900,116912,rice,JACKPOT 102,Transplanting,Mixed,AMMOPHOS
18300,,,202202,2025-12-13,,2026-01-04,,202202,9,2026-01-18,50,,2026-03-19 12:13:17.217 +0900,2026-03-19 12:13:17.217 +0900,69304,rice,NSIC RC 128 (MABANGO 1),Transplanting,Burned or Removed,UREA
18300,,,202202,2025-12-13,,2026-01-04,,202202,9,2026-02-02,50,,2026-03-19 12:13:17.217 +0900,2026-03-19 12:13:17.217 +0900,69306,rice,NSIC RC 128 (MABANGO 1),Transplanting,Burned or Removed,UREA
18300,,,202202,2025-12-13,,2026-01-04,,202202,12,2026-01-18,100,,2026-03-19 12:13:17.217 +0900,2026-03-19 12:13:17.217 +0900,69305,rice,NSIC RC 128 (MABANGO 1),Transplanting,Burned or Removed,AMMOPHOS
18300,,,202202,2025-12-13,,2026-01-04,,202202,12,2026-02-02,100,,2026-03-19 12:13:17.217 +0900,2026-03-19 12:13:17.217 +0900,69307,rice,NSIC RC 128 (MABANGO 1),Transplanting,Burned or Removed,AMMOPHOS
28464,,,202317,2025-12-20,,2026-01-25,,202317,9,2026-02-04,200,,2026-05-06 11:45:45.873 +0900,2026-05-06 11:45:45.873 +0900,117204,rice,JACKPOT 102,Transplanting,Mixed,UREA
28464,,,202317,2025-12-20,,2026-01-25,,202317,9,2026-02-24,200,,2026-05-06 11:45:45.873 +0900,2026-05-06 11:45:45.873 +0900,117206,rice,JACKPOT 102,Transplanting,Mixed,UREA
28464,,,202317,2025-12-20,,2026-01-25,,202317,12,2026-02-04,200,,2026-05-06 11:45:45.873 +0900,2026-05-06 11:45:45.873 +0900,117205,rice,JACKPOT 102,Transplanting,Mixed,AMMOPHOS
28464,,,202317,2025-12-20,,2026-01-25,,202317,12,2026-02-24,200,,2026-05-06 11:45:45.873 +0900,2026-05-06 11:45:45.873 +0900,117207,rice,JACKPOT 102,Transplanting,Mixed,AMMOPHOS
28368,,,200755,2025-12-13,,2026-01-18,,200755,9,2026-01-28,100,,2026-05-05 16:11:55.672 +0900,2026-05-05 16:11:55.672 +0900,116744,rice,JACKPOT 102,Transplanting,Mixed,UREA
28368,,,200755,2025-12-13,,2026-01-18,,200755,9,2026-02-15,100,,2026-05-05 16:11:55.672 +0900,2026-05-05 16:11:55.672 +0900,116746,rice,JACKPOT 102,Transplanting,Mixed,UREA
28368,,,200755,2025-12-13,,2026-01-18,,200755,10,2026-01-28,75,,2026-05-05 16:11:55.672 +0900,2026-05-05 16:11:55.672 +0900,116745,rice,JACKPOT 102,Transplanting,Mixed,TRIPLE
28368,,,200755,2025-12-13,,2026-01-18,,200755,12,2026-02-15,100,,2026-05-05 16:11:55.672 +0900,2026-05-05 16:11:55.672 +0900,116747,rice,JACKPOT 102,Transplanting,Mixed,AMMOPHOS
28247,,,204439,2025-12-12,,2026-01-04,,204439,9,2026-01-12,75,,2026-05-05 10:05:17.113 +0900,2026-05-05 10:05:17.113 +0900,116079,rice,BIGANTE/BIGANTE PLUS,Transplanting,Mixed,UREA
28247,,,204439,2025-12-12,,2026-01-04,,204439,9,2026-01-27,75,,2026-05-05 10:05:17.113 +0900,2026-05-05 10:05:17.113 +0900,116082,rice,BIGANTE/BIGANTE PLUS,Transplanting,Mixed,UREA
28247,,,204439,2025-12-12,,2026-01-04,,204439,9,2026-02-09,50,,2026-05-05 10:05:17.113 +0900,2026-05-05 10:05:17.113 +0900,116084,rice,BIGANTE/BIGANTE PLUS,Transplanting,Mixed,UREA
28247,,,204439,2025-12-12,,2026-01-04,,204439,10,2026-01-12,50,,2026-05-05 10:05:17.113 +0900,2026-05-05 10:05:17.113 +0900,116080,rice,BIGANTE/BIGANTE PLUS,Transplanting,Mixed,TRIPLE
28247,,,204439,2025-12-12,,2026-01-04,,204439,12,2026-01-12,50,,2026-05-05 10:05:17.113 +0900,2026-05-05 10:05:17.113 +0900,116081,rice,BIGANTE/BIGANTE PLUS,Transplanting,Mixed,AMMOPHOS
28247,,,204439,2025-12-12,,2026-01-04,,204439,12,2026-01-27,50,,2026-05-05 10:05:17.113 +0900,2026-05-05 10:05:17.113 +0900,116083,rice,BIGANTE/BIGANTE PLUS,Transplanting,Mixed,AMMOPHOS
28247,,,204439,2025-12-12,,2026-01-04,,204439,16,2026-02-09,50,,2026-05-05 10:05:17.113 +0900,2026-05-05 10:05:17.113 +0900,116085,rice,BIGANTE/BIGANTE PLUS,Transplanting,Mixed,OTHER
28482,,,204454,2025-12-29,,2026-01-25,,204454,9,2026-02-04,150,,2026-05-06 12:23:14.289 +0900,2026-05-06 12:23:14.289 +0900,117286,rice,JACKPOT 102,Transplanting,Mixed,UREA
28482,,,204454,2025-12-29,,2026-01-25,,204454,9,2026-02-24,150,,2026-05-06 12:23:14.289 +0900,2026-05-06 12:23:14.289 +0900,117288,rice,JACKPOT 102,Transplanting,Mixed,UREA
28482,,,204454,2025-12-29,,2026-01-25,,204454,10,2026-02-04,150,,2026-05-06 12:23:14.289 +0900,2026-05-06 12:23:14.289 +0900,117287,rice,JACKPOT 102,Transplanting,Mixed,TRIPLE
28482,,,204454,2025-12-29,,2026-01-25,,204454,10,2026-02-24,150,,2026-05-06 12:23:14.289 +0900,2026-05-06 12:23:14.289 +0900,117289,rice,JACKPOT 102,Transplanting,Mixed,TRIPLE
17674,,,204457,2025-12-05,,2026-01-18,,204457,9,2026-01-18,25,,2026-03-10 15:38:13.966 +0900,2026-03-10 15:38:13.966 +0900,66133,rice,NSIC RC 314H (Mestiso 46),Transplanting,Mixed,UREA
17674,,,204457,2025-12-05,,2026-01-18,,204457,9,2026-01-30,38,,2026-03-10 15:38:13.966 +0900,2026-03-10 15:38:13.966 +0900,66135,rice,NSIC RC 314H (Mestiso 46),Transplanting,Mixed,UREA
17674,,,204457,2025-12-05,,2026-01-18,,204457,12,2026-01-18,100,,2026-03-10 15:38:13.966 +0900,2026-03-10 15:38:13.966 +0900,66134,rice,NSIC RC 314H (Mestiso 46),Transplanting,Mixed,AMMOPHOS
17674,,,204457,2025-12-05,,2026-01-18,,204457,12,2026-01-30,75,,2026-03-10 15:38:13.966 +0900,2026-03-10 15:38:13.966 +0900,66136,rice,NSIC RC 314H (Mestiso 46),Transplanting,Mixed,AMMOPHOS
28376,,,204469,2025-12-05,,2026-01-02,,204469,9,2026-01-19,25,,2026-05-05 16:22:01.334 +0900,2026-05-05 16:22:01.334 +0900,116781,rice,JACKPOT 102,Transplanting,Mixed,UREA
28376,,,204469,2025-12-05,,2026-01-02,,204469,9,2026-02-04,25,,2026-05-05 16:22:01.334 +0900,2026-05-05 16:22:01.334 +0900,116783,rice,JACKPOT 102,Transplanting,Mixed,UREA
28376,,,204469,2025-12-05,,2026-01-02,,204469,12,2026-01-19,25,,2026-05-05 16:22:01.334 +0900,2026-05-05 16:22:01.334 +0900,116782,rice,JACKPOT 102,Transplanting,Mixed,AMMOPHOS
28376,,,204469,2025-12-05,,2026-01-02,,204469,12,2026-02-04,25,,2026-05-05 16:22:01.334 +0900,2026-05-05 16:22:01.334 +0900,116784,rice,JACKPOT 102,Transplanting,Mixed,AMMOPHOS
28279,,,204426,2025-12-11,,2026-01-05,,204426,9,2026-01-15,25,,2026-05-05 11:42:25.541 +0900,2026-05-05 11:42:25.541 +0900,116255,rice,JACKPOT 102,Transplanting,Mixed,UREA
28279,,,204426,2025-12-11,,2026-01-05,,204426,9,2026-01-31,25,,2026-05-05 11:42:25.541 +0900,2026-05-05 11:42:25.541 +0900,116257,rice,JACKPOT 102,Transplanting,Mixed,UREA
28279,,,204426,2025-12-11,,2026-01-05,,204426,12,2026-01-15,25,,2026-05-05 11:42:25.541 +0900,2026-05-05 11:42:25.541 +0900,116256,rice,JACKPOT 102,Transplanting,Mixed,AMMOPHOS
28279,,,204426,2025-12-11,,2026-01-05,,204426,12,2026-01-31,25,,2026-05-05 11:42:25.541 +0900,2026-05-05 11:42:25.541 +0900,116258,rice,JACKPOT 102,Transplanting,Mixed,AMMOPHOS
28301,,,201643,2025-12-12,,2026-01-09,,201643,9,2026-01-15,50,,2026-05-05 12:25:22.456 +0900,2026-05-05 12:25:22.456 +0900,116373,rice,NSIC RC 222 (Tubigan 18),Transplanting,Mixed,UREA
28301,,,201643,2025-12-12,,2026-01-09,,201643,9,2026-02-10,50,,2026-05-05 12:25:22.456 +0900,2026-05-05 12:25:22.456 +0900,116375,rice,NSIC RC 222 (Tubigan 18),Transplanting,Mixed,UREA
28301,,,201643,2025-12-12,,2026-01-09,,201643,10,2026-01-15,75,,2026-05-05 12:25:22.456 +0900,2026-05-05 12:25:22.456 +0900,116374,rice,NSIC RC 222 (Tubigan 18),Transplanting,Mixed,TRIPLE
28301,,,201643,2025-12-12,,2026-01-09,,201643,10,2026-02-10,75,,2026-05-05 12:25:22.456 +0900,2026-05-05 12:25:22.456 +0900,116376,rice,NSIC RC 222 (Tubigan 18),Transplanting,Mixed,TRIPLE
28301,,,201643,2025-12-12,,2026-01-09,,201643,16,2026-03-05,25,,2026-05-05 12:25:22.456 +0900,2026-05-05 12:25:22.456 +0900,116377,rice,NSIC RC 222 (Tubigan 18),Transplanting,Mixed,OTHER
28450,,,204395,2025-12-10,,2025-12-28,,204395,9,2026-01-10,125,,2026-05-06 11:28:50.411 +0900,2026-05-06 11:28:50.411 +0900,117134,rice,NSIC RC 132H (MESTISO 6),Transplanting,Mixed,UREA
28450,,,204395,2025-12-10,,2025-12-28,,204395,9,2026-01-25,125,,2026-05-06 11:28:50.411 +0900,2026-05-06 11:28:50.411 +0900,117137,rice,NSIC RC 132H (MESTISO 6),Transplanting,Mixed,UREA
28450,,,204395,2025-12-10,,2025-12-28,,204395,9,2026-02-09,100,,2026-05-06 11:28:50.411 +0900,2026-05-06 11:28:50.411 +0900,117139,rice,NSIC RC 132H (MESTISO 6),Transplanting,Mixed,UREA
28450,,,204395,2025-12-10,,2025-12-28,,204395,10,2026-01-10,100,,2026-05-06 11:28:50.411 +0900,2026-05-06 11:28:50.411 +0900,117135,rice,NSIC RC 132H (MESTISO 6),Transplanting,Mixed,TRIPLE
28450,,,204395,2025-12-10,,2025-12-28,,204395,12,2026-01-10,100,,2026-05-06 11:28:50.411 +0900,2026-05-06 11:28:50.411 +0900,117136,rice,NSIC RC 132H (MESTISO 6),Transplanting,Mixed,AMMOPHOS
28450,,,204395,2025-12-10,,2025-12-28,,204395,12,2026-01-25,100,,2026-05-06 11:28:50.411 +0900,2026-05-06 11:28:50.411 +0900,117138,rice,NSIC RC 132H (MESTISO 6),Transplanting,Mixed,AMMOPHOS
28450,,,204395,2025-12-10,,2025-12-28,,204395,16,2026-02-09,100,,2026-05-06 11:28:50.411 +0900,2026-05-06 11:28:50.411 +0900,117140,rice,NSIC RC 132H (MESTISO 6),Transplanting,Mixed,OTHER
28517,,,202444,2025-12-18,,2026-01-21,,202444,9,2026-01-31,200,,2026-05-06 14:52:44.756 +0900,2026-05-06 14:52:44.756 +0900,117442,rice,JACKPOT 102,Transplanting,Mixed,UREA
28517,,,202444,2025-12-18,,2026-01-21,,202444,9,2026-02-20,200,,2026-05-06 14:52:44.756 +0900,2026-05-06 14:52:44.756 +0900,117444,rice,JACKPOT 102,Transplanting,Mixed,UREA
28517,,,202444,2025-12-18,,2026-01-21,,202444,12,2026-01-31,200,,2026-05-06 14:52:44.756 +0900,2026-05-06 14:52:44.756 +0900,117443,rice,JACKPOT 102,Transplanting,Mixed,AMMOPHOS
28517,,,202444,2025-12-18,,2026-01-21,,202444,12,2026-02-20,200,,2026-05-06 14:52:44.756 +0900,2026-05-06 14:52:44.756 +0900,117445,rice,JACKPOT 102,Transplanting,Mixed,AMMOPHOS
18299,,,202458,2025-12-14,,2026-01-05,,202458,9,2026-02-25,50,,2026-03-19 12:11:39.488 +0900,2026-03-19 12:11:39.488 +0900,69303,rice,NSIC RC 128 (MABANGO 1),Transplanting,Burned or Removed,UREA
18299,,,202458,2025-12-14,,2026-01-05,,202458,10,2026-01-22,100,,2026-03-19 12:11:39.488 +0900,2026-03-19 12:11:39.488 +0900,69302,rice,NSIC RC 128 (MABANGO 1),Transplanting,Burned or Removed,TRIPLE
18299,,,202458,2025-12-14,,2026-01-05,,202458,12,2026-01-12,100,,2026-03-19 12:11:39.488 +0900,2026-03-19 12:11:39.488 +0900,69301,rice,NSIC RC 128 (MABANGO 1),Transplanting,Burned or Removed,AMMOPHOS
28358,,,201641,2025-12-15,,2026-01-05,,201641,9,2026-01-12,100,,2026-05-05 15:56:48.650 +0900,2026-05-05 15:56:48.650 +0900,116689,rice,BIGANTE/BIGANTE PLUS,Transplanting,Mixed,UREA
28358,,,201641,2025-12-15,,2026-01-05,,201641,9,2026-01-25,100,,2026-05-05 15:56:48.650 +0900,2026-05-05 15:56:48.650 +0900,116691,rice,BIGANTE/BIGANTE PLUS,Transplanting,Mixed,UREA
28358,,,201641,2025-12-15,,2026-01-05,,201641,12,2026-01-12,50,,2026-05-05 15:56:48.650 +0900,2026-05-05 15:56:48.650 +0900,116690,rice,BIGANTE/BIGANTE PLUS,Transplanting,Mixed,AMMOPHOS
28358,,,201641,2025-12-15,,2026-01-05,,201641,12,2026-01-25,50,,2026-05-05 15:56:48.650 +0900,2026-05-05 15:56:48.650 +0900,116692,rice,BIGANTE/BIGANTE PLUS,Transplanting,Mixed,AMMOPHOS
28530,,,202269,2025-12-28,,2026-01-20,,202269,9,2026-01-31,150,,2026-05-06 15:06:52.251 +0900,2026-05-06 15:06:52.251 +0900,117495,rice,BIGANTE/BIGANTE PLUS,Transplanting,Mixed,UREA
28530,,,202269,2025-12-28,,2026-01-20,,202269,9,2026-02-20,150,,2026-05-06 15:06:52.251 +0900,2026-05-06 15:06:52.251 +0900,117497,rice,BIGANTE/BIGANTE PLUS,Transplanting,Mixed,UREA
28530,,,202269,2025-12-28,,2026-01-20,,202269,12,2026-01-31,150,,2026-05-06 15:06:52.251 +0900,2026-05-06 15:06:52.251 +0900,117496,rice,BIGANTE/BIGANTE PLUS,Transplanting,Mixed,AMMOPHOS
28530,,,202269,2025-12-28,,2026-01-20,,202269,12,2026-02-20,150,,2026-05-06 15:06:52.251 +0900,2026-05-06 15:06:52.251 +0900,117498,rice,BIGANTE/BIGANTE PLUS,Transplanting,Mixed,AMMOPHOS
28434,,,200635,2025-12-15,,2026-01-22,,200635,9,2026-02-02,200,,2026-05-06 11:10:14.331 +0900,2026-05-06 11:10:14.331 +0900,117052,rice,JACKPOT 102,Transplanting,Mixed,UREA
28434,,,200635,2025-12-15,,2026-01-22,,200635,9,2026-02-22,200,,2026-05-06 11:10:14.331 +0900,2026-05-06 11:10:14.331 +0900,117054,rice,JACKPOT 102,Transplanting,Mixed,UREA
28434,,,200635,2025-12-15,,2026-01-22,,200635,12,2026-02-02,225,,2026-05-06 11:10:14.331 +0900,2026-05-06 11:10:14.331 +0900,117053,rice,JACKPOT 102,Transplanting,Mixed,AMMOPHOS
28434,,,200635,2025-12-15,,2026-01-22,,200635,12,2026-02-22,225,,2026-05-06 11:10:14.331 +0900,2026-05-06 11:10:14.331 +0900,117055,rice,JACKPOT 102,Transplanting,Mixed,AMMOPHOS
28434,,,200635,2025-12-15,,2026-01-22,,200635,16,2026-02-22,100,,2026-05-06 11:10:14.331 +0900,2026-05-06 11:10:14.331 +0900,117056,rice,JACKPOT 102,Transplanting,Mixed,OTHER
28364,,,200749,2025-12-19,,2026-01-03,,200749,9,2026-01-10,150,,2026-05-05 16:05:20.911 +0900,2026-05-05 16:05:20.911 +0900,116719,rice,BIGANTE/BIGANTE PLUS,Transplanting,Mixed,UREA
28364,,,200749,2025-12-19,,2026-01-03,,200749,9,2026-01-22,150,,2026-05-05 16:05:20.911 +0900,2026-05-05 16:05:20.911 +0900,116722,rice,BIGANTE/BIGANTE PLUS,Transplanting,Mixed,UREA
28364,,,200749,2025-12-19,,2026-01-03,,200749,9,2026-02-07,100,,2026-05-05 16:05:20.911 +0900,2026-05-05 16:05:20.911 +0900,116724,rice,BIGANTE/BIGANTE PLUS,Transplanting,Mixed,UREA
28364,,,200749,2025-12-19,,2026-01-03,,200749,10,2026-01-10,100,,2026-05-05 16:05:20.911 +0900,2026-05-05 16:05:20.911 +0900,116720,rice,BIGANTE/BIGANTE PLUS,Transplanting,Mixed,TRIPLE
28364,,,200749,2025-12-19,,2026-01-03,,200749,12,2026-01-10,100,,2026-05-05 16:05:20.911 +0900,2026-05-05 16:05:20.911 +0900,116721,rice,BIGANTE/BIGANTE PLUS,Transplanting,Mixed,AMMOPHOS
28364,,,200749,2025-12-19,,2026-01-03,,200749,12,2026-01-22,100,,2026-05-05 16:05:20.911 +0900,2026-05-05 16:05:20.911 +0900,116723,rice,BIGANTE/BIGANTE PLUS,Transplanting,Mixed,AMMOPHOS
28364,,,200749,2025-12-19,,2026-01-03,,200749,16,2026-02-07,100,,2026-05-05 16:05:20.911 +0900,2026-05-05 16:05:20.911 +0900,116725,rice,BIGANTE/BIGANTE PLUS,Transplanting,Mixed,OTHER
28242,,,201626,2025-12-09,,2026-01-01,,201626,9,2026-01-10,25,,2026-05-05 09:36:20.525 +0900,2026-05-05 09:36:20.525 +0900,116046,rice,BIGANTE/BIGANTE PLUS,Transplanting,Mixed,UREA
28242,,,201626,2025-12-09,,2026-01-01,,201626,9,2026-01-20,25,,2026-05-05 09:36:20.525 +0900,2026-05-05 09:36:20.525 +0900,116048,rice,BIGANTE/BIGANTE PLUS,Transplanting,Mixed,UREA
28242,,,201626,2025-12-09,,2026-01-01,,201626,9,2026-02-03,25,,2026-05-05 09:36:20.525 +0900,2026-05-05 09:36:20.525 +0900,116050,rice,BIGANTE/BIGANTE PLUS,Transplanting,Mixed,UREA
28242,,,201626,2025-12-09,,2026-01-01,,201626,10,2026-01-10,25,,2026-05-05 09:36:20.525 +0900,2026-05-05 09:36:20.525 +0900,116047,rice,BIGANTE/BIGANTE PLUS,Transplanting,Mixed,TRIPLE
28242,,,201626,2025-12-09,,2026-01-01,,201626,12,2026-01-20,25,,2026-05-05 09:36:20.525 +0900,2026-05-05 09:36:20.525 +0900,116049,rice,BIGANTE/BIGANTE PLUS,Transplanting,Mixed,AMMOPHOS
28242,,,201626,2025-12-09,,2026-01-01,,201626,16,2026-02-03,25,,2026-05-05 09:36:20.525 +0900,2026-05-05 09:36:20.525 +0900,116051,rice,BIGANTE/BIGANTE PLUS,Transplanting,Mixed,OTHER
18288,,,201599,2025-12-06,,2025-12-28,,201599,9,2026-01-07,25,,2026-03-19 11:54:25.715 +0900,2026-03-19 11:54:25.715 +0900,69241,rice,NSIC RC 222 (Tubigan 18),Transplanting,Mixed,UREA
18288,,,201599,2025-12-06,,2025-12-28,,201599,9,2026-01-17,25,,2026-03-19 11:54:25.715 +0900,2026-03-19 11:54:25.715 +0900,69243,rice,NSIC RC 222 (Tubigan 18),Transplanting,Mixed,UREA
18288,,,201599,2025-12-06,,2025-12-28,,201599,12,2026-01-07,50,,2026-03-19 11:54:25.715 +0900,2026-03-19 11:54:25.715 +0900,69242,rice,NSIC RC 222 (Tubigan 18),Transplanting,Mixed,AMMOPHOS
18288,,,201599,2025-12-06,,2025-12-28,,201599,12,2026-01-17,50,,2026-03-19 11:54:25.715 +0900,2026-03-19 11:54:25.715 +0900,69244,rice,NSIC RC 222 (Tubigan 18),Transplanting,Mixed,AMMOPHOS
18288,,,201599,2025-12-06,,2025-12-28,,201599,13,,,,2026-03-19 11:54:25.715 +0900,2026-03-19 11:54:25.715 +0900,69245,rice,NSIC RC 222 (Tubigan 18),Transplanting,Mixed,COMMERCIAL
28522,,,202195,2025-12-30,,2026-01-27,,202195,9,2026-02-06,100,,2026-05-06 14:56:39.774 +0900,2026-05-06 14:56:39.774 +0900,117463,rice,JACKPOT 102,Transplanting,Mixed,UREA
28522,,,202195,2025-12-30,,2026-01-27,,202195,9,2026-02-26,100,,2026-05-06 14:56:39.774 +0900,2026-05-06 14:56:39.774 +0900,117465,rice,JACKPOT 102,Transplanting,Mixed,UREA
28522,,,202195,2025-12-30,,2026-01-27,,202195,10,2026-02-06,125,,2026-05-06 14:56:39.774 +0900,2026-05-06 14:56:39.774 +0900,117464,rice,JACKPOT 102,Transplanting,Mixed,TRIPLE
28522,,,202195,2025-12-30,,2026-01-27,,202195,10,2026-02-26,125,,2026-05-06 14:56:39.774 +0900,2026-05-06 14:56:39.774 +0900,117466,rice,JACKPOT 102,Transplanting,Mixed,TRIPLE
28521,,,202196,2025-12-28,,2026-01-25,,202196,9,2026-02-04,100,,2026-05-06 14:55:25.231 +0900,2026-05-06 14:55:25.231 +0900,117459,rice,BIGANTE/BIGANTE PLUS,Transplanting,Mixed,UREA
28521,,,202196,2025-12-28,,2026-01-25,,202196,9,2026-02-24,100,,2026-05-06 14:55:25.231 +0900,2026-05-06 14:55:25.231 +0900,117461,rice,BIGANTE/BIGANTE PLUS,Transplanting,Mixed,UREA
28521,,,202196,2025-12-28,,2026-01-25,,202196,12,2026-02-04,100,,2026-05-06 14:55:25.231 +0900,2026-05-06 14:55:25.231 +0900,117460,rice,BIGANTE/BIGANTE PLUS,Transplanting,Mixed,AMMOPHOS
28521,,,202196,2025-12-28,,2026-01-25,,202196,12,2026-02-24,100,,2026-05-06 14:55:25.231 +0900,2026-05-06 14:55:25.231 +0900,117462,rice,BIGANTE/BIGANTE PLUS,Transplanting,Mixed,AMMOPHOS
28299,,,201685,2025-12-23,,2026-01-20,,201685,9,2026-01-25,150,,2026-05-05 12:22:07.518 +0900,2026-05-05 12:22:07.518 +0900,116362,rice,NSIC RC 436 (TUBIGAN 37),Transplanting,Mixed,UREA
28299,,,201685,2025-12-23,,2026-01-20,,201685,9,2026-02-20,150,,2026-05-05 12:22:07.518 +0900,2026-05-05 12:22:07.518 +0900,116365,rice,NSIC RC 436 (TUBIGAN 37),Transplanting,Mixed,UREA
28299,,,201685,2025-12-23,,2026-01-20,,201685,10,2026-01-25,150,,2026-05-05 12:22:07.518 +0900,2026-05-05 12:22:07.518 +0900,116363,rice,NSIC RC 436 (TUBIGAN 37),Transplanting,Mixed,TRIPLE
28299,,,201685,2025-12-23,,2026-01-20,,201685,10,2026-02-20,150,,2026-05-05 12:22:07.518 +0900,2026-05-05 12:22:07.518 +0900,116366,rice,NSIC RC 436 (TUBIGAN 37),Transplanting,Mixed,TRIPLE
28299,,,201685,2025-12-23,,2026-01-20,,201685,12,2026-01-25,250,,2026-05-05 12:22:07.518 +0900,2026-05-05 12:22:07.518 +0900,116364,rice,NSIC RC 436 (TUBIGAN 37),Transplanting,Mixed,AMMOPHOS
28299,,,201685,2025-12-23,,2026-01-20,,201685,12,2026-02-20,50,,2026-05-05 12:22:07.518 +0900,2026-05-05 12:22:07.518 +0900,116367,rice,NSIC RC 436 (TUBIGAN 37),Transplanting,Mixed,AMMOPHOS
19104,,,202417,2025-12-18,,2026-01-05,,202417,9,2026-01-14,50,,2026-03-24 12:51:46.935 +0900,2026-03-24 12:51:46.935 +0900,73211,rice,NSIC Rc234H (NK 5017),Direct Seeding,Mixed,UREA
19104,,,202417,2025-12-18,,2026-01-05,,202417,9,2026-01-24,50,,2026-03-24 12:51:46.935 +0900,2026-03-24 12:51:46.935 +0900,73213,rice,NSIC Rc234H (NK 5017),Direct Seeding,Mixed,UREA
19104,,,202417,2025-12-18,,2026-01-05,,202417,10,2026-01-14,50,,2026-03-24 12:51:46.935 +0900,2026-03-24 12:51:46.935 +0900,73212,rice,NSIC Rc234H (NK 5017),Direct Seeding,Mixed,TRIPLE
19104,,,202417,2025-12-18,,2026-01-05,,202417,10,2026-01-24,50,,2026-03-24 12:51:46.935 +0900,2026-03-24 12:51:46.935 +0900,73214,rice,NSIC Rc234H (NK 5017),Direct Seeding,Mixed,TRIPLE
28607,,,200760,2025-12-15,,2026-01-20,,200760,9,2026-01-21,50,,2026-05-13 10:10:34.095 +0900,2026-05-13 10:10:34.095 +0900,117831,rice,NSIC RC 664H,Transplanting,Mixed,UREA
28607,,,200760,2025-12-15,,2026-01-20,,200760,9,2026-02-20,50,,2026-05-13 10:10:34.095 +0900,2026-05-13 10:10:34.095 +0900,117833,rice,NSIC RC 664H,Transplanting,Mixed,UREA
28607,,,200760,2025-12-15,,2026-01-20,,200760,10,2026-01-21,50,,2026-05-13 10:10:34.095 +0900,2026-05-13 10:10:34.095 +0900,117832,rice,NSIC RC 664H,Transplanting,Mixed,TRIPLE
28607,,,200760,2025-12-15,,2026-01-20,,200760,10,2026-02-20,50,,2026-05-13 10:10:34.095 +0900,2026-05-13 10:10:34.095 +0900,117834,rice,NSIC RC 664H,Transplanting,Mixed,TRIPLE
28506,,,202862,2025-12-18,,2026-01-12,,202862,9,2026-01-21,50,,2026-05-06 14:26:49.857 +0900,2026-05-06 14:26:49.857 +0900,117389,rice,JACKPOT 102,Transplanting,Mixed,UREA
28506,,,202862,2025-12-18,,2026-01-12,,202862,9,2026-02-21,50,,2026-05-06 14:26:49.857 +0900,2026-05-06 14:26:49.857 +0900,117391,rice,JACKPOT 102,Transplanting,Mixed,UREA
28506,,,202862,2025-12-18,,2026-01-12,,202862,12,2026-01-21,100,,2026-05-06 14:26:49.857 +0900,2026-05-06 14:26:49.857 +0900,117390,rice,JACKPOT 102,Transplanting,Mixed,AMMOPHOS
28506,,,202862,2025-12-18,,2026-01-12,,202862,12,2026-02-21,100,,2026-05-06 14:26:49.857 +0900,2026-05-06 14:26:49.857 +0900,117392,rice,JACKPOT 102,Transplanting,Mixed,AMMOPHOS
28506,,,202862,2025-12-18,,2026-01-12,,202862,13,,,,2026-05-06 14:26:49.857 +0900,2026-05-06 14:26:49.857 +0900,117393,rice,JACKPOT 102,Transplanting,Mixed,COMMERCIAL
28465,,,202875,2025-12-15,,2026-01-18,,202875,9,2026-01-29,75,,2026-05-06 11:47:23.717 +0900,2026-05-06 11:47:23.717 +0900,117208,rice,JACKPOT 102,Transplanting,Mixed,UREA
28465,,,202875,2025-12-15,,2026-01-18,,202875,9,2026-02-12,75,,2026-05-06 11:47:23.717 +0900,2026-05-06 11:47:23.717 +0900,117210,rice,JACKPOT 102,Transplanting,Mixed,UREA
28465,,,202875,2025-12-15,,2026-01-18,,202875,12,2026-01-29,75,,2026-05-06 11:47:23.717 +0900,2026-05-06 11:47:23.717 +0900,117209,rice,JACKPOT 102,Transplanting,Mixed,AMMOPHOS
28465,,,202875,2025-12-15,,2026-01-18,,202875,12,2026-02-12,75,,2026-05-06 11:47:23.717 +0900,2026-05-06 11:47:23.717 +0900,117211,rice,JACKPOT 102,Transplanting,Mixed,AMMOPHOS
28538,,,202212,2025-12-15,,2026-01-07,,202212,9,2026-01-17,100,,2026-05-06 15:21:56.661 +0900,2026-05-06 15:21:56.661 +0900,117529,rice,JACKPOT 102,Transplanting,Mixed,UREA
28538,,,202212,2025-12-15,,2026-01-07,,202212,9,2026-02-06,100,,2026-05-06 15:21:56.661 +0900,2026-05-06 15:21:56.661 +0900,117531,rice,JACKPOT 102,Transplanting,Mixed,UREA
28538,,,202212,2025-12-15,,2026-01-07,,202212,10,2026-01-17,100,,2026-05-06 15:21:56.661 +0900,2026-05-06 15:21:56.661 +0900,117530,rice,JACKPOT 102,Transplanting,Mixed,TRIPLE
28538,,,202212,2025-12-15,,2026-01-07,,202212,10,2026-02-06,100,,2026-05-06 15:21:56.661 +0900,2026-05-06 15:21:56.661 +0900,117532,rice,JACKPOT 102,Transplanting,Mixed,TRIPLE
28466,,,202318,2025-12-08,,2026-01-11,,202318,9,2026-01-21,75,,2026-05-06 11:48:58.151 +0900,2026-05-06 11:48:58.151 +0900,117212,rice,NSIC Rc234H (NK 5017),Transplanting,Mixed,UREA
28466,,,202318,2025-12-08,,2026-01-11,,202318,9,2026-02-07,75,,2026-05-06 11:48:58.151 +0900,2026-05-06 11:48:58.151 +0900,117214,rice,NSIC Rc234H (NK 5017),Transplanting,Mixed,UREA
28466,,,202318,2025-12-08,,2026-01-11,,202318,12,2026-01-21,75,,2026-05-06 11:48:58.151 +0900,2026-05-06 11:48:58.151 +0900,117213,rice,NSIC Rc234H (NK 5017),Transplanting,Mixed,AMMOPHOS
28466,,,202318,2025-12-08,,2026-01-11,,202318,12,2026-02-07,75,,2026-05-06 11:48:58.151 +0900,2026-05-06 11:48:58.151 +0900,117215,rice,NSIC Rc234H (NK 5017),Transplanting,Mixed,AMMOPHOS
28341,,,202330,2025-12-06,,2026-01-03,,202330,9,2026-01-10,50,,2026-05-05 14:48:43.327 +0900,2026-05-05 14:48:43.327 +0900,116599,rice,BIGANTE/BIGANTE PLUS,Transplanting,Mixed,UREA
28341,,,202330,2025-12-06,,2026-01-03,,202330,9,2026-01-25,50,,2026-05-05 14:48:43.327 +0900,2026-05-05 14:48:43.327 +0900,116602,rice,BIGANTE/BIGANTE PLUS,Transplanting,Mixed,UREA
28341,,,202330,2025-12-06,,2026-01-03,,202330,10,2026-01-10,25,,2026-05-05 14:48:43.327 +0900,2026-05-05 14:48:43.327 +0900,116600,rice,BIGANTE/BIGANTE PLUS,Transplanting,Mixed,TRIPLE
28341,,,202330,2025-12-06,,2026-01-03,,202330,12,2026-01-10,25,,2026-05-05 14:48:43.327 +0900,2026-05-05 14:48:43.327 +0900,116601,rice,BIGANTE/BIGANTE PLUS,Transplanting,Mixed,AMMOPHOS
28341,,,202330,2025-12-06,,2026-01-03,,202330,12,2026-01-25,25,,2026-05-05 14:48:43.327 +0900,2026-05-05 14:48:43.327 +0900,116603,rice,BIGANTE/BIGANTE PLUS,Transplanting,Mixed,AMMOPHOS
28341,,,202330,2025-12-06,,2026-01-03,,202330,16,2026-02-05,25,,2026-05-05 14:48:43.327 +0900,2026-05-05 14:48:43.327 +0900,116604,rice,BIGANTE/BIGANTE PLUS,Transplanting,Mixed,OTHER
28448,,,200754,2025-12-08,,2026-01-10,,200754,9,2026-01-20,200,,2026-05-06 11:26:23.203 +0900,2026-05-06 11:26:23.203 +0900,117126,rice,JACKPOT 102,Transplanting,Mixed,UREA
28448,,,200754,2025-12-08,,2026-01-10,,200754,9,2026-02-05,250,,2026-05-06 11:26:23.203 +0900,2026-05-06 11:26:23.203 +0900,117128,rice,JACKPOT 102,Transplanting,Mixed,UREA
28448,,,200754,2025-12-08,,2026-01-10,,200754,10,2026-01-20,250,,2026-05-06 11:26:23.203 +0900,2026-05-06 11:26:23.203 +0900,117127,rice,JACKPOT 102,Transplanting,Mixed,TRIPLE
28448,,,200754,2025-12-08,,2026-01-10,,200754,12,2026-02-05,250,,2026-05-06 11:26:23.203 +0900,2026-05-06 11:26:23.203 +0900,117129,rice,JACKPOT 102,Transplanting,Mixed,AMMOPHOS
17656,,,202461,2025-12-20,,2026-01-07,,202461,9,2026-01-21,100,,2026-03-10 13:01:31.911 +0900,2026-03-10 13:01:31.911 +0900,66053,rice,NSIC RC 222 (Tubigan 18),Transplanting,Mixed,UREA
17656,,,202461,2025-12-20,,2026-01-07,,202461,9,2026-02-24,100,,2026-03-10 13:01:31.911 +0900,2026-03-10 13:01:31.911 +0900,66055,rice,NSIC RC 222 (Tubigan 18),Transplanting,Mixed,UREA
17656,,,202461,2025-12-20,,2026-01-07,,202461,12,2026-01-21,100,,2026-03-10 13:01:31.911 +0900,2026-03-10 13:01:31.911 +0900,66054,rice,NSIC RC 222 (Tubigan 18),Transplanting,Mixed,AMMOPHOS
17656,,,202461,2025-12-20,,2026-01-07,,202461,12,2026-02-24,100,,2026-03-10 13:01:31.911 +0900,2026-03-10 13:01:31.911 +0900,66056,rice,NSIC RC 222 (Tubigan 18),Transplanting,Mixed,AMMOPHOS
17656,,,202461,2025-12-20,,2026-01-07,,202461,13,,,,2026-03-10 13:01:31.911 +0900,2026-03-10 13:01:31.911 +0900,66057,rice,NSIC RC 222 (Tubigan 18),Transplanting,Mixed,COMMERCIAL
28290,,,202442,2025-12-25,,2026-02-02,,202442,9,2026-02-05,150,,2026-05-05 12:04:24.668 +0900,2026-05-05 12:04:24.668 +0900,116315,rice,BIGANTE/BIGANTE PLUS,Transplanting,Mixed,UREA
28290,,,202442,2025-12-25,,2026-02-02,,202442,9,2026-02-20,100,,2026-05-05 12:04:24.668 +0900,2026-05-05 12:04:24.668 +0900,116318,rice,BIGANTE/BIGANTE PLUS,Transplanting,Mixed,UREA
28290,,,202442,2025-12-25,,2026-02-02,,202442,10,2026-02-05,100,,2026-05-05 12:04:24.668 +0900,2026-05-05 12:04:24.668 +0900,116316,rice,BIGANTE/BIGANTE PLUS,Transplanting,Mixed,TRIPLE
28290,,,202442,2025-12-25,,2026-02-02,,202442,12,2026-02-05,100,,2026-05-05 12:04:24.668 +0900,2026-05-05 12:04:24.668 +0900,116317,rice,BIGANTE/BIGANTE PLUS,Transplanting,Mixed,AMMOPHOS
28290,,,202442,2025-12-25,,2026-02-02,,202442,12,2026-02-20,100,,2026-05-05 12:04:24.668 +0900,2026-05-05 12:04:24.668 +0900,116319,rice,BIGANTE/BIGANTE PLUS,Transplanting,Mixed,AMMOPHOS
28290,,,202442,2025-12-25,,2026-02-02,,202442,16,2026-03-07,50,,2026-05-05 12:04:24.668 +0900,2026-05-05 12:04:24.668 +0900,116320,rice,BIGANTE/BIGANTE PLUS,Transplanting,Mixed,OTHER
28400,,,202219,2025-12-27,,2026-01-25,,202219,9,2026-02-04,75,,2026-05-06 09:24:43.362 +0900,2026-05-06 09:24:43.362 +0900,116897,rice,JACKPOT 102,Transplanting,Mixed,UREA
28400,,,202219,2025-12-27,,2026-01-25,,202219,9,2026-02-20,75,,2026-05-06 09:24:43.362 +0900,2026-05-06 09:24:43.362 +0900,116899,rice,JACKPOT 102,Transplanting,Mixed,UREA
28400,,,202219,2025-12-27,,2026-01-25,,202219,12,2026-02-04,75,,2026-05-06 09:24:43.362 +0900,2026-05-06 09:24:43.362 +0900,116898,rice,JACKPOT 102,Transplanting,Mixed,AMMOPHOS
28400,,,202219,2025-12-27,,2026-01-25,,202219,12,2026-02-20,75,,2026-05-06 09:24:43.362 +0900,2026-05-06 09:24:43.362 +0900,116900,rice,JACKPOT 102,Transplanting,Mixed,AMMOPHOS
28293,,,200776,2025-12-06,,2026-01-04,,200776,9,2026-01-19,100,,2026-05-05 12:10:03.616 +0900,2026-05-05 12:10:03.616 +0900,116330,rice,BIGANTE/BIGANTE PLUS,Transplanting,Mixed,UREA
28293,,,200776,2025-12-06,,2026-01-04,,200776,9,2026-02-06,100,,2026-05-05 12:10:03.616 +0900,2026-05-05 12:10:03.616 +0900,116332,rice,BIGANTE/BIGANTE PLUS,Transplanting,Mixed,UREA
28293,,,200776,2025-12-06,,2026-01-04,,200776,10,2026-01-19,50,,2026-05-05 12:10:03.616 +0900,2026-05-05 12:10:03.616 +0900,116331,rice,BIGANTE/BIGANTE PLUS,Transplanting,Mixed,TRIPLE
28293,,,200776,2025-12-06,,2026-01-04,,200776,10,2026-02-06,50,,2026-05-05 12:10:03.616 +0900,2026-05-05 12:10:03.616 +0900,116333,rice,BIGANTE/BIGANTE PLUS,Transplanting,Mixed,TRIPLE
28377,,,202406,2025-12-06,,2026-01-04,,202406,9,2026-01-19,100,,2026-05-05 16:23:29.914 +0900,2026-05-05 16:23:29.914 +0900,116785,rice,BIGANTE/BIGANTE PLUS,Transplanting,Mixed,UREA
28377,,,202406,2025-12-06,,2026-01-04,,202406,9,2026-02-04,100,,2026-05-05 16:23:29.914 +0900,2026-05-05 16:23:29.914 +0900,116788,rice,BIGANTE/BIGANTE PLUS,Transplanting,Mixed,UREA
28377,,,202406,2025-12-06,,2026-01-04,,202406,10,2026-01-19,150,,2026-05-05 16:23:29.914 +0900,2026-05-05 16:23:29.914 +0900,116786,rice,BIGANTE/BIGANTE PLUS,Transplanting,Mixed,TRIPLE
28377,,,202406,2025-12-06,,2026-01-04,,202406,10,2026-02-04,150,,2026-05-05 16:23:29.914 +0900,2026-05-05 16:23:29.914 +0900,116789,rice,BIGANTE/BIGANTE PLUS,Transplanting,Mixed,TRIPLE
28377,,,202406,2025-12-06,,2026-01-04,,202406,12,2026-01-19,100,,2026-05-05 16:23:29.914 +0900,2026-05-05 16:23:29.914 +0900,116787,rice,BIGANTE/BIGANTE PLUS,Transplanting,Mixed,AMMOPHOS
28377,,,202406,2025-12-06,,2026-01-04,,202406,12,2026-02-04,100,,2026-05-05 16:23:29.914 +0900,2026-05-05 16:23:29.914 +0900,116790,rice,BIGANTE/BIGANTE PLUS,Transplanting,Mixed,AMMOPHOS
17647,,,201708,2025-12-04,,2026-01-08,,201708,9,2026-01-28,150,,2026-03-10 11:22:36.651 +0900,2026-03-10 11:22:36.651 +0900,66009,rice,NSIC RC 128 (MABANGO 1),Transplanting,Mixed,UREA
17647,,,201708,2025-12-04,,2026-01-08,,201708,9,2026-02-22,100,,2026-03-10 11:22:36.651 +0900,2026-03-10 11:22:36.651 +0900,66011,rice,NSIC RC 128 (MABANGO 1),Transplanting,Mixed,UREA
17647,,,201708,2025-12-04,,2026-01-08,,201708,11,2026-02-22,100,,2026-03-10 11:22:36.651 +0900,2026-03-10 11:22:36.651 +0900,66012,rice,NSIC RC 128 (MABANGO 1),Transplanting,Mixed,AMMOSUL
17647,,,201708,2025-12-04,,2026-01-08,,201708,12,2026-01-28,100,,2026-03-10 11:22:36.651 +0900,2026-03-10 11:22:36.651 +0900,66010,rice,NSIC RC 128 (MABANGO 1),Transplanting,Mixed,AMMOPHOS
17647,,,201708,2025-12-04,,2026-01-08,,201708,12,2026-02-22,100,,2026-03-10 11:22:36.651 +0900,2026-03-10 11:22:36.651 +0900,66013,rice,NSIC RC 128 (MABANGO 1),Transplanting,Mixed,AMMOPHOS
17647,,,201708,2025-12-04,,2026-01-08,,201708,13,,,,2026-03-10 11:22:36.651 +0900,2026-03-10 11:22:36.651 +0900,66014,rice,NSIC RC 128 (MABANGO 1),Transplanting,Mixed,COMMERCIAL
28567,,,202462,2025-12-19,,2026-01-15,,202462,9,2026-01-25,100,,2026-05-06 15:54:03.563 +0900,2026-05-06 15:54:03.563 +0900,117651,rice,JACKPOT 102,Transplanting,Mixed,UREA
28567,,,202462,2025-12-19,,2026-01-15,,202462,9,2026-02-14,100,,2026-05-06 15:54:03.563 +0900,2026-05-06 15:54:03.563 +0900,117653,rice,JACKPOT 102,Transplanting,Mixed,UREA
28567,,,202462,2025-12-19,,2026-01-15,,202462,10,2026-01-25,50,,2026-05-06 15:54:03.563 +0900,2026-05-06 15:54:03.563 +0900,117652,rice,JACKPOT 102,Transplanting,Mixed,TRIPLE
28567,,,202462,2025-12-19,,2026-01-15,,202462,10,2026-02-14,100,,2026-05-06 15:54:03.563 +0900,2026-05-06 15:54:03.563 +0900,117654,rice,JACKPOT 102,Transplanting,Mixed,TRIPLE
17667,,,201652,2025-12-20,,2026-01-22,,201652,9,2026-02-10,50,,2026-03-10 14:39:44.055 +0900,2026-03-10 14:39:44.055 +0900,66104,rice,PSB RC34 (BURDAGOL),Transplanting,Mixed,UREA
17667,,,201652,2025-12-20,,2026-01-22,,201652,10,2026-01-30,50,,2026-03-10 14:39:44.055 +0900,2026-03-10 14:39:44.055 +0900,66102,rice,PSB RC34 (BURDAGOL),Transplanting,Mixed,TRIPLE
17667,,,201652,2025-12-20,,2026-01-22,,201652,12,2026-01-30,100,,2026-03-10 14:39:44.055 +0900,2026-03-10 14:39:44.055 +0900,66103,rice,PSB RC34 (BURDAGOL),Transplanting,Mixed,AMMOPHOS
17667,,,201652,2025-12-20,,2026-01-22,,201652,12,2026-02-10,50,,2026-03-10 14:39:44.055 +0900,2026-03-10 14:39:44.055 +0900,66105,rice,PSB RC34 (BURDAGOL),Transplanting,Mixed,AMMOPHOS
17667,,,201652,2025-12-20,,2026-01-22,,201652,13,,,,2026-03-10 14:39:44.055 +0900,2026-03-10 14:39:44.055 +0900,66106,rice,PSB RC34 (BURDAGOL),Transplanting,Mixed,COMMERCIAL
17675,,,201659,2025-12-15,,2026-01-20,,201659,9,2026-01-20,50,,2026-03-10 15:41:33.431 +0900,2026-03-10 15:41:33.431 +0900,66137,rice,NSIC RC 314H (Mestiso 46),Transplanting,Mixed,UREA
17675,,,201659,2025-12-15,,2026-01-20,,201659,9,2026-02-10,50,,2026-03-10 15:41:33.431 +0900,2026-03-10 15:41:33.431 +0900,66139,rice,NSIC RC 314H (Mestiso 46),Transplanting,Mixed,UREA
17675,,,201659,2025-12-15,,2026-01-20,,201659,12,2026-01-20,50,,2026-03-10 15:41:33.431 +0900,2026-03-10 15:41:33.431 +0900,66138,rice,NSIC RC 314H (Mestiso 46),Transplanting,Mixed,AMMOPHOS
17675,,,201659,2025-12-15,,2026-01-20,,201659,12,2026-02-10,50,,2026-03-10 15:41:33.431 +0900,2026-03-10 15:41:33.431 +0900,66140,rice,NSIC RC 314H (Mestiso 46),Transplanting,Mixed,AMMOPHOS
17675,,,201659,2025-12-15,,2026-01-20,,201659,13,,,,2026-03-10 15:41:33.431 +0900,2026-03-10 15:41:33.431 +0900,66141,rice,NSIC RC 314H (Mestiso 46),Transplanting,Mixed,COMMERCIAL
28537,,,202211,2025-12-12,,2026-01-08,,202211,9,2026-01-18,125,,2026-05-06 15:19:11.779 +0900,2026-05-06 15:19:11.779 +0900,117525,rice,JACKPOT 102,Transplanting,Mixed,UREA
28537,,,202211,2025-12-12,,2026-01-08,,202211,9,2026-02-07,125,,2026-05-06 15:19:11.779 +0900,2026-05-06 15:19:11.779 +0900,117527,rice,JACKPOT 102,Transplanting,Mixed,UREA
28537,,,202211,2025-12-12,,2026-01-08,,202211,10,2026-01-18,125,,2026-05-06 15:19:11.779 +0900,2026-05-06 15:19:11.779 +0900,117526,rice,JACKPOT 102,Transplanting,Mixed,TRIPLE
28537,,,202211,2025-12-12,,2026-01-08,,202211,10,2026-02-07,125,,2026-05-06 15:19:11.779 +0900,2026-05-06 15:19:11.779 +0900,117528,rice,JACKPOT 102,Transplanting,Mixed,TRIPLE
17655,,,204489,2025-11-28,,2026-01-20,,204489,9,2026-02-11,50,,2026-03-10 13:00:01.504 +0900,2026-03-10 13:00:01.504 +0900,66051,rice,NSIC RC 534 (Salinas 29),Transplanting,Mixed,UREA
17655,,,204489,2025-11-28,,2026-01-20,,204489,12,2026-01-30,150,,2026-03-10 13:00:01.504 +0900,2026-03-10 13:00:01.504 +0900,66050,rice,NSIC RC 534 (Salinas 29),Transplanting,Mixed,AMMOPHOS
17655,,,204489,2025-11-28,,2026-01-20,,204489,12,2026-02-11,100,,2026-03-10 13:00:01.504 +0900,2026-03-10 13:00:01.504 +0900,66052,rice,NSIC RC 534 (Salinas 29),Transplanting,Mixed,AMMOPHOS
17659,,,202194,2025-12-05,,2026-01-09,,202194,9,2026-01-20,100,,2026-03-10 13:47:25.517 +0900,2026-03-10 13:47:25.517 +0900,66066,rice,NSIC Rc456H (LP 937),Transplanting,Mixed,UREA
17659,,,202194,2025-12-05,,2026-01-09,,202194,9,2026-01-30,100,,2026-03-10 13:47:25.517 +0900,2026-03-10 13:47:25.517 +0900,66067,rice,NSIC Rc456H (LP 937),Transplanting,Mixed,UREA
17659,,,202194,2025-12-05,,2026-01-09,,202194,10,2026-01-20,200,,2026-03-10 13:47:25.517 +0900,2026-03-10 13:47:25.517 +0900,66065,rice,NSIC Rc456H (LP 937),Transplanting,Mixed,TRIPLE
17659,,,202194,2025-12-05,,2026-01-09,,202194,10,2026-01-30,150,,2026-03-10 13:47:25.517 +0900,2026-03-10 13:47:25.517 +0900,66068,rice,NSIC Rc456H (LP 937),Transplanting,Mixed,TRIPLE
17659,,,202194,2025-12-05,,2026-01-09,,202194,12,2026-01-30,150,,2026-03-10 13:47:25.517 +0900,2026-03-10 13:47:25.517 +0900,66069,rice,NSIC Rc456H (LP 937),Transplanting,Mixed,AMMOPHOS
28558,,,202257,2025-12-16,,2026-01-10,,202257,9,2026-01-20,100,,2026-05-06 15:45:18.451 +0900,2026-05-06 15:45:18.451 +0900,117614,rice,NSIC Rc456H (LP 937),Transplanting,Mixed,UREA
28558,,,202257,2025-12-16,,2026-01-10,,202257,9,2026-02-10,100,,2026-05-06 15:45:18.451 +0900,2026-05-06 15:45:18.451 +0900,117616,rice,NSIC Rc456H (LP 937),Transplanting,Mixed,UREA
28558,,,202257,2025-12-16,,2026-01-10,,202257,10,2026-01-20,100,,2026-05-06 15:45:18.451 +0900,2026-05-06 15:45:18.451 +0900,117615,rice,NSIC Rc456H (LP 937),Transplanting,Mixed,TRIPLE
28558,,,202257,2025-12-16,,2026-01-10,,202257,10,2026-02-10,100,,2026-05-06 15:45:18.451 +0900,2026-05-06 15:45:18.451 +0900,117617,rice,NSIC Rc456H (LP 937),Transplanting,Mixed,TRIPLE
28623,,,201664,2026-01-02,,2026-01-28,,201664,9,2026-02-07,125,,2026-05-13 10:31:16.732 +0900,2026-05-13 10:31:16.732 +0900,117901,rice,NSIC RC 664H,Transplanting,Mixed,UREA
28623,,,201664,2026-01-02,,2026-01-28,,201664,9,2026-02-27,125,,2026-05-13 10:31:16.732 +0900,2026-05-13 10:31:16.732 +0900,117903,rice,NSIC RC 664H,Transplanting,Mixed,UREA
28623,,,201664,2026-01-02,,2026-01-28,,201664,10,2026-02-07,125,,2026-05-13 10:31:16.732 +0900,2026-05-13 10:31:16.732 +0900,117902,rice,NSIC RC 664H,Transplanting,Mixed,TRIPLE
28623,,,201664,2026-01-02,,2026-01-28,,201664,10,2026-02-27,150,,2026-05-13 10:31:16.732 +0900,2026-05-13 10:31:16.732 +0900,117904,rice,NSIC RC 664H,Transplanting,Mixed,TRIPLE
28491,,,204404,2025-12-26,,2026-01-21,,204404,9,2026-01-31,3,,2026-05-06 12:43:52.978 +0900,2026-05-06 12:43:52.978 +0900,117323,rice,NSIC Rc456H (LP 937),Transplanting,Mixed,UREA
28491,,,204404,2025-12-26,,2026-01-21,,204404,9,2026-02-20,3,,2026-05-06 12:43:52.978 +0900,2026-05-06 12:43:52.978 +0900,117325,rice,NSIC Rc456H (LP 937),Transplanting,Mixed,UREA
28491,,,204404,2025-12-26,,2026-01-21,,204404,10,2026-01-31,3,,2026-05-06 12:43:52.978 +0900,2026-05-06 12:43:52.978 +0900,117324,rice,NSIC Rc456H (LP 937),Transplanting,Mixed,TRIPLE
28491,,,204404,2025-12-26,,2026-01-21,,204404,10,2026-02-20,3,,2026-05-06 12:43:52.978 +0900,2026-05-06 12:43:52.978 +0900,117326,rice,NSIC Rc456H (LP 937),Transplanting,Mixed,TRIPLE
28490,,,204431,2025-12-28,,2026-01-24,,204431,9,2026-02-03,125,,2026-05-06 12:37:15.829 +0900,2026-05-06 12:37:15.829 +0900,117319,rice,BIGANTE/BIGANTE PLUS,Transplanting,Mixed,UREA
28490,,,204431,2025-12-28,,2026-01-24,,204431,9,2026-02-23,125,,2026-05-06 12:37:15.829 +0900,2026-05-06 12:37:15.829 +0900,117321,rice,BIGANTE/BIGANTE PLUS,Transplanting,Mixed,UREA
28490,,,204431,2025-12-28,,2026-01-24,,204431,10,2026-02-03,150,,2026-05-06 12:37:15.829 +0900,2026-05-06 12:37:15.829 +0900,117320,rice,BIGANTE/BIGANTE PLUS,Transplanting,Mixed,TRIPLE
28490,,,204431,2025-12-28,,2026-01-24,,204431,10,2026-02-23,100,,2026-05-06 12:37:15.829 +0900,2026-05-06 12:37:15.829 +0900,117322,rice,BIGANTE/BIGANTE PLUS,Transplanting,Mixed,TRIPLE
28346,,,202901,2025-12-15,,2026-01-10,,202901,9,2026-01-17,50,,2026-05-05 14:57:45.356 +0900,2026-05-05 14:57:45.356 +0900,116630,rice,BIGANTE/BIGANTE PLUS,Transplanting,Mixed,UREA
28346,,,202901,2025-12-15,,2026-01-10,,202901,9,2026-02-01,50,,2026-05-05 14:57:45.356 +0900,2026-05-05 14:57:45.356 +0900,116633,rice,BIGANTE/BIGANTE PLUS,Transplanting,Mixed,UREA
28346,,,202901,2025-12-15,,2026-01-10,,202901,9,2026-02-15,50,,2026-05-05 14:57:45.356 +0900,2026-05-05 14:57:45.356 +0900,116635,rice,BIGANTE/BIGANTE PLUS,Transplanting,Mixed,UREA
28346,,,202901,2025-12-15,,2026-01-10,,202901,10,2026-01-17,25,,2026-05-05 14:57:45.356 +0900,2026-05-05 14:57:45.356 +0900,116631,rice,BIGANTE/BIGANTE PLUS,Transplanting,Mixed,TRIPLE
28346,,,202901,2025-12-15,,2026-01-10,,202901,12,2026-01-17,25,,2026-05-05 14:57:45.356 +0900,2026-05-05 14:57:45.356 +0900,116632,rice,BIGANTE/BIGANTE PLUS,Transplanting,Mixed,AMMOPHOS
28346,,,202901,2025-12-15,,2026-01-10,,202901,12,2026-02-01,25,,2026-05-05 14:57:45.356 +0900,2026-05-05 14:57:45.356 +0900,116634,rice,BIGANTE/BIGANTE PLUS,Transplanting,Mixed,AMMOPHOS
28346,,,202901,2025-12-15,,2026-01-10,,202901,13,,,,2026-05-05 14:57:45.356 +0900,2026-05-05 14:57:45.356 +0900,116637,rice,BIGANTE/BIGANTE PLUS,Transplanting,Mixed,COMMERCIAL
28346,,,202901,2025-12-15,,2026-01-10,,202901,16,2026-02-15,25,,2026-05-05 14:57:45.356 +0900,2026-05-05 14:57:45.356 +0900,116636,rice,BIGANTE/BIGANTE PLUS,Transplanting,Mixed,OTHER
28476,,,202332,2025-12-28,,2026-01-22,,202332,9,2026-02-01,100,,2026-05-06 12:12:49.618 +0900,2026-05-06 12:12:49.618 +0900,117261,rice,BIGANTE/BIGANTE PLUS,Transplanting,Mixed,UREA
28476,,,202332,2025-12-28,,2026-01-22,,202332,9,2026-02-21,100,,2026-05-06 12:12:49.618 +0900,2026-05-06 12:12:49.618 +0900,117263,rice,BIGANTE/BIGANTE PLUS,Transplanting,Mixed,UREA
28476,,,202332,2025-12-28,,2026-01-22,,202332,10,2026-02-01,100,,2026-05-06 12:12:49.618 +0900,2026-05-06 12:12:49.618 +0900,117262,rice,BIGANTE/BIGANTE PLUS,Transplanting,Mixed,TRIPLE
28476,,,202332,2025-12-28,,2026-01-22,,202332,10,2026-02-21,100,,2026-05-06 12:12:49.618 +0900,2026-05-06 12:12:49.618 +0900,117264,rice,BIGANTE/BIGANTE PLUS,Transplanting,Mixed,TRIPLE
28476,,,202332,2025-12-28,,2026-01-22,,202332,12,2026-02-21,50,,2026-05-06 12:12:49.618 +0900,2026-05-06 12:12:49.618 +0900,117265,rice,BIGANTE/BIGANTE PLUS,Transplanting,Mixed,AMMOPHOS
28431,,,202225,2025-12-15,,2026-01-19,,202225,9,2026-01-30,25,,2026-05-06 11:06:51.883 +0900,2026-05-06 11:06:51.883 +0900,117039,rice,BIGANTE/BIGANTE PLUS,Transplanting,Mixed,UREA
28431,,,202225,2025-12-15,,2026-01-19,,202225,9,2026-02-15,25,,2026-05-06 11:06:51.883 +0900,2026-05-06 11:06:51.883 +0900,117041,rice,BIGANTE/BIGANTE PLUS,Transplanting,Mixed,UREA
28431,,,202225,2025-12-15,,2026-01-19,,202225,12,2026-01-30,25,,2026-05-06 11:06:51.883 +0900,2026-05-06 11:06:51.883 +0900,117040,rice,BIGANTE/BIGANTE PLUS,Transplanting,Mixed,AMMOPHOS
28431,,,202225,2025-12-15,,2026-01-19,,202225,12,2026-02-15,25,,2026-05-06 11:06:51.883 +0900,2026-05-06 11:06:51.883 +0900,117042,rice,BIGANTE/BIGANTE PLUS,Transplanting,Mixed,AMMOPHOS
28335,,,202320,2025-12-01,,2026-01-03,,202320,9,2026-01-13,25,,2026-05-05 14:07:39.489 +0900,2026-05-05 14:07:39.489 +0900,116567,rice,BIGANTE/BIGANTE PLUS,Transplanting,Mixed,UREA
28335,,,202320,2025-12-01,,2026-01-03,,202320,9,2026-01-23,25,,2026-05-05 14:07:39.489 +0900,2026-05-05 14:07:39.489 +0900,116569,rice,BIGANTE/BIGANTE PLUS,Transplanting,Mixed,UREA
28335,,,202320,2025-12-01,,2026-01-03,,202320,10,2026-01-13,25,,2026-05-05 14:07:39.489 +0900,2026-05-05 14:07:39.489 +0900,116568,rice,BIGANTE/BIGANTE PLUS,Transplanting,Mixed,TRIPLE
28335,,,202320,2025-12-01,,2026-01-03,,202320,10,2026-01-23,25,,2026-05-05 14:07:39.489 +0900,2026-05-05 14:07:39.489 +0900,116570,rice,BIGANTE/BIGANTE PLUS,Transplanting,Mixed,TRIPLE
28335,,,202320,2025-12-01,,2026-01-03,,202320,16,2026-02-01,25,,2026-05-05 14:07:39.489 +0900,2026-05-05 14:07:39.489 +0900,116571,rice,BIGANTE/BIGANTE PLUS,Transplanting,Mixed,OTHER
28569,,,202343,2025-12-18,,2026-01-09,,202343,9,2026-01-20,75,,2026-05-07 09:59:11.670 +0900,2026-05-07 09:59:11.670 +0900,117659,rice,NSIC RC 132H (MESTISO 6),Transplanting,Mixed,UREA
28569,,,202343,2025-12-18,,2026-01-09,,202343,9,2026-02-04,75,,2026-05-07 09:59:11.670 +0900,2026-05-07 09:59:11.670 +0900,117661,rice,NSIC RC 132H (MESTISO 6),Transplanting,Mixed,UREA
28569,,,202343,2025-12-18,,2026-01-09,,202343,10,2026-01-20,100,,2026-05-07 09:59:11.670 +0900,2026-05-07 09:59:11.670 +0900,117660,rice,NSIC RC 132H (MESTISO 6),Transplanting,Mixed,TRIPLE
28569,,,202343,2025-12-18,,2026-01-09,,202343,10,2026-02-04,100,,2026-05-07 09:59:11.670 +0900,2026-05-07 09:59:11.670 +0900,117662,rice,NSIC RC 132H (MESTISO 6),Transplanting,Mixed,TRIPLE
28359,,,200766,2025-12-22,,2026-01-13,,200766,9,2026-01-23,100,,2026-05-05 15:57:51.408 +0900,2026-05-05 15:57:51.408 +0900,116693,rice,BIGANTE/BIGANTE PLUS,Transplanting,Mixed,UREA
28359,,,200766,2025-12-22,,2026-01-13,,200766,9,2026-02-05,100,,2026-05-05 15:57:51.408 +0900,2026-05-05 15:57:51.408 +0900,116695,rice,BIGANTE/BIGANTE PLUS,Transplanting,Mixed,UREA
28359,,,200766,2025-12-22,,2026-01-13,,200766,10,2026-02-05,100,,2026-05-05 15:57:51.408 +0900,2026-05-05 15:57:51.408 +0900,116696,rice,BIGANTE/BIGANTE PLUS,Transplanting,Mixed,TRIPLE
28359,,,200766,2025-12-22,,2026-01-13,,200766,12,2026-01-23,100,,2026-05-05 15:57:51.408 +0900,2026-05-05 15:57:51.408 +0900,116694,rice,BIGANTE/BIGANTE PLUS,Transplanting,Mixed,AMMOPHOS
28359,,,200766,2025-12-22,,2026-01-13,,200766,12,2026-02-05,100,,2026-05-05 15:57:51.408 +0900,2026-05-05 15:57:51.408 +0900,116697,rice,BIGANTE/BIGANTE PLUS,Transplanting,Mixed,AMMOPHOS
18850,,,201673,2025-12-24,,2026-01-20,,201673,9,2026-01-30,25,,2026-03-23 13:04:46.064 +0900,2026-03-23 13:04:46.064 +0900,71979,rice,JACKPOT 102,Transplanting,Mixed,UREA
18850,,,201673,2025-12-24,,2026-01-20,,201673,9,2026-02-18,25,,2026-03-23 13:04:46.064 +0900,2026-03-23 13:04:46.064 +0900,71981,rice,JACKPOT 102,Transplanting,Mixed,UREA
18850,,,201673,2025-12-24,,2026-01-20,,201673,10,2026-01-30,25,,2026-03-23 13:04:46.064 +0900,2026-03-23 13:04:46.064 +0900,71980,rice,JACKPOT 102,Transplanting,Mixed,TRIPLE
18850,,,201673,2025-12-24,,2026-01-20,,201673,12,2026-02-18,25,,2026-03-23 13:04:46.064 +0900,2026-03-23 13:04:46.064 +0900,71982,rice,JACKPOT 102,Transplanting,Mixed,AMMOPHOS
18850,,,201673,2025-12-24,,2026-01-20,,201673,16,2026-02-18,25,,2026-03-23 13:04:46.064 +0900,2026-03-23 13:04:46.064 +0900,71983,rice,JACKPOT 102,Transplanting,Mixed,OTHER
28278,,,202316,2025-12-09,,2026-01-08,,202316,9,2026-01-18,100,,2026-05-05 11:37:52.920 +0900,2026-05-05 11:37:52.920 +0900,116248,rice,BIGANTE/BIGANTE PLUS,Transplanting,Mixed,UREA
28278,,,202316,2025-12-09,,2026-01-08,,202316,9,2026-01-28,100,,2026-05-05 11:37:52.920 +0900,2026-05-05 11:37:52.920 +0900,116251,rice,BIGANTE/BIGANTE PLUS,Transplanting,Mixed,UREA
28278,,,202316,2025-12-09,,2026-01-08,,202316,10,2026-01-18,50,,2026-05-05 11:37:52.920 +0900,2026-05-05 11:37:52.920 +0900,116249,rice,BIGANTE/BIGANTE PLUS,Transplanting,Mixed,TRIPLE
28278,,,202316,2025-12-09,,2026-01-08,,202316,12,2026-01-18,50,,2026-05-05 11:37:52.920 +0900,2026-05-05 11:37:52.920 +0900,116250,rice,BIGANTE/BIGANTE PLUS,Transplanting,Mixed,AMMOPHOS
28278,,,202316,2025-12-09,,2026-01-08,,202316,12,2026-01-28,100,,2026-05-05 11:37:52.920 +0900,2026-05-05 11:37:52.920 +0900,116252,rice,BIGANTE/BIGANTE PLUS,Transplanting,Mixed,AMMOPHOS
28278,,,202316,2025-12-09,,2026-01-08,,202316,12,2026-02-09,50,,2026-05-05 11:37:52.920 +0900,2026-05-05 11:37:52.920 +0900,116253,rice,BIGANTE/BIGANTE PLUS,Transplanting,Mixed,AMMOPHOS
28278,,,202316,2025-12-09,,2026-01-08,,202316,16,2026-02-09,50,,2026-05-05 11:37:52.920 +0900,2026-05-05 11:37:52.920 +0900,116254,rice,BIGANTE/BIGANTE PLUS,Transplanting,Mixed,OTHER
18306,,,202206,2026-01-28,,2026-01-10,,202206,9,2026-01-20,50,,2026-03-19 12:23:38.449 +0900,2026-03-19 12:23:38.449 +0900,69333,rice,NSIC RC 522H (Mestiso 93),Transplanting,Mixed,UREA
18306,,,202206,2026-01-28,,2026-01-10,,202206,9,2026-02-05,50,,2026-03-19 12:23:38.449 +0900,2026-03-19 12:23:38.449 +0900,69335,rice,NSIC RC 522H (Mestiso 93),Transplanting,Mixed,UREA
18306,,,202206,2026-01-28,,2026-01-10,,202206,10,2026-02-05,50,,2026-03-19 12:23:38.449 +0900,2026-03-19 12:23:38.449 +0900,69336,rice,NSIC RC 522H (Mestiso 93),Transplanting,Mixed,TRIPLE
18306,,,202206,2026-01-28,,2026-01-10,,202206,12,2026-01-20,50,,2026-03-19 12:23:38.449 +0900,2026-03-19 12:23:38.449 +0900,69334,rice,NSIC RC 522H (Mestiso 93),Transplanting,Mixed,AMMOPHOS
17458,,,202250,2025-12-15,,2026-01-12,,202250,9,2026-01-30,50,,2026-03-05 11:47:34.140 +0900,2026-03-05 11:47:34.140 +0900,65020,rice,NSIC Rc456H (LP 937),Transplanting,Mixed,UREA
17458,,,202250,2025-12-15,,2026-01-12,,202250,10,2026-01-30,25,,2026-03-05 11:47:34.140 +0900,2026-03-05 11:47:34.140 +0900,65022,rice,NSIC Rc456H (LP 937),Transplanting,Mixed,TRIPLE
17458,,,202250,2025-12-15,,2026-01-12,,202250,11,2026-01-30,100,,2026-03-05 11:47:34.140 +0900,2026-03-05 11:47:34.140 +0900,65021,rice,NSIC Rc456H (LP 937),Transplanting,Mixed,AMMOSUL
17458,,,202250,2025-12-15,,2026-01-12,,202250,11,2026-02-23,100,,2026-03-05 11:47:34.140 +0900,2026-03-05 11:47:34.140 +0900,65023,rice,NSIC Rc456H (LP 937),Transplanting,Mixed,AMMOSUL
17458,,,202250,2025-12-15,,2026-01-12,,202250,12,2026-02-23,50,,2026-03-05 11:47:34.140 +0900,2026-03-05 11:47:34.140 +0900,65024,rice,NSIC Rc456H (LP 937),Transplanting,Mixed,AMMOPHOS
28428,,,202258,2025-12-14,,2026-01-20,,202258,9,2026-01-30,50,,2026-05-06 11:01:08.264 +0900,2026-05-06 11:01:08.264 +0900,117024,rice,BIGANTE/BIGANTE PLUS,Transplanting,Mixed,UREA
28428,,,202258,2025-12-14,,2026-01-20,,202258,9,2026-02-14,50,,2026-05-06 11:01:08.264 +0900,2026-05-06 11:01:08.264 +0900,117026,rice,BIGANTE/BIGANTE PLUS,Transplanting,Mixed,UREA
28428,,,202258,2025-12-14,,2026-01-20,,202258,12,2026-01-30,50,,2026-05-06 11:01:08.264 +0900,2026-05-06 11:01:08.264 +0900,117025,rice,BIGANTE/BIGANTE PLUS,Transplanting,Mixed,AMMOPHOS
28428,,,202258,2025-12-14,,2026-01-20,,202258,12,2026-02-14,50,,2026-05-06 11:01:08.264 +0900,2026-05-06 11:01:08.264 +0900,117027,rice,BIGANTE/BIGANTE PLUS,Transplanting,Mixed,AMMOPHOS
28426,,,202898,2025-12-30,,2026-01-22,,202898,9,2026-02-21,200,,2026-05-06 10:58:31.557 +0900,2026-05-06 10:58:31.557 +0900,117017,rice,BIGANTE/BIGANTE PLUS,Transplanting,Mixed,UREA
28426,,,202898,2025-12-30,,2026-01-22,,202898,10,2026-02-01,50,,2026-05-06 10:58:31.557 +0900,2026-05-06 10:58:31.557 +0900,117016,rice,BIGANTE/BIGANTE PLUS,Transplanting,Mixed,TRIPLE
28426,,,202898,2025-12-30,,2026-01-22,,202898,10,2026-02-21,225,,2026-05-06 10:58:31.557 +0900,2026-05-06 10:58:31.557 +0900,117018,rice,BIGANTE/BIGANTE PLUS,Transplanting,Mixed,TRIPLE
28426,,,202898,2025-12-30,,2026-01-22,,202898,12,2026-02-01,200,,2026-05-06 10:58:31.557 +0900,2026-05-06 10:58:31.557 +0900,117015,rice,BIGANTE/BIGANTE PLUS,Transplanting,Mixed,AMMOPHOS
28553,,,206127,2025-12-28,,2026-01-18,,206127,9,2026-01-28,25,,2026-05-06 15:40:09.913 +0900,2026-05-06 15:40:09.913 +0900,117593,rice,BIGANTE/BIGANTE PLUS,Transplanting,Mixed,UREA
28553,,,206127,2025-12-28,,2026-01-18,,206127,9,2026-02-17,25,,2026-05-06 15:40:09.913 +0900,2026-05-06 15:40:09.913 +0900,117595,rice,BIGANTE/BIGANTE PLUS,Transplanting,Mixed,UREA
28553,,,206127,2025-12-28,,2026-01-18,,206127,10,2026-01-28,25,,2026-05-06 15:40:09.913 +0900,2026-05-06 15:40:09.913 +0900,117594,rice,BIGANTE/BIGANTE PLUS,Transplanting,Mixed,TRIPLE
28553,,,206127,2025-12-28,,2026-01-18,,206127,10,2026-02-17,25,,2026-05-06 15:40:09.913 +0900,2026-05-06 15:40:09.913 +0900,117596,rice,BIGANTE/BIGANTE PLUS,Transplanting,Mixed,TRIPLE
18309,,,201611,2025-12-10,,2026-01-15,,201611,10,2026-01-22,200,,2026-03-19 12:31:15.501 +0900,2026-03-19 12:31:15.501 +0900,69347,rice,NSIC RC 234H (MESTISO 27),Transplanting,Mixed,TRIPLE
18309,,,201611,2025-12-10,,2026-01-15,,201611,10,2026-02-01,200,,2026-03-19 12:31:15.501 +0900,2026-03-19 12:31:15.501 +0900,69349,rice,NSIC RC 234H (MESTISO 27),Transplanting,Mixed,TRIPLE
18309,,,201611,2025-12-10,,2026-01-15,,201611,12,2026-01-22,150,,2026-03-19 12:31:15.501 +0900,2026-03-19 12:31:15.501 +0900,69348,rice,NSIC RC 234H (MESTISO 27),Transplanting,Mixed,AMMOPHOS
18309,,,201611,2025-12-10,,2026-01-15,,201611,13,,,,2026-03-19 12:31:15.501 +0900,2026-03-19 12:31:15.501 +0900,69351,rice,NSIC RC 234H (MESTISO 27),Transplanting,Mixed,COMMERCIAL
18309,,,201611,2025-12-10,,2026-01-15,,201611,16,2026-02-01,150,,2026-03-19 12:31:15.501 +0900,2026-03-19 12:31:15.501 +0900,69350,rice,NSIC RC 234H (MESTISO 27),Transplanting,Mixed,OTHER
28486,,,206118,2025-12-25,,2026-01-26,,206118,9,2026-02-05,100,,2026-05-06 12:32:01.054 +0900,2026-05-06 12:32:01.054 +0900,117303,rice,NSIC Rc456H (LP 937),Transplanting,Mixed,UREA
28486,,,206118,2025-12-25,,2026-01-26,,206118,9,2026-02-25,100,,2026-05-06 12:32:01.054 +0900,2026-05-06 12:32:01.054 +0900,117305,rice,NSIC Rc456H (LP 937),Transplanting,Mixed,UREA
28486,,,206118,2025-12-25,,2026-01-26,,206118,12,2026-02-05,100,,2026-05-06 12:32:01.054 +0900,2026-05-06 12:32:01.054 +0900,117304,rice,NSIC Rc456H (LP 937),Transplanting,Mixed,AMMOPHOS
28486,,,206118,2025-12-25,,2026-01-26,,206118,12,2026-02-25,100,,2026-05-06 12:32:01.054 +0900,2026-05-06 12:32:01.054 +0900,117306,rice,NSIC Rc456H (LP 937),Transplanting,Mixed,AMMOPHOS
28383,,,202464,2025-12-20,,2026-01-25,,202464,9,2026-02-05,200,,2026-05-05 16:33:20.593 +0900,2026-05-05 16:33:20.593 +0900,116817,rice,BIGANTE/BIGANTE PLUS,Transplanting,Mixed,UREA
28383,,,202464,2025-12-20,,2026-01-25,,202464,9,2026-02-25,200,,2026-05-05 16:33:20.593 +0900,2026-05-05 16:33:20.593 +0900,116819,rice,BIGANTE/BIGANTE PLUS,Transplanting,Mixed,UREA
28383,,,202464,2025-12-20,,2026-01-25,,202464,12,2026-02-05,200,,2026-05-05 16:33:20.593 +0900,2026-05-05 16:33:20.593 +0900,116818,rice,BIGANTE/BIGANTE PLUS,Transplanting,Mixed,AMMOPHOS
28383,,,202464,2025-12-20,,2026-01-25,,202464,12,2026-02-25,200,,2026-05-05 16:33:20.593 +0900,2026-05-05 16:33:20.593 +0900,116820,rice,BIGANTE/BIGANTE PLUS,Transplanting,Mixed,AMMOPHOS
28383,,,202464,2025-12-20,,2026-01-25,,202464,16,2026-02-25,100,,2026-05-05 16:33:20.593 +0900,2026-05-05 16:33:20.593 +0900,116821,rice,BIGANTE/BIGANTE PLUS,Transplanting,Mixed,OTHER
17676,,,204433,2025-12-05,,2026-01-14,,204433,9,2026-01-20,25,,2026-03-10 15:43:13.143 +0900,2026-03-10 15:43:13.143 +0900,66142,rice,NSIC RC 314H (Mestiso 46),Transplanting,Mixed,UREA
17676,,,204433,2025-12-05,,2026-01-14,,204433,9,2026-02-18,50,,2026-03-10 15:43:13.143 +0900,2026-03-10 15:43:13.143 +0900,66144,rice,NSIC RC 314H (Mestiso 46),Transplanting,Mixed,UREA
17676,,,204433,2025-12-05,,2026-01-14,,204433,12,2026-01-20,25,,2026-03-10 15:43:13.143 +0900,2026-03-10 15:43:13.143 +0900,66143,rice,NSIC RC 314H (Mestiso 46),Transplanting,Mixed,AMMOPHOS
17676,,,204433,2025-12-05,,2026-01-14,,204433,12,2026-02-18,50,,2026-03-10 15:43:13.143 +0900,2026-03-10 15:43:13.143 +0900,66145,rice,NSIC RC 314H (Mestiso 46),Transplanting,Mixed,AMMOPHOS
28312,,,204391,2025-12-10,,2026-01-05,,204391,9,2026-01-15,200,,2026-05-05 12:41:55.526 +0900,2026-05-05 12:41:55.526 +0900,116434,rice,JACKPOT 102,Transplanting,Mixed,UREA
28312,,,204391,2025-12-10,,2026-01-05,,204391,9,2026-01-30,200,,2026-05-05 12:41:55.526 +0900,2026-05-05 12:41:55.526 +0900,116437,rice,JACKPOT 102,Transplanting,Mixed,UREA
28312,,,204391,2025-12-10,,2026-01-05,,204391,9,2026-02-10,150,,2026-05-05 12:41:55.526 +0900,2026-05-05 12:41:55.526 +0900,116439,rice,JACKPOT 102,Transplanting,Mixed,UREA
28312,,,204391,2025-12-10,,2026-01-05,,204391,10,2026-01-15,100,,2026-05-05 12:41:55.526 +0900,2026-05-05 12:41:55.526 +0900,116435,rice,JACKPOT 102,Transplanting,Mixed,TRIPLE
28312,,,204391,2025-12-10,,2026-01-05,,204391,12,2026-01-15,100,,2026-05-05 12:41:55.526 +0900,2026-05-05 12:41:55.526 +0900,116436,rice,JACKPOT 102,Transplanting,Mixed,AMMOPHOS
28312,,,204391,2025-12-10,,2026-01-05,,204391,12,2026-01-30,200,,2026-05-05 12:41:55.526 +0900,2026-05-05 12:41:55.526 +0900,116438,rice,JACKPOT 102,Transplanting,Mixed,AMMOPHOS
28312,,,204391,2025-12-10,,2026-01-05,,204391,16,2026-02-10,150,,2026-05-05 12:41:55.526 +0900,2026-05-05 12:41:55.526 +0900,116440,rice,JACKPOT 102,Transplanting,Mixed,OTHER
28480,,,204429,2025-12-28,,2026-01-19,,204429,9,2026-01-29,50,,2026-05-06 12:21:40.722 +0900,2026-05-06 12:21:40.722 +0900,117278,rice,NSIC Rc456H (LP 937),Transplanting,Mixed,UREA
28480,,,204429,2025-12-28,,2026-01-19,,204429,9,2026-02-18,50,,2026-05-06 12:21:40.722 +0900,2026-05-06 12:21:40.722 +0900,117280,rice,NSIC Rc456H (LP 937),Transplanting,Mixed,UREA
28480,,,204429,2025-12-28,,2026-01-19,,204429,10,2026-01-29,50,,2026-05-06 12:21:40.722 +0900,2026-05-06 12:21:40.722 +0900,117279,rice,NSIC Rc456H (LP 937),Transplanting,Mixed,TRIPLE
28480,,,204429,2025-12-28,,2026-01-19,,204429,10,2026-02-18,50,,2026-05-06 12:21:40.722 +0900,2026-05-06 12:21:40.722 +0900,117281,rice,NSIC Rc456H (LP 937),Transplanting,Mixed,TRIPLE
28479,,,204430,2025-12-29,,2026-01-21,,204430,9,2026-01-31,100,,2026-05-06 12:19:22.294 +0900,2026-05-06 12:19:22.294 +0900,117274,rice,NSIC Rc456H (LP 937),Transplanting,Mixed,UREA
28479,,,204430,2025-12-29,,2026-01-21,,204430,9,2026-02-20,100,,2026-05-06 12:19:22.294 +0900,2026-05-06 12:19:22.294 +0900,117276,rice,NSIC Rc456H (LP 937),Transplanting,Mixed,UREA
28479,,,204430,2025-12-29,,2026-01-21,,204430,10,2026-01-31,100,,2026-05-06 12:19:22.294 +0900,2026-05-06 12:19:22.294 +0900,117275,rice,NSIC Rc456H (LP 937),Transplanting,Mixed,TRIPLE
28479,,,204430,2025-12-29,,2026-01-21,,204430,10,2026-02-20,100,,2026-05-06 12:19:22.294 +0900,2026-05-06 12:19:22.294 +0900,117277,rice,NSIC Rc456H (LP 937),Transplanting,Mixed,TRIPLE
28308,,,202215,2025-12-08,,2026-01-04,,202215,9,2026-01-11,100,,2026-05-05 12:35:01.642 +0900,2026-05-05 12:35:01.642 +0900,116410,rice,JACKPOT 102,Transplanting,Mixed,UREA
28308,,,202215,2025-12-08,,2026-01-04,,202215,9,2026-01-25,100,,2026-05-05 12:35:01.642 +0900,2026-05-05 12:35:01.642 +0900,116413,rice,JACKPOT 102,Transplanting,Mixed,UREA
28308,,,202215,2025-12-08,,2026-01-04,,202215,9,2026-02-05,50,,2026-05-05 12:35:01.642 +0900,2026-05-05 12:35:01.642 +0900,116415,rice,JACKPOT 102,Transplanting,Mixed,UREA
28308,,,202215,2025-12-08,,2026-01-04,,202215,10,2026-01-11,50,,2026-05-05 12:35:01.642 +0900,2026-05-05 12:35:01.642 +0900,116411,rice,JACKPOT 102,Transplanting,Mixed,TRIPLE
28308,,,202215,2025-12-08,,2026-01-04,,202215,12,2026-01-11,50,,2026-05-05 12:35:01.642 +0900,2026-05-05 12:35:01.642 +0900,116412,rice,JACKPOT 102,Transplanting,Mixed,AMMOPHOS
28308,,,202215,2025-12-08,,2026-01-04,,202215,12,2026-01-25,50,,2026-05-05 12:35:01.642 +0900,2026-05-05 12:35:01.642 +0900,116414,rice,JACKPOT 102,Transplanting,Mixed,AMMOPHOS
28308,,,202215,2025-12-08,,2026-01-04,,202215,16,2026-02-05,50,,2026-05-05 12:35:01.642 +0900,2026-05-05 12:35:01.642 +0900,116416,rice,JACKPOT 102,Transplanting,Mixed,OTHER
19119,,,201637,2026-01-28,,2026-01-03,,201637,9,2026-01-13,100,,2026-03-24 14:29:42.899 +0900,2026-03-24 14:29:42.899 +0900,73285,rice,NSIC RC 222 (Tubigan 18),Transplanting,Mixed,UREA
19119,,,201637,2026-01-28,,2026-01-03,,201637,10,2026-01-13,50,,2026-03-24 14:29:42.899 +0900,2026-03-24 14:29:42.899 +0900,73286,rice,NSIC RC 222 (Tubigan 18),Transplanting,Mixed,TRIPLE
19119,,,201637,2026-01-28,,2026-01-03,,201637,10,2026-01-23,50,,2026-03-24 14:29:42.899 +0900,2026-03-24 14:29:42.899 +0900,73287,rice,NSIC RC 222 (Tubigan 18),Transplanting,Mixed,TRIPLE
19119,,,201637,2026-01-28,,2026-01-03,,201637,11,2026-01-23,50,,2026-03-24 14:29:42.899 +0900,2026-03-24 14:29:42.899 +0900,73288,rice,NSIC RC 222 (Tubigan 18),Transplanting,Mixed,AMMOSUL
19119,,,201637,2026-01-28,,2026-01-03,,201637,11,2026-02-02,75,,2026-03-24 14:29:42.899 +0900,2026-03-24 14:29:42.899 +0900,73289,rice,NSIC RC 222 (Tubigan 18),Transplanting,Mixed,AMMOSUL
19119,,,201637,2026-01-28,,2026-01-03,,201637,16,2026-02-02,50,,2026-03-24 14:29:42.899 +0900,2026-03-24 14:29:42.899 +0900,73290,rice,NSIC RC 222 (Tubigan 18),Transplanting,Mixed,OTHER
28497,,,202260,2025-12-23,,2026-01-25,,202260,9,2026-02-04,125,,2026-05-06 14:09:10.645 +0900,2026-05-06 14:09:10.645 +0900,117347,rice,JACKPOT 102,Transplanting,Mixed,UREA
28497,,,202260,2025-12-23,,2026-01-25,,202260,9,2026-02-24,125,,2026-05-06 14:09:10.645 +0900,2026-05-06 14:09:10.645 +0900,117349,rice,JACKPOT 102,Transplanting,Mixed,UREA
28497,,,202260,2025-12-23,,2026-01-25,,202260,10,2026-02-04,125,,2026-05-06 14:09:10.645 +0900,2026-05-06 14:09:10.645 +0900,117348,rice,JACKPOT 102,Transplanting,Mixed,TRIPLE
28497,,,202260,2025-12-23,,2026-01-25,,202260,10,2026-02-24,125,,2026-05-06 14:09:10.645 +0900,2026-05-06 14:09:10.645 +0900,117350,rice,JACKPOT 102,Transplanting,Mixed,TRIPLE
28568,,,204447,2025-12-12,,2026-01-14,,204447,9,2026-01-27,50,,2026-05-07 09:55:14.215 +0900,2026-05-07 09:55:14.215 +0900,117655,rice,JACKPOT 102,Transplanting,Mixed,UREA
28568,,,204447,2025-12-12,,2026-01-14,,204447,9,2026-02-11,50,,2026-05-07 09:55:14.215 +0900,2026-05-07 09:55:14.215 +0900,117657,rice,JACKPOT 102,Transplanting,Mixed,UREA
28568,,,204447,2025-12-12,,2026-01-14,,204447,12,2026-01-27,25,,2026-05-07 09:55:14.215 +0900,2026-05-07 09:55:14.215 +0900,117656,rice,JACKPOT 102,Transplanting,Mixed,AMMOPHOS
28568,,,204447,2025-12-12,,2026-01-14,,204447,12,2026-02-11,25,,2026-05-07 09:55:14.215 +0900,2026-05-07 09:55:14.215 +0900,117658,rice,JACKPOT 102,Transplanting,Mixed,AMMOPHOS
28616,,,204589,2025-12-18,,2026-01-22,,204589,9,2026-02-01,2,,2026-05-13 10:21:55.914 +0900,2026-05-13 10:21:55.914 +0900,117872,rice,NSIC RC 664H,Transplanting,Mixed,UREA
28616,,,204589,2025-12-18,,2026-01-22,,204589,9,2026-02-21,2,,2026-05-13 10:21:55.914 +0900,2026-05-13 10:21:55.914 +0900,117874,rice,NSIC RC 664H,Transplanting,Mixed,UREA
28616,,,204589,2025-12-18,,2026-01-22,,204589,10,2026-02-01,2,,2026-05-13 10:21:55.914 +0900,2026-05-13 10:21:55.914 +0900,117873,rice,NSIC RC 664H,Transplanting,Mixed,TRIPLE
28616,,,204589,2025-12-18,,2026-01-22,,204589,10,2026-02-21,2,,2026-05-13 10:21:55.914 +0900,2026-05-13 10:21:55.914 +0900,117875,rice,NSIC RC 664H,Transplanting,Mixed,TRIPLE
28276,,,204764,2025-12-10,,2026-01-04,,204764,9,2026-01-11,100,,2026-05-05 11:26:17.184 +0900,2026-05-05 11:26:17.184 +0900,116238,rice,BIGANTE/BIGANTE PLUS,Transplanting,Mixed,UREA
28276,,,204764,2025-12-10,,2026-01-04,,204764,9,2026-01-25,50,,2026-05-05 11:26:17.184 +0900,2026-05-05 11:26:17.184 +0900,116241,rice,BIGANTE/BIGANTE PLUS,Transplanting,Mixed,UREA
28276,,,204764,2025-12-10,,2026-01-04,,204764,10,2026-01-11,50,,2026-05-05 11:26:17.184 +0900,2026-05-05 11:26:17.184 +0900,116239,rice,BIGANTE/BIGANTE PLUS,Transplanting,Mixed,TRIPLE
28276,,,204764,2025-12-10,,2026-01-04,,204764,12,2026-01-11,50,,2026-05-05 11:26:17.184 +0900,2026-05-05 11:26:17.184 +0900,116240,rice,BIGANTE/BIGANTE PLUS,Transplanting,Mixed,AMMOPHOS
28276,,,204764,2025-12-10,,2026-01-04,,204764,12,2026-01-25,50,,2026-05-05 11:26:17.184 +0900,2026-05-05 11:26:17.184 +0900,116242,rice,BIGANTE/BIGANTE PLUS,Transplanting,Mixed,AMMOPHOS
28551,,,202453,2025-12-30,,2026-01-20,,202453,9,2026-01-30,15,,2026-05-06 15:38:50.516 +0900,2026-05-06 15:38:50.516 +0900,117584,rice,BIGANTE/BIGANTE PLUS,Transplanting,Mixed,UREA
28551,,,202453,2025-12-30,,2026-01-20,,202453,9,2026-02-19,15,,2026-05-06 15:38:50.516 +0900,2026-05-06 15:38:50.516 +0900,117586,rice,BIGANTE/BIGANTE PLUS,Transplanting,Mixed,UREA
28551,,,202453,2025-12-30,,2026-01-20,,202453,10,2026-01-30,15,,2026-05-06 15:38:50.516 +0900,2026-05-06 15:38:50.516 +0900,117585,rice,BIGANTE/BIGANTE PLUS,Transplanting,Mixed,TRIPLE
28551,,,202453,2025-12-30,,2026-01-20,,202453,10,2026-02-19,15,,2026-05-06 15:38:50.516 +0900,2026-05-06 15:38:50.516 +0900,117587,rice,BIGANTE/BIGANTE PLUS,Transplanting,Mixed,TRIPLE
28367,,,202455,2025-12-17,,2026-01-01,,202455,9,2026-01-08,50,,2026-05-05 16:10:43.951 +0900,2026-05-05 16:10:43.951 +0900,116740,rice,JACKPOT 102,Transplanting,Mixed,UREA
28367,,,202455,2025-12-17,,2026-01-01,,202455,9,2026-01-20,50,,2026-05-05 16:10:43.951 +0900,2026-05-05 16:10:43.951 +0900,116742,rice,JACKPOT 102,Transplanting,Mixed,UREA
28367,,,202455,2025-12-17,,2026-01-01,,202455,12,2026-01-08,25,,2026-05-05 16:10:43.951 +0900,2026-05-05 16:10:43.951 +0900,116741,rice,JACKPOT 102,Transplanting,Mixed,AMMOPHOS
28367,,,202455,2025-12-17,,2026-01-01,,202455,12,2026-01-20,25,,2026-05-05 16:10:43.951 +0900,2026-05-05 16:10:43.951 +0900,116743,rice,JACKPOT 102,Transplanting,Mixed,AMMOPHOS
28590,,,204462,2025-12-25,,2026-01-15,,204462,9,2026-01-30,250,,2026-05-13 09:51:57.782 +0900,2026-05-13 09:51:57.782 +0900,117751,rice,NSIC RC 664H,Transplanting,Mixed,UREA
28590,,,204462,2025-12-25,,2026-01-15,,204462,9,2026-02-10,250,,2026-05-13 09:51:57.782 +0900,2026-05-13 09:51:57.782 +0900,117753,rice,NSIC RC 664H,Transplanting,Mixed,UREA
28590,,,204462,2025-12-25,,2026-01-15,,204462,12,2026-01-30,250,,2026-05-13 09:51:57.782 +0900,2026-05-13 09:51:57.782 +0900,117752,rice,NSIC RC 664H,Transplanting,Mixed,AMMOPHOS
28309,,,201606,2025-12-07,,2026-01-11,,201606,9,2026-01-21,25,,2026-05-05 12:36:26.828 +0900,2026-05-05 12:36:26.828 +0900,116417,rice,BIGANTE/BIGANTE PLUS,Transplanting,Mixed,UREA
28309,,,201606,2025-12-07,,2026-01-11,,201606,9,2026-02-05,25,,2026-05-05 12:36:26.828 +0900,2026-05-05 12:36:26.828 +0900,116420,rice,BIGANTE/BIGANTE PLUS,Transplanting,Mixed,UREA
28309,,,201606,2025-12-07,,2026-01-11,,201606,10,2026-01-21,25,,2026-05-05 12:36:26.828 +0900,2026-05-05 12:36:26.828 +0900,116418,rice,BIGANTE/BIGANTE PLUS,Transplanting,Mixed,TRIPLE
28309,,,201606,2025-12-07,,2026-01-11,,201606,12,2026-01-21,25,,2026-05-05 12:36:26.828 +0900,2026-05-05 12:36:26.828 +0900,116419,rice,BIGANTE/BIGANTE PLUS,Transplanting,Mixed,AMMOPHOS
28309,,,201606,2025-12-07,,2026-01-11,,201606,12,2026-02-05,25,,2026-05-05 12:36:26.828 +0900,2026-05-05 12:36:26.828 +0900,116421,rice,BIGANTE/BIGANTE PLUS,Transplanting,Mixed,AMMOPHOS
28309,,,201606,2025-12-07,,2026-01-11,,201606,13,,,,2026-05-05 12:36:26.828 +0900,2026-05-05 12:36:26.828 +0900,116422,rice,BIGANTE/BIGANTE PLUS,Transplanting,Mixed,COMMERCIAL
28269,,,200315,2025-12-05,,2026-01-04,,200315,9,2026-01-14,50,,2026-05-05 11:00:25.687 +0900,2026-05-05 11:00:25.687 +0900,116199,rice,BIGANTE/BIGANTE PLUS,Transplanting,Mixed,UREA
28269,,,200315,2025-12-05,,2026-01-04,,200315,9,2026-01-28,25,,2026-05-05 11:00:25.687 +0900,2026-05-05 11:00:25.687 +0900,116202,rice,BIGANTE/BIGANTE PLUS,Transplanting,Mixed,UREA
28269,,,200315,2025-12-05,,2026-01-04,,200315,9,2026-02-08,25,,2026-05-05 11:00:25.687 +0900,2026-05-05 11:00:25.687 +0900,116204,rice,BIGANTE/BIGANTE PLUS,Transplanting,Mixed,UREA
28269,,,200315,2025-12-05,,2026-01-04,,200315,10,2026-01-14,25,,2026-05-05 11:00:25.687 +0900,2026-05-05 11:00:25.687 +0900,116200,rice,BIGANTE/BIGANTE PLUS,Transplanting,Mixed,TRIPLE
28269,,,200315,2025-12-05,,2026-01-04,,200315,12,2026-01-14,25,,2026-05-05 11:00:25.687 +0900,2026-05-05 11:00:25.687 +0900,116201,rice,BIGANTE/BIGANTE PLUS,Transplanting,Mixed,AMMOPHOS
28269,,,200315,2025-12-05,,2026-01-04,,200315,12,2026-01-28,25,,2026-05-05 11:00:25.687 +0900,2026-05-05 11:00:25.687 +0900,116203,rice,BIGANTE/BIGANTE PLUS,Transplanting,Mixed,AMMOPHOS
28269,,,200315,2025-12-05,,2026-01-04,,200315,16,2026-02-08,25,,2026-05-05 11:00:25.687 +0900,2026-05-05 11:00:25.687 +0900,116205,rice,BIGANTE/BIGANTE PLUS,Transplanting,Mixed,OTHER
28244,,,200724,2025-12-16,,2026-01-03,,200724,9,2026-01-12,50,,2026-05-05 09:48:12.869 +0900,2026-05-05 09:48:12.869 +0900,116059,rice,NSIC Rc234H (NK 5017),Transplanting,Mixed,UREA
28244,,,200724,2025-12-16,,2026-01-03,,200724,9,2026-01-30,50,,2026-05-05 09:48:12.869 +0900,2026-05-05 09:48:12.869 +0900,116061,rice,NSIC Rc234H (NK 5017),Transplanting,Mixed,UREA
28244,,,200724,2025-12-16,,2026-01-03,,200724,9,2026-02-10,50,,2026-05-05 09:48:12.869 +0900,2026-05-05 09:48:12.869 +0900,116063,rice,NSIC Rc234H (NK 5017),Transplanting,Mixed,UREA
28244,,,200724,2025-12-16,,2026-01-03,,200724,10,2026-01-12,50,,2026-05-05 09:48:12.869 +0900,2026-05-05 09:48:12.869 +0900,116060,rice,NSIC Rc234H (NK 5017),Transplanting,Mixed,TRIPLE
28244,,,200724,2025-12-16,,2026-01-03,,200724,12,2026-01-30,50,,2026-05-05 09:48:12.869 +0900,2026-05-05 09:48:12.869 +0900,116062,rice,NSIC Rc234H (NK 5017),Transplanting,Mixed,AMMOPHOS
28244,,,200724,2025-12-16,,2026-01-03,,200724,16,2026-02-10,50,,2026-05-05 09:48:12.869 +0900,2026-05-05 09:48:12.869 +0900,116064,rice,NSIC Rc234H (NK 5017),Transplanting,Mixed,OTHER
28249,,,200725,2025-12-16,,2026-01-03,,200725,9,2026-01-12,25,,2026-05-05 10:15:13.140 +0900,2026-05-05 10:15:13.140 +0900,116093,rice,NSIC Rc234H (NK 5017),Transplanting,Mixed,UREA
28249,,,200725,2025-12-16,,2026-01-03,,200725,9,2026-01-30,25,,2026-05-05 10:15:13.140 +0900,2026-05-05 10:15:13.140 +0900,116095,rice,NSIC Rc234H (NK 5017),Transplanting,Mixed,UREA
28249,,,200725,2025-12-16,,2026-01-03,,200725,10,2026-01-12,25,,2026-05-05 10:15:13.140 +0900,2026-05-05 10:15:13.140 +0900,116094,rice,NSIC Rc234H (NK 5017),Transplanting,Mixed,TRIPLE
28249,,,200725,2025-12-16,,2026-01-03,,200725,10,2026-02-10,25,,2026-05-05 10:15:13.140 +0900,2026-05-05 10:15:13.140 +0900,116097,rice,NSIC Rc234H (NK 5017),Transplanting,Mixed,TRIPLE
28249,,,200725,2025-12-16,,2026-01-03,,200725,12,2026-01-30,25,,2026-05-05 10:15:13.140 +0900,2026-05-05 10:15:13.140 +0900,116096,rice,NSIC Rc234H (NK 5017),Transplanting,Mixed,AMMOPHOS
28249,,,200725,2025-12-16,,2026-01-03,,200725,16,2026-02-10,25,,2026-05-05 10:15:13.140 +0900,2026-05-05 10:15:13.140 +0900,116098,rice,NSIC Rc234H (NK 5017),Transplanting,Mixed,OTHER
28311,,,201667,2025-12-18,,2026-01-09,,201667,9,2026-01-28,100,,2026-05-05 12:39:50.189 +0900,2026-05-05 12:39:50.189 +0900,116427,rice,BIGANTE/BIGANTE PLUS,Transplanting,Mixed,UREA
28311,,,201667,2025-12-18,,2026-01-09,,201667,9,2026-02-12,100,,2026-05-05 12:39:50.189 +0900,2026-05-05 12:39:50.189 +0900,116430,rice,BIGANTE/BIGANTE PLUS,Transplanting,Mixed,UREA
28311,,,201667,2025-12-18,,2026-01-09,,201667,10,2026-01-28,50,,2026-05-05 12:39:50.189 +0900,2026-05-05 12:39:50.189 +0900,116428,rice,BIGANTE/BIGANTE PLUS,Transplanting,Mixed,TRIPLE
28311,,,201667,2025-12-18,,2026-01-09,,201667,12,2026-01-28,50,,2026-05-05 12:39:50.189 +0900,2026-05-05 12:39:50.189 +0900,116429,rice,BIGANTE/BIGANTE PLUS,Transplanting,Mixed,AMMOPHOS
28311,,,201667,2025-12-18,,2026-01-09,,201667,12,2026-02-12,50,,2026-05-05 12:39:50.189 +0900,2026-05-05 12:39:50.189 +0900,116431,rice,BIGANTE/BIGANTE PLUS,Transplanting,Mixed,AMMOPHOS
28311,,,201667,2025-12-18,,2026-01-09,,201667,12,2026-02-27,50,,2026-05-05 12:39:50.189 +0900,2026-05-05 12:39:50.189 +0900,116432,rice,BIGANTE/BIGANTE PLUS,Transplanting,Mixed,AMMOPHOS
28311,,,201667,2025-12-18,,2026-01-09,,201667,16,2026-02-27,50,,2026-05-05 12:39:50.189 +0900,2026-05-05 12:39:50.189 +0900,116433,rice,BIGANTE/BIGANTE PLUS,Transplanting,Mixed,OTHER
19118,,,201638,2026-01-27,,2025-12-28,,201638,9,2026-01-13,100,,2026-03-24 14:27:10.917 +0900,2026-03-24 14:27:10.917 +0900,73279,rice,NSIC Rc456H (LP 937),Transplanting,Mixed,UREA
19118,,,201638,2026-01-27,,2025-12-28,,201638,10,2026-01-13,50,,2026-03-24 14:27:10.917 +0900,2026-03-24 14:27:10.917 +0900,73280,rice,NSIC Rc456H (LP 937),Transplanting,Mixed,TRIPLE
19118,,,201638,2026-01-27,,2025-12-28,,201638,10,2026-01-23,50,,2026-03-24 14:27:10.917 +0900,2026-03-24 14:27:10.917 +0900,73281,rice,NSIC Rc456H (LP 937),Transplanting,Mixed,TRIPLE
19118,,,201638,2026-01-27,,2025-12-28,,201638,11,2026-01-23,50,,2026-03-24 14:27:10.917 +0900,2026-03-24 14:27:10.917 +0900,73282,rice,NSIC Rc456H (LP 937),Transplanting,Mixed,AMMOSUL
19118,,,201638,2026-01-27,,2025-12-28,,201638,11,2026-02-02,75,,2026-03-24 14:27:10.917 +0900,2026-03-24 14:27:10.917 +0900,73283,rice,NSIC Rc456H (LP 937),Transplanting,Mixed,AMMOSUL
19118,,,201638,2026-01-27,,2025-12-28,,201638,16,2026-02-02,50,,2026-03-24 14:27:10.917 +0900,2026-03-24 14:27:10.917 +0900,73284,rice,NSIC Rc456H (LP 937),Transplanting,Mixed,OTHER
18851,,,202205,2025-12-08,,2026-01-20,,202205,9,2026-02-10,200,,2026-03-23 14:02:25.642 +0900,2026-03-23 14:02:25.642 +0900,71985,rice,JACKPOT 102,Transplanting,Mixed,UREA
18851,,,202205,2025-12-08,,2026-01-20,,202205,9,2026-02-20,50,,2026-03-23 14:02:25.642 +0900,2026-03-23 14:02:25.642 +0900,71987,rice,JACKPOT 102,Transplanting,Mixed,UREA
18851,,,202205,2025-12-08,,2026-01-20,,202205,10,2026-01-27,150,,2026-03-23 14:02:25.642 +0900,2026-03-23 14:02:25.642 +0900,71984,rice,JACKPOT 102,Transplanting,Mixed,TRIPLE
18851,,,202205,2025-12-08,,2026-01-20,,202205,12,2026-02-10,100,,2026-03-23 14:02:25.642 +0900,2026-03-23 14:02:25.642 +0900,71986,rice,JACKPOT 102,Transplanting,Mixed,AMMOPHOS
18851,,,202205,2025-12-08,,2026-01-20,,202205,16,2026-02-20,50,,2026-03-23 14:02:25.642 +0900,2026-03-23 14:02:25.642 +0900,71988,rice,JACKPOT 102,Transplanting,Mixed,OTHER
28259,,,204408,2026-01-14,,2026-01-31,,204408,9,2026-02-11,125,,2026-05-05 10:34:16.804 +0900,2026-05-05 10:34:16.804 +0900,116149,rice,NSIC RC 128 (MABANGO 1),Transplanting,Mixed,UREA
28259,,,204408,2026-01-14,,2026-01-31,,204408,9,2026-03-02,125,,2026-05-05 10:34:16.804 +0900,2026-05-05 10:34:16.804 +0900,116151,rice,NSIC RC 128 (MABANGO 1),Transplanting,Mixed,UREA
28259,,,204408,2026-01-14,,2026-01-31,,204408,12,2026-02-11,125,,2026-05-05 10:34:16.804 +0900,2026-05-05 10:34:16.804 +0900,116150,rice,NSIC RC 128 (MABANGO 1),Transplanting,Mixed,AMMOPHOS
28259,,,204408,2026-01-14,,2026-01-31,,204408,12,2026-03-02,125,,2026-05-05 10:34:16.804 +0900,2026-05-05 10:34:16.804 +0900,116152,rice,NSIC RC 128 (MABANGO 1),Transplanting,Mixed,AMMOPHOS
28540,,,202209,2025-12-26,,2026-01-18,,202209,9,2026-01-28,100,,2026-05-06 15:23:53.645 +0900,2026-05-06 15:23:53.645 +0900,117538,rice,BIGANTE/BIGANTE PLUS,Transplanting,Mixed,UREA
28540,,,202209,2025-12-26,,2026-01-18,,202209,9,2026-02-17,100,,2026-05-06 15:23:53.645 +0900,2026-05-06 15:23:53.645 +0900,117540,rice,BIGANTE/BIGANTE PLUS,Transplanting,Mixed,UREA
28540,,,202209,2025-12-26,,2026-01-18,,202209,10,2026-01-28,100,,2026-05-06 15:23:53.645 +0900,2026-05-06 15:23:53.645 +0900,117539,rice,BIGANTE/BIGANTE PLUS,Transplanting,Mixed,TRIPLE
28540,,,202209,2025-12-26,,2026-01-18,,202209,10,2026-02-17,100,,2026-05-06 15:23:53.645 +0900,2026-05-06 15:23:53.645 +0900,117541,rice,BIGANTE/BIGANTE PLUS,Transplanting,Mixed,TRIPLE
28485,,,202327,2025-12-24,,2026-01-19,,202327,9,2026-01-29,50,,2026-05-06 12:30:20.516 +0900,2026-05-06 12:30:20.516 +0900,117298,rice,JACKPOT 102,Transplanting,Mixed,UREA
28485,,,202327,2025-12-24,,2026-01-19,,202327,9,2026-02-20,50,,2026-05-06 12:30:20.516 +0900,2026-05-06 12:30:20.516 +0900,117300,rice,JACKPOT 102,Transplanting,Mixed,UREA
28485,,,202327,2025-12-24,,2026-01-19,,202327,10,2026-02-20,50,,2026-05-06 12:30:20.516 +0900,2026-05-06 12:30:20.516 +0900,117301,rice,JACKPOT 102,Transplanting,Mixed,TRIPLE
28485,,,202327,2025-12-24,,2026-01-19,,202327,12,2026-01-29,50,,2026-05-06 12:30:20.516 +0900,2026-05-06 12:30:20.516 +0900,117299,rice,JACKPOT 102,Transplanting,Mixed,AMMOPHOS
28485,,,202327,2025-12-24,,2026-01-19,,202327,12,2026-02-20,50,,2026-05-06 12:30:20.516 +0900,2026-05-06 12:30:20.516 +0900,117302,rice,JACKPOT 102,Transplanting,Mixed,AMMOPHOS
28500,,,202867,2025-12-13,,2026-01-07,,202867,9,2026-01-14,50,,2026-05-06 14:18:18.276 +0900,2026-05-06 14:18:18.276 +0900,117359,rice,JACKPOT 102,Transplanting,Mixed,UREA
28500,,,202867,2025-12-13,,2026-01-07,,202867,9,2026-02-14,50,,2026-05-06 14:18:18.276 +0900,2026-05-06 14:18:18.276 +0900,117361,rice,JACKPOT 102,Transplanting,Mixed,UREA
28500,,,202867,2025-12-13,,2026-01-07,,202867,12,2026-01-14,100,,2026-05-06 14:18:18.276 +0900,2026-05-06 14:18:18.276 +0900,117360,rice,JACKPOT 102,Transplanting,Mixed,AMMOPHOS
28500,,,202867,2025-12-13,,2026-01-07,,202867,12,2026-02-14,100,,2026-05-06 14:18:18.276 +0900,2026-05-06 14:18:18.276 +0900,117362,rice,JACKPOT 102,Transplanting,Mixed,AMMOPHOS
28500,,,202867,2025-12-13,,2026-01-07,,202867,13,,,,2026-05-06 14:18:18.276 +0900,2026-05-06 14:18:18.276 +0900,117363,rice,JACKPOT 102,Transplanting,Mixed,COMMERCIAL
28381,,,202412,2025-12-20,,2026-01-22,,202412,9,2026-02-01,50,,2026-05-05 16:28:12.825 +0900,2026-05-05 16:28:12.825 +0900,116807,rice,BIGANTE/BIGANTE PLUS,Transplanting,Mixed,UREA
28381,,,202412,2025-12-20,,2026-01-22,,202412,9,2026-02-15,50,,2026-05-05 16:28:12.825 +0900,2026-05-05 16:28:12.825 +0900,116810,rice,BIGANTE/BIGANTE PLUS,Transplanting,Mixed,UREA
28381,,,202412,2025-12-20,,2026-01-22,,202412,10,2026-02-01,100,,2026-05-05 16:28:12.825 +0900,2026-05-05 16:28:12.825 +0900,116808,rice,BIGANTE/BIGANTE PLUS,Transplanting,Mixed,TRIPLE
28381,,,202412,2025-12-20,,2026-01-22,,202412,10,2026-02-15,100,,2026-05-05 16:28:12.825 +0900,2026-05-05 16:28:12.825 +0900,116811,rice,BIGANTE/BIGANTE PLUS,Transplanting,Mixed,TRIPLE
28381,,,202412,2025-12-20,,2026-01-22,,202412,12,2026-02-01,50,,2026-05-05 16:28:12.825 +0900,2026-05-05 16:28:12.825 +0900,116809,rice,BIGANTE/BIGANTE PLUS,Transplanting,Mixed,AMMOPHOS
28381,,,202412,2025-12-20,,2026-01-22,,202412,12,2026-02-15,50,,2026-05-05 16:28:12.825 +0900,2026-05-05 16:28:12.825 +0900,116812,rice,BIGANTE/BIGANTE PLUS,Transplanting,Mixed,AMMOPHOS
28342,,,202873,2025-12-10,,2026-01-05,,202873,9,2026-01-12,50,,2026-05-05 14:50:00.414 +0900,2026-05-05 14:50:00.414 +0900,116605,rice,BIGANTE/BIGANTE PLUS,Transplanting,Mixed,UREA
28342,,,202873,2025-12-10,,2026-01-05,,202873,9,2026-01-25,50,,2026-05-05 14:50:00.414 +0900,2026-05-05 14:50:00.414 +0900,116608,rice,BIGANTE/BIGANTE PLUS,Transplanting,Mixed,UREA
28342,,,202873,2025-12-10,,2026-01-05,,202873,10,2026-01-12,25,,2026-05-05 14:50:00.414 +0900,2026-05-05 14:50:00.414 +0900,116606,rice,BIGANTE/BIGANTE PLUS,Transplanting,Mixed,TRIPLE
28342,,,202873,2025-12-10,,2026-01-05,,202873,12,2026-01-12,25,,2026-05-05 14:50:00.414 +0900,2026-05-05 14:50:00.414 +0900,116607,rice,BIGANTE/BIGANTE PLUS,Transplanting,Mixed,AMMOPHOS
28342,,,202873,2025-12-10,,2026-01-05,,202873,12,2026-01-25,50,,2026-05-05 14:50:00.414 +0900,2026-05-05 14:50:00.414 +0900,116609,rice,BIGANTE/BIGANTE PLUS,Transplanting,Mixed,AMMOPHOS
28621,,,204393,2025-12-16,,2026-01-21,,204393,9,2026-01-31,15,,2026-05-13 10:28:08.169 +0900,2026-05-13 10:28:08.169 +0900,117893,rice,NSIC RC 664H,Transplanting,Mixed,UREA
28621,,,204393,2025-12-16,,2026-01-21,,204393,9,2026-02-20,15,,2026-05-13 10:28:08.169 +0900,2026-05-13 10:28:08.169 +0900,117895,rice,NSIC RC 664H,Transplanting,Mixed,UREA
28621,,,204393,2025-12-16,,2026-01-21,,204393,12,2026-01-31,15,,2026-05-13 10:28:08.169 +0900,2026-05-13 10:28:08.169 +0900,117894,rice,NSIC RC 664H,Transplanting,Mixed,AMMOPHOS
28621,,,204393,2025-12-16,,2026-01-21,,204393,12,2026-02-20,15,,2026-05-13 10:28:08.169 +0900,2026-05-13 10:28:08.169 +0900,117896,rice,NSIC RC 664H,Transplanting,Mixed,AMMOPHOS
28380,,,204471,2025-12-25,,2026-01-21,,204471,9,2026-01-31,50,,2026-05-05 16:27:45.176 +0900,2026-05-05 16:27:45.176 +0900,116803,rice,BIGANTE/BIGANTE PLUS,Transplanting,Mixed,UREA
28380,,,204471,2025-12-25,,2026-01-21,,204471,9,2026-02-20,50,,2026-05-05 16:27:45.176 +0900,2026-05-05 16:27:45.176 +0900,116805,rice,BIGANTE/BIGANTE PLUS,Transplanting,Mixed,UREA
28380,,,204471,2025-12-25,,2026-01-21,,204471,10,2026-01-31,50,,2026-05-05 16:27:45.176 +0900,2026-05-05 16:27:45.176 +0900,116804,rice,BIGANTE/BIGANTE PLUS,Transplanting,Mixed,TRIPLE
28380,,,204471,2025-12-25,,2026-01-21,,204471,12,2026-02-20,50,,2026-05-05 16:27:45.176 +0900,2026-05-05 16:27:45.176 +0900,116806,rice,BIGANTE/BIGANTE PLUS,Transplanting,Mixed,AMMOPHOS
28386,,,202333,2025-12-21,,2026-01-26,,202333,9,2026-02-25,50,,2026-05-05 16:35:42.951 +0900,2026-05-05 16:35:42.951 +0900,116833,rice,NSIC Rc234H (NK 5017),Transplanting,Mixed,UREA
28386,,,202333,2025-12-21,,2026-01-26,,202333,10,2026-02-05,25,,2026-05-05 16:35:42.951 +0900,2026-05-05 16:35:42.951 +0900,116831,rice,NSIC Rc234H (NK 5017),Transplanting,Mixed,TRIPLE
28386,,,202333,2025-12-21,,2026-01-26,,202333,12,2026-02-05,50,,2026-05-05 16:35:42.951 +0900,2026-05-05 16:35:42.951 +0900,116832,rice,NSIC Rc234H (NK 5017),Transplanting,Mixed,AMMOPHOS
28386,,,202333,2025-12-21,,2026-01-26,,202333,12,2026-02-25,50,,2026-05-05 16:35:42.951 +0900,2026-05-05 16:35:42.951 +0900,116834,rice,NSIC Rc234H (NK 5017),Transplanting,Mixed,AMMOPHOS
28405,,,206128,2025-12-20,,2026-01-20,,206128,9,2026-01-25,25,,2026-05-06 09:40:33.617 +0900,2026-05-06 09:40:33.617 +0900,116917,rice,NSIC Rc234H (NK 5017),Transplanting,Mixed,UREA
28405,,,206128,2025-12-20,,2026-01-20,,206128,9,2026-02-14,25,,2026-05-06 09:40:33.617 +0900,2026-05-06 09:40:33.617 +0900,116919,rice,NSIC Rc234H (NK 5017),Transplanting,Mixed,UREA
28405,,,206128,2025-12-20,,2026-01-20,,206128,10,2026-01-25,25,,2026-05-06 09:40:33.617 +0900,2026-05-06 09:40:33.617 +0900,116918,rice,NSIC Rc234H (NK 5017),Transplanting,Mixed,TRIPLE
28405,,,206128,2025-12-20,,2026-01-20,,206128,12,2026-02-14,50,,2026-05-06 09:40:33.617 +0900,2026-05-06 09:40:33.617 +0900,116920,rice,NSIC Rc234H (NK 5017),Transplanting,Mixed,AMMOPHOS
28618,,,201683,2025-12-11,,2026-01-16,,201683,9,2026-01-26,50,,2026-05-13 10:23:45.789 +0900,2026-05-13 10:23:45.789 +0900,117880,rice,NSIC RC 664H,Transplanting,Mixed,UREA
28618,,,201683,2025-12-11,,2026-01-16,,201683,9,2026-02-15,50,,2026-05-13 10:23:45.789 +0900,2026-05-13 10:23:45.789 +0900,117882,rice,NSIC RC 664H,Transplanting,Mixed,UREA
28618,,,201683,2025-12-11,,2026-01-16,,201683,10,2026-01-26,50,,2026-05-13 10:23:45.789 +0900,2026-05-13 10:23:45.789 +0900,117881,rice,NSIC RC 664H,Transplanting,Mixed,TRIPLE
28618,,,201683,2025-12-11,,2026-01-16,,201683,10,2026-02-15,50,,2026-05-13 10:23:45.789 +0900,2026-05-13 10:23:45.789 +0900,117883,rice,NSIC RC 664H,Transplanting,Mixed,TRIPLE
28385,,,201682,2025-12-15,,2026-01-26,,201682,9,2026-02-05,50,,2026-05-05 16:34:54.960 +0900,2026-05-05 16:34:54.960 +0900,116826,rice,NSIC Rc234H (NK 5017),Transplanting,Mixed,UREA
28385,,,201682,2025-12-15,,2026-01-26,,201682,9,2026-02-25,50,,2026-05-05 16:34:54.960 +0900,2026-05-05 16:34:54.960 +0900,116828,rice,NSIC Rc234H (NK 5017),Transplanting,Mixed,UREA
28385,,,201682,2025-12-15,,2026-01-26,,201682,12,2026-02-05,50,,2026-05-05 16:34:54.960 +0900,2026-05-05 16:34:54.960 +0900,116827,rice,NSIC Rc234H (NK 5017),Transplanting,Mixed,AMMOPHOS
28385,,,201682,2025-12-15,,2026-01-26,,201682,12,2026-02-25,50,,2026-05-05 16:34:54.960 +0900,2026-05-05 16:34:54.960 +0900,116830,rice,NSIC Rc234H (NK 5017),Transplanting,Mixed,AMMOPHOS
28385,,,201682,2025-12-15,,2026-01-26,,201682,16,2026-02-25,25,,2026-05-05 16:34:54.960 +0900,2026-05-05 16:34:54.960 +0900,116829,rice,NSIC Rc234H (NK 5017),Transplanting,Mixed,OTHER
28329,,,201697,2025-12-29,,2026-01-25,,201697,9,2026-02-04,50,,2026-05-05 13:55:22.381 +0900,2026-05-05 13:55:22.381 +0900,116536,rice,NSIC Rc456H (LP 937),Transplanting,Mixed,UREA
28329,,,201697,2025-12-29,,2026-01-25,,201697,9,2026-02-24,50,,2026-05-05 13:55:22.381 +0900,2026-05-05 13:55:22.381 +0900,116538,rice,NSIC Rc456H (LP 937),Transplanting,Mixed,UREA
28329,,,201697,2025-12-29,,2026-01-25,,201697,10,2026-02-04,50,,2026-05-05 13:55:22.381 +0900,2026-05-05 13:55:22.381 +0900,116537,rice,NSIC Rc456H (LP 937),Transplanting,Mixed,TRIPLE
28329,,,201697,2025-12-29,,2026-01-25,,201697,10,2026-02-24,50,,2026-05-05 13:55:22.381 +0900,2026-05-05 13:55:22.381 +0900,116539,rice,NSIC Rc456H (LP 937),Transplanting,Mixed,TRIPLE
28628,,,201672,2025-12-15,,2026-01-23,,201672,9,2026-02-02,50,,2026-05-13 10:47:05.031 +0900,2026-05-13 10:47:05.031 +0900,117921,rice,NSIC RC 664H,Transplanting,Mixed,UREA
28628,,,201672,2025-12-15,,2026-01-23,,201672,9,2026-02-22,50,,2026-05-13 10:47:05.031 +0900,2026-05-13 10:47:05.031 +0900,117923,rice,NSIC RC 664H,Transplanting,Mixed,UREA
28628,,,201672,2025-12-15,,2026-01-23,,201672,12,2026-02-02,50,,2026-05-13 10:47:05.031 +0900,2026-05-13 10:47:05.031 +0900,117922,rice,NSIC RC 664H,Transplanting,Mixed,AMMOPHOS
28628,,,201672,2025-12-15,,2026-01-23,,201672,12,2026-02-22,50,,2026-05-13 10:47:05.031 +0900,2026-05-13 10:47:05.031 +0900,117924,rice,NSIC RC 664H,Transplanting,Mixed,AMMOPHOS
