"photo_id","field_id","photo_type_id","latitude","longitude","date_time","water_cm","taken_by_user_id","reviewed_by_user_id","reviewed_at","created_at","updated_at","image_file","field_name_from_photo_taken","remark","season_id","is_deleted","deleted_at","source_app","original_timezone","photo_category_id","field_photo_review_status_id","reviewed_by_user_account_id","photo_uuid","is_field_id_initialized","category","status"
60475,,2,15.966393,120.760691,2025-11-29 12:15:00.000 +0900,0.0,168,,,2025-12-03 22:12:16.000 +0900,2026-08-07 11:05:58.570 +0900,"1764738736_MbgcOA.jpg",MPS-5-101,,9,false,,,+08:00,2,1,,,false,Drainage,Unmatched
108934,,0,18.282986,121.69529,2026-02-16 17:28:00.000 +0900,0.0,329,358,,2026-02-17 04:51:15.000 +0900,2026-08-07 11:05:58.570 +0900,"1771242675_hNYv0W.jpg","1512D2",Duplicate,9,false,,FieldSnap,+08:00,2,3,,,false,Drainage,Pending Match
108803,,2,18.283436,121.696156,2026-02-15 17:45:00.000 +0900,0.0,329,358,,2026-02-17 02:45:08.000 +0900,2026-08-07 11:05:58.570 +0900,"1771235107_chylbj.jpg","1522",,9,false,,FieldSnap,+08:00,2,3,,,false,Drainage,Pending Match
108805,,2,18.276573,121.690575,2026-02-15 03:39:00.000 +0900,0.0,329,358,,2026-02-17 02:51:17.000 +0900,2026-08-07 11:05:58.570 +0900,"1771235476_Kfw7eq.jpg","1413D2",,9,false,,FieldSnap,+08:00,2,3,,,false,Drainage,Pending Match
108819,,2,18.28195,121.690196,2026-02-15 16:32:00.000 +0900,0.0,329,358,,2026-02-17 03:00:16.000 +0900,2026-08-07 11:05:58.570 +0900,"1771235926_zTKTYG.jpg","1482D2",,9,false,,FieldSnap,+08:00,2,3,,,false,Drainage,Pending Match
108841,,2,18.282986,121.69529,2026-02-15 17:28:00.000 +0900,0.0,329,358,,2026-02-17 03:14:32.000 +0900,2026-08-07 11:05:58.570 +0900,"1771236845_FiJWgX.jpg","1512D2",,9,false,,FieldSnap,+08:00,2,3,,,false,Drainage,Pending Match
108853,,2,18.269929,121.68053,2026-02-16 11:01:00.000 +0900,0.0,329,358,,2026-02-17 03:23:52.000 +0900,2026-08-07 11:05:58.570 +0900,"1771237421_sPSGfW.jpg","2428",,9,false,,FieldSnap,+08:00,2,3,,,false,Drainage,Pending Match
108888,,2,18.264147,121.688726,2026-02-16 12:06:00.000 +0900,0.0,329,358,,2026-02-17 04:08:08.000 +0900,2026-08-07 11:05:58.570 +0900,"1771240087_kM7NlW.jpg","2363D2",,9,false,,FieldSnap,+08:00,2,3,,,false,Drainage,Pending Match
108812,,2,18.28192,121.690176,2026-02-15 16:27:00.000 +0900,0.0,329,358,,2026-02-17 02:56:49.000 +0900,2026-08-07 11:05:58.570 +0900,"1771235808_iRuI5L.jpg","1515-C",,9,false,,FieldSnap,+08:00,2,3,,,false,Drainage,Pending Match
108809,202337,2,18.278274,121.689465,2026-02-15 15:50:00.000 +0900,0.0,329,358,,2026-02-17 02:54:12.000 +0900,2026-08-07 11:05:58.570 +0900,"1771235635_CRl2dE.jpg",,Changed the lot number from 1466D2 to 1466,9,false,,FieldSnap,+08:00,2,4,,,true,Drainage,Matched
108807,201607,2,18.274586,121.687508,2026-02-15 15:23:00.000 +0900,0.0,329,358,,2026-02-17 02:52:36.000 +0900,2026-08-07 11:05:58.570 +0900,"1771235552_ovU7X4.jpg",,,9,false,,FieldSnap,+08:00,2,4,,,true,Drainage,Matched
108810,200636,2,18.278507,121.689914,2026-02-15 15:55:00.000 +0900,0.0,329,358,,2026-02-17 02:55:37.000 +0900,2026-08-07 11:05:58.570 +0900,"1771235737_3Prz3O.jpg",,,9,false,,FieldSnap,+08:00,2,4,,,true,Drainage,Matched
108839,201707,2,18.282915,121.695307,2026-02-15 17:26:00.000 +0900,0.0,329,358,,2026-02-17 03:12:37.000 +0900,2026-08-07 11:05:58.570 +0900,"1771236757_Ibzh1Z.jpg",,,9,false,,FieldSnap,+08:00,2,4,,,true,Drainage,Matched
108845,201632,2,18.267038,121.683737,2026-02-16 10:45:00.000 +0900,0.0,329,358,,2026-02-17 03:19:52.000 +0900,2026-08-07 11:05:58.570 +0900,"1771237192_alrbgd.jpg",,,9,false,,FieldSnap,+08:00,2,4,,,true,Drainage,Matched
108859,202899,2,18.265331,121.687657,2026-02-16 11:07:00.000 +0900,0.0,329,358,,2026-02-17 03:26:10.000 +0900,2026-08-07 11:05:58.570 +0900,"1771237569_neEUhC.jpg",,,9,false,,FieldSnap,+08:00,2,4,,,true,Drainage,Matched
108877,201634,2,18.271172,121.689166,2026-02-16 11:16:00.000 +0900,0.0,329,358,,2026-02-17 03:38:39.000 +0900,2026-08-07 11:05:58.570 +0900,"1771238289_naYR7o.jpg",,,9,false,,FieldSnap,+08:00,2,4,,,true,Drainage,Matched
108914,202317,2,18.273714,121.689709,2026-02-16 12:48:00.000 +0900,0.0,329,358,,2026-02-17 04:36:22.000 +0900,2026-08-07 11:05:58.570 +0900,"1771241782_AjCdU3.jpg",,,9,false,,FieldSnap,+08:00,2,4,,,true,Drainage,Matched
108892,201630,2,18.274678,121.693013,2026-02-16 12:13:00.000 +0900,0.0,329,358,,2026-02-17 04:19:54.000 +0900,2026-08-07 11:05:58.570 +0900,"1771240794_LAVs2h.jpg",,,9,false,,FieldSnap,+08:00,2,4,,,true,Drainage,Matched
108895,202892,2,18.264147,121.688726,2026-02-16 12:19:00.000 +0900,0.0,329,358,,2026-02-17 04:23:55.000 +0900,2026-08-07 11:05:58.570 +0900,"1771241035_r0ATwH.jpg",,,9,false,,FieldSnap,+08:00,2,4,,,true,Drainage,Matched
108905,202193,2,18.274089,121.690407,2026-02-16 12:37:00.000 +0900,0.0,329,358,,2026-02-17 04:31:29.000 +0900,2026-08-07 11:05:58.570 +0900,"1771241489_CytsAj.jpg",,,9,false,,FieldSnap,+08:00,2,4,,,true,Drainage,Matched
108886,206137,2,18.264147,121.688726,2026-02-16 11:35:00.000 +0900,0.0,329,358,,2026-02-17 04:05:01.000 +0900,2026-08-07 11:05:58.570 +0900,"1771239901_kxzdd9.jpg",,,9,false,,FieldSnap,+08:00,2,4,,,true,Drainage,Matched
108885,202351,2,18.271198,121.68966,2026-02-16 11:28:00.000 +0900,0.0,329,358,,2026-02-17 04:02:59.000 +0900,2026-08-07 11:05:58.570 +0900,"1771239779_5pUqIE.jpg",,Changed the lot number from 2394D2 to 2394,9,false,,FieldSnap,+08:00,2,4,,,true,Drainage,Matched
108908,204457,2,18.273833,121.689818,2026-02-16 12:40:00.000 +0900,0.0,329,359,,2026-02-17 04:33:17.000 +0900,2026-08-07 11:05:58.570 +0900,"1771241597_u9PTkg.jpg",,,9,false,,FieldSnap,+08:00,2,4,,,true,Drainage,Matched
108887,206120,2,18.27393,121.693383,2026-02-16 11:45:00.000 +0900,0.0,329,358,,2026-02-17 04:06:37.000 +0900,2026-08-07 11:05:58.570 +0900,"1771239996_v8AoDx.jpg",,,9,false,,FieldSnap,+08:00,2,4,,,true,Drainage,Matched
108848,204583,2,18.267038,121.683737,2026-02-16 10:54:00.000 +0900,0.0,329,358,,2026-02-17 03:20:54.000 +0900,2026-08-07 11:05:58.570 +0900,"1771237253_GYPhgs.jpg",,,9,false,,FieldSnap,+08:00,2,4,,,true,Drainage,Matched
108505,,3,18.273377,121.685118,2026-02-15 18:34:00.000 +0900,17.0,329,358,,2026-02-16 23:35:44.000 +0900,2026-08-07 11:05:58.570 +0900,"1771223744_GzOQeK.jpg","1426-D",,9,false,,FieldSnap,+08:00,3,3,,,false,Flooding,Pending Match
108825,202241,4,18.264137,121.688758,2026-02-15 16:58:00.000 +0900,0.0,329,358,,2026-02-17 03:03:06.000 +0900,2026-08-07 11:05:58.570 +0900,"1771236186_CwLInX.jpg",,,9,false,,FieldSnap,+08:00,2,4,,,true,Drainage,Matched
108827,204463,4,18.282914,121.693639,2026-02-15 17:06:00.000 +0900,0.0,329,358,,2026-02-17 03:04:07.000 +0900,2026-08-07 11:05:58.570 +0900,"1771236246_yd45p5.jpg",,,9,false,,FieldSnap,+08:00,2,4,,,true,Drainage,Matched
108883,201617,4,18.271175,121.689306,2026-02-16 11:16:00.000 +0900,0.0,329,358,,2026-02-17 03:59:47.000 +0900,2026-08-07 11:05:58.570 +0900,"1771239587_qaHtVV.jpg",,,9,false,,FieldSnap,+08:00,2,4,,,true,Drainage,Matched
108899,202190,4,18.274428,121.692951,2026-02-16 12:27:00.000 +0900,0.0,329,358,,2026-02-17 04:28:20.000 +0900,2026-08-07 11:05:58.570 +0900,"1771241300_rMtbMD.jpg",,,9,false,,FieldSnap,+08:00,2,4,,,true,Drainage,Matched
108912,204458,4,18.273356,121.690016,2026-02-16 12:44:00.000 +0900,0.0,329,358,,2026-02-17 04:34:43.000 +0900,2026-08-07 11:05:58.570 +0900,"1771241683_uxansl.jpg",,,9,false,,FieldSnap,+08:00,2,4,,,true,Drainage,Matched
108802,202897,5,18.283454,121.696237,2026-02-15 18:09:00.000 +0900,14.0,329,358,,2026-02-17 02:43:11.000 +0900,2026-08-07 11:05:58.570 +0900,"1771234991_HufR5O.jpg",,,9,false,,FieldSnap,+08:00,36,4,,,true,Saturated,Matched
102740,,0,18.2670391,121.6855191,2026-02-08 15:51:07.506 +0900,21.0,416,358,,2026-02-08 19:33:11.685 +0900,2026-06-30 16:27:06.394 +0900,"1770546791520-upload_246679337035318386.jpg","1493-A",Duplicate,9,false,,FieldSnap,+08:00,3,3,,,false,Flooding,Pending Match
102747,,0,18.2670391,121.6855191,2026-02-08 14:51:13.114 +0900,17.0,416,358,,2026-02-08 19:33:19.217 +0900,2026-06-30 16:27:06.394 +0900,"1770546799043-upload_8750309963184762751.jpg","1483-B",Duplicate,9,false,,FieldSnap,+08:00,3,3,,,false,Flooding,Pending Match
102745,,0,18.2670391,121.6855191,2026-02-08 14:54:19.745 +0900,19.0,416,358,,2026-02-08 19:33:16.944 +0900,2026-06-30 16:27:06.394 +0900,"1770546796782-upload_6408041919602549361.jpg","1483-A",Duplicate,9,false,,FieldSnap,+08:00,3,3,,,false,Flooding,Pending Match
102742,,0,18.2670391,121.6855191,2026-02-08 17:09:00.342 +0900,16.0,416,358,,2026-02-08 19:33:13.672 +0900,2026-06-30 16:27:06.394 +0900,"1770546793513-upload_8926264181204297646.jpg","676",Duplicate. No existing drainage photo (photo 4),9,false,,FieldSnap,+08:00,3,3,,,false,Flooding,Pending Match
108165,,0,18.2669737,121.6858755,2026-02-16 12:29:14.602 +0900,18.0,416,358,,2026-02-16 12:33:32.856 +0900,2026-06-30 16:27:06.394 +0900,"1771212812678-upload_2231871057899149423.jpg","1514D2",No photo2,9,false,,FieldSnap,+08:00,3,3,,,false,Flooding,Pending Match
108644,,0,18.2669737,121.6858755,2026-02-16 17:14:27.622 +0900,17.0,416,358,,2026-02-16 17:14:41.022 +0900,2026-06-30 16:27:06.394 +0900,"1771229680778-upload_165789320856025260.jpg","1493-A",No Photo 4,9,false,,FieldSnap,+08:00,3,3,,,false,Flooding,Pending Match
108798,,0,18.2669737,121.6858755,2026-02-16 17:59:19.575 +0900,16.0,416,358,,2026-02-16 18:21:03.455 +0900,2026-06-30 16:27:06.394 +0900,"1771233663168-upload_3667479187449171041.jpg","1456-D2",No photo2,9,false,,FieldSnap,+08:00,3,3,,,false,Flooding,Pending Match
89510,202890,0,18.2615583,121.691327,2026-01-26 16:49:05.266 +0900,0.0,416,358,,2026-01-26 17:55:23.554 +0900,2026-08-07 11:05:54.298 +0900,"1769417722806-upload_377495538916506720.jpg",,,9,false,,FieldSnap,+08:00,2,4,,,true,Drainage,Matched
91710,202859,0,18.2587538,121.689439,2026-01-28 15:43:24.448 +0900,17.0,416,358,,2026-01-28 18:36:52.370 +0900,2026-08-07 11:05:54.298 +0900,"1769593012048-upload_2639236395588024139.jpg",,Photo 3 is invalid due to not having a span of 6 hours after photo 2,9,false,,FieldSnap,+08:00,3,4,,,true,Flooding,Matched
91712,202860,0,18.2587538,121.689439,2026-01-28 15:36:31.115 +0900,15.0,416,358,,2026-01-28 18:36:52.841 +0900,2026-08-07 11:05:54.298 +0900,"1769593012669-upload_4106064399338533428.jpg",,Photo 3 is invalid due to not having a span of 6 hours after photo 2,9,false,,FieldSnap,+08:00,3,4,,,true,Flooding,Matched
91720,201694,0,18.2632245,121.6865882,2026-01-28 11:27:14.801 +0900,16.0,416,358,,2026-01-28 18:36:57.073 +0900,2026-08-07 11:05:54.298 +0900,"1769593016869-upload_5775495518827796617.jpg",,Photo 3 is invalid due to not having a span of 6 hours after photo 2,9,false,,FieldSnap,+08:00,3,4,,,true,Flooding,Matched
91761,201694,0,18.2632245,121.6865882,2026-01-28 11:25:05.711 +0900,0.0,416,358,,2026-01-28 19:02:05.144 +0900,2026-08-07 11:05:54.298 +0900,"1769594524899-upload_2166688870022808290.jpg","1597-C",Duplicate,9,false,,FieldSnap,+08:00,2,4,,,true,Drainage,Matched
91741,202858,0,18.2587538,121.689439,2026-01-28 15:50:16.482 +0900,15.0,416,358,,2026-01-28 19:01:54.591 +0900,2026-08-07 11:05:54.298 +0900,"1769594513574-upload_8634516490859515655.jpg",,Photo 3 is invalid due to not having a span of 6 hours after photo 2,9,false,,FieldSnap,+08:00,3,4,,,true,Flooding,Matched
91705,202858,0,18.2587538,121.689439,2026-01-28 15:50:16.482 +0900,15.0,416,358,,2026-01-28 18:36:49.475 +0900,2026-08-07 11:05:54.298 +0900,"1769593009251-upload_3490758129931209352.jpg",,Photo 3 is invalid due to not having a span of 6 hours after photo 2,9,false,,FieldSnap,+08:00,3,4,,,true,Flooding,Matched
91745,201635,0,18.2617275,121.7054732,2026-01-28 16:08:34.638 +0900,0.0,416,358,,2026-01-28 19:01:55.141 +0900,2026-08-07 11:05:54.298 +0900,"1769594514325-upload_1324189998877756025.jpg",,Duplicate,9,false,,FieldSnap,+08:00,2,4,,,true,Drainage,Matched
91747,201635,0,18.2564962,121.6886313,2026-01-28 16:09:58.256 +0900,4.0,416,358,,2026-01-28 19:01:56.671 +0900,2026-08-07 11:05:54.298 +0900,"1769594516489-upload_464354525242892358.jpg","1583-2",Photo 3 is invalid due to not having a span of 6 hours after photo 2,9,false,,FieldSnap,+08:00,37,4,,,true,Dry,Matched
91704,201635,0,18.2564962,121.6886313,2026-01-28 16:09:58.256 +0900,4.0,416,358,,2026-01-28 18:36:49.371 +0900,2026-08-07 11:05:54.298 +0900,"1769593009174-upload_4495029065354496120.jpg","1583-2",Photo 3 is invalid due to not having a span of 6 hours after photo 2,9,false,,FieldSnap,+08:00,37,4,,,true,Dry,Matched
91760,201694,0,18.2632245,121.6865882,2026-01-28 11:27:14.801 +0900,16.0,416,358,,2026-01-28 19:02:04.256 +0900,2026-08-07 11:05:54.298 +0900,"1769594524062-upload_4032588781698267012.jpg",,Photo 3 is invalid due to not having a span of 6 hours after photo 2,9,false,,FieldSnap,+08:00,3,4,,,true,Flooding,Matched
91751,202859,0,18.2587538,121.689439,2026-01-28 15:40:41.001 +0900,0.0,416,358,,2026-01-28 19:01:59.008 +0900,2026-08-07 11:05:54.298 +0900,"1769594518834-upload_6902963108711714461.jpg",,Duplicate,9,false,,FieldSnap,+08:00,2,4,,,true,Drainage,Matched
91709,202858,0,18.2587538,121.689439,2026-01-28 15:49:12.869 +0900,0.0,416,358,,2026-01-28 18:36:52.134 +0900,2026-08-07 11:05:54.298 +0900,"1769593011929-upload_3815622607807402534.jpg",,Duplicate,9,false,,FieldSnap,+08:00,2,4,,,true,Drainage,Matched
91702,202858,0,18.2587538,121.689439,2026-01-28 15:50:16.482 +0900,15.0,416,358,,2026-01-28 18:36:09.569 +0900,2026-08-07 11:05:54.298 +0900,"1769592968711-upload_2864378194469517415.jpg",,Photo 3 is invalid due to not having a span of 6 hours after photo 2,9,false,,FieldSnap,+08:00,3,4,,,true,Flooding,Matched
91752,202860,0,18.2587538,121.689439,2026-01-28 15:34:59.365 +0900,0.0,416,358,,2026-01-28 19:01:59.803 +0900,2026-08-07 11:05:54.298 +0900,"1769594519631-upload_634720687989712798.jpg",,Duplicate,9,false,,FieldSnap,+08:00,2,4,,,true,Drainage,Matched
91748,202859,0,18.2587538,121.689439,2026-01-28 15:43:24.448 +0900,17.0,416,358,,2026-01-28 19:01:57.904 +0900,2026-08-07 11:05:54.298 +0900,"1769594517730-upload_983618572365492210.jpg",,Photo 3 is invalid due to not having a span of 6 hours after photo 2,9,false,,FieldSnap,+08:00,3,4,,,true,Flooding,Matched
91753,202860,0,18.2587538,121.689439,2026-01-28 15:36:31.115 +0900,15.0,416,358,,2026-01-28 19:01:59.807 +0900,2026-08-07 11:05:54.298 +0900,"1769594519635-upload_5261920975462078050.jpg",,Photo 3 is invalid due to not having a span of 6 hours after photo 2,9,false,,FieldSnap,+08:00,3,4,,,true,Flooding,Matched
123887,201693,0,18.2625683,121.6883699,2026-03-04 11:04:40.300 +0900,18.0,416,358,,2026-03-04 18:59:39.765 +0900,2026-08-07 11:05:54.298 +0900,"1772618379596-upload_9004649778321724560.jpg",,,9,false,,FieldSnap,+08:00,3,4,,,true,Flooding,Matched
102735,202210,0,18.2670391,121.6855191,2026-02-08 15:41:32.202 +0900,13.0,416,358,,2026-02-08 19:33:08.033 +0900,2026-08-07 11:05:54.298 +0900,"1770546787833-upload_3026604184373058037.jpg",,Duplicate,9,false,,FieldSnap,+08:00,36,4,,,true,Saturated,Matched
102722,202226,0,18.2634502,121.6944523,2026-02-08 17:01:44.347 +0900,15.0,416,358,,2026-02-08 19:31:25.978 +0900,2026-08-07 11:05:54.298 +0900,"1770546685777-upload_6932749985166689717.jpg",,Duplicate. No existing drainage photo (photo 4),9,false,,FieldSnap,+08:00,3,4,,,true,Flooding,Matched
102726,204463,0,18.2670391,121.6855191,2026-02-08 15:08:42.849 +0900,19.0,416,358,,2026-02-08 19:31:28.838 +0900,2026-08-07 11:05:54.298 +0900,"1770546688668-upload_4812003739596490162.jpg",,Duplicate,9,false,,FieldSnap,+08:00,3,4,,,true,Flooding,Matched
102744,206127,0,18.2670391,121.6855191,2026-02-08 15:31:15.037 +0900,17.0,416,358,,2026-02-08 19:33:14.632 +0900,2026-08-07 11:05:54.298 +0900,"1770546794450-upload_3490078555530067228.jpg",,Duplicate,9,false,,FieldSnap,+08:00,3,4,,,true,Flooding,Matched
102729,202890,0,18.2634502,121.6944523,2026-02-08 16:59:12.342 +0900,15.0,416,358,,2026-02-08 19:31:55.937 +0900,2026-08-07 11:05:54.298 +0900,"1770546715765-upload_1982497029968713001.jpg",,Duplicate,9,false,,FieldSnap,+08:00,3,4,,,true,Flooding,Matched
102719,202210,0,18.2670391,121.6855191,2026-02-08 15:41:32.202 +0900,13.0,416,358,,2026-02-08 19:31:25.170 +0900,2026-08-07 11:05:54.298 +0900,"1770546685016-upload_4268314591507574996.jpg",,Duplicate,9,false,,FieldSnap,+08:00,36,4,,,true,Saturated,Matched
102737,202204,0,18.2670391,121.6855191,2026-02-08 15:33:53.367 +0900,16.0,416,358,,2026-02-08 19:33:09.323 +0900,2026-08-07 11:05:54.298 +0900,"1770546789156-upload_5440021939899348165.jpg",,Duplicate,9,false,,FieldSnap,+08:00,3,4,,,true,Flooding,Matched
102724,202215,0,18.2670391,121.6855191,2026-02-08 14:52:35.373 +0900,18.0,416,358,,2026-02-08 19:31:26.886 +0900,2026-08-07 11:05:54.298 +0900,"1770546686712-upload_4075682687602903393.jpg",,Duplicate,9,false,,FieldSnap,+08:00,3,4,,,true,Flooding,Matched
102749,201661,0,18.2670391,121.6855191,2026-02-08 15:14:47.100 +0900,17.0,416,358,,2026-02-08 19:33:19.619 +0900,2026-08-07 11:05:54.298 +0900,"1770546799438-upload_5200567448013311888.jpg",,Duplicate,9,false,,FieldSnap,+08:00,3,4,,,true,Flooding,Matched
102723,202214,0,18.2670391,121.6855191,2026-02-08 15:28:33.007 +0900,18.0,416,358,,2026-02-08 19:31:26.357 +0900,2026-08-07 11:05:54.298 +0900,"1770546686172-upload_9089104504571494500.jpg",,Duplicate,9,false,,FieldSnap,+08:00,3,4,,,true,Flooding,Matched
102739,202890,0,18.2634502,121.6944523,2026-02-08 16:59:12.342 +0900,15.0,416,358,,2026-02-08 19:33:11.299 +0900,2026-08-07 11:05:54.298 +0900,"1770546791136-upload_8072083014772373963.jpg",,Duplicate,9,false,,FieldSnap,+08:00,3,4,,,true,Flooding,Matched
102720,202241,0,18.2670391,121.6855191,2026-02-08 15:07:20.123 +0900,20.0,416,358,,2026-02-08 19:31:25.654 +0900,2026-08-07 11:05:54.298 +0900,"1770546685362-upload_8908106832506127386.jpg",,Duplicate,9,false,,FieldSnap,+08:00,3,4,,,true,Flooding,Matched
104417,204403,0,18.2619759,121.6880136,2026-02-11 15:52:53.753 +0900,8.0,416,358,,2026-02-11 19:32:42.355 +0900,2026-08-07 11:05:54.298 +0900,"1770805962192-upload_3313570559110706774.jpg",,No photo 4,9,false,,FieldSnap,+08:00,37,4,,,true,Dry,Matched
104434,204403,0,18.2846584,121.6701949,2026-02-11 09:25:05.598 +0900,0.0,416,358,,2026-02-11 19:33:04.501 +0900,2026-08-07 11:05:54.298 +0900,"1770805984348-upload_5157850460528860019.jpg",,there's a water inside the OW,9,false,,FieldSnap,+08:00,2,4,,,true,Drainage,Matched
104818,200725,0,18.2670391,121.6855191,2026-02-12 10:17:21.548 +0900,0.0,416,358,,2026-02-12 10:17:41.319 +0900,2026-08-07 11:05:54.298 +0900,"1770859060975-upload_2123242133352768554.jpg",,Cannot see the bottom part the meter stick due to mud,9,false,,FieldSnap,+08:00,2,4,,,true,Drainage,Matched
105817,202318,0,18.2685701,121.7022657,2026-02-13 11:18:58.193 +0900,0.0,416,358,,2026-02-13 11:19:21.720 +0900,2026-08-07 11:05:54.298 +0900,"1770949161321-upload_3519257089278052259.jpg",,there's a water inside and outside of the OW,9,false,,FieldSnap,+08:00,2,4,,,true,Drainage,Matched
106819,200768,0,18.2670391,121.6855191,2026-02-15 11:19:02.695 +0900,0.0,416,358,,2026-02-15 11:48:02.754 +0900,2026-08-07 11:05:54.298 +0900,"1771123682593-upload_3702923466043243629.jpg",,there's a water inside the OW,9,false,,FieldSnap,+08:00,2,4,,,true,Drainage,Matched
107118,202208,0,18.2670391,121.6855191,2026-02-15 17:16:23.046 +0900,0.0,416,358,,2026-02-15 19:06:26.221 +0900,2026-08-07 11:05:54.298 +0900,"1771149985419-upload_7605662125836074943.jpg",,No photo 1,9,false,,FieldSnap,+08:00,2,4,,,true,Drainage,Matched
107126,206149,0,18.2670391,121.6855191,2026-02-15 17:11:39.161 +0900,0.0,416,358,,2026-02-15 19:06:35.738 +0900,2026-08-07 11:05:54.298 +0900,"1771149995559-upload_3146033897323541245.jpg",,Duplicate,9,false,,FieldSnap,+08:00,2,4,,,true,Drainage,Matched
107127,202217,0,18.2670391,121.6855191,2026-02-15 17:08:20.129 +0900,0.0,416,358,,2026-02-15 19:06:36.041 +0900,2026-08-07 11:05:54.298 +0900,"1771149995864-upload_4888272619461535375.jpg",,duplicate,9,false,,FieldSnap,+08:00,2,4,,,true,Drainage,Matched
107996,201609,0,18.2669737,121.6858755,2026-02-16 11:16:03.260 +0900,15.0,416,358,,2026-02-16 11:19:57.957 +0900,2026-08-07 11:05:54.298 +0900,"1771208397769-upload_2940941385178569524.jpg",,No photo2,9,false,,FieldSnap,+08:00,3,4,,,true,Flooding,Matched
108058,206149,0,18.2669737,121.6858755,2026-02-16 11:39:53.625 +0900,16.0,416,358,,2026-02-16 11:46:36.188 +0900,2026-08-07 11:05:54.298 +0900,"1771209996000-upload_1959838758752088315.jpg",,No photo2,9,false,,FieldSnap,+08:00,3,4,,,true,Flooding,Matched
108064,202208,0,18.2669737,121.6858755,2026-02-16 11:39:09.807 +0900,20.0,416,358,,2026-02-16 11:46:39.049 +0900,2026-08-07 11:05:54.298 +0900,"1771209998879-upload_4896051677376564326.jpg",,No photo 1,9,false,,FieldSnap,+08:00,3,4,,,true,Flooding,Matched
108163,201661,0,18.2669737,121.6858755,2026-02-16 12:25:01.734 +0900,12.0,416,358,,2026-02-16 12:33:32.753 +0900,2026-08-07 11:05:54.298 +0900,"1771212812518-upload_89942601979036201.jpg",,No Photo 4,9,false,,FieldSnap,+08:00,36,4,,,true,Saturated,Matched
108164,206124,0,18.2669737,121.6858755,2026-02-16 12:23:05.396 +0900,11.0,416,358,,2026-02-16 12:33:32.815 +0900,2026-08-07 11:05:54.298 +0900,"1771212812524-upload_8973795492565635724.jpg",,No photo2,9,false,,FieldSnap,+08:00,36,4,,,true,Saturated,Matched
108065,202217,0,18.2669737,121.6858755,2026-02-16 11:42:04.645 +0900,17.0,416,358,,2026-02-16 11:46:39.325 +0900,2026-08-07 11:05:54.298 +0900,"1771209999151-upload_6976993881259124082.jpg",,No photo2,9,false,,FieldSnap,+08:00,3,4,,,true,Flooding,Matched
108643,204469,0,18.2669737,121.6858755,2026-02-16 17:13:40.656 +0900,19.0,416,358,,2026-02-16 17:14:41.006 +0900,2026-08-07 11:05:54.298 +0900,"1771229680769-upload_6816887646809199651.jpg",,No Photo 4,9,false,,FieldSnap,+08:00,3,4,,,true,Flooding,Matched
108649,202406,0,18.2652636,121.6862319,2026-02-16 17:17:31.238 +0900,16.0,416,358,,2026-02-16 17:17:48.855 +0900,2026-08-07 11:05:54.298 +0900,"1771229868672-upload_5464017855467351261.jpg",,No photo2,9,false,,FieldSnap,+08:00,3,4,,,true,Flooding,Matched
108671,202458,0,18.2669737,121.6858755,2026-02-16 17:29:21.301 +0900,15.0,416,358,,2026-02-16 17:30:23.561 +0900,2026-08-07 11:05:54.298 +0900,"1771230623384-upload_2985095278139869603.jpg",,No photo2,9,false,,FieldSnap,+08:00,3,4,,,true,Flooding,Matched
111152,204602,0,18.2665977,121.6932345,2026-02-18 14:59:18.675 +0900,13.0,416,358,,2026-02-18 15:25:48.488 +0900,2026-08-07 11:05:54.298 +0900,"1771395948312-upload_159098824351196363.jpg","2419D2",Duplicate,9,false,,FieldSnap,+08:00,36,4,,,true,Saturated,Matched
126478,201701,0,18.2635534,121.6865882,2026-03-07 16:31:35.244 +0900,15.0,416,358,,2026-03-07 16:31:44.561 +0900,2026-08-07 11:05:54.298 +0900,"1772868704262-upload_572104061172034743.jpg",,Duplicate,9,false,,FieldSnap,+08:00,3,4,,,true,Flooding,Matched
102085,202337,1,18.2670391,121.6855191,2026-02-07 15:36:13.088 +0900,,416,358,,2026-02-07 15:39:40.083 +0900,2026-08-07 11:05:54.298 +0900,"1770446379744-upload_1480215711987985150.jpg",,Changed the lot number from 1466D2 to 1466,9,false,,FieldSnap,+08:00,1,4,,,true,Installation,Matched
84093,206151,1,18.2641583,121.6956633,2026-01-21 12:37:39.465 +0900,,416,358,,2026-01-21 16:19:50.908 +0900,2026-08-07 11:05:54.298 +0900,"1768979990059-upload_652876165179431369.jpg",,,9,false,,FieldSnap,+08:00,1,4,,,true,Installation,Matched
84092,206135,1,18.2641583,121.6956633,2026-01-21 12:14:57.839 +0900,,416,358,,2026-01-21 16:19:47.526 +0900,2026-08-07 11:05:54.298 +0900,"1768979987184-upload_4111570143528179763.jpg",,,9,false,,FieldSnap,+08:00,1,4,,,true,Installation,Matched
89163,200754,1,18.2652636,121.6862319,2026-01-26 11:42:10.725 +0900,,416,358,,2026-01-26 13:36:45.740 +0900,2026-08-07 11:05:54.298 +0900,"1769402205572-upload_851704182253581541.jpg","2411-A",,9,false,,FieldSnap,+08:00,1,4,,,true,Installation,Matched
89169,202221,1,18.2652636,121.6862319,2026-01-26 11:46:54.682 +0900,,416,358,,2026-01-26 13:37:01.436 +0900,2026-08-07 11:05:54.298 +0900,"1769402221267-upload_2199839759970130278.jpg",,,9,false,,FieldSnap,+08:00,1,4,,,true,Installation,Matched
89166,202222,1,18.2652636,121.6862319,2026-01-26 11:57:23.079 +0900,,416,358,,2026-01-26 13:37:00.570 +0900,2026-08-07 11:05:54.298 +0900,"1769402220355-upload_821008653076099961.jpg",,,9,false,,FieldSnap,+08:00,1,4,,,true,Installation,Matched
89164,201594,1,18.2652636,121.6862319,2026-01-26 11:58:40.148 +0900,,416,358,,2026-01-26 13:36:47.669 +0900,2026-08-07 11:05:54.298 +0900,"1769402207510-upload_485554770986482384.jpg",,,9,false,,FieldSnap,+08:00,1,4,,,true,Installation,Matched
89165,202219,1,18.290555,121.8254791,2026-01-26 12:06:20.528 +0900,,416,358,,2026-01-26 13:36:50.043 +0900,2026-08-07 11:05:54.298 +0900,"1769402209585-upload_2524580255512168102.jpg",,,9,false,,FieldSnap,+08:00,1,4,,,true,Installation,Matched
89167,202332,1,18.2615563,121.6913254,2026-01-26 12:21:21.714 +0900,,416,358,,2026-01-26 13:37:00.968 +0900,2026-08-07 11:05:54.298 +0900,"1769402220797-upload_6050707108889176543.jpg",,,9,false,,FieldSnap,+08:00,1,4,,,true,Installation,Matched
90014,202206,1,18.2670391,121.6855191,2026-01-27 10:18:53.363 +0900,,416,358,,2026-01-27 11:39:00.333 +0900,2026-08-07 11:05:54.298 +0900,"1769481540082-upload_209247574693763162.jpg",,,9,false,,FieldSnap,+08:00,1,4,,,true,Installation,Matched
90010,201649,1,18.2670391,121.6855191,2026-01-27 10:16:35.036 +0900,,416,358,,2026-01-27 11:38:56.232 +0900,2026-08-07 11:05:54.298 +0900,"1769481535868-upload_4186230343904383619.jpg",,,9,false,,FieldSnap,+08:00,1,4,,,true,Installation,Matched
90004,204439,1,18.2670391,121.6855191,2026-01-27 10:31:26.564 +0900,,416,358,,2026-01-27 11:38:40.125 +0900,2026-08-07 11:05:54.298 +0900,"1769481519939-upload_5388816208125183808.jpg",,,9,false,,FieldSnap,+08:00,1,4,,,true,Installation,Matched
90005,204438,1,18.2670391,121.6855191,2026-01-27 10:57:17.213 +0900,,416,358,,2026-01-27 11:38:41.923 +0900,2026-08-07 11:05:54.298 +0900,"1769481521750-upload_2017969141443991113.jpg",,,9,false,,FieldSnap,+08:00,1,4,,,true,Installation,Matched
90011,206169,1,18.2670391,121.6855191,2026-01-27 10:24:48.405 +0900,,416,358,,2026-01-27 11:38:56.913 +0900,2026-08-07 11:05:54.298 +0900,"1769481536736-upload_4895612324640225691.jpg",,,9,false,,FieldSnap,+08:00,1,4,,,true,Installation,Matched
90026,204441,1,18.2670391,121.6855191,2026-01-27 10:02:55.285 +0900,,416,358,,2026-01-27 11:44:44.577 +0900,2026-08-07 11:05:54.298 +0900,"1769481884411-upload_2359370000029013147.jpg",,,9,false,,FieldSnap,+08:00,1,4,,,true,Installation,Matched
90025,206170,1,18.2670391,121.6855191,2026-01-27 10:01:35.407 +0900,,416,358,,2026-01-27 11:44:44.425 +0900,2026-08-07 11:05:54.298 +0900,"1769481884175-upload_3299170350925751588.jpg",,,9,false,,FieldSnap,+08:00,1,4,,,true,Installation,Matched
90003,202239,1,18.2670391,121.6855191,2026-01-27 10:47:26.375 +0900,,416,358,,2026-01-27 11:38:39.574 +0900,2026-08-07 11:05:54.298 +0900,"1769481519284-upload_5740018614361775228.jpg",,,9,false,,FieldSnap,+08:00,1,4,,,true,Installation,Matched
90401,202216,1,18.2670391,121.6855191,2026-01-27 16:09:52.130 +0900,,416,358,,2026-01-27 17:24:35.041 +0900,2026-08-07 11:05:54.298 +0900,"1769502274827-upload_3224939296073112232.jpg",,,9,false,,FieldSnap,+08:00,1,4,,,true,Installation,Matched
90402,202346,1,18.2670391,121.6855191,2026-01-27 15:59:41.536 +0900,,416,358,,2026-01-27 17:24:35.198 +0900,2026-08-07 11:05:54.298 +0900,"1769502275020-upload_5293928337548347327.jpg",,,9,false,,FieldSnap,+08:00,1,4,,,true,Installation,Matched
90405,202213,1,18.2670391,121.6855191,2026-01-27 15:40:54.154 +0900,,416,358,,2026-01-27 17:24:36.547 +0900,2026-08-07 11:05:54.298 +0900,"1769502276261-upload_3993050903635246415.jpg",,,9,false,,FieldSnap,+08:00,1,4,,,true,Installation,Matched
90404,202342,1,18.2670391,121.6855191,2026-01-27 15:35:54.740 +0900,,416,358,,2026-01-27 17:24:35.629 +0900,2026-08-07 11:05:54.298 +0900,"1769502275447-upload_7762338424478757238.jpg",,,9,false,,FieldSnap,+08:00,1,4,,,true,Installation,Matched
90410,201615,1,18.2670391,121.6855191,2026-01-27 15:05:39.256 +0900,,416,358,,2026-01-27 17:24:44.489 +0900,2026-08-07 11:05:54.298 +0900,"1769502284312-upload_1580173499377439150.jpg",,,9,false,,FieldSnap,+08:00,1,4,,,true,Installation,Matched
90407,204440,1,18.2670391,121.6855191,2026-01-27 15:22:04.038 +0900,,416,358,,2026-01-27 17:24:42.410 +0900,2026-08-07 11:05:54.298 +0900,"1769502282239-upload_5452795118253284439.jpg",,,9,false,,FieldSnap,+08:00,1,4,,,true,Installation,Matched
90408,201616,1,18.2670391,121.6855191,2026-01-27 15:11:22.562 +0900,,416,358,,2026-01-27 17:24:42.410 +0900,2026-08-07 11:05:54.298 +0900,"1769502282257-upload_2313963602702743570.jpg",,Changed the lot number from 2391-B2 to 2391-B,9,false,,FieldSnap,+08:00,1,4,,,true,Installation,Matched
90398,201601,1,18.2640523,121.6891102,2026-01-27 16:20:26.380 +0900,,416,358,,2026-01-27 17:24:31.381 +0900,2026-08-07 11:05:54.298 +0900,"1769502271084-upload_2611702193157029936.jpg",,,9,false,,FieldSnap,+08:00,1,4,,,true,Installation,Matched
90409,202344,1,18.2670391,121.6855191,2026-01-27 16:06:30.510 +0900,,416,358,,2026-01-27 17:24:42.483 +0900,2026-08-07 11:05:54.298 +0900,"1769502282286-upload_6933189333104501368.jpg",,,9,false,,FieldSnap,+08:00,1,4,,,true,Installation,Matched
90406,200765,1,18.2670391,121.6855191,2026-01-27 15:04:24.251 +0900,,416,358,,2026-01-27 17:24:41.326 +0900,2026-08-07 11:05:54.298 +0900,"1769502281157-upload_313057709900520593.jpg",,,9,false,,FieldSnap,+08:00,1,4,,,true,Installation,Matched
91706,202341,1,18.2670391,121.6855191,2026-01-28 16:21:40.246 +0900,,416,358,,2026-01-28 18:36:49.574 +0900,2026-08-07 11:05:54.298 +0900,"1769593009271-upload_7617610455718057289.jpg",,,9,false,,FieldSnap,+08:00,1,4,,,true,Installation,Matched
91703,201633,1,18.2564962,121.6886313,2026-01-28 16:20:49.477 +0900,,416,358,,2026-01-28 18:36:49.057 +0900,2026-08-07 11:05:54.298 +0900,"1769593008800-upload_6121593403507443385.jpg",,,9,false,,FieldSnap,+08:00,1,4,,,true,Installation,Matched
91708,201635,1,18.2617275,121.7054732,2026-01-28 16:07:52.142 +0900,,416,358,,2026-01-28 18:36:50.986 +0900,2026-08-07 11:05:54.298 +0900,"1769593010776-upload_5173097633192494788.jpg",,,9,false,,FieldSnap,+08:00,1,4,,,true,Installation,Matched
91715,202859,1,18.2587538,121.689439,2026-01-28 15:39:15.309 +0900,,416,358,,2026-01-28 18:36:55.619 +0900,2026-08-07 11:05:54.298 +0900,"1769593015379-upload_4986540755143901652.jpg",,,9,false,,FieldSnap,+08:00,1,4,,,true,Installation,Matched
91716,202860,1,18.2587538,121.689439,2026-01-28 15:34:00.979 +0900,,416,358,,2026-01-28 18:36:56.187 +0900,2026-08-07 11:05:54.298 +0900,"1769593015991-upload_9000497345365080838.jpg",,,9,false,,FieldSnap,+08:00,1,4,,,true,Installation,Matched
91722,201694,1,18.2632245,121.6865882,2026-01-28 11:22:17.528 +0900,,416,358,,2026-01-28 18:36:58.142 +0900,2026-08-07 11:05:54.298 +0900,"1769593017874-upload_6521070635173428185.jpg",,,9,false,,FieldSnap,+08:00,1,4,,,true,Installation,Matched
91713,202858,1,18.2587538,121.689439,2026-01-28 15:48:27.498 +0900,,416,358,,2026-01-28 18:36:53.035 +0900,2026-08-07 11:05:54.298 +0900,"1769593012759-upload_6475736028115218448.jpg",,,9,false,,FieldSnap,+08:00,1,4,,,true,Installation,Matched
91714,202864,1,18.2617275,121.7054732,2026-01-28 15:12:48.479 +0900,,416,358,,2026-01-28 18:36:53.452 +0900,2026-08-07 11:05:54.298 +0900,"1769593013269-upload_4674764694814778526.jpg",,,9,false,,FieldSnap,+08:00,1,4,,,true,Installation,Matched
103163,200743,1,18.2670391,121.6855191,2026-02-09 16:29:25.310 +0900,,416,358,,2026-02-09 16:30:06.943 +0900,2026-08-07 11:05:54.298 +0900,"1770622206338-upload_6177023190860869744.jpg",,Changed the lot number from 1507/1507-B to 1520/1507-A,9,false,,FieldSnap,+08:00,1,4,,,true,Installation,Matched
103268,202266,1,18.2670391,121.6855191,2026-02-09 17:23:15.437 +0900,,416,358,,2026-02-09 18:28:59.347 +0900,2026-08-07 11:05:54.298 +0900,"1770629339067-upload_5408388239506795928.jpg",,Changed the lot number from 1539-D to 1539-B,9,false,,FieldSnap,+08:00,1,4,,,true,Installation,Matched
103745,202196,1,18.2693803,121.682781,2026-02-10 17:28:32.464 +0900,,416,358,,2026-02-10 18:04:17.892 +0900,2026-08-07 11:05:54.298 +0900,"1770714257687-upload_4155724005969302344.jpg",,Changed the lot number from 2433 to 2433/34,9,false,,FieldSnap,+08:00,1,4,,,true,Installation,Matched
84091,204462,1,18.2641583,121.6956633,2026-01-21 12:24:01.614 +0900,,416,358,,2026-01-21 16:19:44.180 +0900,2026-08-07 11:05:54.298 +0900,"1768979983685-upload_2544152854928418428.jpg",,Changed the lot number from 652-AD2 to 652-A,9,false,,FieldSnap,+08:00,1,4,,,true,Installation,Matched
112547,202207,1,18.2769638,121.6744716,2026-02-20 12:38:39.689 +0900,,416,358,,2026-02-20 13:47:11.506 +0900,2026-08-07 11:05:54.298 +0900,"1771562831193-upload_1644792101067511330.jpg",,Changed the lot number from 1658-AD2 to 1658-A,9,false,,FieldSnap,+08:00,1,4,,,true,Installation,Matched
89168,202443,1,18.2652636,121.6862319,2026-01-26 11:04:35.279 +0900,,416,358,,2026-01-26 13:37:01.185 +0900,2026-08-07 11:05:54.298 +0900,"1769402221005-upload_402081643495070412.jpg",,Changed the lot number from 2444 to 2449,9,false,,FieldSnap,+08:00,1,4,,,true,Installation,Matched
90411,202453,1,18.2670391,121.6855191,2026-01-27 15:14:13.533 +0900,,416,358,,2026-01-27 17:24:44.658 +0900,2026-08-07 11:05:54.298 +0900,"1769502284290-upload_5258390365601746588.jpg",,Changed the lot number from 2391-BD2 to 2391-A,9,false,,FieldSnap,+08:00,1,4,,,true,Installation,Matched
122391,202249,1,18.2649346,121.6862319,2026-03-03 17:05:43.105 +0900,,416,358,,2026-03-03 17:15:12.282 +0900,2026-08-07 11:05:54.298 +0900,"1772525712115-upload_2713239580769136832.jpg",,,9,false,,FieldSnap,+08:00,1,4,,,true,Installation,Matched
122392,202252,1,18.2649346,121.6862319,2026-03-03 17:04:16.372 +0900,,416,358,,2026-03-03 17:15:12.322 +0900,2026-08-07 11:05:54.298 +0900,"1772525712147-upload_8925133631369152168.jpg",,,9,false,,FieldSnap,+08:00,1,4,,,true,Installation,Matched
122395,202248,1,18.2649346,121.6862319,2026-03-03 16:57:58.686 +0900,,416,358,,2026-03-03 17:15:12.808 +0900,2026-08-07 11:05:54.298 +0900,"1772525712586-upload_4565892650243220102.jpg",,,9,false,,FieldSnap,+08:00,1,4,,,true,Installation,Matched
122397,202258,1,18.2649346,121.6862319,2026-03-03 16:59:18.008 +0900,,416,358,,2026-03-03 17:15:13.648 +0900,2026-08-07 11:05:54.298 +0900,"1772525713470-upload_5988965724509667646.jpg",,,9,false,,FieldSnap,+08:00,1,4,,,true,Installation,Matched
84095,202890,1,18.2641583,121.6956633,2026-01-21 10:59:39.058 +0900,,416,358,,2026-01-21 16:19:53.278 +0900,2026-08-07 11:05:54.298 +0900,"1768979992708-upload_7499171399159430228.jpg",,,9,false,,FieldSnap,+08:00,1,4,,,true,Installation,Matched
73334,202218,1,18.26331,121.6925383,2026-01-08 11:09:47.069 +0900,,416,358,,2026-01-09 07:14:09.796 +0900,2026-08-07 11:05:54.298 +0900,"1767910449142-upload_3258130121119497869.jpg",,,9,false,,FieldSnap,+08:00,1,4,,,true,Installation,Matched
90009,201595,1,18.2670391,121.6855191,2026-01-27 10:23:16.016 +0900,,416,358,,2026-01-27 11:38:56.038 +0900,2026-08-07 11:05:54.298 +0900,"1769481535872-upload_5127530212248142296.jpg",,,9,false,,FieldSnap,+08:00,1,4,,,true,Installation,Matched
89170,201596,1,18.2615563,121.6913254,2026-01-26 12:20:09.280 +0900,,416,358,,2026-01-26 13:37:01.441 +0900,2026-08-07 11:05:54.298 +0900,"1769402221288-upload_7724334758425165355.jpg",,,9,false,,FieldSnap,+08:00,1,4,,,true,Installation,Matched
101734,201610,1,18.2714233,121.6810617,2026-02-07 10:23:50.618 +0900,,416,358,,2026-02-07 10:56:50.492 +0900,2026-08-07 11:05:54.298 +0900,"1770429410327-upload_1793419046279220141.jpg",,,9,false,,FieldSnap,+08:00,1,4,,,true,Installation,Matched
101733,202406,1,18.2670391,121.6855191,2026-02-07 10:54:42.030 +0900,,416,358,,2026-02-07 10:56:50.404 +0900,2026-08-07 11:05:54.298 +0900,"1770429410218-upload_7630807454598742784.jpg",,,9,false,,FieldSnap,+08:00,1,4,,,true,Installation,Matched
101817,202240,1,18.2904892,121.825835,2026-02-07 11:22:02.079 +0900,,416,358,,2026-02-07 11:22:54.154 +0900,2026-08-07 11:05:54.298 +0900,"1770430973812-upload_1751069110693123758.jpg",,,9,false,,FieldSnap,+08:00,1,4,,,true,Installation,Matched
101840,201661,1,18.2670391,121.6855191,2026-02-07 11:31:32.831 +0900,,416,358,,2026-02-07 11:36:07.487 +0900,2026-08-07 11:05:54.298 +0900,"1770431766992-upload_3569689967277037160.jpg",,,9,false,,FieldSnap,+08:00,1,4,,,true,Installation,Matched
101871,201708,1,18.2670391,121.6855191,2026-02-07 11:45:23.218 +0900,,416,358,,2026-02-07 11:45:40.573 +0900,2026-08-07 11:05:54.298 +0900,"1770432340145-upload_4670304809813137965.jpg",,,9,false,,FieldSnap,+08:00,1,4,,,true,Installation,Matched
102093,201667,1,18.2670391,121.6855191,2026-02-07 15:42:40.842 +0900,,416,358,,2026-02-07 15:42:55.504 +0900,2026-08-07 11:05:54.298 +0900,"1770446575336-upload_6103991144851517708.jpg",,Changed the lot number from 1484-1 to 1484,9,false,,FieldSnap,+08:00,1,4,,,true,Installation,Matched
101816,202458,1,18.2652636,121.6862319,2026-02-07 11:08:00.410 +0900,,416,358,,2026-02-07 11:08:10.788 +0900,2026-08-07 11:05:54.298 +0900,"1770430090628-upload_6492220436204951180.jpg",,,9,false,,FieldSnap,+08:00,1,4,,,true,Installation,Matched
101732,204469,1,18.2670391,121.6855191,2026-02-07 10:48:15.991 +0900,,416,359,,2026-02-07 10:56:50.300 +0900,2026-08-07 11:05:54.298 +0900,"1770429410122-upload_5534953348033441752.jpg",,,9,false,,FieldSnap,+08:00,1,4,,,true,Installation,Matched
101872,206124,1,18.2670391,121.6855191,2026-02-07 11:39:33.459 +0900,,416,358,,2026-02-07 11:45:49.622 +0900,2026-08-07 11:05:54.298 +0900,"1770432349131-upload_6957204768770389515.jpg",,,9,false,,FieldSnap,+08:00,1,4,,,true,Installation,Matched
101921,200637,1,18.2670391,121.6855191,2026-02-07 11:55:53.863 +0900,,416,358,,2026-02-07 12:20:27.443 +0900,2026-08-07 11:05:54.298 +0900,"1770434427274-upload_4049125624962322868.jpg",,,9,false,,FieldSnap,+08:00,1,4,,,true,Installation,Matched
102086,200636,1,18.2670391,121.6855191,2026-02-07 15:39:04.176 +0900,,416,358,,2026-02-07 15:39:40.912 +0900,2026-08-07 11:05:54.298 +0900,"1770446380470-upload_1100107358383900469.jpg",,,9,false,,FieldSnap,+08:00,1,4,,,true,Installation,Matched
101922,201707,1,18.2670391,121.6855191,2026-02-07 12:00:44.174 +0900,,416,358,,2026-02-07 12:20:28.930 +0900,2026-08-07 11:05:54.298 +0900,"1770434428601-upload_6884728293105109318.jpg",,,9,false,,FieldSnap,+08:00,1,4,,,true,Installation,Matched
102116,202200,1,18.2693386,121.6819555,2026-02-07 15:59:33.846 +0900,,416,358,,2026-02-07 16:00:06.266 +0900,2026-08-07 11:05:54.298 +0900,"1770447606103-upload_8717980632175061772.jpg",,,9,false,,FieldSnap,+08:00,1,4,,,true,Installation,Matched
102132,201706,1,18.2670391,121.6855191,2026-02-07 16:25:36.452 +0900,,416,358,,2026-02-07 16:26:05.171 +0900,2026-08-07 11:05:54.298 +0900,"1770449164467-upload_4390612371036761503.jpg",,,9,false,,FieldSnap,+08:00,1,4,,,true,Installation,Matched
102134,202241,1,18.2670391,121.6855191,2026-02-07 16:31:07.132 +0900,,416,358,,2026-02-07 16:32:50.474 +0900,2026-08-07 11:05:54.298 +0900,"1770449570309-upload_2960003066547503361.jpg",,,9,false,,FieldSnap,+08:00,1,4,,,true,Installation,Matched
102133,204463,1,18.2670391,121.6855191,2026-02-07 16:28:59.148 +0900,,416,358,,2026-02-07 16:32:45.747 +0900,2026-08-07 11:05:54.298 +0900,"1770449564762-upload_1755911164300828940.jpg",,,9,false,,FieldSnap,+08:00,1,4,,,true,Installation,Matched
102113,202215,1,18.2652636,121.6862319,2026-02-07 15:55:25.219 +0900,,416,358,,2026-02-07 15:58:34.414 +0900,2026-08-07 11:05:54.298 +0900,"1770447514238-upload_8835513264029206890.jpg",,,9,false,,FieldSnap,+08:00,1,4,,,true,Installation,Matched
102087,202338,1,18.2670391,121.6855191,2026-02-07 15:34:29.802 +0900,,416,358,,2026-02-07 15:39:40.966 +0900,2026-08-07 11:05:54.298 +0900,"1770446380789-upload_9159645474254065945.jpg",,,9,false,,FieldSnap,+08:00,1,4,,,true,Installation,Matched
102159,202202,1,18.2682878,121.6840937,2026-02-07 16:59:09.463 +0900,,416,358,,2026-02-07 17:04:13.282 +0900,2026-08-07 11:05:54.298 +0900,"1770451453106-upload_7316998791597166458.jpg",,,9,false,,FieldSnap,+08:00,1,4,,,true,Installation,Matched
102150,206149,1,18.2652636,121.6862319,2026-02-07 16:49:31.838 +0900,,416,358,,2026-02-07 16:54:35.987 +0900,2026-08-07 11:05:54.298 +0900,"1770450875831-upload_1848568668532045900.jpg",,,9,false,,FieldSnap,+08:00,1,4,,,true,Installation,Matched
103167,220383,1,18.2670391,121.6855191,2026-02-09 16:32:36.506 +0900,,416,145,,2026-02-09 16:32:53.013 +0900,2026-08-07 11:05:54.298 +0900,"1770622372649-upload_4157240539543722941.jpg",,,9,false,,FieldSnap,+08:00,1,4,,,true,Installation,Matched
103154,202212,1,18.2670391,121.6855191,2026-02-09 16:17:29.326 +0900,,416,358,,2026-02-09 16:20:52.267 +0900,2026-08-07 11:05:54.298 +0900,"1770621651949-upload_3840306180773293814.jpg",,,9,false,,FieldSnap,+08:00,1,4,,,true,Installation,Matched
103162,202199,1,18.2693386,121.6819555,2026-02-09 16:24:30.717 +0900,,416,358,,2026-02-09 16:30:04.624 +0900,2026-08-07 11:05:54.298 +0900,"1770622204335-upload_5728016106149630434.jpg",,,9,false,,FieldSnap,+08:00,1,4,,,true,Installation,Matched
103191,204764,1,18.2670391,121.6855191,2026-02-09 16:46:01.963 +0900,,416,358,,2026-02-09 16:46:18.343 +0900,2026-08-07 11:05:54.298 +0900,"1770623178056-upload_4636084622050317031.jpg",,,9,false,,FieldSnap,+08:00,1,4,,,true,Installation,Matched
103213,201642,1,18.2670391,121.6855191,2026-02-09 17:11:58.867 +0900,,416,358,,2026-02-09 17:12:37.992 +0900,2026-08-07 11:05:54.298 +0900,"1770624757624-upload_8128938871961711097.jpg",,,9,false,,FieldSnap,+08:00,1,4,,,true,Installation,Matched
103218,202447,1,18.2670391,121.6855191,2026-02-09 17:14:47.282 +0900,,416,358,,2026-02-09 17:16:02.255 +0900,2026-08-07 11:05:54.298 +0900,"1770624962097-upload_1080127359623538534.jpg",,,9,false,,FieldSnap,+08:00,1,4,,,true,Installation,Matched
103220,202265,1,18.2670391,121.6855191,2026-02-09 17:18:56.606 +0900,,416,358,,2026-02-09 17:19:27.616 +0900,2026-08-07 11:05:54.298 +0900,"1770625167310-upload_4622527643828874838.jpg",,,9,false,,FieldSnap,+08:00,1,4,,,true,Installation,Matched
103153,202211,1,18.2670391,121.6855191,2026-02-09 16:18:25.484 +0900,,416,358,,2026-02-09 16:20:51.883 +0900,2026-08-07 11:05:54.298 +0900,"1770621651583-upload_7490104764255877246.jpg",,,9,false,,FieldSnap,+08:00,1,4,,,true,Installation,Matched
102149,202208,1,18.2652636,121.6862319,2026-02-07 16:47:30.771 +0900,,416,358,,2026-02-07 16:54:35.564 +0900,2026-08-07 11:05:54.298 +0900,"1770450875259-upload_4653063496670584078.jpg",,D2 is changed into 1517D2,9,false,,FieldSnap,+08:00,1,4,,,true,Installation,Matched
103536,201684,1,18.2670391,121.6855191,2026-02-10 10:08:41.900 +0900,,416,358,,2026-02-10 10:09:10.582 +0900,2026-08-07 11:05:54.298 +0900,"1770685750418-upload_2869571473441645782.jpg",,,9,false,,FieldSnap,+08:00,1,4,,,true,Installation,Matched
103557,201700,1,18.2670391,121.6855191,2026-02-10 10:23:09.899 +0900,,416,358,,2026-02-10 10:23:42.711 +0900,2026-08-07 11:05:54.298 +0900,"1770686622559-upload_2746261477355974637.jpg",,,9,false,,FieldSnap,+08:00,1,4,,,true,Installation,Matched
103558,202238,1,18.2670391,121.6855191,2026-02-10 10:15:54.991 +0900,,416,358,,2026-02-10 10:23:42.850 +0900,2026-08-07 11:05:54.298 +0900,"1770686622663-upload_173905864631973438.jpg",,,9,false,,FieldSnap,+08:00,1,4,,,true,Installation,Matched
103582,202205,1,18.2670391,121.6855191,2026-02-10 10:43:12.213 +0900,,416,358,,2026-02-10 11:05:17.849 +0900,2026-08-07 11:05:54.298 +0900,"1770689117176-upload_2607406835864062124.jpg",,,9,false,,FieldSnap,+08:00,1,4,,,true,Installation,Matched
103587,202203,1,18.2670391,121.6855191,2026-02-10 11:09:55.879 +0900,,416,358,,2026-02-10 11:10:41.007 +0900,2026-08-07 11:05:54.298 +0900,"1770689440826-upload_6830632748000081549.jpg",,,9,false,,FieldSnap,+08:00,1,4,,,true,Installation,Matched
103588,201602,1,18.2670391,121.6855191,2026-02-10 11:14:30.891 +0900,,416,358,,2026-02-10 11:15:17.213 +0900,2026-08-07 11:05:54.298 +0900,"1770689717051-upload_3994525586827619752.jpg",,,9,false,,FieldSnap,+08:00,1,4,,,true,Installation,Matched
103583,204427,1,18.2670391,121.6855191,2026-02-10 10:45:43.617 +0900,,416,359,,2026-02-10 11:05:17.935 +0900,2026-08-07 11:05:54.298 +0900,"1770689117060-upload_671176579402777723.jpg",,,9,false,,FieldSnap,+08:00,1,4,,,true,Installation,Matched
103581,202412,1,18.2670391,121.6855191,2026-02-10 11:04:56.231 +0900,,416,358,,2026-02-10 11:05:17.363 +0900,2026-08-07 11:05:54.298 +0900,"1770689116683-upload_9210952410484835838.jpg",,,9,false,,FieldSnap,+08:00,1,4,,,true,Installation,Matched
103571,202236,1,18.2670391,121.6855191,2026-02-10 10:36:29.248 +0900,,416,358,,2026-02-10 10:41:01.949 +0900,2026-08-07 11:05:54.298 +0900,"1770687661742-upload_775596032100775888.jpg",,,9,false,,FieldSnap,+08:00,1,4,,,true,Installation,Matched
103595,202232,1,18.2670391,121.6855191,2026-02-10 11:29:33.431 +0900,,416,358,,2026-02-10 11:30:45.397 +0900,2026-08-07 11:05:54.298 +0900,"1770690645229-upload_8107422781680582723.jpg",,,9,false,,FieldSnap,+08:00,1,4,,,true,Installation,Matched
103596,202231,1,18.2670391,121.6855191,2026-02-10 11:30:24.032 +0900,,416,358,,2026-02-10 11:30:45.666 +0900,2026-08-07 11:05:54.298 +0900,"1770690645511-upload_264972243982178323.jpg",,,9,false,,FieldSnap,+08:00,1,4,,,true,Installation,Matched
103650,201701,1,18.2670391,121.6855191,2026-02-10 11:36:02.505 +0900,,416,358,,2026-02-10 12:41:28.753 +0900,2026-08-07 11:05:54.298 +0900,"1770694888589-upload_5290549115074432868.jpg",,,9,false,,FieldSnap,+08:00,1,4,,,true,Installation,Matched
103647,201702,1,18.2670391,121.6855191,2026-02-10 11:42:07.475 +0900,,416,358,,2026-02-10 12:41:28.280 +0900,2026-08-07 11:05:54.298 +0900,"1770694888106-upload_3671615505195484861.jpg",,,9,false,,FieldSnap,+08:00,1,4,,,true,Installation,Matched
103646,201703,1,18.2670391,121.6855191,2026-02-10 11:48:50.718 +0900,,416,358,,2026-02-10 12:41:27.730 +0900,2026-08-07 11:05:54.298 +0900,"1770694887570-upload_1724927634079882228.jpg",,,9,false,,FieldSnap,+08:00,1,4,,,true,Installation,Matched
103648,204429,1,18.2670391,121.6855191,2026-02-10 11:57:54.472 +0900,,416,358,,2026-02-10 12:41:28.308 +0900,2026-08-07 11:05:54.298 +0900,"1770694888121-upload_6068519020867159118.jpg",,Changed the lot number from 1545-AB to 1545-A,9,false,,FieldSnap,+08:00,1,4,,,true,Installation,Matched
103651,206146,1,18.2670391,121.6855191,2026-02-10 11:58:49.254 +0900,,416,358,,2026-02-10 12:41:28.902 +0900,2026-08-07 11:05:54.298 +0900,"1770694888739-upload_8935437315180802130.jpg",,,9,false,,FieldSnap,+08:00,1,4,,,true,Installation,Matched
103644,201643,1,18.2652636,121.6862319,2026-02-10 12:01:42.088 +0900,,416,358,,2026-02-10 12:41:26.395 +0900,2026-08-07 11:05:54.298 +0900,"1770694886226-upload_8713846279236660887.jpg",,,9,false,,FieldSnap,+08:00,1,4,,,true,Installation,Matched
103645,202197,1,18.2652636,121.6862319,2026-02-10 12:03:47.496 +0900,,416,358,,2026-02-10 12:41:27.584 +0900,2026-08-07 11:05:54.298 +0900,"1770694887399-upload_5303441940497377881.jpg",,,9,false,,FieldSnap,+08:00,1,4,,,true,Installation,Matched
103635,204415,1,18.2518481,121.8144454,2026-02-10 12:24:26.437 +0900,,416,358,,2026-02-10 12:41:21.500 +0900,2026-08-07 11:05:54.298 +0900,"1770694881254-upload_955064832661942263.jpg",,,9,false,,FieldSnap,+08:00,1,4,,,true,Installation,Matched
103637,204418,1,18.2518481,121.8144454,2026-02-10 12:29:44.071 +0900,,416,358,,2026-02-10 12:41:21.553 +0900,2026-08-07 11:05:54.298 +0900,"1770694881365-upload_6268015498360465494.jpg",,,9,false,,FieldSnap,+08:00,1,4,,,true,Installation,Matched
103642,204421,1,18.2518481,121.8144454,2026-02-10 12:31:28.139 +0900,,416,358,,2026-02-10 12:41:26.358 +0900,2026-08-07 11:05:54.298 +0900,"1770694886192-upload_7246066895949853975.jpg",,,9,false,,FieldSnap,+08:00,1,4,,,true,Installation,Matched
103643,204428,1,18.2670391,121.6855191,2026-02-10 12:07:34.400 +0900,,416,358,,2026-02-10 12:41:26.375 +0900,2026-08-07 11:05:54.298 +0900,"1770694886203-upload_5817559024034105115.jpg",,,9,false,,FieldSnap,+08:00,1,4,,,true,Installation,Matched
103636,202247,1,18.2518481,121.8144454,2026-02-10 12:26:15.716 +0900,,416,358,,2026-02-10 12:41:21.537 +0900,2026-08-07 11:05:54.298 +0900,"1770694881250-upload_3616363693479886222.jpg",,,9,false,,FieldSnap,+08:00,1,4,,,true,Installation,Matched
103639,202244,1,18.2670391,121.6855191,2026-02-10 12:35:50.089 +0900,,416,358,,2026-02-10 12:41:21.999 +0900,2026-08-07 11:05:54.298 +0900,"1770694881769-upload_4039119626243891926.jpg",,,9,false,,FieldSnap,+08:00,1,4,,,true,Installation,Matched
103638,202246,1,18.2670391,121.6855191,2026-02-10 12:37:23.727 +0900,,416,358,,2026-02-10 12:41:21.912 +0900,2026-08-07 11:05:54.298 +0900,"1770694881730-upload_3416571667596596707.jpg",,,9,false,,FieldSnap,+08:00,1,4,,,true,Installation,Matched
103744,202195,1,18.2670391,121.6855191,2026-02-10 17:19:04.856 +0900,,416,358,,2026-02-10 18:04:17.774 +0900,2026-08-07 11:05:54.298 +0900,"1770714257605-upload_1491863827586048359.jpg",,,9,false,,FieldSnap,+08:00,1,4,,,true,Installation,Matched
103750,202309,1,18.2691088,121.6831818,2026-02-10 16:52:29.205 +0900,,416,358,,2026-02-10 18:04:21.304 +0900,2026-08-07 11:05:54.298 +0900,"1770714261125-upload_494200800395775182.jpg",,Changed the lot number from 2431-C to 2431-B.,9,false,,FieldSnap,+08:00,1,4,,,true,Installation,Matched
103742,202331,1,18.2670391,121.6855191,2026-02-10 17:09:58.121 +0900,,416,358,,2026-02-10 18:04:17.365 +0900,2026-08-07 11:05:54.298 +0900,"1770714257146-upload_5732450267798563155.jpg",,,9,false,,FieldSnap,+08:00,1,4,,,true,Installation,Matched
103737,200315,1,18.2670391,121.6855191,2026-02-10 17:05:38.568 +0900,,416,358,,2026-02-10 18:03:52.191 +0900,2026-08-07 11:05:54.298 +0900,"1770714231890-upload_2330801479219547212.jpg",,,9,false,,FieldSnap,+08:00,1,4,,,true,Installation,Matched
103751,200634,1,18.2691088,121.6831818,2026-02-10 17:01:45.755 +0900,,416,358,,2026-02-10 18:04:21.305 +0900,2026-08-07 11:05:54.298 +0900,"1770714261124-upload_1074497262392943418.jpg",,,9,false,,FieldSnap,+08:00,1,4,,,true,Installation,Matched
103746,202345,1,18.2685646,121.6832045,2026-02-10 16:23:56.727 +0900,,416,358,,2026-02-10 18:04:18.700 +0900,2026-08-07 11:05:54.298 +0900,"1770714258532-upload_8908210445551417058.jpg",,,9,false,,FieldSnap,+08:00,1,4,,,true,Installation,Matched
103749,202308,1,18.2670391,121.6855191,2026-02-10 16:42:14.785 +0900,,416,358,,2026-02-10 18:04:20.767 +0900,2026-08-07 11:05:54.298 +0900,"1770714260577-upload_6736137326279849232.jpg",,,9,false,,FieldSnap,+08:00,1,4,,,true,Installation,Matched
103756,206118,1,18.2670391,121.6855191,2026-02-10 16:15:49.217 +0900,,416,358,,2026-02-10 18:04:24.458 +0900,2026-08-07 11:05:54.298 +0900,"1770714264283-upload_7687089736648423643.jpg",,,9,false,,FieldSnap,+08:00,1,4,,,true,Installation,Matched
103752,202310,1,18.2670391,121.6855191,2026-02-10 16:40:37.751 +0900,,416,358,,2026-02-10 18:04:21.639 +0900,2026-08-07 11:05:54.298 +0900,"1770714261474-upload_4534641606023348209.jpg",,,9,false,,FieldSnap,+08:00,1,4,,,true,Installation,Matched
103753,200639,1,18.2670391,121.6855191,2026-02-10 16:49:36.557 +0900,,416,358,,2026-02-10 18:04:22.446 +0900,2026-08-07 11:05:54.298 +0900,"1770714262291-upload_1166529680189070725.jpg",,,9,false,,FieldSnap,+08:00,1,4,,,true,Installation,Matched
103743,202326,1,18.2693803,121.682781,2026-02-10 17:26:58.392 +0900,,416,358,,2026-02-10 18:04:17.768 +0900,2026-08-07 11:05:54.298 +0900,"1770714257606-upload_4449284605561340381.jpg",,,9,false,,FieldSnap,+08:00,1,4,,,true,Installation,Matched
104435,202869,1,18.2670391,121.6855191,2026-02-11 09:30:47.997 +0900,,416,358,,2026-02-11 19:33:04.762 +0900,2026-08-07 11:05:54.298 +0900,"1770805984596-upload_2513748408718303912.jpg",,,9,false,,FieldSnap,+08:00,1,4,,,true,Installation,Matched
104883,204435,1,18.2670391,121.6855191,2026-02-12 11:01:37.037 +0900,,416,359,,2026-02-12 11:02:44.883 +0900,2026-08-07 11:05:54.298 +0900,"1770861764534-upload_3680214042132699322.jpg",,,9,false,,FieldSnap,+08:00,1,4,,,true,Installation,Matched
103649,204414,1,18.2652636,121.6862319,2026-02-10 12:04:37.971 +0900,,416,358,,2026-02-10 12:41:28.326 +0900,2026-08-07 11:05:54.298 +0900,"1770694888157-upload_5332283425178636228.jpg",,,9,false,,FieldSnap,+08:00,1,4,,,true,Installation,Matched
107125,202217,1,18.2670391,121.6855191,2026-02-15 17:06:10.747 +0900,,416,358,,2026-02-15 19:06:35.715 +0900,2026-08-07 11:05:54.298 +0900,"1771149995529-upload_6737834563149813027.jpg",,,9,false,,FieldSnap,+08:00,1,4,,,true,Installation,Matched
103640,204422,1,18.2670391,121.6855191,2026-02-10 12:23:25.555 +0900,,416,358,,2026-02-10 12:41:26.313 +0900,2026-08-07 11:05:54.298 +0900,"1770694886116-upload_5062484393936108910.jpg",,,9,false,,FieldSnap,+08:00,1,4,,,true,Installation,Matched
84094,204394,1,18.2641583,121.6956633,2026-01-21 11:58:58.792 +0900,,416,359,,2026-01-21 16:19:52.819 +0900,2026-08-07 11:05:54.298 +0900,"1768979992435-upload_4887940904904603466.jpg",,,9,false,,FieldSnap,+08:00,1,4,,,true,Installation,Matched
111149,201608,1,18.2669737,121.6858755,2026-02-18 15:24:47.030 +0900,,416,358,,2026-02-18 15:25:47.961 +0900,2026-08-07 11:05:54.298 +0900,"1771395947779-upload_5386604717926815822.jpg",,,9,false,,FieldSnap,+08:00,1,4,,,true,Installation,Matched
103572,202268,1,18.2670391,121.6855191,2026-02-10 10:40:54.299 +0900,,416,358,,2026-02-10 10:41:01.959 +0900,2026-08-07 11:05:54.298 +0900,"1770687661789-upload_5881046323369836535.jpg",,Changed the lot number from 1549-A into 1549-A1,9,false,,FieldSnap,+08:00,1,4,,,true,Installation,Matched
126279,202256,1,18.2635534,121.6865882,2026-03-07 12:26:30.183 +0900,,416,358,,2026-03-07 12:28:19.323 +0900,2026-08-07 11:05:54.298 +0900,"1772854098461-upload_5349781048160677236.jpg",,,9,false,,FieldSnap,+08:00,1,4,,,true,Installation,Matched
112546,204405,1,18.2669737,121.6858755,2026-02-20 12:21:04.498 +0900,,416,358,,2026-02-20 13:47:11.481 +0900,2026-08-07 11:05:54.298 +0900,"1771562831303-upload_7507033040223543739.jpg",,,9,false,,FieldSnap,+08:00,1,4,,,true,Installation,Matched
112545,200770,1,18.2769638,121.6744716,2026-02-20 12:32:43.301 +0900,,416,358,,2026-02-20 13:47:11.299 +0900,2026-08-07 11:05:54.298 +0900,"1771562831032-upload_5191604608543784806.jpg",,,9,false,,FieldSnap,+08:00,1,4,,,true,Installation,Matched
112744,202456,1,18.2669737,121.6858755,2026-02-20 15:06:48.487 +0900,,416,358,,2026-02-20 16:10:58.935 +0900,2026-08-07 11:05:54.298 +0900,"1771571458698-upload_4000532722876527450.jpg",,,9,false,,FieldSnap,+08:00,1,4,,,true,Installation,Matched
112743,201697,1,18.2652636,121.6862319,2026-02-20 15:18:11.230 +0900,,416,358,,2026-02-20 16:10:56.964 +0900,2026-08-07 11:05:54.298 +0900,"1771571456798-upload_8379457888027591971.jpg",,,9,false,,FieldSnap,+08:00,1,4,,,true,Installation,Matched
112745,202227,1,18.2652636,121.6862319,2026-02-20 16:06:48.509 +0900,,416,358,,2026-02-20 16:10:58.979 +0900,2026-08-07 11:05:54.298 +0900,"1771571458767-upload_4788037635936171338.jpg",,,9,false,,FieldSnap,+08:00,1,4,,,true,Installation,Matched
112746,202263,1,18.2652636,121.6862319,2026-02-20 16:08:46.455 +0900,,416,358,,2026-02-20 16:10:59.081 +0900,2026-08-07 11:05:54.298 +0900,"1771571458758-upload_7792480252545699985.jpg",,,9,false,,FieldSnap,+08:00,1,4,,,true,Installation,Matched
112786,204453,1,18.27621,121.6918267,2026-02-20 16:42:43.773 +0900,,416,358,,2026-02-20 16:43:11.585 +0900,2026-08-07 11:05:54.298 +0900,"1771573390776-upload_3268271915573540426.jpg",,,9,false,,FieldSnap,+08:00,1,4,,,true,Installation,Matched
112826,200775,1,18.2648286,121.6925145,2026-02-20 17:04:01.015 +0900,,416,358,,2026-02-20 17:14:48.272 +0900,2026-08-07 11:05:54.298 +0900,"1771575288089-upload_8869062258675613484.jpg",,,9,false,,FieldSnap,+08:00,1,4,,,true,Installation,Matched
112827,204431,1,18.26118,121.6906733,2026-02-20 17:13:58.565 +0900,,416,358,,2026-02-20 17:14:48.487 +0900,2026-08-07 11:05:54.298 +0900,"1771575288260-upload_4017322417411589630.jpg",,,9,false,,FieldSnap,+08:00,1,4,,,true,Installation,Matched
103270,202442,1,18.2670391,121.6855191,2026-02-09 17:21:35.309 +0900,,416,358,,2026-02-09 18:28:59.844 +0900,2026-08-07 11:05:54.298 +0900,"1770629339563-upload_8412986350642615200.jpg",,,9,false,,FieldSnap,+08:00,1,4,,,true,Installation,Matched
73335,204468,1,18.26331,121.6925383,2026-01-08 11:36:36.204 +0900,,416,358,,2026-01-09 07:14:10.805 +0900,2026-08-07 11:05:54.298 +0900,"1767910450121-upload_7330978687439826833.jpg",,,9,false,,FieldSnap,+08:00,1,4,,,true,Installation,Matched
91721,204400,1,18.2587538,121.689439,2026-01-28 10:01:49.926 +0900,,416,358,,2026-01-28 18:36:57.229 +0900,2026-08-07 11:05:54.298 +0900,"1769593017044-upload_2341146042750071684.jpg",,Changed the lot number from 1225 to 1255,9,false,,FieldSnap,+08:00,1,4,,,true,Installation,Matched
117295,,2,18.2669737,121.6858755,2026-02-26 17:02:23.418 +0900,0.0,416,358,,2026-02-26 18:40:15.837 +0900,2026-06-30 16:27:06.394 +0900,"1772098815665-upload_6173257907156004258.jpg","1531-AB",,9,false,,FieldSnap,+08:00,2,3,,,false,Drainage,Pending Match
121029,,2,18.2669737,121.6858755,2026-03-02 12:23:49.258 +0900,0.0,416,359,,2026-03-02 12:26:40.502 +0900,2026-06-30 16:27:06.394 +0900,"1772421999707-upload_871958489796808343.jpg","1538D2",,9,false,,FieldSnap,+08:00,2,3,,,false,Drainage,Pending Match
102106,,2,18.2652636,121.6862319,2026-02-07 15:53:13.329 +0900,0.0,416,358,,2026-02-07 15:53:38.573 +0900,2026-06-30 16:27:06.394 +0900,"1770447218408-upload_2726123922878556528.jpg","1483-B",,9,false,,FieldSnap,+08:00,2,3,,,false,Drainage,Pending Match
102121,,2,18.2693386,121.6819555,2026-02-07 16:05:46.662 +0900,0.0,416,358,,2026-02-07 16:06:22.245 +0900,2026-06-30 16:27:06.394 +0900,"1770447981703-upload_102893370359732181.jpg","1483-A",,9,false,,FieldSnap,+08:00,2,3,,,false,Drainage,Pending Match
103748,,2,18.2685646,121.6832045,2026-02-10 16:19:39.587 +0900,0.0,416,358,,2026-02-10 18:04:20.198 +0900,2026-06-30 16:27:06.394 +0900,"1770714260033-upload_5823309368151517393.jpg","2427-A",,9,false,,FieldSnap,+08:00,2,3,,,false,Drainage,Pending Match
107122,,2,18.2670391,121.6855191,2026-02-15 17:00:29.185 +0900,0.0,416,358,,2026-02-15 19:06:34.336 +0900,2026-06-30 16:27:06.394 +0900,"1771149994159-upload_4683283365241792807.jpg","1517-C",,9,false,,FieldSnap,+08:00,2,3,,,false,Drainage,Pending Match
125970,,2,18.2543488,121.6919333,2026-03-06 17:19:32.002 +0900,0.0,416,359,,2026-03-06 19:30:23.875 +0900,2026-06-30 16:27:06.394 +0900,"1772793023687-upload_4609473828036355481.jpg","1883-2",,9,false,,FieldSnap,+08:00,2,3,,,false,Drainage,Pending Match
125995,,2,18.256574,121.6886046,2026-03-06 16:13:41.472 +0900,0.0,416,358,,2026-03-06 19:30:59.825 +0900,2026-06-30 16:27:06.394 +0900,"1772793059639-upload_3452157467731446624.jpg","1547-A",,9,false,,FieldSnap,+08:00,2,3,,,false,Drainage,Pending Match
125968,,2,18.2543488,121.6919333,2026-03-06 17:23:57.060 +0900,0.0,416,359,,2026-03-06 19:30:22.759 +0900,2026-06-30 16:27:06.394 +0900,"1772793022462-upload_8328880842982867585.jpg","2366-A",,9,false,,FieldSnap,+08:00,2,3,,,false,Drainage,Pending Match
125969,,2,18.2543488,121.6919333,2026-03-06 17:23:05.796 +0900,0.0,416,359,,2026-03-06 19:30:23.229 +0900,2026-06-30 16:27:06.394 +0900,"1772793023030-upload_5024183967233566136.jpg","2367-B",,9,false,,FieldSnap,+08:00,2,3,,,false,Drainage,Pending Match
108806,,2,18.2669737,121.6858755,2026-02-16 18:51:16.838 +0900,0.0,416,358,,2026-02-16 18:51:29.818 +0900,2026-06-30 16:27:06.394 +0900,"1771235489416-upload_1717853362809392622.jpg","1426-B",,9,false,,FieldSnap,+08:00,2,3,,,false,Drainage,Pending Match
109881,,2,18.2652636,121.6862319,2026-02-17 15:42:23.523 +0900,0.0,416,358,,2026-02-17 16:19:23.827 +0900,2026-06-30 16:27:06.394 +0900,"1771312763644-upload_4573211057345005851.jpg","2375-A",,9,false,,FieldSnap,+08:00,2,3,,,false,Drainage,Pending Match
109876,,2,18.2699839,121.7038704,2026-02-17 15:50:04.297 +0900,0.0,416,358,,2026-02-17 16:19:22.851 +0900,2026-06-30 16:27:06.394 +0900,"1771312762689-upload_2370036091472543443.jpg","2370",,9,false,,FieldSnap,+08:00,2,3,,,false,Drainage,Pending Match
109879,,2,18.2699839,121.7038704,2026-02-17 15:55:45.681 +0900,0.0,416,358,,2026-02-17 16:19:23.627 +0900,2026-06-30 16:27:06.394 +0900,"1771312763413-upload_2954745633629947635.jpg","2350-A",,9,false,,FieldSnap,+08:00,2,3,,,false,Drainage,Pending Match
109882,,2,18.2652636,121.6862319,2026-02-17 15:38:29.975 +0900,0.0,416,358,,2026-02-17 16:19:24.220 +0900,2026-06-30 16:27:06.394 +0900,"1771312764000-upload_5884377988184107625.jpg","2347-A",,9,false,,FieldSnap,+08:00,2,3,,,false,Drainage,Pending Match
124630,,2,18.2649346,121.6862319,2026-03-05 10:31:57.936 +0900,0.0,416,359,,2026-03-05 12:55:41.220 +0900,2026-06-30 16:27:06.394 +0900,"1772682941021-upload_1986813444782473850.jpg","1433-A",,9,false,,FieldSnap,+08:00,2,3,,,false,Drainage,Pending Match
124634,,2,18.2649346,121.6862319,2026-03-05 10:18:58.875 +0900,0.0,416,358,,2026-03-05 12:55:43.684 +0900,2026-06-30 16:27:06.394 +0900,"1772682943511-upload_2877947848035531012.jpg","1426-E/F",,9,false,,FieldSnap,+08:00,2,3,,,false,Drainage,Pending Match
114122,,2,18.2669737,121.6858755,2026-02-23 10:55:24.960 +0900,0.0,416,358,,2026-02-23 11:11:47.233 +0900,2026-06-30 16:27:06.394 +0900,"1771812707073-upload_224888066587210835.jpg","2410-A",,9,false,,FieldSnap,+08:00,2,3,,,false,Drainage,Pending Match
114310,,2,18.2640522,121.6891234,2026-02-23 11:29:43.958 +0900,0.0,416,358,,2026-02-23 13:11:29.907 +0900,2026-06-30 16:27:06.394 +0900,"1771819889260-upload_8875101684856783488.jpg","2420-A",,9,false,,FieldSnap,+08:00,2,3,,,false,Drainage,Pending Match
114311,,2,18.2640505,121.6891199,2026-02-23 11:24:40.071 +0900,0.0,416,358,,2026-02-23 13:11:29.946 +0900,2026-06-30 16:27:06.394 +0900,"1771819889751-upload_6666770274401369844.jpg","2422-B",,9,false,,FieldSnap,+08:00,2,3,,,false,Drainage,Pending Match
115748,,2,18.2652636,121.6862319,2026-02-24 16:40:26.610 +0900,0.0,416,359,,2026-02-24 17:03:55.953 +0900,2026-06-30 16:27:06.394 +0900,"1771920235730-upload_7630872638125177766.jpg","2390",,9,false,,FieldSnap,+08:00,2,3,,,false,Drainage,Pending Match
103740,202195,2,18.2670391,121.6855191,2026-02-10 17:19:52.141 +0900,0.0,416,358,,2026-02-10 18:04:16.581 +0900,2026-08-07 11:05:54.298 +0900,"1770714256227-upload_2119238940486920260.jpg",,,9,false,,FieldSnap,+08:00,2,4,,,true,Drainage,Matched
116902,,2,18.2669737,121.6858755,2026-02-26 10:09:18.012 +0900,0.0,416,358,,2026-02-26 10:09:53.522 +0900,2026-06-30 16:27:06.394 +0900,"1772068193180-upload_5203398586231835097.jpg","1456-D2",,9,false,,FieldSnap,+08:00,2,3,,,false,Drainage,Pending Match
117287,202199,2,18.2652636,121.6862319,2026-02-26 16:33:59.832 +0900,0.0,416,359,,2026-02-26 18:39:27.911 +0900,2026-08-07 11:05:54.298 +0900,"1772098767716-upload_7242884489362765555.jpg",,,9,false,,FieldSnap,+08:00,2,4,,,true,Drainage,Matched
117290,200635,2,18.2669737,121.6858755,2026-02-26 16:10:16.054 +0900,0.0,416,359,,2026-02-26 18:39:34.029 +0900,2026-08-07 11:05:54.298 +0900,"1772098773861-upload_9078746317957104979.jpg",,,9,false,,FieldSnap,+08:00,2,4,,,true,Drainage,Matched
117296,206149,2,18.2652636,121.6862319,2026-02-26 16:54:37.931 +0900,0.0,416,358,,2026-02-26 18:40:21.441 +0900,2026-08-07 11:05:54.298 +0900,"1772098821193-upload_8710096897025677585.jpg",,,9,false,,FieldSnap,+08:00,2,4,,,true,Drainage,Matched
117299,202217,2,18.2669737,121.6858755,2026-02-26 17:08:41.249 +0900,0.0,416,358,,2026-02-26 18:40:22.805 +0900,2026-08-07 11:05:54.298 +0900,"1772098822622-upload_4374735288570750242.jpg",,,9,false,,FieldSnap,+08:00,2,4,,,true,Drainage,Matched
89171,202254,2,18.2612687,121.6919139,2026-01-26 10:38:55.992 +0900,0.0,416,358,,2026-01-26 13:37:02.191 +0900,2026-08-07 11:05:54.298 +0900,"1769402222032-upload_7992980945308273863.jpg",,,9,false,,FieldSnap,+08:00,2,4,,,true,Drainage,Matched
89509,206135,2,18.2670391,121.6855191,2026-01-26 16:39:40.559 +0900,0.0,416,358,,2026-01-26 17:55:22.321 +0900,2026-08-07 11:05:54.298 +0900,"1769417721466-upload_2971878102399124812.jpg",,,9,false,,FieldSnap,+08:00,2,4,,,true,Drainage,Matched
91711,201635,2,18.2617275,121.7054732,2026-01-28 16:08:34.638 +0900,0.0,416,358,,2026-01-28 18:36:52.498 +0900,2026-08-07 11:05:54.298 +0900,"1769593012296-upload_4652617432061099008.jpg",,,9,false,,FieldSnap,+08:00,2,4,,,true,Drainage,Matched
91717,202859,2,18.2587538,121.689439,2026-01-28 15:40:41.001 +0900,0.0,416,358,,2026-01-28 18:36:56.366 +0900,2026-08-07 11:05:54.298 +0900,"1769593016136-upload_5935117977039927722.jpg",,,9,false,,FieldSnap,+08:00,2,4,,,true,Drainage,Matched
91718,202860,2,18.2587538,121.689439,2026-01-28 15:34:59.365 +0900,0.0,416,358,,2026-01-28 18:36:56.426 +0900,2026-08-07 11:05:54.298 +0900,"1769593016249-upload_8632677868511679876.jpg",,,9,false,,FieldSnap,+08:00,2,4,,,true,Drainage,Matched
91723,201694,2,18.2632245,121.6865882,2026-01-28 11:25:05.711 +0900,0.0,416,358,,2026-01-28 18:36:58.571 +0900,2026-08-07 11:05:54.298 +0900,"1769593018342-upload_7246141488730896827.jpg",,,9,false,,FieldSnap,+08:00,2,4,,,true,Drainage,Matched
91744,202858,2,18.2587538,121.689439,2026-01-28 15:49:12.869 +0900,0.0,416,358,,2026-01-28 19:01:55.072 +0900,2026-08-07 11:05:54.298 +0900,"1769594514203-upload_3550799177319703963.jpg",,,9,false,,FieldSnap,+08:00,2,4,,,true,Drainage,Matched
117282,200743,2,18.2652636,121.6862319,2026-02-26 16:39:59.760 +0900,0.0,416,358,,2026-02-26 18:39:26.640 +0900,2026-08-07 11:05:54.298 +0900,"1772098766283-upload_1460551958356035280.jpg",,Changed the lot number from 1507/1507-B to 1520/1507-A,9,false,,FieldSnap,+08:00,2,4,,,true,Drainage,Matched
116947,202463,2,18.2652636,121.6862319,2026-02-26 10:58:02.766 +0900,0.0,416,358,,2026-02-26 10:58:40.482 +0900,2026-08-07 11:05:54.298 +0900,"1772071120213-upload_6620864669546424178.jpg",,,9,false,,FieldSnap,+08:00,2,4,,,true,Drainage,Matched
117026,204432,2,18.2652636,121.6862319,2026-02-26 11:18:53.934 +0900,0.0,416,358,,2026-02-26 11:26:42.425 +0900,2026-08-07 11:05:54.298 +0900,"1772072802019-upload_6030525856195630450.jpg",,Changed the lot number from 1655 to 1654,9,false,,FieldSnap,+08:00,2,4,,,true,Drainage,Matched
117291,202406,2,18.2669737,121.6858755,2026-02-26 16:03:27.553 +0900,0.0,416,359,,2026-02-26 18:39:34.057 +0900,2026-08-07 11:05:54.298 +0900,"1772098773887-upload_5202054241010422237.jpg",,,9,false,,FieldSnap,+08:00,2,4,,,true,Drainage,Matched
117292,202238,2,18.2669737,121.6858755,2026-02-26 15:54:44.903 +0900,0.0,416,358,,2026-02-26 18:39:34.193 +0900,2026-08-07 11:05:54.298 +0900,"1772098774017-upload_3251507444991124279.jpg",,,9,false,,FieldSnap,+08:00,2,4,,,true,Drainage,Matched
108783,204430,2,18.2669737,121.6858755,2026-02-16 17:54:20.858 +0900,0.0,416,358,,2026-02-16 17:54:49.934 +0900,2026-08-07 11:05:54.298 +0900,"1771232089313-upload_5161890600295399910.jpg",,Changed the lot number from 1453-AB to 1543-AB,9,false,,FieldSnap,+08:00,2,4,,,true,Drainage,Matched
104821,204471,2,18.265868,121.6871819,2026-02-12 09:58:17.022 +0900,0.0,416,358,,2026-02-12 10:17:42.338 +0900,2026-08-07 11:05:54.298 +0900,"1770859062003-upload_2663907912654935331.jpg",,Changed the lot number from 2438 to 2437,9,false,,FieldSnap,+08:00,2,4,,,true,Drainage,Matched
125891,201631,2,18.2590827,121.689439,2026-03-06 18:03:27.641 +0900,0.0,416,359,,2026-03-06 19:03:35.745 +0900,2026-08-07 11:05:54.298 +0900,"1772791415576-upload_2475777095476237049.jpg",,,9,false,,FieldSnap,+08:00,2,4,,,true,Drainage,Matched
120632,202212,2,18.2740987,121.7133114,2026-03-02 10:28:28.863 +0900,0.0,416,359,,2026-03-02 10:29:49.075 +0900,2026-08-07 11:05:54.298 +0900,"1772414988816-upload_3301775756042324546.jpg",,,9,false,,FieldSnap,+08:00,2,4,,,true,Drainage,Matched
120631,202211,2,18.2669737,121.6858755,2026-03-02 10:24:27.222 +0900,0.0,416,359,,2026-03-02 10:29:48.889 +0900,2026-08-07 11:05:54.298 +0900,"1772414988714-upload_7254684025923345860.jpg",,,9,false,,FieldSnap,+08:00,2,4,,,true,Drainage,Matched
120630,202240,2,18.2669737,121.6858755,2026-03-02 10:12:36.454 +0900,0.0,416,359,,2026-03-02 10:29:48.673 +0900,2026-08-07 11:05:54.298 +0900,"1772414988077-upload_5402422399135923931.jpg",,,9,false,,FieldSnap,+08:00,2,4,,,true,Drainage,Matched
122398,204434,2,18.2523914,121.6871222,2026-03-03 16:14:59.963 +0900,0.0,416,359,,2026-03-03 17:15:15.420 +0900,2026-08-07 11:05:54.298 +0900,"1772525715231-upload_5170592203532162972.jpg",,,9,false,,FieldSnap,+08:00,2,4,,,true,Drainage,Matched
117289,202237,2,18.2652636,121.6862319,2026-02-26 16:16:52.337 +0900,0.0,416,359,,2026-02-26 18:39:31.463 +0900,2026-08-07 11:05:54.298 +0900,"1772098771257-upload_3397604885166889321.jpg",,,9,false,,FieldSnap,+08:00,2,4,,,true,Drainage,Matched
120983,202244,2,18.2649346,121.6862319,2026-03-02 12:03:27.644 +0900,0.0,416,359,,2026-03-02 12:11:55.032 +0900,2026-08-07 11:05:54.298 +0900,"1772421114793-upload_1488676466121041762.jpg",,,9,false,,FieldSnap,+08:00,2,4,,,true,Drainage,Matched
120939,204418,2,18.2649346,121.6862319,2026-03-02 11:46:18.316 +0900,0.0,416,359,,2026-03-02 11:55:03.252 +0900,2026-08-07 11:05:54.298 +0900,"1772420102842-upload_3758095684399742373.jpg",,,9,false,,FieldSnap,+08:00,2,4,,,true,Drainage,Matched
117283,202208,2,18.2652636,121.6862319,2026-02-26 16:53:35.002 +0900,0.0,416,359,,2026-02-26 18:39:26.782 +0900,2026-08-07 11:05:54.298 +0900,"1772098766290-upload_2948685875335523533.jpg",,,9,false,,FieldSnap,+08:00,2,4,,,true,Drainage,Matched
120855,202447,2,18.2649346,121.6862319,2026-03-02 11:12:13.634 +0900,0.0,416,359,,2026-03-02 11:21:17.165 +0900,2026-08-07 11:05:54.298 +0900,"1772418076975-upload_8337124671578721521.jpg",,,9,false,,FieldSnap,+08:00,2,4,,,true,Drainage,Matched
120869,201702,2,18.2649346,121.6862319,2026-03-02 11:26:42.165 +0900,0.0,416,359,,2026-03-02 11:27:00.252 +0900,2026-08-07 11:05:54.298 +0900,"1772418420053-upload_4856959825692650268.jpg",,,9,false,,FieldSnap,+08:00,2,4,,,true,Drainage,Matched
120879,202247,2,18.2649346,121.6862319,2026-03-02 11:36:49.201 +0900,0.0,416,359,,2026-03-02 11:37:01.686 +0900,2026-08-07 11:05:54.298 +0900,"1772419021427-upload_2834891020539139575.jpg",,,9,false,,FieldSnap,+08:00,2,4,,,true,Drainage,Matched
120940,204415,2,18.2649346,121.6862319,2026-03-02 11:52:42.917 +0900,0.0,416,359,,2026-03-02 11:55:03.470 +0900,2026-08-07 11:05:54.298 +0900,"1772420103057-upload_7843760637114137509.jpg",,,9,false,,FieldSnap,+08:00,2,4,,,true,Drainage,Matched
120962,204429,2,18.2649346,121.6862319,2026-03-02 11:59:21.749 +0900,0.0,416,358,,2026-03-02 12:01:42.659 +0900,2026-08-07 11:05:54.298 +0900,"1772420502480-upload_3815557686023432152.jpg",,Changed the lot number from 1545-AB to 1545-A,9,false,,FieldSnap,+08:00,2,4,,,true,Drainage,Matched
121015,202205,2,18.2649346,121.6862319,2026-03-02 12:18:55.966 +0900,0.0,416,359,,2026-03-02 12:20:40.887 +0900,2026-08-07 11:05:54.298 +0900,"1772421640661-upload_331294103368038503.jpg",,,9,false,,FieldSnap,+08:00,2,4,,,true,Drainage,Matched
120984,204428,2,18.2649346,121.6862319,2026-03-02 12:07:30.087 +0900,0.0,416,359,,2026-03-02 12:11:55.209 +0900,2026-08-07 11:05:54.298 +0900,"1772421114763-upload_7290220257117202931.jpg",,,9,false,,FieldSnap,+08:00,2,4,,,true,Drainage,Matched
121016,202268,2,18.2649346,121.6862319,2026-03-02 12:16:48.958 +0900,0.0,416,359,,2026-03-02 12:20:42.431 +0900,2026-08-07 11:05:54.298 +0900,"1772421642057-upload_6266076059042503598.jpg",,,9,false,,FieldSnap,+08:00,2,4,,,true,Drainage,Matched
101841,201661,2,18.2670391,121.6855191,2026-02-07 11:35:07.308 +0900,0.0,416,358,,2026-02-07 11:36:07.511 +0900,2026-08-07 11:05:54.298 +0900,"1770431767001-upload_4354565342581389662.jpg",,,9,false,,FieldSnap,+08:00,2,4,,,true,Drainage,Matched
101731,204469,2,18.2670391,121.6855191,2026-02-07 10:50:16.338 +0900,0.0,416,358,,2026-02-07 10:56:48.264 +0900,2026-08-07 11:05:54.298 +0900,"1770429408003-upload_6509091485498330667.jpg",,,9,false,,FieldSnap,+08:00,2,4,,,true,Drainage,Matched
102112,202215,2,18.2652636,121.6862319,2026-02-07 15:56:47.676 +0900,0.0,416,358,,2026-02-07 15:58:33.036 +0900,2026-08-07 11:05:54.298 +0900,"1770447512749-upload_1636824200615008000.jpg",,,9,false,,FieldSnap,+08:00,2,4,,,true,Drainage,Matched
102137,204463,2,18.2670391,121.6855191,2026-02-07 16:33:46.857 +0900,0.0,416,358,,2026-02-07 16:34:23.391 +0900,2026-08-07 11:05:54.298 +0900,"1770449663229-upload_3847796017668688386.jpg",,,9,false,,FieldSnap,+08:00,2,4,,,true,Drainage,Matched
102135,202241,2,18.2670391,121.6855191,2026-02-07 16:32:04.330 +0900,0.0,416,358,,2026-02-07 16:32:51.412 +0900,2026-08-07 11:05:54.298 +0900,"1770449570541-upload_5105924945568726552.jpg",,,9,false,,FieldSnap,+08:00,2,4,,,true,Drainage,Matched
103741,202331,2,18.2670391,121.6855191,2026-02-10 17:11:17.889 +0900,0.0,416,358,,2026-02-10 18:04:17.310 +0900,2026-08-07 11:05:54.298 +0900,"1770714257141-upload_280893393890874703.jpg",,,9,false,,FieldSnap,+08:00,2,4,,,true,Drainage,Matched
104425,206136,2,18.2670391,121.6855191,2026-02-11 10:32:34.463 +0900,0.0,416,358,,2026-02-11 19:32:55.811 +0900,2026-08-07 11:05:54.298 +0900,"1770805975643-upload_6865919574731237867.jpg",,,9,false,,FieldSnap,+08:00,2,4,,,true,Drainage,Matched
104423,204392,2,18.2670391,121.6855191,2026-02-11 10:48:29.728 +0900,0.0,416,359,,2026-02-11 19:32:53.061 +0900,2026-08-07 11:05:54.298 +0900,"1770805972915-upload_4696865194670379809.jpg",,,9,false,,FieldSnap,+08:00,2,4,,,true,Drainage,Matched
104433,202869,2,18.2670391,121.6855191,2026-02-11 09:32:42.736 +0900,0.0,416,358,,2026-02-11 19:33:03.010 +0900,2026-08-07 11:05:54.298 +0900,"1770805982839-upload_4523518198088576992.jpg",,,9,false,,FieldSnap,+08:00,2,4,,,true,Drainage,Matched
104431,204447,2,18.2670391,121.6855191,2026-02-11 10:10:20.555 +0900,0.0,416,358,,2026-02-11 19:33:02.773 +0900,2026-08-07 11:05:54.298 +0900,"1770805982596-upload_1437279056155302363.jpg",,,9,false,,FieldSnap,+08:00,2,4,,,true,Drainage,Matched
104432,204592,2,18.2652636,121.6862319,2026-02-11 10:23:30.270 +0900,0.0,416,358,,2026-02-11 19:33:02.995 +0900,2026-08-07 11:05:54.298 +0900,"1770805982665-upload_1988295997950286870.jpg",,,9,false,,FieldSnap,+08:00,2,4,,,true,Drainage,Matched
104419,202451,2,18.2652636,121.6862319,2026-02-11 11:36:29.446 +0900,0.0,416,358,,2026-02-11 19:32:46.722 +0900,2026-08-07 11:05:54.298 +0900,"1770805966370-upload_4833616909602721676.jpg",,,9,false,,FieldSnap,+08:00,2,4,,,true,Drainage,Matched
104429,202334,2,18.2483654,121.8155132,2026-02-11 10:27:08.023 +0900,0.0,416,358,,2026-02-11 19:32:57.413 +0900,2026-08-07 11:05:54.298 +0900,"1770805977177-upload_7446790066304009961.jpg",,,9,false,,FieldSnap,+08:00,2,4,,,true,Drainage,Matched
104816,200746,2,18.2670391,121.6855191,2026-02-12 10:08:28.689 +0900,0.0,416,358,,2026-02-12 10:17:41.156 +0900,2026-08-07 11:05:54.298 +0900,"1770859060980-upload_1979426580200743948.jpg",,,9,false,,FieldSnap,+08:00,2,4,,,true,Drainage,Matched
104820,201696,2,18.2670391,121.6855191,2026-02-12 10:14:37.195 +0900,0.0,416,358,,2026-02-12 10:17:41.426 +0900,2026-08-07 11:05:54.298 +0900,"1770859061054-upload_3694945044414485094.jpg",,,9,false,,FieldSnap,+08:00,2,4,,,true,Drainage,Matched
104867,202326,2,18.2670391,121.6855191,2026-02-12 10:53:18.554 +0900,0.0,416,358,,2026-02-12 10:53:36.957 +0900,2026-08-07 11:05:54.298 +0900,"1770861216706-upload_1808336156238409027.jpg",,,9,false,,FieldSnap,+08:00,2,4,,,true,Drainage,Matched
104871,202196,2,18.268576,121.6832288,2026-02-12 10:56:54.804 +0900,0.0,416,358,,2026-02-12 10:57:05.116 +0900,2026-08-07 11:05:54.298 +0900,"1770861424908-upload_3153888973887015640.jpg",,Changed the lot number from 2433 to 2433/34,9,false,,FieldSnap,+08:00,2,4,,,true,Drainage,Matched
104882,204435,2,18.2670391,121.6855191,2026-02-12 11:02:32.706 +0900,0.0,416,358,,2026-02-12 11:02:44.569 +0900,2026-08-07 11:05:54.298 +0900,"1770861764404-upload_1841614918805013154.jpg",,,9,false,,FieldSnap,+08:00,2,4,,,true,Drainage,Matched
104892,200725,2,18.2670391,121.6855191,2026-02-12 11:12:18.904 +0900,0.0,416,358,,2026-02-12 11:12:27.134 +0900,2026-08-07 11:05:54.298 +0900,"1770862346882-upload_8601183496930927116.jpg",,,9,false,,FieldSnap,+08:00,2,4,,,true,Drainage,Matched
105742,206132,2,18.2670391,121.6855191,2026-02-13 10:21:49.354 +0900,0.0,416,358,,2026-02-13 10:24:06.474 +0900,2026-08-07 11:05:54.298 +0900,"1770945846287-upload_7478686927431664616.jpg",,,9,false,,FieldSnap,+08:00,2,4,,,true,Drainage,Matched
120856,206146,2,18.2649346,121.6862319,2026-03-02 11:19:48.863 +0900,0.0,416,358,,2026-03-02 11:21:17.338 +0900,2026-08-07 11:05:54.298 +0900,"1772418076979-upload_8660379879849231741.jpg",,,9,false,,FieldSnap,+08:00,2,4,,,true,Drainage,Matched
114605,206144,2,18.2610105,121.6959403,2026-02-23 16:29:12.461 +0900,0.0,416,358,,2026-02-23 17:07:56.612 +0900,2026-08-07 11:05:54.298 +0900,"1771834075924-upload_8346694098716567640.jpg",,,9,false,,FieldSnap,+08:00,2,4,,,true,Drainage,Matched
105741,200766,2,18.2645098,121.6926706,2026-02-13 10:15:15.326 +0900,0.0,416,358,,2026-02-13 10:24:05.586 +0900,2026-08-07 11:05:54.298 +0900,"1770945845432-upload_861787748720232877.jpg",,,9,false,,FieldSnap,+08:00,2,4,,,true,Drainage,Matched
105780,206151,2,18.2670391,121.6855191,2026-02-13 10:57:35.919 +0900,0.0,416,358,,2026-02-13 10:58:08.205 +0900,2026-08-07 11:05:54.298 +0900,"1770947888023-upload_1589746517028501433.jpg",,,9,false,,FieldSnap,+08:00,2,4,,,true,Drainage,Matched
105754,206168,2,18.2670391,121.6855191,2026-02-13 10:36:54.522 +0900,0.0,416,358,,2026-02-13 10:38:53.473 +0900,2026-08-07 11:05:54.298 +0900,"1770946733099-upload_8307168472116960436.jpg",,,9,false,,FieldSnap,+08:00,2,4,,,true,Drainage,Matched
105814,202444,2,18.2685701,121.7022657,2026-02-13 11:11:25.001 +0900,0.0,416,358,,2026-02-13 11:11:48.991 +0900,2026-08-07 11:05:54.298 +0900,"1770948708793-upload_8545208675023007862.jpg",,,9,false,,FieldSnap,+08:00,2,4,,,true,Drainage,Matched
105825,202245,2,18.2652636,121.6862319,2026-02-13 11:29:59.855 +0900,0.0,416,358,,2026-02-13 11:30:28.038 +0900,2026-08-07 11:05:54.298 +0900,"1770949827559-upload_6869043407260662339.jpg",,,9,false,,FieldSnap,+08:00,2,4,,,true,Drainage,Matched
106006,204470,2,18.2613625,121.6894693,2026-02-13 15:52:45.358 +0900,0.0,416,359,,2026-02-13 15:53:38.483 +0900,2026-08-07 11:05:54.298 +0900,"1770965618323-upload_3595787714791400184.jpg",,,9,false,,FieldSnap,+08:00,2,4,,,true,Drainage,Matched
106820,204455,2,18.2670391,121.6855191,2026-02-15 11:05:17.796 +0900,0.0,416,358,,2026-02-15 11:48:02.798 +0900,2026-08-07 11:05:54.298 +0900,"1771123682607-upload_3023162418724929591.jpg",,,9,false,,FieldSnap,+08:00,2,4,,,true,Drainage,Matched
107137,204461,2,18.2670391,121.6855191,2026-02-15 15:34:36.076 +0900,0.0,416,359,,2026-02-15 19:06:43.510 +0900,2026-08-07 11:05:54.298 +0900,"1771150003339-upload_9056026173533776977.jpg",,,9,false,,FieldSnap,+08:00,2,4,,,true,Drainage,Matched
107123,202200,2,18.2670391,121.6855191,2026-02-15 16:17:55.392 +0900,0.0,416,358,,2026-02-15 19:06:35.215 +0900,2026-08-07 11:05:54.298 +0900,"1771149995061-upload_7694469396121347851.jpg",,,9,false,,FieldSnap,+08:00,2,4,,,true,Drainage,Matched
107128,201706,2,18.2670391,121.6855191,2026-02-15 16:55:17.319 +0900,0.0,416,358,,2026-02-15 19:06:36.822 +0900,2026-08-07 11:05:54.298 +0900,"1771149996640-upload_8437628471972431314.jpg",,,9,false,,FieldSnap,+08:00,2,4,,,true,Drainage,Matched
107114,201708,2,18.2670391,121.6855191,2026-02-15 17:34:59.517 +0900,0.0,416,358,,2026-02-15 19:06:25.462 +0900,2026-08-07 11:05:54.298 +0900,"1771149985299-upload_1531920779486276517.jpg",,,9,false,,FieldSnap,+08:00,2,4,,,true,Drainage,Matched
107136,204402,2,18.2670391,121.6855191,2026-02-15 15:39:50.323 +0900,0.0,416,358,,2026-02-15 19:06:43.472 +0900,2026-08-07 11:05:54.298 +0900,"1771150003295-upload_7174918863278706047.jpg",,,9,false,,FieldSnap,+08:00,2,4,,,true,Drainage,Matched
107131,201667,2,18.2670391,121.6855191,2026-02-15 15:56:46.759 +0900,0.0,416,358,,2026-02-15 19:06:42.282 +0900,2026-08-07 11:05:54.298 +0900,"1771150002111-upload_5716116507130194215.jpg",,Changed the lot number from 1484-1 to 1484,9,false,,FieldSnap,+08:00,2,4,,,true,Drainage,Matched
107135,204464,2,18.2670391,121.6855191,2026-02-15 15:39:01.104 +0900,0.0,416,359,,2026-02-15 19:06:43.167 +0900,2026-08-07 11:05:54.298 +0900,"1771150002916-upload_4871470349535549290.jpg",,,9,false,,FieldSnap,+08:00,2,4,,,true,Drainage,Matched
107124,201612,2,18.2670391,121.6855191,2026-02-15 16:37:50.428 +0900,0.0,416,358,,2026-02-15 19:06:35.697 +0900,2026-08-07 11:05:54.298 +0900,"1771149995502-upload_3520569800851973102.jpg",,,9,false,,FieldSnap,+08:00,2,4,,,true,Drainage,Matched
107121,202202,2,18.2670391,121.6855191,2026-02-15 17:13:05.478 +0900,0.0,416,358,,2026-02-15 19:06:27.717 +0900,2026-08-07 11:05:54.298 +0900,"1771149987406-upload_993155994201355052.jpg",,,9,false,,FieldSnap,+08:00,2,4,,,true,Drainage,Matched
107115,220383,2,18.2670391,121.6855191,2026-02-15 17:42:01.650 +0900,0.0,416,145,,2026-02-15 19:06:25.590 +0900,2026-08-07 11:05:54.298 +0900,"1771149985410-upload_859342732944328246.jpg",,,9,false,,FieldSnap,+08:00,2,4,,,true,Drainage,Matched
107120,200637,2,18.2670391,121.6855191,2026-02-15 17:36:20.463 +0900,0.0,416,358,,2026-02-15 19:06:27.649 +0900,2026-08-07 11:05:54.298 +0900,"1771149987470-upload_6385548207362003259.jpg",,,9,false,,FieldSnap,+08:00,2,4,,,true,Drainage,Matched
125865,204459,2,18.256574,121.6886046,2026-03-06 17:30:50.599 +0900,0.0,416,359,,2026-03-06 19:02:26.046 +0900,2026-08-07 11:05:54.298 +0900,"1772791345829-upload_684107450249198188.jpg",,,9,false,,FieldSnap,+08:00,2,4,,,true,Drainage,Matched
125836,201595,2,18.2543488,121.6919333,2026-03-06 17:39:43.909 +0900,0.0,416,359,,2026-03-06 19:01:12.954 +0900,2026-08-07 11:05:54.298 +0900,"1772791272748-upload_234356553508075941.jpg",,,9,false,,FieldSnap,+08:00,2,4,,,true,Drainage,Matched
121353,200775,2,18.2669737,121.6858755,2026-03-02 17:43:59.542 +0900,0.0,416,359,,2026-03-02 17:47:14.512 +0900,2026-08-07 11:05:54.298 +0900,"1772441234163-upload_7027403739978292856.jpg",,,9,false,,FieldSnap,+08:00,2,4,,,true,Drainage,Matched
125869,202457,2,18.256574,121.6886046,2026-03-06 17:28:26.349 +0900,0.0,416,359,,2026-03-06 19:02:26.903 +0900,2026-08-07 11:05:54.298 +0900,"1772791346742-upload_6649160594327096146.jpg",,Changed the lot number from 2393-D2 to 2398D2. Mistakenly wrote 8 as 3,9,false,,FieldSnap,+08:00,2,4,,,true,Drainage,Matched
125925,204668,2,18.256577,121.6886112,2026-03-06 16:45:56.499 +0900,0.0,416,358,,2026-03-06 19:04:21.087 +0900,2026-08-07 11:05:54.298 +0900,"1772791460917-upload_8336203377957737772.jpg",,,9,false,,FieldSnap,+08:00,2,4,,,true,Drainage,Matched
125920,204405,2,18.256577,121.6886112,2026-03-06 16:43:06.403 +0900,0.0,416,359,,2026-03-06 19:04:17.768 +0900,2026-08-07 11:05:54.298 +0900,"1772791457594-upload_241119040089055756.jpg",,,9,false,,FieldSnap,+08:00,2,4,,,true,Drainage,Matched
125890,201614,2,18.2590827,121.689439,2026-03-06 18:02:11.021 +0900,0.0,416,359,,2026-03-06 19:03:35.472 +0900,2026-08-07 11:05:54.298 +0900,"1772791415297-upload_7222124753812152785.jpg",,,9,false,,FieldSnap,+08:00,2,4,,,true,Drainage,Matched
125986,201700,2,18.2590827,121.689439,2026-03-06 16:37:18.584 +0900,0.0,416,358,,2026-03-06 19:30:48.449 +0900,2026-08-07 11:05:54.298 +0900,"1772793048272-upload_7323034918580910677.jpg",,,9,false,,FieldSnap,+08:00,2,4,,,true,Drainage,Matched
125972,202414,2,18.2612186,121.6922411,2026-03-06 17:03:51.636 +0900,0.0,416,359,,2026-03-06 19:30:33.155 +0900,2026-08-07 11:05:54.298 +0900,"1772793032979-upload_3825281553354076278.jpg",,,9,false,,FieldSnap,+08:00,2,4,,,true,Drainage,Matched
125962,202464,2,18.256574,121.6886046,2026-03-06 17:34:36.551 +0900,0.0,416,359,,2026-03-06 19:30:16.646 +0900,2026-08-07 11:05:54.298 +0900,"1772793016382-upload_1749233050950645250.jpg",,,9,false,,FieldSnap,+08:00,2,4,,,true,Drainage,Matched
125983,201662,2,18.2590827,121.689439,2026-03-06 16:39:51.213 +0900,0.0,416,358,,2026-03-06 19:30:47.146 +0900,2026-08-07 11:05:54.298 +0900,"1772793046942-upload_6533488038431214883.jpg",,,9,false,,FieldSnap,+08:00,2,4,,,true,Drainage,Matched
125987,202263,2,18.2590827,121.689439,2026-03-06 16:33:45.424 +0900,0.0,416,358,,2026-03-06 19:30:49.395 +0900,2026-08-07 11:05:54.298 +0900,"1772793049204-upload_7345718403822766037.jpg",,,9,false,,FieldSnap,+08:00,2,4,,,true,Drainage,Matched
125996,202264,2,18.2635534,121.6865882,2026-03-06 16:11:47.689 +0900,0.0,416,358,,2026-03-06 19:31:02.837 +0900,2026-08-07 11:05:54.298 +0900,"1772793062659-upload_7270624416911205420.jpg",,,9,false,,FieldSnap,+08:00,2,4,,,true,Drainage,Matched
125994,202232,2,18.256574,121.6886046,2026-03-06 16:18:14.669 +0900,0.0,416,358,,2026-03-06 19:30:58.218 +0900,2026-08-07 11:05:54.298 +0900,"1772793058024-upload_8548075289896663107.jpg","1548-B",,9,false,,FieldSnap,+08:00,2,4,,,true,Drainage,Matched
108804,204581,2,18.2669737,121.6858755,2026-02-16 18:44:54.762 +0900,0.0,416,358,,2026-02-16 18:45:31.327 +0900,2026-08-07 11:05:54.298 +0900,"1771235130934-upload_652970662024338643.jpg",,Changed the lot number from 1452-2 to 1452-A,9,false,,FieldSnap,+08:00,2,4,,,true,Drainage,Matched
108801,204391,2,18.2669737,121.6858755,2026-02-16 18:08:00.222 +0900,0.0,416,358,,2026-02-16 18:21:03.636 +0900,2026-08-07 11:05:54.298 +0900,"1771233663184-upload_3502911669882497367.jpg",,Changed the lot number from 1470D2 to 1470,9,false,,FieldSnap,+08:00,2,4,,,true,Drainage,Matched
108800,202267,2,18.2669737,121.6858755,2026-02-16 18:06:12.244 +0900,0.0,416,358,,2026-02-16 18:21:03.508 +0900,2026-08-07 11:05:54.298 +0900,"1771233663162-upload_3241252710027881438.jpg",,Changed the lot number from 1469-D2 to 1468,9,false,,FieldSnap,+08:00,2,4,,,true,Drainage,Matched
107134,202338,2,18.2670391,121.6855191,2026-02-15 15:50:16.746 +0900,0.0,416,358,,2026-02-15 19:06:43.009 +0900,2026-08-07 11:05:54.298 +0900,"1771150002831-upload_6652994435928335297.jpg",,,9,false,,FieldSnap,+08:00,2,4,,,true,Drainage,Matched
109554,204408,2,18.2669737,121.6858755,2026-02-17 11:15:43.089 +0900,0.0,416,358,,2026-02-17 11:15:55.235 +0900,2026-08-07 11:05:54.298 +0900,"1771294555045-upload_6515898680346251501.jpg",,,9,false,,FieldSnap,+08:00,2,4,,,true,Drainage,Matched
109550,200764,2,18.2669737,121.6858755,2026-02-17 11:09:55.431 +0900,0.0,416,358,,2026-02-17 11:13:22.155 +0900,2026-08-07 11:05:54.298 +0900,"1771294401690-upload_761037104264139323.jpg",,,9,false,,FieldSnap,+08:00,2,4,,,true,Drainage,Matched
109878,204439,2,18.2669737,121.6858755,2026-02-17 16:02:29.662 +0900,0.0,416,359,,2026-02-17 16:19:23.601 +0900,2026-08-07 11:05:54.298 +0900,"1771312763349-upload_5087316081491187378.jpg",,,9,false,,FieldSnap,+08:00,2,4,,,true,Drainage,Matched
109880,204441,2,18.2699839,121.7038704,2026-02-17 15:44:48.067 +0900,0.0,416,359,,2026-02-17 16:19:23.818 +0900,2026-08-07 11:05:54.298 +0900,"1771312763265-upload_6808296043456669462.jpg",,,9,false,,FieldSnap,+08:00,2,4,,,true,Drainage,Matched
109877,201649,2,18.2699839,121.7038704,2026-02-17 15:52:01.107 +0900,0.0,416,358,,2026-02-17 16:19:23.335 +0900,2026-08-07 11:05:54.298 +0900,"1771312763148-upload_3460192067327754635.jpg",,,9,false,,FieldSnap,+08:00,2,4,,,true,Drainage,Matched
109883,206169,2,18.2669737,121.6858755,2026-02-17 16:05:10.185 +0900,0.0,416,358,,2026-02-17 16:19:24.551 +0900,2026-08-07 11:05:54.298 +0900,"1771312764382-upload_4808565243339857204.jpg",,,9,false,,FieldSnap,+08:00,2,4,,,true,Drainage,Matched
109928,200765,2,18.2685771,121.683199,2026-02-17 16:48:24.103 +0900,0.0,416,358,,2026-02-17 17:00:21.470 +0900,2026-08-07 11:05:54.298 +0900,"1771315221127-upload_6731863077196113464.jpg",,,9,false,,FieldSnap,+08:00,2,4,,,true,Drainage,Matched
109913,201616,2,18.268562,121.6832045,2026-02-17 16:39:16.488 +0900,0.0,416,358,,2026-02-17 16:39:39.045 +0900,2026-08-07 11:05:54.298 +0900,"1771313978698-upload_3432436509281826053.jpg",,Changed the lot number from 2391-B2 to 2391-B,9,false,,FieldSnap,+08:00,2,4,,,true,Drainage,Matched
109929,202332,2,18.2669737,121.6858755,2026-02-17 16:58:19.870 +0900,0.0,416,358,,2026-02-17 17:00:21.860 +0900,2026-08-07 11:05:54.298 +0900,"1771315221128-upload_4108703675575704411.jpg",,,9,false,,FieldSnap,+08:00,2,4,,,true,Drainage,Matched
109930,201615,2,18.2685771,121.683199,2026-02-17 16:45:47.821 +0900,0.0,416,358,,2026-02-17 17:00:21.943 +0900,2026-08-07 11:05:54.298 +0900,"1771315221241-upload_2807149712649037463.jpg",,,9,false,,FieldSnap,+08:00,2,4,,,true,Drainage,Matched
125979,202207,2,18.2612186,121.6922411,2026-03-06 16:54:31.424 +0900,0.0,416,359,,2026-03-06 19:30:36.257 +0900,2026-08-07 11:05:54.298 +0900,"1772793036052-upload_2711230915218338842.jpg",,Changed the lot number from 1658-AD2 to 1658-A,9,false,,FieldSnap,+08:00,2,4,,,true,Drainage,Matched
125832,202309,2,18.256574,121.6886046,2026-03-06 17:35:36.480 +0900,0.0,416,359,,2026-03-06 19:01:10.265 +0900,2026-08-07 11:05:54.298 +0900,"1772791270086-upload_2761398309340780725.jpg",,Changed the lot number from 2431-C to 2431-B.,9,false,,FieldSnap,+08:00,2,4,,,true,Drainage,Matched
105773,204394,2,18.2670391,121.6855191,2026-02-13 10:51:06.423 +0900,0.0,416,359,,2026-02-13 10:51:21.549 +0900,2026-08-07 11:05:54.298 +0900,"1770947481380-upload_3944805315064540260.jpg",,,9,false,,FieldSnap,+08:00,2,4,,,true,Drainage,Matched
125935,201602,2,18.2635534,121.6865882,2026-03-06 16:09:57.379 +0900,0.0,416,358,,2026-03-06 19:04:32.948 +0900,2026-08-07 11:05:54.298 +0900,"1772791472789-upload_8249158914253722209.jpg",,,9,false,,FieldSnap,+08:00,2,4,,,true,Drainage,Matched
126278,202256,2,18.2635534,121.6865882,2026-03-07 12:27:57.767 +0900,0.0,416,358,,2026-03-07 12:28:19.301 +0900,2026-08-07 11:05:54.298 +0900,"1772854098886-upload_6114108636427691054.jpg",,,9,false,,FieldSnap,+08:00,2,4,,,true,Drainage,Matched
126254,200760,2,18.2635534,121.6865882,2026-03-07 11:35:39.543 +0900,0.0,416,358,,2026-03-07 12:03:37.150 +0900,2026-08-07 11:05:54.298 +0900,"1772852616939-upload_6945978815124163131.jpg",,,9,false,,FieldSnap,+08:00,2,4,,,true,Drainage,Matched
120871,201703,2,18.2649346,121.6862319,2026-03-02 11:29:38.802 +0900,0.0,416,359,,2026-03-02 11:30:29.464 +0900,2026-08-07 11:05:54.298 +0900,"1772418629066-upload_2715301342330923043.jpg",,,9,false,,FieldSnap,+08:00,2,4,,,true,Drainage,Matched
124619,200747,2,18.2649346,121.6862319,2026-03-05 12:08:55.442 +0900,0.0,416,359,,2026-03-05 12:55:31.726 +0900,2026-08-07 11:05:54.298 +0900,"1772682931562-upload_2192040560841615517.jpg",,,9,false,,FieldSnap,+08:00,2,4,,,true,Drainage,Matched
124632,200315,2,18.2649346,121.6862319,2026-03-05 10:29:46.666 +0900,0.0,416,359,,2026-03-05 12:55:43.461 +0900,2026-08-07 11:05:54.298 +0900,"1772682943270-upload_4568611025030191753.jpg",,,9,false,,FieldSnap,+08:00,2,4,,,true,Drainage,Matched
124635,200634,2,18.2649346,121.6862319,2026-03-05 10:27:00.272 +0900,0.0,416,359,,2026-03-05 12:55:43.957 +0900,2026-08-07 11:05:54.298 +0900,"1772682943784-upload_7158013005241991822.jpg",,,9,false,,FieldSnap,+08:00,2,4,,,true,Drainage,Matched
124625,202236,2,18.2649346,121.6862319,2026-03-05 11:22:21.900 +0900,0.0,416,359,,2026-03-05 12:55:37.795 +0900,2026-08-07 11:05:54.298 +0900,"1772682937614-upload_1213577772245523385.jpg",,,9,false,,FieldSnap,+08:00,2,4,,,true,Drainage,Matched
113206,201644,2,18.2543488,121.6919333,2026-02-21 11:46:35.263 +0900,0.0,416,358,,2026-02-21 11:49:12.300 +0900,2026-08-07 11:05:54.298 +0900,"1771642151486-upload_3494939316834678070.jpg",,,9,false,,FieldSnap,+08:00,2,4,,,true,Drainage,Matched
114036,202454,2,18.2669737,121.6858755,2026-02-23 10:22:09.523 +0900,0.0,416,358,,2026-02-23 10:29:15.333 +0900,2026-08-07 11:05:54.298 +0900,"1771810155096-upload_2533758214875353158.jpg",,,9,false,,FieldSnap,+08:00,2,4,,,true,Drainage,Matched
114039,202455,2,18.2669737,121.6858755,2026-02-23 10:23:16.078 +0900,0.0,416,358,,2026-02-23 10:29:15.583 +0900,2026-08-07 11:05:54.298 +0900,"1771810155035-upload_1345028860254236179.jpg",,,9,false,,FieldSnap,+08:00,2,4,,,true,Drainage,Matched
114044,200754,2,18.2640522,121.6891234,2026-02-23 10:37:12.085 +0900,0.0,416,358,,2026-02-23 10:37:29.489 +0900,2026-08-07 11:05:54.298 +0900,"1771810649157-upload_7858173134417329271.jpg",,,9,false,,FieldSnap,+08:00,2,4,,,true,Drainage,Matched
114060,202216,2,18.2669737,121.6858755,2026-02-23 10:44:59.832 +0900,0.0,416,358,,2026-02-23 10:45:56.197 +0900,2026-08-07 11:05:54.298 +0900,"1771811156030-upload_5497049759392325887.jpg",,,9,false,,FieldSnap,+08:00,2,4,,,true,Drainage,Matched
114034,206125,2,18.2669737,121.6858755,2026-02-23 10:28:41.323 +0900,0.0,416,358,,2026-02-23 10:29:12.284 +0900,2026-08-07 11:05:54.298 +0900,"1771810152113-upload_189250392687393530.jpg",,,9,false,,FieldSnap,+08:00,2,4,,,true,Drainage,Matched
114121,202344,2,18.2669737,121.6858755,2026-02-23 11:11:08.278 +0900,0.0,416,358,,2026-02-23 11:11:47.221 +0900,2026-08-07 11:05:54.298 +0900,"1771812707018-upload_845653692139737045.jpg",,,9,false,,FieldSnap,+08:00,2,4,,,true,Drainage,Matched
114080,202346,2,18.2669737,121.6858755,2026-02-23 10:52:11.423 +0900,0.0,416,358,,2026-02-23 10:52:23.051 +0900,2026-08-07 11:05:54.298 +0900,"1771811542891-upload_7290877204761909444.jpg",,,9,false,,FieldSnap,+08:00,2,4,,,true,Drainage,Matched
114312,201601,2,18.2640505,121.6891199,2026-02-23 11:21:01.830 +0900,0.0,416,358,,2026-02-23 13:11:30.312 +0900,2026-08-07 11:05:54.298 +0900,"1771819889792-upload_3915119490177041547.jpg",,,9,false,,FieldSnap,+08:00,2,4,,,true,Drainage,Matched
114606,204446,2,18.2608697,121.6959087,2026-02-23 16:23:47.157 +0900,0.0,416,358,,2026-02-23 17:07:57.073 +0900,2026-08-07 11:05:54.298 +0900,"1771834076901-upload_6843264264211469342.jpg",,,9,false,,FieldSnap,+08:00,2,4,,,true,Drainage,Matched
114603,202870,2,18.2610105,121.6959403,2026-02-23 16:30:29.244 +0900,0.0,416,358,,2026-02-23 17:07:56.563 +0900,2026-08-07 11:05:54.298 +0900,"1771834075870-upload_5045138845612863824.jpg",,,9,false,,FieldSnap,+08:00,2,4,,,true,Drainage,Matched
114607,201697,2,18.2669737,121.6858755,2026-02-23 17:11:06.683 +0900,0.0,416,358,,2026-02-23 17:11:37.144 +0900,2026-08-07 11:05:54.298 +0900,"1771834296953-upload_7213717530255166046.jpg",,,9,false,,FieldSnap,+08:00,2,4,,,true,Drainage,Matched
115637,206170,2,18.2700098,121.7038509,2026-02-24 15:55:21.464 +0900,0.0,416,358,,2026-02-24 16:00:56.813 +0900,2026-08-07 11:05:54.298 +0900,"1771916456622-upload_106065950041065437.jpg",,,9,false,,FieldSnap,+08:00,2,4,,,true,Drainage,Matched
115749,204438,2,18.2652636,121.6862319,2026-02-24 16:28:13.147 +0900,0.0,416,359,,2026-02-24 17:03:56.534 +0900,2026-08-07 11:05:54.298 +0900,"1771920236308-upload_6429774036081661910.jpg",,,9,false,,FieldSnap,+08:00,2,4,,,true,Drainage,Matched
115744,202453,2,18.2652636,121.6862319,2026-02-24 16:45:54.273 +0900,0.0,416,358,,2026-02-24 17:03:53.885 +0900,2026-08-07 11:05:54.298 +0900,"1771920233615-upload_8484083092728951807.jpg",,Changed the lot number from 2391-BD2 to 2391-A,9,false,,FieldSnap,+08:00,2,4,,,true,Drainage,Matched
115745,204440,2,18.2652636,121.6862319,2026-02-24 16:37:20.079 +0900,0.0,416,359,,2026-02-24 17:03:55.276 +0900,2026-08-07 11:05:54.298 +0900,"1771920235090-upload_602881338712113365.jpg",,,9,false,,FieldSnap,+08:00,2,4,,,true,Drainage,Matched
116133,202213,2,18.2669737,121.6858755,2026-02-25 10:57:11.657 +0900,0.0,416,358,,2026-02-25 11:50:52.016 +0900,2026-08-07 11:05:54.298 +0900,"1771987851860-upload_5585948905828246946.jpg",,,9,false,,FieldSnap,+08:00,2,4,,,true,Drainage,Matched
116130,202342,2,18.2669737,121.6858755,2026-02-25 10:53:05.187 +0900,0.0,416,358,,2026-02-25 11:50:51.107 +0900,2026-08-07 11:05:54.298 +0900,"1771987850912-upload_6605435302734595211.jpg",,,9,false,,FieldSnap,+08:00,2,4,,,true,Drainage,Matched
116132,202221,2,18.2669737,121.6858755,2026-02-25 11:20:13.467 +0900,0.0,416,358,,2026-02-25 11:50:51.406 +0900,2026-08-07 11:05:54.298 +0900,"1771987851191-upload_245999621733686719.jpg",,,9,false,,FieldSnap,+08:00,2,4,,,true,Drainage,Matched
116128,200749,2,18.2669737,121.6858755,2026-02-25 11:27:50.671 +0900,0.0,416,358,,2026-02-25 11:50:50.611 +0900,2026-08-07 11:05:54.298 +0900,"1771987850386-upload_2513599530664800913.jpg",,,9,false,,FieldSnap,+08:00,2,4,,,true,Drainage,Matched
124878,202310,2,18.2649346,121.6862319,2026-03-05 17:06:56.864 +0900,0.0,416,359,,2026-03-05 18:46:16.988 +0900,2026-08-07 11:05:54.298 +0900,"1772703976815-upload_6361184014670068704.jpg",,,9,false,,FieldSnap,+08:00,2,4,,,true,Drainage,Matched
124875,201640,2,18.2649346,121.6862319,2026-03-05 17:21:07.053 +0900,0.0,416,359,,2026-03-05 18:46:13.164 +0900,2026-08-07 11:05:54.298 +0900,"1772703972946-upload_8004056369279728347.jpg",,,9,false,,FieldSnap,+08:00,2,4,,,true,Drainage,Matched
124877,204453,2,18.2649346,121.6862319,2026-03-05 17:23:29.071 +0900,0.0,416,359,,2026-03-05 18:46:16.752 +0900,2026-08-07 11:05:54.298 +0900,"1772703976578-upload_721234535438259662.jpg",,,9,false,,FieldSnap,+08:00,2,4,,,true,Drainage,Matched
124876,201639,2,18.2649346,121.6862319,2026-03-05 17:13:50.265 +0900,0.0,416,359,,2026-03-05 18:46:13.508 +0900,2026-08-07 11:05:54.298 +0900,"1772703973309-upload_2928655709722406378.jpg",,,9,false,,FieldSnap,+08:00,2,4,,,true,Drainage,Matched
116929,204423,2,18.2669737,121.6858755,2026-02-26 10:19:31.484 +0900,0.0,416,358,,2026-02-26 10:36:57.191 +0900,2026-08-07 11:05:54.298 +0900,"1772069816889-upload_7456865250860209209.jpg",,,9,false,,FieldSnap,+08:00,2,4,,,true,Drainage,Matched
116930,201669,2,18.2669737,121.6858755,2026-02-26 10:26:05.490 +0900,0.0,416,358,,2026-02-26 10:36:57.282 +0900,2026-08-07 11:05:54.298 +0900,"1772069816912-upload_5222079204038535979.jpg",,,9,false,,FieldSnap,+08:00,2,4,,,true,Drainage,Matched
116936,201678,2,18.2669737,121.6858755,2026-02-26 10:43:57.569 +0900,0.0,416,358,,2026-02-26 10:44:18.193 +0900,2026-08-07 11:05:54.298 +0900,"1772070257835-upload_3005051625643998462.jpg",,,9,false,,FieldSnap,+08:00,2,4,,,true,Drainage,Matched
116938,204490,2,18.2669737,121.6858755,2026-02-26 10:49:05.385 +0900,0.0,416,359,,2026-02-26 10:49:48.429 +0900,2026-08-07 11:05:54.298 +0900,"1772070588117-upload_286402259000436485.jpg",,,9,false,,FieldSnap,+08:00,2,4,,,true,Drainage,Matched
116928,201620,2,18.2669737,121.6858755,2026-02-26 10:36:35.175 +0900,0.0,416,358,,2026-02-26 10:36:57.076 +0900,2026-08-07 11:05:54.298 +0900,"1772069816864-upload_8253908180094037799.jpg",,Changed the lot number from 1473D2 to 1473,9,false,,FieldSnap,+08:00,2,4,,,true,Drainage,Matched
117006,201621,2,18.2652636,121.6862319,2026-02-26 11:06:54.070 +0900,0.0,416,358,,2026-02-26 11:11:35.243 +0900,2026-08-07 11:05:54.298 +0900,"1772071895068-upload_8862458441109648574.jpg",,,9,false,,FieldSnap,+08:00,2,4,,,true,Drainage,Matched
117007,202339,2,18.2652636,121.6862319,2026-02-26 11:10:36.846 +0900,0.0,416,358,,2026-02-26 11:11:35.811 +0900,2026-08-07 11:05:54.298 +0900,"1772071895440-upload_8251856180973893889.jpg",,,9,false,,FieldSnap,+08:00,2,4,,,true,Drainage,Matched
117028,201611,2,18.2669737,121.6858755,2026-02-26 11:24:39.841 +0900,0.0,416,359,,2026-02-26 11:26:43.127 +0900,2026-08-07 11:05:54.298 +0900,"1772072802965-upload_5811453699685776054.jpg",,,9,false,,FieldSnap,+08:00,2,4,,,true,Drainage,Matched
117035,204413,2,18.2669737,121.6858755,2026-02-26 11:31:04.599 +0900,0.0,416,359,,2026-02-26 11:31:27.313 +0900,2026-08-07 11:05:54.298 +0900,"1772073087143-upload_4826424063119442383.jpg",,,9,false,,FieldSnap,+08:00,2,4,,,true,Drainage,Matched
117042,201609,2,18.2669737,121.6858755,2026-02-26 11:41:35.733 +0900,0.0,416,359,,2026-02-26 11:41:46.337 +0900,2026-08-07 11:05:54.298 +0900,"1772073706172-upload_1538852854113035338.jpg",,,9,false,,FieldSnap,+08:00,2,4,,,true,Drainage,Matched
117027,202235,2,18.2652636,121.6862319,2026-02-26 11:19:53.026 +0900,0.0,416,358,,2026-02-26 11:26:42.479 +0900,2026-08-07 11:05:54.298 +0900,"1772072802284-upload_1521879344634855735.jpg",,changed the lot number from 1650-D2 into 1650-1,9,false,,FieldSnap,+08:00,2,4,,,true,Drainage,Matched
108799,204410,2,18.2669737,121.6858755,2026-02-16 18:20:32.454 +0900,0.0,416,358,,2026-02-16 18:21:03.484 +0900,2026-08-07 11:05:54.298 +0900,"1771233663176-upload_6740499388242971037.jpg",,Changed the lot number from 1472D2 to 1472,9,false,,FieldSnap,+08:00,2,4,,,true,Drainage,Matched
117814,,3,18.2652636,121.6862319,2026-02-27 10:02:53.562 +0900,20.0,416,358,,2026-02-27 10:04:18.665 +0900,2026-06-30 16:27:06.394 +0900,"1772154258494-upload_91250393463344825.jpg","1456-D2",,9,false,,FieldSnap,+08:00,3,3,,,false,Flooding,Pending Match
96736,,3,18.2669737,121.6858755,2026-02-02 18:48:35.248 +0900,16.0,416,358,,2026-02-02 19:59:07.315 +0900,2026-06-30 16:27:06.394 +0900,"1770029946227-upload_7501588003844682226.jpg","1449D2",,9,false,,FieldSnap,+08:00,3,3,,,false,Flooding,Pending Match
117983,,3,18.2652636,121.6862319,2026-02-27 11:47:13.004 +0900,19.0,416,358,,2026-02-27 11:59:01.886 +0900,2026-06-30 16:27:06.394 +0900,"1772161141697-upload_5773332181728420975.jpg","1497D2",,9,false,,FieldSnap,+08:00,3,3,,,false,Flooding,Pending Match
118002,,3,18.2669737,121.6858755,2026-02-27 11:12:46.269 +0900,20.0,416,358,,2026-02-27 11:59:37.523 +0900,2026-06-30 16:27:06.394 +0900,"1772161177344-upload_6679741134502496811.jpg","1531-AB",,9,false,,FieldSnap,+08:00,3,3,,,false,Flooding,Pending Match
102718,,3,18.2670391,121.6855191,2026-02-08 14:54:19.745 +0900,19.0,416,358,,2026-02-08 19:31:24.016 +0900,2026-06-30 16:27:06.394 +0900,"1770546683851-upload_9087885416962062827.jpg","1483-A",,9,false,,FieldSnap,+08:00,3,3,,,false,Flooding,Pending Match
104859,,3,18.2670391,121.6855191,2026-02-12 10:46:33.628 +0900,11.0,416,358,,2026-02-12 10:47:14.943 +0900,2026-06-30 16:27:06.394 +0900,"1770860834396-upload_8384985878294403542.jpg","2427-A",,9,false,,FieldSnap,+08:00,36,3,,,false,Saturated,Pending Match
107948,,3,18.2669737,121.6858755,2026-02-16 10:48:42.477 +0900,15.0,416,358,,2026-02-16 11:04:26.506 +0900,2026-06-30 16:27:06.394 +0900,"1771207466187-upload_3891685018025703322.jpg","1413D2",,9,false,,FieldSnap,+08:00,3,3,,,false,Flooding,Pending Match
107995,,3,18.2669737,121.6858755,2026-02-16 11:17:21.208 +0900,15.0,416,358,,2026-02-16 11:19:57.726 +0900,2026-06-30 16:27:06.394 +0900,"1771208397379-upload_2789614937311884108.jpg","1482D2",,9,false,,FieldSnap,+08:00,3,3,,,false,Flooding,Pending Match
107997,,3,18.2669737,121.6858755,2026-02-16 11:19:37.803 +0900,18.0,416,358,,2026-02-16 11:19:57.987 +0900,2026-06-30 16:27:06.394 +0900,"1771208397759-upload_3329906891635536397.jpg","1515-C",,9,false,,FieldSnap,+08:00,3,3,,,false,Flooding,Pending Match
108059,,3,18.2669737,121.6858755,2026-02-16 11:34:56.544 +0900,15.0,416,358,,2026-02-16 11:46:36.206 +0900,2026-06-30 16:27:06.394 +0900,"1771209995962-upload_5890016212838039801.jpg","1517-C",,9,false,,FieldSnap,+08:00,3,3,,,false,Flooding,Pending Match
108123,,3,18.2669737,121.6858755,2026-02-16 12:01:46.582 +0900,17.0,416,358,,2026-02-16 12:13:30.982 +0900,2026-06-30 16:27:06.394 +0900,"1771211610783-upload_3648415000521709911.jpg","1522",,9,false,,FieldSnap,+08:00,3,3,,,false,Flooding,Pending Match
108120,,3,18.2669737,121.6858755,2026-02-16 12:05:48.310 +0900,14.0,416,358,,2026-02-16 12:13:28.940 +0900,2026-06-30 16:27:06.394 +0900,"1771211608503-upload_4493892646342807300.jpg","1512D2",,9,false,,FieldSnap,+08:00,36,3,,,false,Saturated,Pending Match
110825,,3,18.2669737,121.6858755,2026-02-18 10:13:15.279 +0900,16.0,416,358,,2026-02-18 10:22:21.505 +0900,2026-06-30 16:27:06.394 +0900,"1771377741262-upload_5772647106206717922.jpg","2375-A",,9,false,,FieldSnap,+08:00,3,3,,,false,Flooding,Pending Match
110824,,3,18.2669737,121.6858755,2026-02-18 10:18:35.631 +0900,14.0,416,358,,2026-02-18 10:22:21.497 +0900,2026-06-30 16:27:06.394 +0900,"1771377741304-upload_554507897864201137.jpg","2370",,9,false,,FieldSnap,+08:00,36,3,,,false,Saturated,Pending Match
110832,,3,18.2669737,121.6858755,2026-02-18 10:29:25.846 +0900,15.0,416,358,,2026-02-18 10:29:39.018 +0900,2026-06-30 16:27:06.394 +0900,"1771378178833-upload_3776434759138413564.jpg","2350-A",,9,false,,FieldSnap,+08:00,3,3,,,false,Flooding,Pending Match
110841,,3,18.2669737,121.6858755,2026-02-18 10:38:20.109 +0900,14.0,416,358,,2026-02-18 10:39:13.522 +0900,2026-06-30 16:27:06.394 +0900,"1771378753016-upload_935852863233360919.jpg","2368-C",,9,false,,FieldSnap,+08:00,36,3,,,false,Saturated,Pending Match
110822,,3,18.2669737,121.6858755,2026-02-18 10:09:54.674 +0900,15.0,416,358,,2026-02-18 10:22:20.222 +0900,2026-06-30 16:27:06.394 +0900,"1771377740018-upload_7286354725084239749.jpg","2347-A",,9,false,,FieldSnap,+08:00,3,3,,,false,Flooding,Pending Match
111148,,3,18.268391,121.6829579,2026-02-18 15:17:52.815 +0900,22.0,416,358,,2026-02-18 15:25:46.143 +0900,2026-06-30 16:27:06.394 +0900,"1771395945748-upload_4903097408607152302.jpg","1426-B",,9,false,,FieldSnap,+08:00,3,3,,,false,Flooding,Pending Match
126520,,3,18.2635534,121.6865882,2026-03-07 17:18:41.995 +0900,16.0,416,358,,2026-03-07 17:18:56.700 +0900,2026-06-30 16:27:06.394 +0900,"1772871535855-upload_4844723065230237589.jpg","2366-A",,9,false,,FieldSnap,+08:00,3,3,,,false,Flooding,Pending Match
115269,,3,18.2669737,121.6858755,2026-02-24 09:53:35.709 +0900,14.0,416,358,,2026-02-24 11:20:33.151 +0900,2026-06-30 16:27:06.394 +0900,"1771899632967-upload_8436702210331906395.jpg","2422-B",,9,false,,FieldSnap,+08:00,36,3,,,false,Saturated,Pending Match
115273,,3,18.2669737,121.6858755,2026-02-24 10:04:27.271 +0900,16.0,416,358,,2026-02-24 11:20:35.262 +0900,2026-06-30 16:27:06.394 +0900,"1771899635047-upload_6971336027278517621.jpg","2416-A",,9,false,,FieldSnap,+08:00,3,3,,,false,Flooding,Pending Match
116139,,3,18.2669737,121.6858755,2026-02-25 10:28:36.625 +0900,18.0,416,358,,2026-02-25 11:51:01.095 +0900,2026-06-30 16:27:06.394 +0900,"1771987860827-upload_3134260044967403609.jpg","2390",,9,false,,FieldSnap,+08:00,3,3,,,false,Flooding,Pending Match
126246,201639,3,18.2590827,121.689439,2026-03-07 11:41:39.137 +0900,15.0,416,358,,2026-03-07 12:01:53.625 +0900,2026-08-07 11:05:54.298 +0900,"1772852513053-upload_1158999921275814596.jpg",,,9,false,,FieldSnap,+08:00,3,4,,,true,Flooding,Matched
102713,,3,18.2670391,121.6855191,2026-02-08 15:51:07.506 +0900,21.0,416,358,,2026-02-08 19:31:22.675 +0900,2026-06-30 16:27:06.394 +0900,"1770546682380-upload_3875803291162708767.jpg","1493-A",,9,false,,FieldSnap,+08:00,3,3,,,false,Flooding,Pending Match
102725,,3,18.2670391,121.6855191,2026-02-08 14:51:13.114 +0900,17.0,416,358,,2026-02-08 19:31:27.762 +0900,2026-06-30 16:27:06.394 +0900,"1770546687606-upload_2101795354887103809.jpg","1483-B",,9,false,,FieldSnap,+08:00,3,3,,,false,Flooding,Pending Match
115275,,3,18.2669737,121.6858755,2026-02-24 09:41:38.596 +0900,15.0,416,358,,2026-02-24 11:20:36.023 +0900,2026-06-30 16:27:06.394 +0900,"1771899635726-upload_8640729345650240964.jpg","2410-A",,9,false,,FieldSnap,+08:00,3,3,,,false,Flooding,Pending Match
122121,201703,3,18.2649346,121.6862319,2026-03-03 10:19:56.757 +0900,17.0,416,358,,2026-03-03 11:08:27.030 +0900,2026-08-07 11:05:54.298 +0900,"1772503706709-upload_8258528340693189694.jpg",,,9,false,,FieldSnap,+08:00,3,4,,,true,Flooding,Matched
122123,206146,3,18.2649346,121.6862319,2026-03-03 10:15:43.018 +0900,15.0,416,358,,2026-03-03 11:08:27.533 +0900,2026-08-07 11:05:54.298 +0900,"1772503707338-upload_4307876724763806434.jpg",,,9,false,,FieldSnap,+08:00,3,4,,,true,Flooding,Matched
122127,202268,3,18.2649346,121.6862319,2026-03-03 10:41:07.465 +0900,17.0,416,358,,2026-03-03 11:08:28.933 +0900,2026-08-07 11:05:54.298 +0900,"1772503708644-upload_568851515276278363.jpg",,,9,false,,FieldSnap,+08:00,3,4,,,true,Flooding,Matched
122126,201702,3,18.2649346,121.6862319,2026-03-03 10:27:55.883 +0900,20.0,416,358,,2026-03-03 11:08:28.627 +0900,2026-08-07 11:05:54.298 +0900,"1772503708441-upload_4656590432633787571.jpg",,,9,false,,FieldSnap,+08:00,3,4,,,true,Flooding,Matched
122130,201701,3,18.2669737,121.6858755,2026-03-03 10:07:34.993 +0900,14.0,416,358,,2026-03-03 11:08:31.872 +0900,2026-08-07 11:05:54.298 +0900,"1772503711697-upload_8361613463231162026.jpg",,,9,false,,FieldSnap,+08:00,36,4,,,true,Saturated,Matched
91719,204467,3,18.2523945,121.6871363,2026-01-28 14:53:18.846 +0900,18.0,416,359,,2026-01-28 18:36:56.451 +0900,2026-08-07 11:05:54.298 +0900,"1769593016228-upload_7281240458421362255.jpg",,,9,false,,FieldSnap,+08:00,3,4,,,true,Flooding,Matched
93296,202862,3,18.2546777,121.6919333,2026-01-30 16:38:34.245 +0900,18.0,416,358,,2026-01-30 16:39:41.434 +0900,2026-08-07 11:05:54.298 +0900,"1769758780874-upload_8690355540578381003.jpg",,,9,false,,FieldSnap,+08:00,3,4,,,true,Flooding,Matched
111150,202443,3,18.2652636,121.6862319,2026-02-18 15:08:30.306 +0900,17.0,416,358,,2026-02-18 15:25:48.111 +0900,2026-08-07 11:05:54.298 +0900,"1771395947867-upload_230537247605558547.jpg",,Changed the lot number from 2444 to 2449,9,false,,FieldSnap,+08:00,3,4,,,true,Flooding,Matched
117836,204423,3,18.290555,121.8254791,2026-02-27 10:09:36.933 +0900,15.0,416,358,,2026-02-27 10:10:41.202 +0900,2026-08-07 11:05:54.298 +0900,"1772154640933-upload_5333508425431374691.jpg",,,9,false,,FieldSnap,+08:00,3,4,,,true,Flooding,Matched
117863,202339,3,18.2669737,121.6858755,2026-02-27 10:27:11.370 +0900,15.0,416,358,,2026-02-27 10:29:24.927 +0900,2026-08-07 11:05:54.298 +0900,"1772155764728-upload_7553174182863098347.jpg",,,9,false,,FieldSnap,+08:00,3,4,,,true,Flooding,Matched
117860,201678,3,18.2669737,121.6858755,2026-02-27 10:15:26.380 +0900,17.0,416,358,,2026-02-27 10:29:24.268 +0900,2026-08-07 11:05:54.298 +0900,"1772155764027-upload_2962241892091462263.jpg",,,9,false,,FieldSnap,+08:00,3,4,,,true,Flooding,Matched
117862,204490,3,18.2669737,121.6858755,2026-02-27 10:17:10.673 +0900,16.0,416,359,,2026-02-27 10:29:24.578 +0900,2026-08-07 11:05:54.298 +0900,"1772155764048-upload_3735686741940342078.jpg",,,9,false,,FieldSnap,+08:00,3,4,,,true,Flooding,Matched
117861,202463,3,18.2669737,121.6858755,2026-02-27 10:21:09.735 +0900,17.0,416,358,,2026-02-27 10:29:24.366 +0900,2026-08-07 11:05:54.298 +0900,"1772155764184-upload_4885264438064660194.jpg",,,9,false,,FieldSnap,+08:00,3,4,,,true,Flooding,Matched
117858,201669,3,18.290555,121.8254791,2026-02-27 10:12:00.395 +0900,16.0,416,358,,2026-02-27 10:29:20.404 +0900,2026-08-07 11:05:54.298 +0900,"1772155759581-upload_3497369793000597212.jpg",,,9,false,,FieldSnap,+08:00,3,4,,,true,Flooding,Matched
117859,206456,3,18.2669737,121.6858755,2026-02-27 10:28:18.412 +0900,16.0,416,358,,2026-02-27 10:29:24.214 +0900,2026-08-07 11:05:54.298 +0900,"1772155763931-upload_3167666857513957268.jpg",,Changed the lot number from 1480D2 to 1480,9,false,,FieldSnap,+08:00,3,4,,,true,Flooding,Matched
117986,201684,3,18.2652636,121.6862319,2026-02-27 11:44:30.142 +0900,17.0,416,358,,2026-02-27 11:59:04.693 +0900,2026-08-07 11:05:54.298 +0900,"1772161144512-upload_854931718670488299.jpg",,,9,false,,FieldSnap,+08:00,3,4,,,true,Flooding,Matched
117990,202406,3,18.2652636,121.6862319,2026-02-27 11:42:31.216 +0900,19.0,416,358,,2026-02-27 11:59:05.754 +0900,2026-08-07 11:05:54.298 +0900,"1772161145581-upload_4085256075720153119.jpg",,,9,false,,FieldSnap,+08:00,3,4,,,true,Flooding,Matched
117989,200635,3,18.2652636,121.6862319,2026-02-27 11:39:43.553 +0900,15.0,416,358,,2026-02-27 11:59:05.309 +0900,2026-08-07 11:05:54.298 +0900,"1772161145116-upload_2007221703079294715.jpg",,,9,false,,FieldSnap,+08:00,3,4,,,true,Flooding,Matched
117998,206149,3,18.2652636,121.6862319,2026-02-27 11:15:12.109 +0900,15.0,416,358,,2026-02-27 11:59:29.492 +0900,2026-08-07 11:05:54.298 +0900,"1772161169279-upload_7560519999532775014.jpg",,,9,false,,FieldSnap,+08:00,3,4,,,true,Flooding,Matched
118004,201609,3,18.2669737,121.6858755,2026-02-27 10:43:38.511 +0900,15.0,416,358,,2026-02-27 11:59:39.751 +0900,2026-08-07 11:05:54.298 +0900,"1772161179582-upload_3115801271651522687.jpg",,,9,false,,FieldSnap,+08:00,3,4,,,true,Flooding,Matched
117995,202217,3,18.2652636,121.6862319,2026-02-27 11:13:41.451 +0900,20.0,416,358,,2026-02-27 11:59:26.058 +0900,2026-08-07 11:05:54.298 +0900,"1772161165867-upload_6726162144370729122.jpg",,,9,false,,FieldSnap,+08:00,3,4,,,true,Flooding,Matched
117985,202238,3,18.2652636,121.6862319,2026-02-27 11:46:24.683 +0900,14.0,416,358,,2026-02-27 11:59:04.222 +0900,2026-08-07 11:05:54.298 +0900,"1772161144051-upload_6391454082930645360.jpg",,,9,false,,FieldSnap,+08:00,36,4,,,true,Saturated,Matched
118009,204432,3,18.2669737,121.6858755,2026-02-27 10:32:35.348 +0900,15.0,416,358,,2026-02-27 11:59:46.229 +0900,2026-08-07 11:05:54.298 +0900,"1772161186024-upload_1812188785479239188.jpg",,Changed the lot number from 1655 to 1654,9,false,,FieldSnap,+08:00,3,4,,,true,Flooding,Matched
118008,202235,3,18.2669737,121.6858755,2026-02-27 10:34:15.359 +0900,15.0,416,358,,2026-02-27 11:59:45.829 +0900,2026-08-07 11:05:54.298 +0900,"1772161185669-upload_1794754170834945553.jpg",,changed the lot number from 1650-D2 into 1650-1,9,false,,FieldSnap,+08:00,3,4,,,true,Flooding,Matched
117988,202237,3,18.2652636,121.6862319,2026-02-27 11:37:18.603 +0900,16.0,416,358,,2026-02-27 11:59:04.742 +0900,2026-08-07 11:05:54.298 +0900,"1772161144537-upload_4705751417723887966.jpg",,,9,false,,FieldSnap,+08:00,3,4,,,true,Flooding,Matched
117996,202199,3,18.2652636,121.6862319,2026-02-27 11:25:15.867 +0900,17.0,416,358,,2026-02-27 11:59:27.679 +0900,2026-08-07 11:05:54.298 +0900,"1772161167514-upload_6680864234476083280.jpg",,,9,false,,FieldSnap,+08:00,3,4,,,true,Flooding,Matched
118006,201611,3,18.2669737,121.6858755,2026-02-27 10:36:46.575 +0900,15.0,416,358,,2026-02-27 11:59:44.852 +0900,2026-08-07 11:05:54.298 +0900,"1772161184682-upload_8666782612463080345.jpg",,,9,false,,FieldSnap,+08:00,3,4,,,true,Flooding,Matched
117994,202208,3,18.2652636,121.6862319,2026-02-27 11:16:26.359 +0900,21.0,416,358,,2026-02-27 11:59:26.026 +0900,2026-08-07 11:05:54.298 +0900,"1772161165858-upload_4989153981600386506.jpg",,,9,false,,FieldSnap,+08:00,3,4,,,true,Flooding,Matched
117992,200743,3,18.2652636,121.6862319,2026-02-27 11:24:16.541 +0900,18.0,416,358,,2026-02-27 11:59:11.780 +0900,2026-08-07 11:05:54.298 +0900,"1772161151509-upload_5992959201050310818.jpg",,Changed the lot number from 1507/1507-B to 1520/1507-A,9,false,,FieldSnap,+08:00,3,4,,,true,Flooding,Matched
118007,206124,3,18.2669737,121.6858755,2026-02-27 10:58:25.851 +0900,12.0,416,358,,2026-02-27 11:59:45.521 +0900,2026-08-07 11:05:54.298 +0900,"1772161185368-upload_308258535827106775.jpg",,,9,false,,FieldSnap,+08:00,36,4,,,true,Saturated,Matched
118011,202446,3,18.2652636,121.6862319,2026-02-27 12:04:41.090 +0900,14.0,416,358,,2026-02-27 12:04:54.236 +0900,2026-08-07 11:05:54.298 +0900,"1772161494015-upload_9042183418275302783.jpg",,Changed the lot number from 2457-c to 2452-C,9,false,,FieldSnap,+08:00,36,4,,,true,Saturated,Matched
111194,204581,3,18.2669737,121.6858755,2026-02-18 16:22:59.839 +0900,17.0,416,358,,2026-02-18 16:25:00.413 +0900,2026-08-07 11:05:54.298 +0900,"1771399500253-upload_2715754179268428986.jpg",,Changed the lot number from 1452-2 to 1452-A,9,false,,FieldSnap,+08:00,3,4,,,true,Flooding,Matched
125458,202236,3,18.2669737,121.6858755,2026-03-06 11:50:26.478 +0900,17.0,416,358,,2026-03-06 13:34:53.466 +0900,2026-08-07 11:05:54.298 +0900,"1772771693282-upload_1973466871909405170.jpg",,,9,false,,FieldSnap,+08:00,3,4,,,true,Flooding,Matched
93268,202858,3,18.2601277,121.6898028,2026-01-30 15:41:14.898 +0900,8.0,416,358,,2026-01-30 15:58:29.374 +0900,2026-08-07 11:05:54.298 +0900,"1769756308872-upload_7649272558642660793.jpg",,,9,false,,FieldSnap,+08:00,37,4,,,true,Dry,Matched
123885,204431,3,18.2625683,121.6883699,2026-03-04 11:09:47.662 +0900,17.0,416,358,,2026-03-04 18:59:38.586 +0900,2026-08-07 11:05:54.298 +0900,"1772618378003-upload_8398096352924116450.jpg",,,9,false,,FieldSnap,+08:00,3,4,,,true,Flooding,Matched
123898,202225,3,18.2625683,121.6883699,2026-03-04 10:18:11.725 +0900,18.0,416,358,,2026-03-04 19:00:02.551 +0900,2026-08-07 11:05:54.298 +0900,"1772618402336-upload_1353266560040107075.jpg",,,9,false,,FieldSnap,+08:00,3,4,,,true,Flooding,Matched
102730,202210,3,18.2670391,121.6855191,2026-02-08 15:41:32.202 +0900,13.0,416,358,,2026-02-08 19:31:56.728 +0900,2026-08-07 11:05:54.298 +0900,"1770546716569-upload_7721514501637556180.jpg",,,9,false,,FieldSnap,+08:00,36,4,,,true,Saturated,Matched
102746,202215,3,18.2670391,121.6855191,2026-02-08 14:52:35.373 +0900,18.0,416,358,,2026-02-08 19:33:17.835 +0900,2026-08-07 11:05:54.298 +0900,"1770546797668-upload_4092533769019299093.jpg",,,9,false,,FieldSnap,+08:00,3,4,,,true,Flooding,Matched
102741,202241,3,18.2670391,121.6855191,2026-02-08 15:07:20.123 +0900,20.0,416,358,,2026-02-08 19:33:12.643 +0900,2026-08-07 11:05:54.298 +0900,"1770546792437-upload_1015903358059319079.jpg",,,9,false,,FieldSnap,+08:00,3,4,,,true,Flooding,Matched
102721,206127,3,18.2670391,121.6855191,2026-02-08 15:31:15.037 +0900,17.0,416,358,,2026-02-08 19:31:25.895 +0900,2026-08-07 11:05:54.298 +0900,"1770546685738-upload_2781082656021154156.jpg",,,9,false,,FieldSnap,+08:00,3,4,,,true,Flooding,Matched
102727,201661,3,18.2670391,121.6855191,2026-02-08 15:14:47.100 +0900,17.0,416,358,,2026-02-08 19:31:29.033 +0900,2026-08-07 11:05:54.298 +0900,"1770546688666-upload_1138527375232432885.jpg",,,9,false,,FieldSnap,+08:00,3,4,,,true,Flooding,Matched
102743,202214,3,18.2670391,121.6855191,2026-02-08 15:28:33.007 +0900,18.0,416,358,,2026-02-08 19:33:13.958 +0900,2026-08-07 11:05:54.298 +0900,"1770546793808-upload_2969667071987792114.jpg",,,9,false,,FieldSnap,+08:00,3,4,,,true,Flooding,Matched
102748,204463,3,18.2670391,121.6855191,2026-02-08 15:08:42.849 +0900,19.0,416,358,,2026-02-08 19:33:19.439 +0900,2026-08-07 11:05:54.298 +0900,"1770546799058-upload_7761293024122577828.jpg",,,9,false,,FieldSnap,+08:00,3,4,,,true,Flooding,Matched
102728,204469,3,18.2670391,121.6855191,2026-02-08 15:52:11.588 +0900,21.0,416,359,,2026-02-08 19:31:55.700 +0900,2026-08-07 11:05:54.298 +0900,"1770546715541-upload_8981847061802133215.jpg",,,9,false,,FieldSnap,+08:00,3,4,,,true,Flooding,Matched
102714,202204,3,18.2670391,121.6855191,2026-02-08 15:33:53.367 +0900,16.0,416,358,,2026-02-08 19:31:22.876 +0900,2026-08-07 11:05:54.298 +0900,"1770546682702-upload_4896316755285507307.jpg",,,9,false,,FieldSnap,+08:00,3,4,,,true,Flooding,Matched
102717,202890,3,18.2634502,121.6944523,2026-02-08 16:59:12.342 +0900,15.0,416,358,,2026-02-08 19:31:23.558 +0900,2026-08-07 11:05:54.298 +0900,"1770546683379-upload_6876491451235939363.jpg",,,9,false,,FieldSnap,+08:00,3,4,,,true,Flooding,Matched
122122,202240,3,18.2649346,121.6862319,2026-03-03 11:02:46.682 +0900,16.0,416,358,,2026-03-03 11:08:27.406 +0900,2026-08-07 11:05:54.298 +0900,"1772503707222-upload_6007009137591688055.jpg",,,9,false,,FieldSnap,+08:00,3,4,,,true,Flooding,Matched
122124,202205,3,18.2649346,121.6862319,2026-03-03 10:55:12.970 +0900,17.0,416,358,,2026-03-03 11:08:28.082 +0900,2026-08-07 11:05:54.298 +0900,"1772503707902-upload_4305111438055124773.jpg",,,9,false,,FieldSnap,+08:00,3,4,,,true,Flooding,Matched
104416,204592,3,18.2670391,121.6855191,2026-02-11 16:13:23.117 +0900,16.0,416,358,,2026-02-11 19:32:36.370 +0900,2026-08-07 11:05:54.298 +0900,"1770805956183-upload_6592601310187872638.jpg",,,9,false,,FieldSnap,+08:00,3,4,,,true,Flooding,Matched
104409,202451,3,18.2670391,121.6855191,2026-02-11 17:36:52.734 +0900,15.0,416,358,,2026-02-11 19:32:21.711 +0900,2026-08-07 11:05:54.298 +0900,"1770805941340-upload_4569269671692047681.jpg",,,9,false,,FieldSnap,+08:00,3,4,,,true,Flooding,Matched
104412,204392,3,18.2670391,121.6855191,2026-02-11 16:52:00.350 +0900,14.0,416,359,,2026-02-11 19:32:31.333 +0900,2026-08-07 11:05:54.298 +0900,"1770805951162-upload_6625143137701144197.jpg",,,9,false,,FieldSnap,+08:00,36,4,,,true,Saturated,Matched
104421,202869,3,18.2619759,121.6880136,2026-02-11 15:57:46.210 +0900,16.0,416,358,,2026-02-11 19:32:49.854 +0900,2026-08-07 11:05:54.298 +0900,"1770805969648-upload_5598217776278271156.jpg",,,9,false,,FieldSnap,+08:00,3,4,,,true,Flooding,Matched
104418,204447,3,18.2670391,121.6855191,2026-02-11 16:16:42.611 +0900,15.0,416,358,,2026-02-11 19:32:43.916 +0900,2026-08-07 11:05:54.298 +0900,"1770805963763-upload_9197306060565548779.jpg",,,9,false,,FieldSnap,+08:00,3,4,,,true,Flooding,Matched
122125,204427,3,18.2649346,121.6862319,2026-03-03 10:46:26.448 +0900,17.0,416,358,,2026-03-03 11:08:28.110 +0900,2026-08-07 11:05:54.298 +0900,"1772503707928-upload_1357164639620648878.jpg",,,9,false,,FieldSnap,+08:00,3,4,,,true,Flooding,Matched
104839,202331,3,18.269413,121.682796,2026-02-12 10:30:23.604 +0900,15.0,416,359,,2026-02-12 10:30:37.202 +0900,2026-08-07 11:05:54.298 +0900,"1770859836140-upload_2260994345689388554.jpg",,,9,false,,FieldSnap,+08:00,3,4,,,true,Flooding,Matched
104835,202195,3,18.2670391,121.6855191,2026-02-12 10:27:41.796 +0900,15.0,416,358,,2026-02-12 10:27:51.831 +0900,2026-08-07 11:05:54.298 +0900,"1770859671663-upload_4140880937970337138.jpg",,,9,false,,FieldSnap,+08:00,3,4,,,true,Flooding,Matched
122129,204414,3,18.2649346,121.6862319,2026-03-03 10:13:44.794 +0900,15.0,416,358,,2026-03-03 11:08:31.620 +0900,2026-08-07 11:05:54.298 +0900,"1772503711420-upload_2471290692309737517.jpg",,,9,false,,FieldSnap,+08:00,3,4,,,true,Flooding,Matched
105345,200746,3,18.2670391,121.6855191,2026-02-12 16:32:25.445 +0900,15.0,416,358,,2026-02-12 16:36:05.158 +0900,2026-08-07 11:05:54.298 +0900,"1770881764870-upload_6971166974379561865.jpg",,,9,false,,FieldSnap,+08:00,3,4,,,true,Flooding,Matched
105344,201696,3,18.2652636,121.6862319,2026-02-12 16:35:29.535 +0900,16.0,416,358,,2026-02-12 16:36:05.028 +0900,2026-08-07 11:05:54.298 +0900,"1770881764683-upload_2421479492633059685.jpg",,,9,false,,FieldSnap,+08:00,3,4,,,true,Flooding,Matched
105341,204435,3,18.2611592,121.6925847,2026-02-12 16:27:21.328 +0900,18.0,416,359,,2026-02-12 16:28:02.954 +0900,2026-08-07 11:05:54.298 +0900,"1770881282380-upload_5778772074851179017.jpg",,,9,false,,FieldSnap,+08:00,3,4,,,true,Flooding,Matched
105375,202196,3,18.2670391,121.6855191,2026-02-12 17:00:02.543 +0900,15.0,416,358,,2026-02-12 17:00:43.997 +0900,2026-08-07 11:05:54.298 +0900,"1770883243655-upload_1748418545366557590.jpg",,Changed the lot number from 2433 to 2433/34,9,false,,FieldSnap,+08:00,3,4,,,true,Flooding,Matched
105374,202326,3,18.2670391,121.6855191,2026-02-12 16:57:54.750 +0900,15.0,416,358,,2026-02-12 17:00:43.880 +0900,2026-08-07 11:05:54.298 +0900,"1770883243686-upload_6512123507616740719.jpg",,,9,false,,FieldSnap,+08:00,3,4,,,true,Flooding,Matched
105405,200725,3,18.2670391,121.6855191,2026-02-12 17:19:05.625 +0900,15.0,416,358,,2026-02-12 17:19:15.093 +0900,2026-08-07 11:05:54.298 +0900,"1770884354529-upload_109314542485170002.jpg",,,9,false,,FieldSnap,+08:00,3,4,,,true,Flooding,Matched
105334,204471,3,18.2611592,121.6925847,2026-02-12 16:24:08.631 +0900,15.0,416,358,,2026-02-12 16:24:42.017 +0900,2026-08-07 11:05:54.298 +0900,"1770881081609-upload_2586774077655954033.jpg",,Changed the lot number from 2438 to 2437,9,false,,FieldSnap,+08:00,3,4,,,true,Flooding,Matched
105763,202334,3,18.2670391,121.6855191,2026-02-13 10:45:04.533 +0900,16.0,416,358,,2026-02-13 10:45:23.786 +0900,2026-08-07 11:05:54.298 +0900,"1770947123579-upload_3320310315600768922.jpg",,,9,false,,FieldSnap,+08:00,3,4,,,true,Flooding,Matched
104415,206136,3,18.2670391,121.6855191,2026-02-11 16:37:55.842 +0900,14.0,416,358,,2026-02-11 19:32:35.362 +0900,2026-08-07 11:05:54.298 +0900,"1770805955168-upload_6534691264142471483.jpg",,,9,false,,FieldSnap,+08:00,36,4,,,true,Saturated,Matched
115261,206128,3,18.2615605,121.6958825,2026-02-24 10:58:04.032 +0900,18.0,416,358,,2026-02-24 11:20:20.803 +0900,2026-08-07 11:05:54.298 +0900,"1771899620634-upload_84116645586751545.jpg",,,9,false,,FieldSnap,+08:00,3,4,,,true,Flooding,Matched
106817,206151,3,18.2670391,121.6855191,2026-02-15 10:38:10.613 +0900,16.0,416,358,,2026-02-15 11:48:02.232 +0900,2026-08-07 11:05:54.298 +0900,"1771123682053-upload_5039171926472788430.jpg",,,9,false,,FieldSnap,+08:00,3,4,,,true,Flooding,Matched
106822,202444,3,18.2615102,121.6912924,2026-02-15 10:27:55.922 +0900,18.0,416,358,,2026-02-15 11:48:10.019 +0900,2026-08-07 11:05:54.298 +0900,"1771123689840-upload_8836452639516566334.jpg",,,9,false,,FieldSnap,+08:00,3,4,,,true,Flooding,Matched
106826,200766,3,18.2614814,121.6886492,2026-02-15 10:04:29.533 +0900,17.0,416,358,,2026-02-15 11:48:11.424 +0900,2026-08-07 11:05:54.298 +0900,"1771123691256-upload_5761820224924616896.jpg",,,9,false,,FieldSnap,+08:00,3,4,,,true,Flooding,Matched
106823,206168,3,18.2670391,121.6855191,2026-02-15 10:10:57.522 +0900,15.0,416,358,,2026-02-15 11:48:10.261 +0900,2026-08-07 11:05:54.298 +0900,"1771123690067-upload_817750740031851921.jpg",,,9,false,,FieldSnap,+08:00,3,4,,,true,Flooding,Matched
106824,206132,3,18.2670391,121.6855191,2026-02-15 10:07:38.929 +0900,18.0,416,358,,2026-02-15 11:48:10.926 +0900,2026-08-07 11:05:54.298 +0900,"1771123690767-upload_4911960011588388679.jpg",,,9,false,,FieldSnap,+08:00,3,4,,,true,Flooding,Matched
106825,204470,3,18.2648336,121.6940816,2026-02-15 10:19:21.382 +0900,16.0,416,359,,2026-02-15 11:48:11.090 +0900,2026-08-07 11:05:54.298 +0900,"1771123690859-upload_1364994744244825409.jpg",,,9,false,,FieldSnap,+08:00,3,4,,,true,Flooding,Matched
106818,202245,3,18.2670391,121.6855191,2026-02-15 10:50:54.768 +0900,18.0,416,358,,2026-02-15 11:48:02.656 +0900,2026-08-07 11:05:54.298 +0900,"1771123682486-upload_8500320285668020340.jpg",,,9,false,,FieldSnap,+08:00,3,4,,,true,Flooding,Matched
106816,204394,3,18.2615102,121.6912924,2026-02-15 10:32:50.195 +0900,16.0,416,359,,2026-02-15 11:48:02.066 +0900,2026-08-07 11:05:54.298 +0900,"1771123681895-upload_2147920845414237001.jpg",,,9,false,,FieldSnap,+08:00,3,4,,,true,Flooding,Matched
107116,202884,3,18.2670391,121.6855191,2026-02-15 18:40:20.626 +0900,16.0,416,358,,2026-02-15 19:06:25.659 +0900,2026-08-07 11:05:54.298 +0900,"1771149985443-upload_7751608574629705063.jpg",,,9,false,,FieldSnap,+08:00,3,4,,,true,Flooding,Matched
107119,206171,3,18.2670391,121.6855191,2026-02-15 18:43:35.232 +0900,15.0,416,358,,2026-02-15 19:06:27.279 +0900,2026-08-07 11:05:54.298 +0900,"1771149987096-upload_4534380582311779932.jpg",,,9,false,,FieldSnap,+08:00,3,4,,,true,Flooding,Matched
107117,202194,3,18.2670391,121.6855191,2026-02-15 18:35:38.604 +0900,18.0,416,358,,2026-02-15 19:06:25.977 +0900,2026-08-07 11:05:54.298 +0900,"1771149985451-upload_3119959040724301525.jpg",,,9,false,,FieldSnap,+08:00,3,4,,,true,Flooding,Matched
107950,204402,3,18.2669737,121.6858755,2026-02-16 10:42:09.873 +0900,15.0,416,358,,2026-02-16 11:04:27.274 +0900,2026-08-07 11:05:54.298 +0900,"1771207467079-upload_5738351479922672703.jpg",,,9,false,,FieldSnap,+08:00,3,4,,,true,Flooding,Matched
107943,202338,3,18.2669737,121.6858755,2026-02-16 10:56:10.590 +0900,16.0,416,358,,2026-02-16 11:04:22.524 +0900,2026-08-07 11:05:54.298 +0900,"1771207462048-upload_6370087971809917014.jpg",,,9,false,,FieldSnap,+08:00,3,4,,,true,Flooding,Matched
107949,204461,3,18.2669737,121.6858755,2026-02-16 10:45:23.609 +0900,14.0,416,359,,2026-02-16 11:04:27.186 +0900,2026-08-07 11:05:54.298 +0900,"1771207466962-upload_3776271804850281851.jpg",,,9,false,,FieldSnap,+08:00,36,4,,,true,Saturated,Matched
107945,200636,3,18.2669737,121.6858755,2026-02-16 10:59:30.887 +0900,19.0,416,358,,2026-02-16 11:04:23.216 +0900,2026-08-07 11:05:54.298 +0900,"1771207463005-upload_677263879227449937.jpg",,,9,false,,FieldSnap,+08:00,3,4,,,true,Flooding,Matched
107947,204464,3,18.2669737,121.6858755,2026-02-16 10:43:08.478 +0900,12.0,416,359,,2026-02-16 11:04:26.305 +0900,2026-08-07 11:05:54.298 +0900,"1771207465996-upload_8722696364146145904.jpg",,,9,false,,FieldSnap,+08:00,36,4,,,true,Saturated,Matched
107946,202337,3,18.2669737,121.6858755,2026-02-16 10:54:23.511 +0900,14.0,416,358,,2026-02-16 11:04:24.934 +0900,2026-08-07 11:05:54.298 +0900,"1771207464713-upload_1878995975336882847.jpg",,Changed the lot number from 1466D2 to 1466,9,false,,FieldSnap,+08:00,36,4,,,true,Saturated,Matched
107944,201667,3,18.2669737,121.6858755,2026-02-16 11:01:56.093 +0900,15.0,416,358,,2026-02-16 11:04:23.158 +0900,2026-08-07 11:05:54.298 +0900,"1771207462807-upload_1351373939840643405.jpg",,Changed the lot number from 1484-1 to 1484,9,false,,FieldSnap,+08:00,3,4,,,true,Flooding,Matched
107998,201612,3,18.2669737,121.6858755,2026-02-16 11:14:41.672 +0900,19.0,416,358,,2026-02-16 11:19:58.192 +0900,2026-08-07 11:05:54.298 +0900,"1771208397695-upload_2110624600123702136.jpg",,,9,false,,FieldSnap,+08:00,3,4,,,true,Flooding,Matched
108060,201706,3,18.2669737,121.6858755,2026-02-16 11:30:19.237 +0900,16.0,416,358,,2026-02-16 11:46:36.227 +0900,2026-08-07 11:05:54.298 +0900,"1771209995945-upload_1206320848048323106.jpg",,,9,false,,FieldSnap,+08:00,3,4,,,true,Flooding,Matched
108121,201707,3,18.2652636,121.6862319,2026-02-16 12:07:10.067 +0900,13.0,416,358,,2026-02-16 12:13:29.987 +0900,2026-08-07 11:05:54.298 +0900,"1771211609815-upload_6387114406319891710.jpg",,,9,false,,FieldSnap,+08:00,36,4,,,true,Saturated,Matched
108125,200637,3,18.2652636,121.6862319,2026-02-16 12:11:00.104 +0900,15.0,416,358,,2026-02-16 12:13:31.432 +0900,2026-08-07 11:05:54.298 +0900,"1771211611265-upload_844052840683962389.jpg",,,9,false,,FieldSnap,+08:00,3,4,,,true,Flooding,Matched
108122,201708,3,18.2652636,121.6862319,2026-02-16 12:12:00.093 +0900,13.0,416,358,,2026-02-16 12:13:30.928 +0900,2026-08-07 11:05:54.298 +0900,"1771211610630-upload_1875141653996349720.jpg",,,9,false,,FieldSnap,+08:00,36,4,,,true,Saturated,Matched
108583,204455,3,18.2641532,121.6874349,2026-02-16 16:23:23.312 +0900,16.0,416,358,,2026-02-16 16:24:44.925 +0900,2026-08-07 11:05:54.298 +0900,"1771226684747-upload_7977912241852820633.jpg",,,9,false,,FieldSnap,+08:00,3,4,,,true,Flooding,Matched
108759,201607,3,18.2669737,121.6858755,2026-02-16 17:45:56.440 +0900,21.0,416,358,,2026-02-16 17:47:25.879 +0900,2026-08-07 11:05:54.298 +0900,"1771231645063-upload_5170102656776100877.jpg",,,9,false,,FieldSnap,+08:00,3,4,,,true,Flooding,Matched
108816,201610,3,18.2669737,121.6858755,2026-02-16 18:58:25.072 +0900,19.0,416,358,,2026-02-16 18:58:54.697 +0900,2026-08-07 11:05:54.298 +0900,"1771235916576-upload_8954710617489865794.jpg",,,9,false,,FieldSnap,+08:00,3,4,,,true,Flooding,Matched
108758,204582,3,18.2669737,121.6858755,2026-02-16 17:47:11.860 +0900,19.0,416,358,,2026-02-16 17:47:25.730 +0900,2026-08-07 11:05:54.298 +0900,"1771231645100-upload_1592155894781249630.jpg",,,9,false,,FieldSnap,+08:00,3,4,,,true,Flooding,Matched
107973,202200,3,18.2669737,121.6858755,2026-02-16 11:12:26.946 +0900,16.0,416,358,,2026-02-16 11:12:42.957 +0900,2026-08-07 11:05:54.298 +0900,"1771207962778-upload_5255586683411825119.jpg",,,9,false,,FieldSnap,+08:00,3,4,,,true,Flooding,Matched
108062,202202,3,18.2669737,121.6858755,2026-02-16 11:40:55.543 +0900,17.0,416,358,,2026-02-16 11:46:36.592 +0900,2026-08-07 11:05:54.298 +0900,"1771209995887-upload_1266833398650713763.jpg",,,9,false,,FieldSnap,+08:00,3,4,,,true,Flooding,Matched
108124,220383,3,18.2652636,121.6862319,2026-02-16 12:00:37.684 +0900,17.0,416,145,,2026-02-16 12:13:31.089 +0900,2026-08-07 11:05:54.298 +0900,"1771211610879-upload_7200440033731032154.jpg",,,9,false,,FieldSnap,+08:00,3,4,,,true,Flooding,Matched
126242,201640,3,18.2590827,121.689439,2026-03-07 11:40:07.864 +0900,16.0,416,358,,2026-03-07 11:56:00.077 +0900,2026-08-07 11:05:54.298 +0900,"1772852159896-upload_373312989272546630.jpg",,,9,false,,FieldSnap,+08:00,3,4,,,true,Flooding,Matched
126241,201602,3,18.2559406,121.6883432,2026-03-07 11:48:50.011 +0900,18.0,416,358,,2026-03-07 11:56:00.041 +0900,2026-08-07 11:05:54.298 +0900,"1772852159882-upload_4948221574063296602.jpg",,,9,false,,FieldSnap,+08:00,3,4,,,true,Flooding,Matched
110837,204439,3,18.2669737,121.6858755,2026-02-18 10:33:29.074 +0900,15.0,416,358,,2026-02-18 10:33:45.455 +0900,2026-08-07 11:05:54.298 +0900,"1771378425299-upload_489416981761901958.jpg",,,9,false,,FieldSnap,+08:00,3,4,,,true,Flooding,Matched
110838,206169,3,18.2669737,121.6858755,2026-02-18 10:32:32.162 +0900,18.0,416,358,,2026-02-18 10:33:46.195 +0900,2026-08-07 11:05:54.298 +0900,"1771378426019-upload_4466298791960864113.jpg",,,9,false,,FieldSnap,+08:00,3,4,,,true,Flooding,Matched
110976,202220,3,18.2665977,121.6932345,2026-02-18 11:18:41.811 +0900,13.0,416,358,,2026-02-18 11:49:56.091 +0900,2026-08-07 11:05:54.298 +0900,"1771382995928-upload_6492079994992057983.jpg",,,9,false,,FieldSnap,+08:00,36,4,,,true,Saturated,Matched
110978,202896,3,18.2669737,121.6858755,2026-02-18 11:29:40.863 +0900,12.0,416,358,,2026-02-18 11:49:56.820 +0900,2026-08-07 11:05:54.298 +0900,"1771382996408-upload_1367273932681917612.jpg",,,9,false,,FieldSnap,+08:00,36,4,,,true,Saturated,Matched
110983,201596,3,18.2669737,121.6858755,2026-02-18 10:53:52.985 +0900,16.0,416,358,,2026-02-18 11:50:04.853 +0900,2026-08-07 11:05:54.298 +0900,"1771383004680-upload_8591963330092580622.jpg",,,9,false,,FieldSnap,+08:00,3,4,,,true,Flooding,Matched
110982,204408,3,18.2669737,121.6858755,2026-02-18 11:12:09.103 +0900,14.0,416,358,,2026-02-18 11:50:03.069 +0900,2026-08-07 11:05:54.298 +0900,"1771383002851-upload_6197084373209342220.jpg",,,9,false,,FieldSnap,+08:00,36,4,,,true,Saturated,Matched
110984,200764,3,18.2669737,121.6858755,2026-02-18 11:13:17.534 +0900,15.0,416,358,,2026-02-18 11:50:05.678 +0900,2026-08-07 11:05:54.298 +0900,"1771383005527-upload_8579135490278051642.jpg",,,9,false,,FieldSnap,+08:00,3,4,,,true,Flooding,Matched
110987,202239,3,18.2669737,121.6858755,2026-02-18 10:42:43.434 +0900,16.0,416,358,,2026-02-18 11:50:06.563 +0900,2026-08-07 11:05:54.298 +0900,"1771383006388-upload_3655812453043501316.jpg",,,9,false,,FieldSnap,+08:00,3,4,,,true,Flooding,Matched
110986,201615,3,18.2669737,121.6858755,2026-02-18 11:04:14.155 +0900,17.0,416,358,,2026-02-18 11:50:06.293 +0900,2026-08-07 11:05:54.298 +0900,"1771383006060-upload_5292025457639119179.jpg",,,9,false,,FieldSnap,+08:00,3,4,,,true,Flooding,Matched
110985,201616,3,18.2669737,121.6858755,2026-02-18 11:01:00.342 +0900,16.0,416,358,,2026-02-18 11:50:06.058 +0900,2026-08-07 11:05:54.298 +0900,"1771383005874-upload_5016450710799081335.jpg",,Changed the lot number from 2391-B2 to 2391-B,9,false,,FieldSnap,+08:00,3,4,,,true,Flooding,Matched
110980,202312,3,18.2609715,121.6937071,2026-02-18 11:45:33.700 +0900,16.0,416,358,,2026-02-18 11:49:57.518 +0900,2026-08-07 11:05:54.298 +0900,"1771382997341-upload_2585789340548909541.jpg",,Changed the lot number from 684-AB to 684-A,9,false,,FieldSnap,+08:00,3,4,,,true,Flooding,Matched
110974,201704,3,18.2665977,121.6932345,2026-02-18 11:15:51.822 +0900,16.0,416,358,,2026-02-18 11:49:53.830 +0900,2026-08-07 11:05:54.298 +0900,"1771382993657-upload_8829428374760256047.jpg",,,9,false,,FieldSnap,+08:00,3,4,,,true,Flooding,Matched
111161,204410,3,18.2669737,121.6858755,2026-02-18 15:57:07.358 +0900,23.0,416,358,,2026-02-18 15:57:18.930 +0900,2026-08-07 11:05:54.298 +0900,"1771397838573-upload_5012094523893020386.jpg",,Changed the lot number from 1472D2 to 1472,9,false,,FieldSnap,+08:00,3,4,,,true,Flooding,Matched
111157,204391,3,18.2669737,121.6858755,2026-02-18 15:39:39.030 +0900,17.0,416,358,,2026-02-18 15:39:49.858 +0900,2026-08-07 11:05:54.298 +0900,"1771396789697-upload_4739461702340074242.jpg",,Changed the lot number from 1470D2 to 1470,9,false,,FieldSnap,+08:00,3,4,,,true,Flooding,Matched
111167,204430,3,18.2669737,121.6858755,2026-02-18 16:07:16.773 +0900,22.0,416,358,,2026-02-18 16:07:31.290 +0900,2026-08-07 11:05:54.298 +0900,"1771398451032-upload_972033441327738676.jpg",,Changed the lot number from 1453-AB to 1543-AB,9,false,,FieldSnap,+08:00,3,4,,,true,Flooding,Matched
111193,200638,3,18.2669737,121.6858755,2026-02-18 16:18:34.660 +0900,20.0,416,358,,2026-02-18 16:25:00.078 +0900,2026-08-07 11:05:54.298 +0900,"1771399499720-upload_3456873170455732557.jpg",,,9,false,,FieldSnap,+08:00,3,4,,,true,Flooding,Matched
110823,201645,3,18.2652636,121.6862319,2026-02-18 10:05:45.117 +0900,16.0,416,358,,2026-02-18 10:22:21.456 +0900,2026-08-07 11:05:54.298 +0900,"1771377741287-upload_698700971841733297.jpg",,,9,false,,FieldSnap,+08:00,3,4,,,true,Flooding,Matched
126244,202209,3,18.2590827,121.689439,2026-03-07 11:45:07.526 +0900,17.0,416,358,,2026-03-07 11:56:00.230 +0900,2026-08-07 11:05:54.298 +0900,"1772852159885-upload_7255786001836367408.jpg",,Changed the lot number from 1488-ED2 to 1488-E1,9,false,,FieldSnap,+08:00,3,4,,,true,Flooding,Matched
126243,202264,3,18.2590827,121.689439,2026-03-07 11:46:47.472 +0900,16.0,416,358,,2026-03-07 11:56:00.109 +0900,2026-08-07 11:05:54.298 +0900,"1772852159904-upload_1399294583974410559.jpg",,,9,false,,FieldSnap,+08:00,3,4,,,true,Flooding,Matched
113299,201624,3,18.2587538,121.689439,2026-02-21 16:26:14.240 +0900,12.0,416,358,,2026-02-21 16:34:40.915 +0900,2026-08-07 11:05:54.298 +0900,"1771659280138-upload_1553645135689826157.jpg",,,9,false,,FieldSnap,+08:00,36,4,,,true,Saturated,Matched
113308,202315,3,18.2635534,121.6865882,2026-02-21 16:54:14.732 +0900,16.0,416,358,,2026-02-21 16:56:47.720 +0900,2026-08-07 11:05:54.298 +0900,"1771660607551-upload_5407337020994598098.jpg",,,9,false,,FieldSnap,+08:00,3,4,,,true,Flooding,Matched
113375,201644,3,18.2608477,121.6958739,2026-02-21 17:40:22.561 +0900,19.0,416,358,,2026-02-21 18:06:24.367 +0900,2026-08-07 11:05:54.298 +0900,"1771664783782-upload_2632439162473580282.jpg",,,9,false,,FieldSnap,+08:00,3,4,,,true,Flooding,Matched
113298,201625,3,18.2635534,121.6865882,2026-02-21 16:32:33.219 +0900,18.0,416,358,,2026-02-21 16:34:39.701 +0900,2026-08-07 11:05:54.298 +0900,"1771659279519-upload_4702689020487600155.jpg",,,9,false,,FieldSnap,+08:00,3,4,,,true,Flooding,Matched
126519,202232,3,18.2635534,121.6865882,2026-03-07 17:09:02.138 +0900,17.0,416,358,,2026-03-07 17:09:26.602 +0900,2026-08-07 11:05:54.298 +0900,"1772870966327-upload_3464571676653344297.jpg",,,9,false,,FieldSnap,+08:00,3,4,,,true,Flooding,Matched
115271,200754,3,18.2669737,121.6858755,2026-02-24 09:33:27.754 +0900,13.0,416,358,,2026-02-24 11:20:35.148 +0900,2026-08-07 11:05:54.298 +0900,"1771899634912-upload_3652222958827633236.jpg",,,9,false,,FieldSnap,+08:00,36,4,,,true,Saturated,Matched
115276,202344,3,18.2669737,121.6858755,2026-02-24 09:40:17.667 +0900,16.0,416,358,,2026-02-24 11:20:36.410 +0900,2026-08-07 11:05:54.298 +0900,"1771899636207-upload_4265833403018001235.jpg",,,9,false,,FieldSnap,+08:00,3,4,,,true,Flooding,Matched
115270,202346,3,18.2669737,121.6858755,2026-02-24 09:43:05.530 +0900,19.0,416,358,,2026-02-24 11:20:34.894 +0900,2026-08-07 11:05:54.298 +0900,"1771899634719-upload_3980547538949192501.jpg",,,9,false,,FieldSnap,+08:00,3,4,,,true,Flooding,Matched
115262,201697,3,18.2658221,121.6872067,2026-02-24 10:12:44.112 +0900,12.0,416,358,,2026-02-24 11:20:25.132 +0900,2026-08-07 11:05:54.298 +0900,"1771899624889-upload_1450622452116528837.jpg",,,9,false,,FieldSnap,+08:00,36,4,,,true,Saturated,Matched
115279,202455,3,18.2669737,121.6858755,2026-02-24 09:23:59.066 +0900,14.0,416,358,,2026-02-24 11:20:39.057 +0900,2026-08-07 11:05:54.298 +0900,"1771899638869-upload_574869043416283962.jpg",,,9,false,,FieldSnap,+08:00,36,4,,,true,Saturated,Matched
115278,202454,3,18.2669737,121.6858755,2026-02-24 09:25:02.528 +0900,16.0,416,358,,2026-02-24 11:20:39.033 +0900,2026-08-07 11:05:54.298 +0900,"1771899638874-upload_1089517557428615028.jpg",,,9,false,,FieldSnap,+08:00,3,4,,,true,Flooding,Matched
115272,202216,3,18.2669737,121.6858755,2026-02-24 09:38:21.250 +0900,17.0,416,358,,2026-02-24 11:20:35.183 +0900,2026-08-07 11:05:54.298 +0900,"1771899635003-upload_2246893788803943683.jpg",,,9,false,,FieldSnap,+08:00,3,4,,,true,Flooding,Matched
115274,201601,3,18.2669737,121.6858755,2026-02-24 09:51:06.286 +0900,15.0,416,358,,2026-02-24 11:20:35.313 +0900,2026-08-07 11:05:54.298 +0900,"1771899635158-upload_304972925924435756.jpg",,,9,false,,FieldSnap,+08:00,3,4,,,true,Flooding,Matched
115266,204446,3,18.2648889,121.6939552,2026-02-24 10:52:27.909 +0900,20.0,416,358,,2026-02-24 11:20:25.580 +0900,2026-08-07 11:05:54.298 +0900,"1771899625416-upload_3357769915434607319.jpg",,,9,false,,FieldSnap,+08:00,3,4,,,true,Flooding,Matched
115277,206125,3,18.2669737,121.6858755,2026-02-24 09:27:59.239 +0900,12.0,416,358,,2026-02-24 11:20:38.609 +0900,2026-08-07 11:05:54.298 +0900,"1771899638425-upload_2309256564883921174.jpg",,,9,false,,FieldSnap,+08:00,36,4,,,true,Saturated,Matched
116153,206170,3,18.2669737,121.6858755,2026-02-25 09:54:55.544 +0900,22.0,416,358,,2026-02-25 11:51:09.447 +0900,2026-08-07 11:05:54.298 +0900,"1771987869195-upload_7049319399116675570.jpg",,,9,false,,FieldSnap,+08:00,3,4,,,true,Flooding,Matched
116140,204438,3,18.2669737,121.6858755,2026-02-25 10:23:21.076 +0900,16.0,416,358,,2026-02-25 11:51:01.402 +0900,2026-08-07 11:05:54.298 +0900,"1771987861217-upload_70153745770269917.jpg",,,9,false,,FieldSnap,+08:00,3,4,,,true,Flooding,Matched
116142,204440,3,18.2669737,121.6858755,2026-02-25 10:30:16.616 +0900,17.0,416,358,,2026-02-25 11:51:02.345 +0900,2026-08-07 11:05:54.298 +0900,"1771987862181-upload_323284618116948399.jpg",,,9,false,,FieldSnap,+08:00,3,4,,,true,Flooding,Matched
116136,202453,3,18.2669737,121.6858755,2026-02-25 10:34:00.396 +0900,14.0,416,358,,2026-02-25 11:51:00.103 +0900,2026-08-07 11:05:54.298 +0900,"1771987859873-upload_8760747407288365659.jpg",,Changed the lot number from 2391-BD2 to 2391-A,9,false,,FieldSnap,+08:00,36,4,,,true,Saturated,Matched
116375,202342,3,18.2669737,121.6858755,2026-02-25 17:06:10.182 +0900,16.0,416,358,,2026-02-25 17:15:33.311 +0900,2026-08-07 11:05:54.298 +0900,"1772007333078-upload_8912880086946859049.jpg",,,9,false,,FieldSnap,+08:00,3,4,,,true,Flooding,Matched
116443,200749,3,18.2669737,121.6858755,2026-02-25 17:29:03.602 +0900,15.0,416,358,,2026-02-25 18:21:40.413 +0900,2026-08-07 11:05:54.298 +0900,"1772011300210-upload_523373194313028037.jpg","2415-C",,9,false,,FieldSnap,+08:00,3,4,,,true,Flooding,Matched
116444,202221,3,18.2669737,121.6858755,2026-02-25 17:23:10.144 +0900,17.0,416,358,,2026-02-25 18:21:40.605 +0900,2026-08-07 11:05:54.298 +0900,"1772011300379-upload_8862655249612140574.jpg",,,9,false,,FieldSnap,+08:00,3,4,,,true,Flooding,Matched
122394,,4,18.2649346,121.6862319,2026-03-03 16:43:46.061 +0900,0.0,416,359,,2026-03-03 17:15:12.543 +0900,2026-06-30 16:27:06.394 +0900,"1772525712309-upload_3547336563038132131.jpg","2390",,9,false,,FieldSnap,+08:00,2,3,,,false,Drainage,Pending Match
121339,,4,18.2685829,121.6831975,2026-03-02 17:03:29.285 +0900,0.0,416,359,,2026-03-02 17:06:24.942 +0900,2026-06-30 16:27:06.394 +0900,"1772438784764-upload_825709286647490861.jpg","2410-A",,9,false,,FieldSnap,+08:00,2,3,,,false,Drainage,Pending Match
120827,,4,18.2669737,121.6858755,2026-03-02 10:57:13.494 +0900,0.0,416,359,,2026-03-02 10:57:44.765 +0900,2026-06-30 16:27:06.394 +0900,"1772416664519-upload_2841990350128384875.jpg","1517-C",,9,false,,FieldSnap,+08:00,2,3,,,false,Drainage,Pending Match
117284,,4,18.2669737,121.6858755,2026-02-26 16:42:41.124 +0900,0.0,416,359,,2026-02-26 18:39:27.103 +0900,2026-06-30 16:27:06.394 +0900,"1772098766836-upload_1341415538207416049.jpg","1522",,9,false,,FieldSnap,+08:00,2,3,,,false,Drainage,Pending Match
121311,,4,18.2649346,121.6862319,2026-03-02 16:18:09.740 +0900,0.0,416,359,,2026-03-02 16:29:38.625 +0900,2026-06-30 16:27:06.394 +0900,"1772436577890-upload_8006057917807878622.jpg","2416-A",,9,false,,FieldSnap,+08:00,2,3,,,false,Drainage,Pending Match
107130,,4,18.2670391,121.6855191,2026-02-15 16:13:21.645 +0900,0.0,416,358,,2026-02-15 19:06:41.796 +0900,2026-06-30 16:27:06.394 +0900,"1771150001618-upload_738513010774110159.jpg","1483-B",,9,false,,FieldSnap,+08:00,2,3,,,false,Drainage,Pending Match
107132,,4,18.2670391,121.6855191,2026-02-15 16:10:15.012 +0900,0.0,416,358,,2026-02-15 19:06:42.597 +0900,2026-06-30 16:27:06.394 +0900,"1771150002433-upload_1224993067586924796.jpg","1483-A",,9,false,,FieldSnap,+08:00,2,3,,,false,Drainage,Pending Match
125862,,4,18.2543488,121.6919333,2026-03-06 17:38:50.626 +0900,0.0,416,359,,2026-03-06 19:02:15.426 +0900,2026-06-30 16:27:06.394 +0900,"1772791335230-upload_772560805674030509.jpg","1519/25",,9,false,,FieldSnap,+08:00,2,3,,,false,Drainage,Pending Match
125894,,4,18.2590827,121.689439,2026-03-06 18:06:34.511 +0900,0.0,416,359,,2026-03-06 19:03:37.161 +0900,2026-06-30 16:27:06.394 +0900,"1772791416975-upload_728253208440488229.jpg","1540D2",,9,false,,FieldSnap,+08:00,2,3,,,false,Drainage,Pending Match
121335,,4,18.2649346,121.6862319,2026-03-02 16:40:27.445 +0900,0.0,416,359,,2026-03-02 17:06:24.776 +0900,2026-06-30 16:27:06.394 +0900,"1772438784490-upload_7511230404454841030.jpg","2422-B",,9,false,,FieldSnap,+08:00,2,3,,,false,Drainage,Pending Match
126449,,4,18.2635534,121.6865882,2026-03-07 16:00:23.626 +0900,0.0,416,358,,2026-03-07 16:00:38.267 +0900,2026-06-30 16:27:06.394 +0900,"1772866838088-upload_2995702892987918141.jpg","676",,9,false,,FieldSnap,+08:00,2,3,,,false,Drainage,Pending Match
126452,,4,18.2635534,121.6865882,2026-03-07 16:12:36.821 +0900,0.0,416,358,,2026-03-07 16:12:55.227 +0900,2026-06-30 16:27:06.394 +0900,"1772867574434-upload_9098446072109217351.jpg","1538D2",,9,false,,FieldSnap,+08:00,2,3,,,false,Drainage,Pending Match
126455,,4,18.2635534,121.6865882,2026-03-07 16:11:29.937 +0900,0.0,416,358,,2026-03-07 16:12:56.469 +0900,2026-06-30 16:27:06.394 +0900,"1772867575575-upload_5614860202905671861.jpg","1531-AB",,9,false,,FieldSnap,+08:00,2,3,,,false,Drainage,Pending Match
124616,,4,18.2683533,121.6837374,2026-03-05 11:50:55.415 +0900,0.0,416,359,,2026-03-05 12:55:29.975 +0900,2026-06-30 16:27:06.394 +0900,"1772682929791-upload_2286540909197562514.jpg","2428",,9,false,,FieldSnap,+08:00,2,3,,,false,Drainage,Pending Match
115609,,4,18.2652636,121.6862319,2026-02-24 15:49:09.097 +0900,0.0,416,359,,2026-02-24 15:50:48.178 +0900,2026-06-30 16:27:06.394 +0900,"1771915847861-upload_5439418831419313398.jpg","2347-A",,9,false,,FieldSnap,+08:00,2,3,,,false,Drainage,Pending Match
115750,,4,18.2700098,121.7038509,2026-02-24 16:15:27.932 +0900,0.0,416,359,,2026-02-24 17:03:57.753 +0900,2026-06-30 16:27:06.394 +0900,"1771920237569-upload_7264168097010218518.jpg","2370",,9,false,,FieldSnap,+08:00,2,3,,,false,Drainage,Pending Match
115746,,4,18.2700098,121.7038509,2026-02-24 16:09:56.462 +0900,0.0,416,359,,2026-02-24 17:03:55.497 +0900,2026-06-30 16:27:06.394 +0900,"1771920235339-upload_7261372787291826966.jpg","2350-A",,9,false,,FieldSnap,+08:00,2,3,,,false,Drainage,Pending Match
116141,,4,18.2669737,121.6858755,2026-02-25 10:10:33.357 +0900,0.0,416,358,,2026-02-25 11:51:01.906 +0900,2026-06-30 16:27:06.394 +0900,"1771987861730-upload_1165156232670337303.jpg","2368-A2",,9,false,,FieldSnap,+08:00,2,3,,,false,Drainage,Pending Match
124871,,4,18.2669737,121.6858755,2026-03-05 16:51:14.535 +0900,0.0,416,358,,2026-03-05 18:46:07.458 +0900,2026-06-30 16:27:06.394 +0900,"1772703966706-upload_826983048124390428.jpg","1449D2",,9,false,,FieldSnap,+08:00,2,3,,,false,Drainage,Pending Match
124880,,4,18.2669737,121.6858755,2026-03-05 16:46:46.374 +0900,0.0,416,359,,2026-03-05 18:46:18.475 +0900,2026-06-30 16:27:06.394 +0900,"1772703978258-upload_3060778193892377529.jpg","2420-A",,9,false,,FieldSnap,+08:00,2,3,,,false,Drainage,Pending Match
124874,,4,18.2669737,121.6858755,2026-03-05 16:54:56.784 +0900,0.0,416,359,,2026-03-05 18:46:12.058 +0900,2026-06-30 16:27:06.394 +0900,"1772703971327-upload_7903364440050974595.jpg","1456-D2",,9,false,,FieldSnap,+08:00,2,3,,,false,Drainage,Pending Match
117041,,4,18.2669737,121.6858755,2026-02-26 11:36:36.968 +0900,0.0,416,359,,2026-02-26 11:41:46.219 +0900,2026-06-30 16:27:06.394 +0900,"1772073706049-upload_7249151637488463247.jpg","1515-C",,9,false,,FieldSnap,+08:00,2,3,,,false,Drainage,Pending Match
117293,202204,4,18.2652636,121.6862319,2026-02-26 16:15:40.074 +0900,0.0,416,359,,2026-02-26 18:39:34.377 +0900,2026-08-07 11:05:54.298 +0900,"1772098773871-upload_6030313438537872081.jpg",,,9,false,,FieldSnap,+08:00,2,4,,,true,Drainage,Matched
116912,204391,4,18.2669737,121.6858755,2026-02-26 10:15:24.860 +0900,0.0,416,358,,2026-02-26 10:15:58.349 +0900,2026-08-07 11:05:54.298 +0900,"1772068558184-upload_515264886991029820.jpg",,Changed the lot number from 1470D2 to 1470,9,false,,FieldSnap,+08:00,2,4,,,true,Drainage,Matched
126453,201667,4,18.2635534,121.6865882,2026-03-07 16:03:57.959 +0900,0.0,416,358,,2026-03-07 16:12:55.581 +0900,2026-08-07 11:05:54.298 +0900,"1772867575404-upload_132715877618743636.jpg",,Changed the lot number from 1484-1 to 1484,9,false,,FieldSnap,+08:00,2,4,,,true,Drainage,Matched
125876,200743,4,18.256577,121.6886112,2026-03-06 16:50:28.506 +0900,0.0,416,358,,2026-03-06 19:02:47.850 +0900,2026-08-07 11:05:54.298 +0900,"1772791367687-upload_432903458177293275.jpg",,Changed the lot number from 1507/1507-B to 1520/1507-A,9,false,,FieldSnap,+08:00,2,4,,,true,Drainage,Matched
125834,202266,4,18.2590827,121.689439,2026-03-06 17:51:10.922 +0900,0.0,416,358,,2026-03-06 19:01:10.823 +0900,2026-08-07 11:05:54.298 +0900,"1772791270649-upload_6384745975130449737.jpg",,Changed the lot number from 1539-D to 1539-B,9,false,,FieldSnap,+08:00,2,4,,,true,Drainage,Matched
117286,206127,4,18.2652636,121.6862319,2026-02-26 16:13:02.320 +0900,0.0,416,358,,2026-02-26 18:39:27.509 +0900,2026-08-07 11:05:54.298 +0900,"1772098767328-upload_4069432832454532313.jpg",,,9,false,,FieldSnap,+08:00,2,4,,,true,Drainage,Matched
115747,201616,4,18.2697483,121.6939133,2026-02-24 16:52:32.792 +0900,0.0,416,358,,2026-02-24 17:03:55.537 +0900,2026-08-07 11:05:54.298 +0900,"1771920235345-upload_6846746612274264506.jpg",,Changed the lot number from 2391-B2 to 2391-B,9,false,,FieldSnap,+08:00,2,4,,,true,Drainage,Matched
109551,204450,4,18.2669737,121.6858755,2026-02-17 10:53:19.874 +0900,0.0,416,358,,2026-02-17 11:13:23.197 +0900,2026-08-07 11:05:54.298 +0900,"1771294402991-upload_7139956836235708398.jpg",,Changed the lot number from 2484 to 2384,9,false,,FieldSnap,+08:00,2,4,,,true,Drainage,Matched
122390,202453,4,18.2649346,121.6862319,2026-03-03 16:39:18.931 +0900,0.0,416,358,,2026-03-03 17:15:11.546 +0900,2026-08-07 11:05:54.298 +0900,"1772525711350-upload_3666171296687988233.jpg",,Changed the lot number from 2391-BD2 to 2391-A,9,false,,FieldSnap,+08:00,2,4,,,true,Drainage,Matched
122396,204440,4,18.2649346,121.6862319,2026-03-03 16:41:43.263 +0900,0.0,416,359,,2026-03-03 17:15:13.566 +0900,2026-08-07 11:05:54.298 +0900,"1772525713386-upload_2532400241879647380.jpg",,,9,false,,FieldSnap,+08:00,2,4,,,true,Drainage,Matched
125977,201706,4,18.256577,121.6886112,2026-03-06 16:52:09.851 +0900,0.0,416,359,,2026-03-06 19:30:35.624 +0900,2026-08-07 11:05:54.298 +0900,"1772793035367-upload_2118620820911048455.jpg",,,9,false,,FieldSnap,+08:00,2,4,,,true,Drainage,Matched
117288,202210,4,18.2652636,121.6862319,2026-02-26 16:20:25.012 +0900,0.0,416,359,,2026-02-26 18:39:28.506 +0900,2026-08-07 11:05:54.298 +0900,"1772098768327-upload_3053099744708658443.jpg",,,9,false,,FieldSnap,+08:00,2,4,,,true,Drainage,Matched
121338,201601,4,18.2649346,121.6862319,2026-03-02 16:49:43.663 +0900,0.0,416,359,,2026-03-02 17:06:24.909 +0900,2026-08-07 11:05:54.298 +0900,"1772438784725-upload_3833039837326524710.jpg",,,9,false,,FieldSnap,+08:00,2,4,,,true,Drainage,Matched
117285,220383,4,18.2652636,121.6862319,2026-02-26 16:38:24.429 +0900,0.0,416,145,,2026-02-26 18:39:27.398 +0900,2026-08-07 11:05:54.298 +0900,"1772098767189-upload_854990303942552676.jpg",,,9,false,,FieldSnap,+08:00,2,4,,,true,Drainage,Matched
114037,204470,4,18.2648883,121.6939456,2026-02-23 10:13:55.415 +0900,0.0,416,359,,2026-02-23 10:29:15.396 +0900,2026-08-07 11:05:54.298 +0900,"1771810155163-upload_4894449038556620882.jpg",,,9,false,,FieldSnap,+08:00,2,4,,,true,Drainage,Matched
104422,202890,4,18.2670391,121.6855191,2026-02-11 10:53:54.785 +0900,0.0,416,358,,2026-02-11 19:32:51.301 +0900,2026-08-07 11:05:54.298 +0900,"1770805971137-upload_3787660279879688502.jpg",,,9,false,,FieldSnap,+08:00,2,4,,,true,Drainage,Matched
104424,202224,4,18.2670391,121.6855191,2026-02-11 10:41:52.845 +0900,0.0,416,358,,2026-02-11 19:32:54.663 +0900,2026-08-07 11:05:54.298 +0900,"1770805974458-upload_1542553708068533578.jpg",,,9,false,,FieldSnap,+08:00,2,4,,,true,Drainage,Matched
104426,202226,4,18.2670391,121.6855191,2026-02-11 10:39:51.902 +0900,0.0,416,358,,2026-02-11 19:32:56.006 +0900,2026-08-07 11:05:54.298 +0900,"1770805975654-upload_5013531832761515091.jpg",,,9,false,,FieldSnap,+08:00,2,4,,,true,Drainage,Matched
104427,204393,4,18.2670391,121.6855191,2026-02-11 10:43:04.130 +0900,0.0,416,358,,2026-02-11 19:32:56.010 +0900,2026-08-07 11:05:54.298 +0900,"1770805975646-upload_6785974411333164232.jpg",,,9,false,,FieldSnap,+08:00,2,4,,,true,Drainage,Matched
104428,206131,4,18.2670391,121.6855191,2026-02-11 10:59:32.767 +0900,0.0,416,358,,2026-02-11 19:32:56.008 +0900,2026-08-07 11:05:54.298 +0900,"1770805975660-upload_3968773929112754571.jpg",,,9,false,,FieldSnap,+08:00,2,4,,,true,Drainage,Matched
104430,200730,4,18.2670391,121.6855191,2026-02-11 09:39:51.744 +0900,0.0,416,358,,2026-02-11 19:32:59.277 +0900,2026-08-07 11:05:54.298 +0900,"1770805979097-upload_3057243049108877404.jpg",,,9,false,,FieldSnap,+08:00,2,4,,,true,Drainage,Matched
104794,200755,4,18.258018,121.688724,2026-02-12 09:48:10.380 +0900,0.0,416,358,,2026-02-12 09:52:38.351 +0900,2026-08-07 11:05:54.298 +0900,"1770857557712-upload_5389777548694868654.jpg",,,9,false,,FieldSnap,+08:00,2,4,,,true,Drainage,Matched
104906,204437,4,18.2670391,121.6855191,2026-02-12 11:21:52.373 +0900,0.0,416,358,,2026-02-12 11:22:12.797 +0900,2026-08-07 11:05:54.298 +0900,"1770862932613-upload_1707402696138480549.jpg",,,9,false,,FieldSnap,+08:00,2,4,,,true,Drainage,Matched
125887,206135,4,18.2590827,121.689439,2026-03-06 18:09:56.198 +0900,0.0,416,358,,2026-03-06 19:03:24.862 +0900,2026-08-07 11:05:54.298 +0900,"1772791404621-upload_3128031353322702872.jpg",,,9,false,,FieldSnap,+08:00,2,4,,,true,Drainage,Matched
121312,202454,4,18.2649346,121.6862319,2026-03-02 16:28:39.225 +0900,0.0,416,359,,2026-03-02 16:29:38.857 +0900,2026-08-07 11:05:54.298 +0900,"1772436578121-upload_2040475639259307295.jpg",,,9,false,,FieldSnap,+08:00,2,4,,,true,Drainage,Matched
121315,206125,4,18.2649346,121.6862319,2026-03-02 16:34:02.653 +0900,0.0,416,358,,2026-03-02 16:34:45.738 +0900,2026-08-07 11:05:54.298 +0900,"1772436885220-upload_3009222176908896347.jpg",,,9,false,,FieldSnap,+08:00,2,4,,,true,Drainage,Matched
106815,204448,4,18.2670391,121.6855191,2026-02-15 11:15:38.671 +0900,0.0,416,358,,2026-02-15 11:47:55.622 +0900,2026-08-07 11:05:54.298 +0900,"1771123675448-upload_3814911138839959241.jpg",,,9,false,,FieldSnap,+08:00,2,4,,,true,Drainage,Matched
121337,202346,4,18.2685829,121.6831975,2026-03-02 17:06:06.814 +0900,0.0,416,359,,2026-03-02 17:06:24.886 +0900,2026-08-07 11:05:54.298 +0900,"1772438784597-upload_2471600662483716418.jpg",,,9,false,,FieldSnap,+08:00,2,4,,,true,Drainage,Matched
121336,202344,4,18.2649346,121.6862319,2026-03-02 16:59:33.467 +0900,0.0,416,359,,2026-03-02 17:06:24.857 +0900,2026-08-07 11:05:54.298 +0900,"1772438784562-upload_9057641283061201976.jpg",,,9,false,,FieldSnap,+08:00,2,4,,,true,Drainage,Matched
106821,202343,4,18.2670391,121.6855191,2026-02-15 11:07:06.089 +0900,0.0,416,358,,2026-02-15 11:48:04.059 +0900,2026-08-07 11:05:54.298 +0900,"1771123683704-upload_2119293554196323683.jpg",,,9,false,,FieldSnap,+08:00,2,4,,,true,Drainage,Matched
107129,202215,4,18.2670391,121.6855191,2026-02-15 16:14:55.639 +0900,0.0,416,358,,2026-02-15 19:06:37.348 +0900,2026-08-07 11:05:54.298 +0900,"1771149997164-upload_5284133455311751912.jpg",,,9,false,,FieldSnap,+08:00,2,4,,,true,Drainage,Matched
125845,202868,4,18.2590827,121.689439,2026-03-06 18:09:10.951 +0900,0.0,416,358,,2026-03-06 19:01:52.571 +0900,2026-08-07 11:05:54.298 +0900,"1772791312387-upload_8682789340093475633.jpg",,,9,false,,FieldSnap,+08:00,2,4,,,true,Drainage,Matched
125844,201693,4,18.2590827,121.689439,2026-03-06 18:12:11.371 +0900,0.0,416,359,,2026-03-06 19:01:52.206 +0900,2026-08-07 11:05:54.298 +0900,"1772791311915-upload_1007152038525708967.jpg",,,9,false,,FieldSnap,+08:00,2,4,,,true,Drainage,Matched
125840,202338,4,18.2590827,121.689439,2026-03-06 18:07:30.484 +0900,0.0,416,359,,2026-03-06 19:01:50.354 +0900,2026-08-07 11:05:54.298 +0900,"1772791310163-upload_6199468897470844631.jpg",,,9,false,,FieldSnap,+08:00,2,4,,,true,Drainage,Matched
125866,202208,4,18.2543488,121.6919333,2026-03-06 17:20:26.994 +0900,0.0,416,359,,2026-03-06 19:02:26.549 +0900,2026-08-07 11:05:54.298 +0900,"1772791346329-upload_1182402358830985931.jpg",,,9,false,,FieldSnap,+08:00,2,4,,,true,Drainage,Matched
121348,202342,4,18.2669737,121.6858755,2026-03-02 17:16:49.199 +0900,0.0,416,359,,2026-03-02 17:30:59.920 +0900,2026-08-07 11:05:54.298 +0900,"1772440259737-upload_7109302168775498796.jpg",,,9,false,,FieldSnap,+08:00,2,4,,,true,Drainage,Matched
125874,206124,4,18.2612186,121.6922411,2026-03-06 16:56:40.208 +0900,0.0,416,358,,2026-03-06 19:02:41.442 +0900,2026-08-07 11:05:54.298 +0900,"1772791361277-upload_992046597745844188.jpg",,,9,false,,FieldSnap,+08:00,2,4,,,true,Drainage,Matched
125831,202202,4,18.2543488,121.6919333,2026-03-06 17:44:18.992 +0900,0.0,416,359,,2026-03-06 19:01:10.122 +0900,2026-08-07 11:05:54.298 +0900,"1772791269952-upload_5278931072530957884.jpg",,,9,false,,FieldSnap,+08:00,2,4,,,true,Drainage,Matched
125843,201605,4,18.2590827,121.689439,2026-03-06 18:13:16.231 +0900,0.0,416,359,,2026-03-06 19:01:50.486 +0900,2026-08-07 11:05:54.298 +0900,"1772791310188-upload_1616637754447436686.jpg",,,9,false,,FieldSnap,+08:00,2,4,,,true,Drainage,Matched
125826,206120,4,18.2590827,121.689439,2026-03-06 17:59:26.652 +0900,0.0,416,358,,2026-03-06 19:01:03.153 +0900,2026-08-07 11:05:54.298 +0900,"1772791262958-upload_5114054534135263383.jpg",,,9,false,,FieldSnap,+08:00,2,4,,,true,Drainage,Matched
125830,206149,4,18.2543488,121.6919333,2026-03-06 17:43:22.132 +0900,0.0,416,358,,2026-03-06 19:01:09.893 +0900,2026-08-07 11:05:54.298 +0900,"1772791269683-upload_918020624743960961.jpg",,,9,false,,FieldSnap,+08:00,2,4,,,true,Drainage,Matched
125932,201684,4,18.2590827,121.689439,2026-03-06 16:32:27.728 +0900,0.0,416,358,,2026-03-06 19:04:30.122 +0900,2026-08-07 11:05:54.298 +0900,"1772791469914-upload_4086170393288141551.jpg",,,9,false,,FieldSnap,+08:00,2,4,,,true,Drainage,Matched
125888,202250,4,18.2590827,121.689439,2026-03-06 17:55:14.169 +0900,0.0,416,359,,2026-03-06 19:03:34.155 +0900,2026-08-07 11:05:54.298 +0900,"1772791413983-upload_504384623623984535.jpg",,,9,false,,FieldSnap,+08:00,2,4,,,true,Drainage,Matched
125893,201704,4,18.2590827,121.689439,2026-03-06 17:56:18.451 +0900,0.0,416,359,,2026-03-06 19:03:36.799 +0900,2026-08-07 11:05:54.298 +0900,"1772791416615-upload_2391870229179973103.jpg",,,9,false,,FieldSnap,+08:00,2,4,,,true,Drainage,Matched
125896,202217,4,18.2590827,121.689439,2026-03-06 17:53:11.003 +0900,0.0,416,359,,2026-03-06 19:03:46.513 +0900,2026-08-07 11:05:54.298 +0900,"1772791426331-upload_8101914231609938125.jpg",,,9,false,,FieldSnap,+08:00,2,4,,,true,Drainage,Matched
125913,204413,4,18.2590827,121.689439,2026-03-06 17:10:32.771 +0900,0.0,416,359,,2026-03-06 19:04:11.425 +0900,2026-08-07 11:05:54.298 +0900,"1772791451223-upload_2280773157527255543.jpg",,,9,false,,FieldSnap,+08:00,2,4,,,true,Drainage,Matched
125930,202458,4,18.256574,121.6886046,2026-03-06 16:16:36.586 +0900,0.0,416,358,,2026-03-06 19:04:29.877 +0900,2026-08-07 11:05:54.298 +0900,"1772791469705-upload_5289322608653189053.jpg",,,9,false,,FieldSnap,+08:00,2,4,,,true,Drainage,Matched
125931,202214,4,18.256574,121.6886046,2026-03-06 16:19:32.930 +0900,0.0,416,358,,2026-03-06 19:04:30.057 +0900,2026-08-07 11:05:54.298 +0900,"1772791469839-upload_8925335122471394375.jpg",,,9,false,,FieldSnap,+08:00,2,4,,,true,Drainage,Matched
125929,202268,4,18.2590827,121.689439,2026-03-06 16:26:53.753 +0900,0.0,416,358,,2026-03-06 19:04:29.683 +0900,2026-08-07 11:05:54.298 +0900,"1772791469479-upload_6769010000028233150.jpg",,Changed the lot number from 1549-A into 1549-A1,9,false,,FieldSnap,+08:00,2,4,,,true,Drainage,Matched
125985,202238,4,18.2590827,121.689439,2026-03-06 16:35:55.101 +0900,0.0,416,358,,2026-03-06 19:30:48.322 +0900,2026-08-07 11:05:54.298 +0900,"1772793048144-upload_7525423532640816837.jpg",,,9,false,,FieldSnap,+08:00,2,4,,,true,Drainage,Matched
125949,202442,4,18.2590827,121.689439,2026-03-06 18:05:18.110 +0900,0.0,416,359,,2026-03-06 19:30:04.337 +0900,2026-08-07 11:05:54.298 +0900,"1772793004152-upload_6700845084028842718.jpg",,,9,false,,FieldSnap,+08:00,2,4,,,true,Drainage,Matched
125982,202211,4,18.256577,121.6886112,2026-03-06 16:47:21.075 +0900,0.0,416,359,,2026-03-06 19:30:46.653 +0900,2026-08-07 11:05:54.298 +0900,"1772793046472-upload_7152288261174351089.jpg",,,9,false,,FieldSnap,+08:00,2,4,,,true,Drainage,Matched
125954,204408,4,18.2590827,121.689439,2026-03-06 18:00:04.222 +0900,0.0,416,359,,2026-03-06 19:30:07.301 +0900,2026-08-07 11:05:54.298 +0900,"1772793007064-upload_1076881885757074733.jpg",,,9,false,,FieldSnap,+08:00,2,4,,,true,Drainage,Matched
125991,200635,4,18.2590827,121.689439,2026-03-06 16:28:43.995 +0900,0.0,416,358,,2026-03-06 19:30:56.727 +0900,2026-08-07 11:05:54.298 +0900,"1772793056532-upload_2382459062272808836.jpg",,,9,false,,FieldSnap,+08:00,2,4,,,true,Drainage,Matched
125975,202269,4,18.2590827,121.689439,2026-03-06 17:05:03.563 +0900,0.0,416,359,,2026-03-06 19:30:34.258 +0900,2026-08-07 11:05:54.298 +0900,"1772793034065-upload_4912748000677842991.jpg",,,9,false,,FieldSnap,+08:00,2,4,,,true,Drainage,Matched
109552,201705,4,18.2669737,121.6858755,2026-02-17 10:48:20.763 +0900,0.0,416,358,,2026-02-17 11:13:23.250 +0900,2026-08-07 11:05:54.298 +0900,"1771294403096-upload_3637305059662454119.jpg",,,9,false,,FieldSnap,+08:00,2,4,,,true,Drainage,Matched
125993,201654,4,18.256574,121.6886046,2026-03-06 16:15:05.584 +0900,0.0,416,358,,2026-03-06 19:30:58.102 +0900,2026-08-07 11:05:54.298 +0900,"1772793057930-upload_6333919410943574315.jpg",,,9,false,,FieldSnap,+08:00,2,4,,,true,Drainage,Matched
126294,202212,4,18.2635534,121.6865882,2026-03-07 12:40:44.394 +0900,0.0,416,358,,2026-03-07 12:40:52.945 +0900,2026-08-07 11:05:54.298 +0900,"1772854852762-upload_3475799338606545228.jpg",,,9,false,,FieldSnap,+08:00,2,4,,,true,Drainage,Matched
126286,202337,4,18.2590827,121.689439,2026-03-07 12:33:30.743 +0900,0.0,416,358,,2026-03-07 12:33:39.275 +0900,2026-08-07 11:05:54.298 +0900,"1772854418750-upload_3941575317169021485.jpg",,Changed the lot number from 1466D2 to 1466,9,false,,FieldSnap,+08:00,2,4,,,true,Drainage,Matched
126248,202247,4,18.2635534,121.6865882,2026-03-07 11:10:20.330 +0900,0.0,416,358,,2026-03-07 12:01:53.842 +0900,2026-08-07 11:05:54.298 +0900,"1772852513064-upload_514516089779178528.jpg",,,9,false,,FieldSnap,+08:00,2,4,,,true,Drainage,Matched
126447,202316,4,18.2635534,121.6865882,2026-03-07 15:52:24.047 +0900,0.0,416,358,,2026-03-07 15:59:21.435 +0900,2026-08-07 11:05:54.298 +0900,"1772866761091-upload_5404532014504035756.jpg",,,9,false,,FieldSnap,+08:00,2,4,,,true,Drainage,Matched
126454,202199,4,18.2635534,121.6865882,2026-03-07 16:02:53.674 +0900,0.0,416,358,,2026-03-07 16:12:56.336 +0900,2026-08-07 11:05:54.298 +0900,"1772867575437-upload_8504788508801241563.jpg",,,9,false,,FieldSnap,+08:00,2,4,,,true,Drainage,Matched
124614,202446,4,18.2683533,121.6837374,2026-03-05 11:57:43.807 +0900,0.0,416,358,,2026-03-05 12:55:29.921 +0900,2026-08-07 11:05:54.298 +0900,"1772682929661-upload_6011813955230444125.jpg",,Changed the lot number from 2457-c to 2452-C,9,false,,FieldSnap,+08:00,2,4,,,true,Drainage,Matched
124621,202196,4,18.2683533,121.6837374,2026-03-05 11:54:00.052 +0900,0.0,416,359,,2026-03-05 12:55:32.909 +0900,2026-08-07 11:05:54.298 +0900,"1772682932733-upload_3358227496349459359.jpg",,Changed the lot number from 2433 to 2433/34,9,false,,FieldSnap,+08:00,2,4,,,true,Drainage,Matched
124618,204457,4,18.2669737,121.6858755,2026-03-05 11:47:51.060 +0900,0.0,416,359,,2026-03-05 12:55:30.212 +0900,2026-08-07 11:05:54.298 +0900,"1772682930058-upload_6066856404904917339.jpg",,,9,false,,FieldSnap,+08:00,2,4,,,true,Drainage,Matched
124628,202869,4,18.2649346,121.6862319,2026-03-05 11:06:55.170 +0900,0.0,416,359,,2026-03-05 12:55:38.795 +0900,2026-08-07 11:05:54.298 +0900,"1772682938645-upload_5047852966584929308.jpg",,,9,false,,FieldSnap,+08:00,2,4,,,true,Drainage,Matched
124629,200636,4,18.2649346,121.6862319,2026-03-05 10:46:13.676 +0900,0.0,416,359,,2026-03-05 12:55:39.030 +0900,2026-08-07 11:05:54.298 +0900,"1772682938834-upload_5539422016901543191.jpg",,,9,false,,FieldSnap,+08:00,2,4,,,true,Drainage,Matched
124615,201697,4,18.2649346,121.6862319,2026-03-05 12:06:01.993 +0900,0.0,416,359,,2026-03-05 12:55:29.973 +0900,2026-08-07 11:05:54.298 +0900,"1772682929447-upload_4373218277170524423.jpg",,,9,false,,FieldSnap,+08:00,2,4,,,true,Drainage,Matched
124626,204464,4,18.2649346,121.6862319,2026-03-05 10:48:20.034 +0900,0.0,416,359,,2026-03-05 12:55:37.841 +0900,2026-08-07 11:05:54.298 +0900,"1772682937628-upload_6356369168225770512.jpg",,,9,false,,FieldSnap,+08:00,2,4,,,true,Drainage,Matched
124624,204432,4,18.2649346,121.6862319,2026-03-05 11:11:58.611 +0900,0.0,416,358,,2026-03-05 12:55:36.842 +0900,2026-08-07 11:05:54.298 +0900,"1772682936660-upload_7605832625405361918.jpg",,Changed the lot number from 1655 to 1654,9,false,,FieldSnap,+08:00,2,4,,,true,Drainage,Matched
124620,204460,4,18.2683533,121.6837374,2026-03-05 12:03:17.795 +0900,0.0,416,359,,2026-03-05 12:55:32.727 +0900,2026-08-07 11:05:54.298 +0900,"1772682932444-upload_7402687024682784652.jpg",,,9,false,,FieldSnap,+08:00,2,4,,,true,Drainage,Matched
124617,202413,4,18.2683533,121.6837374,2026-03-05 12:00:09.597 +0900,0.0,416,359,,2026-03-05 12:55:30.074 +0900,2026-08-07 11:05:54.298 +0900,"1772682929303-upload_976061538665357475.jpg",,,9,false,,FieldSnap,+08:00,2,4,,,true,Drainage,Matched
124623,202193,4,18.2669737,121.6858755,2026-03-05 11:45:09.116 +0900,0.0,416,359,,2026-03-05 12:55:36.402 +0900,2026-08-07 11:05:54.298 +0900,"1772682936230-upload_1996936914961309986.jpg",,,9,false,,FieldSnap,+08:00,2,4,,,true,Drainage,Matched
124622,202884,4,18.2649346,121.6862319,2026-03-05 11:27:12.945 +0900,0.0,416,359,,2026-03-05 12:55:34.429 +0900,2026-08-07 11:05:54.298 +0900,"1772682934200-upload_2972122860267818783.jpg",,,9,false,,FieldSnap,+08:00,2,4,,,true,Drainage,Matched
124633,202331,4,18.2649346,121.6862319,2026-03-05 10:43:23.167 +0900,0.0,416,359,,2026-03-05 12:55:43.488 +0900,2026-08-07 11:05:54.298 +0900,"1772682943286-upload_7025349367138443801.jpg",,,9,false,,FieldSnap,+08:00,2,4,,,true,Drainage,Matched
113377,201597,4,18.2566184,121.6885613,2026-02-21 17:52:35.208 +0900,0.0,416,359,,2026-02-21 18:06:25.558 +0900,2026-08-07 11:05:54.298 +0900,"1771664785295-upload_5053463665679170793.jpg",,,9,false,,FieldSnap,+08:00,2,4,,,true,Drainage,Matched
113164,202415,4,18.2587538,121.689439,2026-02-21 10:27:20.496 +0900,0.0,416,358,,2026-02-21 10:29:19.034 +0900,2026-08-07 11:05:54.298 +0900,"1771637358150-upload_6714440091644273423.jpg",,,9,false,,FieldSnap,+08:00,2,4,,,true,Drainage,Matched
113183,202327,4,18.2635534,121.6865882,2026-02-21 10:39:46.412 +0900,0.0,416,358,,2026-02-21 11:02:59.368 +0900,2026-08-07 11:05:54.298 +0900,"1771639379169-upload_6943100105961786602.jpg",,,9,false,,FieldSnap,+08:00,2,4,,,true,Drainage,Matched
113202,201636,4,18.2535612,121.6929979,2026-02-21 11:37:05.777 +0900,0.0,416,358,,2026-02-21 11:38:14.951 +0900,2026-08-07 11:05:54.298 +0900,"1771641494785-upload_3859264607821927125.jpg",,,9,false,,FieldSnap,+08:00,2,4,,,true,Drainage,Matched
113205,202323,4,18.2543488,121.6919333,2026-02-21 11:48:41.447 +0900,0.0,416,358,,2026-02-21 11:49:12.118 +0900,2026-08-07 11:05:54.298 +0900,"1771642151422-upload_1156887376508078967.jpg",,,9,false,,FieldSnap,+08:00,2,4,,,true,Drainage,Matched
114038,200766,4,18.2611234,121.6929736,2026-02-23 09:58:28.614 +0900,0.0,416,358,,2026-02-23 10:29:15.536 +0900,2026-08-07 11:05:54.298 +0900,"1771810155323-upload_4832904239819851195.jpg",,,9,false,,FieldSnap,+08:00,2,4,,,true,Drainage,Matched
114035,201623,4,18.2565201,121.6875309,2026-02-23 09:46:22.291 +0900,0.0,416,358,,2026-02-23 10:29:15.196 +0900,2026-08-07 11:05:54.298 +0900,"1771810155024-upload_2217548254727423364.jpg",,,9,false,,FieldSnap,+08:00,2,4,,,true,Drainage,Matched
114604,204471,4,18.2652067,121.6898883,2026-02-23 17:06:37.604 +0900,0.0,416,358,,2026-02-23 17:07:56.603 +0900,2026-08-07 11:05:54.298 +0900,"1771834075882-upload_2927576363386661456.jpg",,Changed the lot number from 2438 to 2437,9,false,,FieldSnap,+08:00,2,4,,,true,Drainage,Matched
114602,204447,4,18.2610105,121.6959403,2026-02-23 16:34:59.194 +0900,0.0,416,358,,2026-02-23 17:07:56.038 +0900,2026-08-07 11:05:54.298 +0900,"1771834075848-upload_423490986791012622.jpg",,,9,false,,FieldSnap,+08:00,2,4,,,true,Drainage,Matched
114601,202864,4,18.2615419,121.6959215,2026-02-23 16:55:12.940 +0900,0.0,416,358,,2026-02-23 17:07:54.640 +0900,2026-08-07 11:05:54.298 +0900,"1771834074467-upload_7331911344467370178.jpg",,,9,false,,FieldSnap,+08:00,2,4,,,true,Drainage,Matched
114610,201696,4,18.2669737,121.6858755,2026-02-23 17:14:54.585 +0900,0.0,416,358,,2026-02-23 17:15:42.888 +0900,2026-08-07 11:05:54.298 +0900,"1771834542711-upload_214935704782635766.jpg",,,9,false,,FieldSnap,+08:00,2,4,,,true,Drainage,Matched
114708,202195,4,18.2669737,121.6858755,2026-02-23 17:34:39.317 +0900,0.0,416,358,,2026-02-23 17:52:56.081 +0900,2026-08-07 11:05:54.298 +0900,"1771836775906-upload_4777393818642980771.jpg",,,9,false,,FieldSnap,+08:00,2,4,,,true,Drainage,Matched
114709,202326,4,18.2684133,121.6831769,2026-02-23 17:51:06.327 +0900,0.0,416,358,,2026-02-23 17:52:56.284 +0900,2026-08-07 11:05:54.298 +0900,"1771836776094-upload_1593494985028582319.jpg",,,9,false,,FieldSnap,+08:00,2,4,,,true,Drainage,Matched
126489,204427,4,18.2635534,121.6865882,2026-03-07 16:41:24.254 +0900,0.0,416,358,,2026-03-07 16:42:44.856 +0900,2026-08-07 11:05:54.298 +0900,"1772869364114-upload_8880045478031734092.jpg",,,9,false,,FieldSnap,+08:00,2,4,,,true,Drainage,Matched
126488,202205,4,18.2635534,121.6865882,2026-03-07 16:42:35.436 +0900,0.0,416,358,,2026-03-07 16:42:44.620 +0900,2026-08-07 11:05:54.298 +0900,"1772869364079-upload_3880592700623372889.jpg",,,9,false,,FieldSnap,+08:00,2,4,,,true,Drainage,Matched
126490,202227,4,18.2635534,121.6865882,2026-03-07 16:45:35.135 +0900,0.0,416,358,,2026-03-07 16:45:44.916 +0900,2026-08-07 11:05:54.298 +0900,"1772869544700-upload_8159469463453049886.jpg",,,9,false,,FieldSnap,+08:00,2,4,,,true,Drainage,Matched
126250,202240,4,18.2612186,121.6922411,2026-03-07 10:50:12.910 +0900,0.0,416,358,,2026-03-07 12:03:36.534 +0900,2026-08-07 11:05:54.298 +0900,"1772852616355-upload_6966985667305813049.jpg",,,9,false,,FieldSnap,+08:00,2,4,,,true,Drainage,Matched
126249,204456,4,18.2590827,121.689439,2026-03-07 10:46:21.664 +0900,0.0,416,358,,2026-03-07 12:03:35.559 +0900,2026-08-07 11:05:54.298 +0900,"1772852615395-upload_557571775083583444.jpg",,Changed the lot number from 1455-D2 to 1455-A,9,false,,FieldSnap,+08:00,2,4,,,true,Drainage,Matched
115638,204441,4,18.2700098,121.7038509,2026-02-24 16:00:29.642 +0900,0.0,416,359,,2026-02-24 16:00:57.051 +0900,2026-08-07 11:05:54.298 +0900,"1771916456386-upload_4113571674303537449.jpg",,,9,false,,FieldSnap,+08:00,2,4,,,true,Drainage,Matched
115743,201649,4,18.2652636,121.6862319,2026-02-24 16:17:44.000 +0900,0.0,416,359,,2026-02-24 17:03:47.305 +0900,2026-08-07 11:05:54.298 +0900,"1771920226883-upload_8220267404652018112.jpg",,,9,false,,FieldSnap,+08:00,2,4,,,true,Drainage,Matched
116129,201596,4,18.2669737,121.6858755,2026-02-25 10:59:29.508 +0900,0.0,416,358,,2026-02-25 11:50:50.806 +0900,2026-08-07 11:05:54.298 +0900,"1771987850482-upload_5188027369234556939.jpg",,,9,false,,FieldSnap,+08:00,2,4,,,true,Drainage,Matched
116135,202332,4,18.2669737,121.6858755,2026-02-25 11:01:58.272 +0900,0.0,416,358,,2026-02-25 11:50:52.444 +0900,2026-08-07 11:05:54.298 +0900,"1771987852281-upload_3200684053078465738.jpg",,,9,false,,FieldSnap,+08:00,2,4,,,true,Drainage,Matched
116143,202239,4,18.2669737,121.6858755,2026-02-25 10:19:48.576 +0900,0.0,416,358,,2026-02-25 11:51:02.415 +0900,2026-08-07 11:05:54.298 +0900,"1771987862230-upload_3893647008877606927.jpg",,,9,false,,FieldSnap,+08:00,2,4,,,true,Drainage,Matched
116138,201615,4,18.2669737,121.6858755,2026-02-25 10:41:10.985 +0900,0.0,416,358,,2026-02-25 11:51:00.671 +0900,2026-08-07 11:05:54.298 +0900,"1771987860444-upload_55500979813226984.jpg",,,9,false,,FieldSnap,+08:00,2,4,,,true,Drainage,Matched
116131,202222,4,18.2669737,121.6858755,2026-02-25 11:15:32.244 +0900,0.0,416,359,,2026-02-25 11:50:51.123 +0900,2026-08-07 11:05:54.298 +0900,"1771987850895-upload_6713880207724270781.jpg",,,9,false,,FieldSnap,+08:00,2,4,,,true,Drainage,Matched
124881,201645,4,18.2669737,121.6858755,2026-03-05 16:23:46.630 +0900,0.0,416,359,,2026-03-05 18:46:19.058 +0900,2026-08-07 11:05:54.298 +0900,"1772703978863-upload_5139633419132736653.jpg",,,9,false,,FieldSnap,+08:00,2,4,,,true,Drainage,Matched
116134,201594,4,18.2669737,121.6858755,2026-02-25 11:14:34.996 +0900,0.0,416,359,,2026-02-25 11:50:52.327 +0900,2026-08-07 11:05:54.298 +0900,"1771987852149-upload_5194647059217871412.jpg",,,9,false,,FieldSnap,+08:00,2,4,,,true,Drainage,Matched
124873,204582,4,18.2669737,121.6858755,2026-03-05 16:59:57.251 +0900,0.0,416,358,,2026-03-05 18:46:11.449 +0900,2026-08-07 11:05:54.298 +0900,"1772703971164-upload_4648765597575662674.jpg",,,9,false,,FieldSnap,+08:00,2,4,,,true,Drainage,Matched
116883,201607,4,18.2669737,121.6858755,2026-02-26 10:01:30.792 +0900,0.0,416,358,,2026-02-26 10:01:49.919 +0900,2026-08-07 11:05:54.298 +0900,"1772067709741-upload_3837912620993476114.jpg",,,9,false,,FieldSnap,+08:00,2,4,,,true,Drainage,Matched
117047,202200,4,18.2652636,121.6862319,2026-02-26 11:51:50.025 +0900,0.0,416,359,,2026-02-26 11:52:00.475 +0900,2026-08-07 11:05:54.298 +0900,"1772074320092-upload_1629396697422752383.jpg",,,9,false,,FieldSnap,+08:00,2,4,,,true,Drainage,Matched
117046,201612,4,18.2669737,121.6858755,2026-02-26 11:48:28.747 +0900,0.0,416,359,,2026-02-26 11:52:00.301 +0900,2026-08-07 11:05:54.298 +0900,"1772074319858-upload_2903250779731490094.jpg",,,9,false,,FieldSnap,+08:00,2,4,,,true,Drainage,Matched
116900,204430,4,18.2669737,121.6858755,2026-02-26 10:05:07.693 +0900,0.0,416,358,,2026-02-26 10:09:22.490 +0900,2026-08-07 11:05:54.298 +0900,"1772068162322-upload_8940132158430559595.jpg",,Changed the lot number from 1453-AB to 1543-AB,9,false,,FieldSnap,+08:00,2,4,,,true,Drainage,Matched
122128,,5,18.2649346,121.6862319,2026-03-03 11:03:57.550 +0900,18.0,416,358,,2026-03-03 11:08:28.957 +0900,2026-06-30 16:27:06.394 +0900,"1772503708789-upload_6274446226048215798.jpg","1517-C",,9,false,,FieldSnap,+08:00,3,3,,,false,Flooding,Pending Match
125455,,5,18.2669737,121.6858755,2026-03-06 11:29:35.944 +0900,15.0,416,358,,2026-03-06 13:34:48.607 +0900,2026-06-30 16:27:06.394 +0900,"1772771688444-upload_2019235082623587007.jpg","1413D2",,9,false,,FieldSnap,+08:00,3,3,,,false,Flooding,Pending Match
125456,,5,18.2669737,121.6858755,2026-03-06 11:35:38.462 +0900,17.0,416,358,,2026-03-06 13:34:50.285 +0900,2026-06-30 16:27:06.394 +0900,"1772771690093-upload_8964556319770505483.jpg","1426-B",,9,false,,FieldSnap,+08:00,3,3,,,false,Flooding,Pending Match
118000,,5,18.2669737,121.6858755,2026-02-27 10:42:52.491 +0900,15.0,416,358,,2026-02-27 11:59:36.630 +0900,2026-06-30 16:27:06.394 +0900,"1772161176468-upload_194077702843667131.jpg","1482D2",,9,false,,FieldSnap,+08:00,3,3,,,false,Flooding,Pending Match
117993,,5,18.2652636,121.6862319,2026-02-27 11:22:06.369 +0900,16.0,416,358,,2026-02-27 11:59:24.885 +0900,2026-06-30 16:27:06.394 +0900,"1772161164696-upload_7780274905856046417.jpg","1522",,9,false,,FieldSnap,+08:00,3,3,,,false,Flooding,Pending Match
118001,,5,18.2669737,121.6858755,2026-02-27 11:05:51.126 +0900,18.0,416,358,,2026-02-27 11:59:37.280 +0900,2026-06-30 16:27:06.394 +0900,"1772161177115-upload_5755531203406248684.jpg","1512D2",,9,false,,FieldSnap,+08:00,3,3,,,false,Flooding,Pending Match
125454,,5,18.2669737,121.6858755,2026-03-06 10:59:54.671 +0900,16.0,416,358,,2026-03-06 13:34:48.497 +0900,2026-06-30 16:27:06.394 +0900,"1772771688286-upload_4385832643208569158.jpg","2428",,9,false,,FieldSnap,+08:00,3,3,,,false,Flooding,Pending Match
123883,,5,18.2649346,121.6862319,2026-03-04 11:29:09.192 +0900,19.0,416,358,,2026-03-04 18:59:38.450 +0900,2026-06-30 16:27:06.394 +0900,"1772618377999-upload_5404866006721761803.jpg","2410-A",,9,false,,FieldSnap,+08:00,3,3,,,false,Flooding,Pending Match
107972,,5,18.2669737,121.6858755,2026-02-16 11:07:47.932 +0900,14.0,416,358,,2026-02-16 11:12:42.876 +0900,2026-06-30 16:27:06.394 +0900,"1771207962728-upload_329220266911493838.jpg","1483-A",,9,false,,FieldSnap,+08:00,36,3,,,false,Saturated,Pending Match
107970,,5,18.2669737,121.6858755,2026-02-16 11:09:07.566 +0900,16.0,416,358,,2026-02-16 11:12:42.324 +0900,2026-06-30 16:27:06.394 +0900,"1771207962032-upload_5309109860170637673.jpg","1483-B",,9,false,,FieldSnap,+08:00,3,3,,,false,Flooding,Pending Match
116152,,5,18.2669737,121.6858755,2026-02-25 09:52:27.531 +0900,13.0,416,358,,2026-02-25 11:51:09.433 +0900,2026-06-30 16:27:06.394 +0900,"1771987869267-upload_4734206476629827346.jpg","2347-A",,9,false,,FieldSnap,+08:00,36,3,,,false,Saturated,Pending Match
116150,,5,18.2669737,121.6858755,2026-02-25 10:02:27.801 +0900,14.0,416,358,,2026-02-25 11:51:08.824 +0900,2026-06-30 16:27:06.394 +0900,"1771987868678-upload_1296298198152745729.jpg","2350-A",,9,false,,FieldSnap,+08:00,36,3,,,false,Saturated,Pending Match
116340,,5,18.2669737,121.6858755,2026-02-25 16:33:36.260 +0900,16.0,416,358,,2026-02-25 16:40:21.863 +0900,2026-06-30 16:27:06.394 +0900,"1772005221551-upload_4528510693971332464.jpg","2368-A2",,9,false,,FieldSnap,+08:00,3,3,,,false,Flooding,Pending Match
116341,,5,18.2669737,121.6858755,2026-02-25 16:36:01.519 +0900,13.0,416,358,,2026-02-25 16:40:22.929 +0900,2026-06-30 16:27:06.394 +0900,"1772005222732-upload_232498252479064989.jpg","2368-C",,9,false,,FieldSnap,+08:00,36,3,,,false,Saturated,Pending Match
118049,,5,18.2652636,121.6862319,2026-02-27 12:16:12.132 +0900,18.0,416,358,,2026-02-27 12:18:02.646 +0900,2026-06-30 16:27:06.394 +0900,"1772162282431-upload_4098790655011668335.jpg","1426-D",,9,false,,FieldSnap,+08:00,3,3,,,false,Flooding,Pending Match
117797,201607,5,18.2652636,121.6862319,2026-02-27 09:57:17.268 +0900,18.0,416,358,,2026-02-27 09:58:29.337 +0900,2026-08-07 11:05:54.298 +0900,"1772153909014-upload_8444450728189176001.jpg",,,9,false,,FieldSnap,+08:00,3,4,,,true,Flooding,Matched
117804,204430,5,18.2652636,121.6862319,2026-02-27 10:01:01.549 +0900,24.0,416,358,,2026-02-27 10:01:20.945 +0900,2026-08-07 11:05:54.298 +0900,"1772154080596-upload_1416464264307234918.jpg",,Changed the lot number from 1453-AB to 1543-AB,9,false,,FieldSnap,+08:00,3,4,,,true,Flooding,Matched
116137,201616,5,18.2669737,121.6858755,2026-02-25 10:32:47.843 +0900,15.0,416,358,,2026-02-25 11:51:00.670 +0900,2026-08-07 11:05:54.298 +0900,"1771987860477-upload_4372831116434889317.jpg",,Changed the lot number from 2391-B2 to 2391-B,9,false,,FieldSnap,+08:00,3,4,,,true,Flooding,Matched
117821,204391,5,18.290555,121.8254791,2026-02-27 10:06:26.184 +0900,15.0,416,358,,2026-02-27 10:06:36.353 +0900,2026-08-07 11:05:54.298 +0900,"1772154396036-upload_3756260049522917690.jpg",,Changed the lot number from 1470D2 to 1470,9,false,,FieldSnap,+08:00,3,4,,,true,Flooding,Matched
125460,204440,5,18.2649346,121.6862319,2026-03-06 10:38:47.632 +0900,15.0,416,358,,2026-03-06 13:34:53.498 +0900,2026-08-07 11:05:54.298 +0900,"1772771693289-upload_5789826606246322070.jpg",,,9,false,,FieldSnap,+08:00,3,4,,,true,Flooding,Matched
125452,202191,5,18.2669737,121.6858755,2026-03-06 11:41:00.283 +0900,18.0,416,358,,2026-03-06 13:34:48.084 +0900,2026-08-07 11:05:54.298 +0900,"1772771687583-upload_7617343576313518491.jpg",,,9,false,,FieldSnap,+08:00,3,4,,,true,Flooding,Matched
125459,202453,5,18.2669737,121.6858755,2026-03-06 10:32:12.769 +0900,17.0,416,358,,2026-03-06 13:34:53.480 +0900,2026-08-07 11:05:54.298 +0900,"1772771693277-upload_1244660910236719350.jpg",,Changed the lot number from 2391-BD2 to 2391-A,9,false,,FieldSnap,+08:00,3,4,,,true,Flooding,Matched
117997,202210,5,18.2652636,121.6862319,2026-02-27 11:34:12.615 +0900,16.0,416,358,,2026-02-27 11:59:27.694 +0900,2026-08-07 11:05:54.298 +0900,"1772161167507-upload_246648753201380855.jpg",,,9,false,,FieldSnap,+08:00,3,4,,,true,Flooding,Matched
117987,202204,5,18.2652636,121.6862319,2026-02-27 11:36:27.700 +0900,17.0,416,358,,2026-02-27 11:59:04.715 +0900,2026-08-07 11:05:54.298 +0900,"1772161144547-upload_4562887402222302635.jpg",,,9,false,,FieldSnap,+08:00,3,4,,,true,Flooding,Matched
118003,201612,5,18.2669737,121.6858755,2026-02-27 10:45:30.779 +0900,15.0,416,358,,2026-02-27 11:59:37.573 +0900,2026-08-07 11:05:54.298 +0900,"1772161177388-upload_6559845918748225413.jpg",,,9,false,,FieldSnap,+08:00,3,4,,,true,Flooding,Matched
118005,201707,5,18.2669737,121.6858755,2026-02-27 11:04:13.923 +0900,15.0,416,358,,2026-02-27 11:59:41.675 +0900,2026-08-07 11:05:54.298 +0900,"1772161181490-upload_1098491643797939338.jpg",,,9,false,,FieldSnap,+08:00,3,4,,,true,Flooding,Matched
118048,202194,5,18.2652636,121.6862319,2026-02-27 12:10:44.030 +0900,15.0,416,358,,2026-02-27 12:18:02.424 +0900,2026-08-07 11:05:54.298 +0900,"1772162282164-upload_8373059790655301488.jpg",,,9,false,,FieldSnap,+08:00,3,4,,,true,Flooding,Matched
125453,204457,5,18.2649346,121.6862319,2026-03-06 10:42:52.383 +0900,15.0,416,358,,2026-03-06 13:34:48.410 +0900,2026-08-07 11:05:54.298 +0900,"1772771688227-upload_8750703487448203701.jpg",,,9,false,,FieldSnap,+08:00,3,4,,,true,Flooding,Matched
125457,201645,5,18.2669737,121.6858755,2026-03-06 11:14:02.993 +0900,16.0,416,358,,2026-03-06 13:34:53.287 +0900,2026-08-07 11:05:54.298 +0900,"1772771693113-upload_3829972034050584276.jpg",,,9,false,,FieldSnap,+08:00,3,4,,,true,Flooding,Matched
125451,204583,5,18.2669737,121.6858755,2026-03-06 11:08:20.544 +0900,14.0,416,358,,2026-03-06 13:34:46.826 +0900,2026-08-07 11:05:54.298 +0900,"1772771686466-upload_7964282460875366474.jpg",,,9,false,,FieldSnap,+08:00,36,4,,,true,Saturated,Matched
123900,204392,5,18.2730476,121.7154489,2026-03-04 10:10:15.295 +0900,19.0,416,358,,2026-03-04 19:00:02.858 +0900,2026-08-07 11:05:54.298 +0900,"1772618402694-upload_9088971996520603607.jpg",,,9,false,,FieldSnap,+08:00,3,4,,,true,Flooding,Matched
123892,204394,5,18.2619759,121.6880136,2026-03-04 10:47:49.397 +0900,19.0,416,358,,2026-03-04 18:59:45.951 +0900,2026-08-07 11:05:54.298 +0900,"1772618385756-upload_3436076069620455193.jpg",,,9,false,,FieldSnap,+08:00,3,4,,,true,Flooding,Matched
123881,201598,5,18.2649346,121.6862319,2026-03-04 11:22:52.963 +0900,17.0,416,358,,2026-03-04 18:59:36.186 +0900,2026-08-07 11:05:54.298 +0900,"1772618375373-upload_3694331592380321556.jpg",,,9,false,,FieldSnap,+08:00,3,4,,,true,Flooding,Matched
123891,204592,5,18.2619759,121.6880136,2026-03-04 10:44:19.474 +0900,17.0,416,358,,2026-03-04 18:59:44.868 +0900,2026-08-07 11:05:54.298 +0900,"1772618384603-upload_8199957201399474462.jpg",,,9,false,,FieldSnap,+08:00,3,4,,,true,Flooding,Matched
123894,206151,5,18.2649346,121.6862319,2026-03-04 10:41:10.416 +0900,17.0,416,358,,2026-03-04 18:59:46.354 +0900,2026-08-07 11:05:54.298 +0900,"1772618386196-upload_209841436587406869.jpg",,,9,false,,FieldSnap,+08:00,3,4,,,true,Flooding,Matched
123903,206144,5,18.2730476,121.7154489,2026-03-04 10:07:30.486 +0900,16.0,416,358,,2026-03-04 19:00:03.581 +0900,2026-08-07 11:05:54.298 +0900,"1772618403386-upload_8703512797511706451.jpg",,,9,false,,FieldSnap,+08:00,3,4,,,true,Flooding,Matched
123899,206136,5,18.2649346,121.6862319,2026-03-04 10:26:08.735 +0900,19.0,416,358,,2026-03-04 19:00:02.638 +0900,2026-08-07 11:05:54.298 +0900,"1772618402427-upload_2549950726265676810.jpg",,,9,false,,FieldSnap,+08:00,3,4,,,true,Flooding,Matched
123902,206132,5,18.2625683,121.6883699,2026-03-04 10:14:06.885 +0900,18.0,416,358,,2026-03-04 19:00:03.243 +0900,2026-08-07 11:05:54.298 +0900,"1772618402992-upload_8341837441236956496.jpg",,,9,false,,FieldSnap,+08:00,3,4,,,true,Flooding,Matched
123890,202861,5,18.2625683,121.6883699,2026-03-04 10:59:52.344 +0900,20.0,416,358,,2026-03-04 18:59:44.866 +0900,2026-08-07 11:05:54.298 +0900,"1772618384536-upload_4226313390357269184.jpg",,,9,false,,FieldSnap,+08:00,3,4,,,true,Flooding,Matched
123888,202260,5,18.2616085,121.6913221,2026-03-04 11:13:56.974 +0900,17.0,416,358,,2026-03-04 18:59:40.823 +0900,2026-08-07 11:05:54.298 +0900,"1772618380095-upload_7023827600768595808.jpg",,,9,false,,FieldSnap,+08:00,3,4,,,true,Flooding,Matched
123882,202342,5,18.2649346,121.6862319,2026-03-04 11:28:09.093 +0900,18.0,416,358,,2026-03-04 18:59:38.334 +0900,2026-08-07 11:05:54.298 +0900,"1772618377998-upload_8307408092028021627.jpg",,,9,false,,FieldSnap,+08:00,3,4,,,true,Flooding,Matched
123901,202444,5,18.2730476,121.7154489,2026-03-04 10:03:04.025 +0900,19.0,416,358,,2026-03-04 19:00:03.044 +0900,2026-08-07 11:05:54.298 +0900,"1772618402818-upload_1905074860586767949.jpg",,,9,false,,FieldSnap,+08:00,3,4,,,true,Flooding,Matched
123897,202245,5,18.2625683,121.6883699,2026-03-04 10:22:18.675 +0900,18.0,416,358,,2026-03-04 19:00:01.150 +0900,2026-08-07 11:05:54.298 +0900,"1772618400952-upload_4827477366524832747.jpg",,,9,false,,FieldSnap,+08:00,3,4,,,true,Flooding,Matched
123889,202870,5,18.2625683,121.6883699,2026-03-04 10:57:01.842 +0900,17.0,416,358,,2026-03-04 18:59:43.072 +0900,2026-08-07 11:05:54.298 +0900,"1772618382867-upload_5205404203028058075.jpg",,,9,false,,FieldSnap,+08:00,3,4,,,true,Flooding,Matched
123884,201637,5,18.2616085,121.6913221,2026-03-04 11:16:28.821 +0900,17.0,416,358,,2026-03-04 18:59:38.556 +0900,2026-08-07 11:05:54.298 +0900,"1772618378366-upload_6120684379616875682.jpg",,,9,false,,FieldSnap,+08:00,3,4,,,true,Flooding,Matched
123886,202270,5,18.2616085,121.6913221,2026-03-04 11:19:26.717 +0900,18.0,416,358,,2026-03-04 18:59:38.826 +0900,2026-08-07 11:05:54.298 +0900,"1772618378007-upload_6834781012178441975.jpg",,,9,false,,FieldSnap,+08:00,3,4,,,true,Flooding,Matched
123893,202312,5,18.2649346,121.6862319,2026-03-04 10:36:24.131 +0900,18.0,416,358,,2026-03-04 18:59:46.229 +0900,2026-08-07 11:05:54.298 +0900,"1772618386031-upload_7896626577402808565.jpg",,Changed the lot number from 684-AB to 684-A,9,false,,FieldSnap,+08:00,3,4,,,true,Flooding,Matched
123896,206128,5,18.2625683,121.6883699,2026-03-04 10:53:14.388 +0900,17.0,416,358,,2026-03-04 18:59:47.050 +0900,2026-08-07 11:05:54.298 +0900,"1772618386858-upload_2955400640732055841.jpg",,,9,false,,FieldSnap,+08:00,3,4,,,true,Flooding,Matched
104407,206131,5,18.2641402,121.6954243,2026-02-11 16:59:44.780 +0900,15.0,416,358,,2026-02-11 19:32:20.125 +0900,2026-08-07 11:05:54.298 +0900,"1770805939515-upload_1489599265825440059.jpg",,,9,false,,FieldSnap,+08:00,3,4,,,true,Flooding,Matched
104408,202890,5,18.2670391,121.6855191,2026-02-11 16:54:36.515 +0900,15.0,416,358,,2026-02-11 19:32:20.184 +0900,2026-08-07 11:05:54.298 +0900,"1770805939392-upload_8131875353397456711.jpg",,,9,false,,FieldSnap,+08:00,3,4,,,true,Flooding,Matched
104414,202224,5,18.2670391,121.6855191,2026-02-11 16:44:25.207 +0900,15.0,416,358,,2026-02-11 19:32:34.430 +0900,2026-08-07 11:05:54.298 +0900,"1770805954065-upload_2186435233914145599.jpg",,,9,false,,FieldSnap,+08:00,3,4,,,true,Flooding,Matched
104410,204393,5,18.2670391,121.6855191,2026-02-11 16:47:14.960 +0900,17.0,416,359,,2026-02-11 19:32:22.059 +0900,2026-08-07 11:05:54.298 +0900,"1770805941909-upload_3825761811388244066.jpg",,,9,false,,FieldSnap,+08:00,3,4,,,true,Flooding,Matched
104420,200730,5,18.2670391,121.6855191,2026-02-11 16:04:16.946 +0900,14.0,416,358,,2026-02-11 19:32:48.303 +0900,2026-08-07 11:05:54.298 +0900,"1770805968146-upload_8302206916236259019.jpg",,,9,false,,FieldSnap,+08:00,36,4,,,true,Saturated,Matched
104411,202226,5,18.2670391,121.6855191,2026-02-11 16:41:21.112 +0900,13.0,416,358,,2026-02-11 19:32:28.434 +0900,2026-08-07 11:05:54.298 +0900,"1770805948259-upload_5990854606645686134.jpg",,,9,false,,FieldSnap,+08:00,36,4,,,true,Saturated,Matched
105333,200755,5,18.2652636,121.6862319,2026-02-12 16:20:18.344 +0900,16.0,416,358,,2026-02-12 16:24:41.675 +0900,2026-08-07 11:05:54.298 +0900,"1770881080813-upload_1324752576734040531.jpg",,,9,false,,FieldSnap,+08:00,3,4,,,true,Flooding,Matched
105414,204437,5,18.264782,121.6861915,2026-02-12 17:24:56.732 +0900,17.0,416,358,,2026-02-12 17:27:08.182 +0900,2026-08-07 11:05:54.298 +0900,"1770884827563-upload_1156795852640182736.jpg",,,9,false,,FieldSnap,+08:00,3,4,,,true,Flooding,Matched
117984,206127,5,18.2652636,121.6862319,2026-02-27 11:38:09.584 +0900,15.0,416,358,,2026-02-27 11:59:03.853 +0900,2026-08-07 11:05:54.298 +0900,"1772161143666-upload_1291864982255292977.jpg",,,9,false,,FieldSnap,+08:00,3,4,,,true,Flooding,Matched
123895,206168,5,18.2649346,121.6862319,2026-03-04 10:29:19.994 +0900,20.0,416,358,,2026-03-04 18:59:47.042 +0900,2026-08-07 11:05:54.298 +0900,"1772618386875-upload_6520737119481716665.jpg",,,9,false,,FieldSnap,+08:00,3,4,,,true,Flooding,Matched
125841,201611,5,18.2590827,121.689439,2026-03-06 18:15:07.445 +0900,15.0,416,358,,2026-03-06 19:01:50.374 +0900,2026-08-07 11:05:54.298 +0900,"1772791310203-upload_4036291906497670325.jpg",,,9,false,,FieldSnap,+08:00,3,4,,,true,Flooding,Matched
107971,202215,5,18.2669737,121.6858755,2026-02-16 11:10:28.911 +0900,19.0,416,358,,2026-02-16 11:12:42.602 +0900,2026-08-07 11:05:54.298 +0900,"1771207962295-upload_574763219233875518.jpg",,,9,false,,FieldSnap,+08:00,3,4,,,true,Flooding,Matched
108061,202241,5,18.2669737,121.6858755,2026-02-16 11:31:25.042 +0900,17.0,416,358,,2026-02-16 11:46:36.249 +0900,2026-08-07 11:05:54.298 +0900,"1771209995878-upload_2358750661604054868.jpg",,,9,false,,FieldSnap,+08:00,3,4,,,true,Flooding,Matched
108611,204448,5,18.2652636,121.6862319,2026-02-16 16:27:58.952 +0900,19.0,416,358,,2026-02-16 16:48:36.032 +0900,2026-08-07 11:05:54.298 +0900,"1771228115551-upload_2637342199399866497.jpg",,,9,false,,FieldSnap,+08:00,3,4,,,true,Flooding,Matched
108582,202343,5,18.2641532,121.6874349,2026-02-16 16:24:12.377 +0900,18.0,416,358,,2026-02-16 16:24:44.670 +0900,2026-08-07 11:05:54.298 +0900,"1771226684367-upload_2109464372108181696.jpg",,,9,false,,FieldSnap,+08:00,3,4,,,true,Flooding,Matched
125880,201661,5,18.2590827,121.689439,2026-03-06 18:17:47.889 +0900,14.0,416,358,,2026-03-06 19:03:21.669 +0900,2026-08-07 11:05:54.298 +0900,"1772791401485-upload_921387945335290991.jpg",,,9,false,,FieldSnap,+08:00,36,4,,,true,Saturated,Matched
110977,201705,5,18.2669737,121.6858755,2026-02-18 11:25:11.640 +0900,15.0,416,358,,2026-02-18 11:49:56.532 +0900,2026-08-07 11:05:54.298 +0900,"1771382996358-upload_3260837336442189233.jpg",,,9,false,,FieldSnap,+08:00,3,4,,,true,Flooding,Matched
110975,204468,5,18.2608963,121.6947678,2026-02-18 11:36:43.357 +0900,16.0,416,358,,2026-02-18 11:49:55.425 +0900,2026-08-07 11:05:54.298 +0900,"1771382995261-upload_4534781825254669496.jpg",,,9,false,,FieldSnap,+08:00,3,4,,,true,Flooding,Matched
110979,200718,5,18.2669737,121.6858755,2026-02-18 11:33:44.214 +0900,12.0,416,358,,2026-02-18 11:49:56.822 +0900,2026-08-07 11:05:54.298 +0900,"1771382996655-upload_1285502413118915148.jpg",,,9,false,,FieldSnap,+08:00,36,4,,,true,Saturated,Matched
110981,204450,5,18.2669737,121.6858755,2026-02-18 11:27:19.423 +0900,16.0,416,358,,2026-02-18 11:49:58.052 +0900,2026-08-07 11:05:54.298 +0900,"1771382997899-upload_3055690390289879393.jpg",,Changed the lot number from 2484 to 2384,9,false,,FieldSnap,+08:00,3,4,,,true,Flooding,Matched
108063,204463,5,18.2669737,121.6858755,2026-02-16 11:32:25.729 +0900,17.0,416,358,,2026-02-16 11:46:38.751 +0900,2026-08-07 11:05:54.298 +0900,"1771209998580-upload_1617626646634993786.jpg",,,9,false,,FieldSnap,+08:00,3,4,,,true,Flooding,Matched
111151,204435,5,18.2665977,121.6932345,2026-02-18 15:03:09.579 +0900,11.0,416,359,,2026-02-18 15:25:48.228 +0900,2026-08-07 11:05:54.298 +0900,"1771395947874-upload_5280298404345348757.jpg",,,9,false,,FieldSnap,+08:00,36,4,,,true,Saturated,Matched
126247,201704,5,18.2590827,121.689439,2026-03-07 11:19:55.068 +0900,15.0,416,358,,2026-03-07 12:01:53.702 +0900,2026-08-07 11:05:54.298 +0900,"1772852513532-upload_2095752766955447104.jpg",,,9,false,,FieldSnap,+08:00,3,4,,,true,Flooding,Matched
126245,206120,5,18.2590827,121.689439,2026-03-07 11:23:33.808 +0900,15.0,416,358,,2026-03-07 12:01:53.337 +0900,2026-08-07 11:05:54.298 +0900,"1772852513060-upload_378806393990616711.jpg",,,9,false,,FieldSnap,+08:00,3,4,,,true,Flooding,Matched
126448,201697,5,18.2635534,121.6865882,2026-03-07 15:57:38.664 +0900,16.0,416,358,,2026-03-07 15:59:21.462 +0900,2026-08-07 11:05:54.298 +0900,"1772866760779-upload_5756168321650020213.jpg",,,9,false,,FieldSnap,+08:00,3,4,,,true,Flooding,Matched
112883,202451,5,18.2622389,121.6887355,2026-02-20 17:39:26.738 +0900,18.0,416,358,,2026-02-20 17:39:37.906 +0900,2026-08-07 11:05:54.298 +0900,"1771576777611-upload_4715407498974181631.jpg",,,9,false,,FieldSnap,+08:00,3,4,,,true,Flooding,Matched
113376,202323,5,18.2608477,121.6958739,2026-02-21 17:39:01.754 +0900,15.0,416,358,,2026-02-21 18:06:25.489 +0900,2026-08-07 11:05:54.298 +0900,"1771664785285-upload_6537772486668265340.jpg",,,9,false,,FieldSnap,+08:00,3,4,,,true,Flooding,Matched
113311,201646,5,18.2635534,121.6865882,2026-02-21 16:49:13.145 +0900,15.0,416,358,,2026-02-21 16:56:48.286 +0900,2026-08-07 11:05:54.298 +0900,"1771660607583-upload_911651032030723838.jpg",,,9,false,,FieldSnap,+08:00,3,4,,,true,Flooding,Matched
113312,202415,5,18.2612489,121.6916609,2026-02-21 16:39:16.358 +0900,14.0,416,358,,2026-02-21 16:56:50.344 +0900,2026-08-07 11:05:54.298 +0900,"1771660610042-upload_6708766801685880367.jpg",,,9,false,,FieldSnap,+08:00,36,4,,,true,Saturated,Matched
113348,201628,5,18.2565617,121.6886179,2026-02-21 17:29:12.375 +0900,18.0,416,358,,2026-02-21 17:32:05.360 +0900,2026-08-07 11:05:54.298 +0900,"1771662725175-upload_770941942934024842.jpg",,,9,false,,FieldSnap,+08:00,3,4,,,true,Flooding,Matched
113349,201636,5,18.2635534,121.6865882,2026-02-21 17:31:43.460 +0900,19.0,416,358,,2026-02-21 17:32:05.541 +0900,2026-08-07 11:05:54.298 +0900,"1771662725242-upload_396045723772034119.jpg",,,9,false,,FieldSnap,+08:00,3,4,,,true,Flooding,Matched
113309,204472,5,18.2612489,121.6916609,2026-02-21 16:40:52.224 +0900,16.0,416,359,,2026-02-21 16:56:48.013 +0900,2026-08-07 11:05:54.298 +0900,"1771660607862-upload_8300696468347622453.jpg",,,9,false,,FieldSnap,+08:00,3,4,,,true,Flooding,Matched
113310,202327,5,18.2612489,121.6916609,2026-02-21 16:43:57.659 +0900,19.0,416,358,,2026-02-21 16:56:48.272 +0900,2026-08-07 11:05:54.298 +0900,"1771660608116-upload_8787728162534480144.jpg",,,9,false,,FieldSnap,+08:00,3,4,,,true,Flooding,Matched
113307,202261,5,18.2635534,121.6865882,2026-02-21 16:48:29.922 +0900,16.0,416,358,,2026-02-21 16:56:47.710 +0900,2026-08-07 11:05:54.298 +0900,"1771660607554-upload_7917419137520212439.jpg",,,9,false,,FieldSnap,+08:00,3,4,,,true,Flooding,Matched
126474,201605,5,18.2635534,121.6865882,2026-03-07 16:20:18.550 +0900,16.0,416,358,,2026-03-07 16:20:38.773 +0900,2026-08-07 11:05:54.298 +0900,"1772868038601-upload_5144521585573361802.jpg",,,9,false,,FieldSnap,+08:00,3,4,,,true,Flooding,Matched
126498,202217,5,18.2635534,121.6865882,2026-03-07 16:56:38.159 +0900,16.0,416,358,,2026-03-07 16:57:10.326 +0900,2026-08-07 11:05:54.298 +0900,"1772870230129-upload_2386059902439761235.jpg",,,9,false,,FieldSnap,+08:00,3,4,,,true,Flooding,Matched
126497,206149,5,18.2635534,121.6865882,2026-03-07 16:54:58.339 +0900,16.0,416,358,,2026-03-07 16:55:05.681 +0900,2026-08-07 11:05:54.298 +0900,"1772870105487-upload_1812350985899923529.jpg",,,9,false,,FieldSnap,+08:00,3,4,,,true,Flooding,Matched
126494,204413,5,18.2635534,121.6865882,2026-03-07 16:51:58.275 +0900,18.0,416,358,,2026-03-07 16:52:10.464 +0900,2026-08-07 11:05:54.298 +0900,"1772869930088-upload_9050085552730290320.jpg",,,9,false,,FieldSnap,+08:00,3,4,,,true,Flooding,Matched
115265,204470,5,18.2669737,121.6858755,2026-02-24 10:39:06.353 +0900,17.0,416,359,,2026-02-24 11:20:25.481 +0900,2026-08-07 11:05:54.298 +0900,"1771899625317-upload_5202758401761855466.jpg",,,9,false,,FieldSnap,+08:00,3,4,,,true,Flooding,Matched
115268,200766,5,18.2669737,121.6858755,2026-02-24 10:42:44.891 +0900,14.0,416,358,,2026-02-24 11:20:27.435 +0900,2026-08-07 11:05:54.298 +0900,"1771899627269-upload_4543905226692182760.jpg","676-A",,9,false,,FieldSnap,+08:00,36,4,,,true,Saturated,Matched
115264,202326,5,18.2658221,121.6872067,2026-02-24 10:20:10.086 +0900,16.0,416,358,,2026-02-24 11:20:25.469 +0900,2026-08-07 11:05:54.298 +0900,"1771899625314-upload_3003045472703805679.jpg",,,9,false,,FieldSnap,+08:00,3,4,,,true,Flooding,Matched
115267,202195,5,18.267722,121.6830611,2026-02-24 10:25:39.731 +0900,16.0,416,358,,2026-02-24 11:20:26.957 +0900,2026-08-07 11:05:54.298 +0900,"1771899626754-upload_7723685666362333257.jpg","2433-B",,9,false,,FieldSnap,+08:00,3,4,,,true,Flooding,Matched
115263,204447,5,18.2615605,121.6958825,2026-02-24 10:59:10.934 +0900,16.0,416,358,,2026-02-24 11:20:25.189 +0900,2026-08-07 11:05:54.298 +0900,"1771899625027-upload_3233754919938039412.jpg",,,9,false,,FieldSnap,+08:00,3,4,,,true,Flooding,Matched
116151,204441,5,18.2669737,121.6858755,2026-02-25 09:56:06.531 +0900,19.0,416,358,,2026-02-25 11:51:09.290 +0900,2026-08-07 11:05:54.298 +0900,"1771987869134-upload_8488477175279316864.jpg",,,9,false,,FieldSnap,+08:00,3,4,,,true,Flooding,Matched
116149,201649,5,18.2669737,121.6858755,2026-02-25 10:00:41.421 +0900,17.0,416,358,,2026-02-25 11:51:08.633 +0900,2026-08-07 11:05:54.298 +0900,"1771987868442-upload_5931985188946245570.jpg",,,9,false,,FieldSnap,+08:00,3,4,,,true,Flooding,Matched
116148,204439,5,18.2669737,121.6858755,2026-02-25 10:04:54.546 +0900,16.0,416,358,,2026-02-25 11:51:08.211 +0900,2026-08-07 11:05:54.298 +0900,"1771987868024-upload_2189634573091810336.jpg",,,9,false,,FieldSnap,+08:00,3,4,,,true,Flooding,Matched
116346,201615,5,18.2669737,121.6858755,2026-02-25 16:50:07.160 +0900,20.0,416,358,,2026-02-25 16:50:41.603 +0900,2026-08-07 11:05:54.298 +0900,"1772005841299-upload_2328710043083652804.jpg",,,9,false,,FieldSnap,+08:00,3,4,,,true,Flooding,Matched
116376,201594,5,18.2669737,121.6858755,2026-02-25 17:14:58.614 +0900,16.0,416,358,,2026-02-25 17:15:33.320 +0900,2026-08-07 11:05:54.298 +0900,"1772007333089-upload_6383396218137257221.jpg",,,9,false,,FieldSnap,+08:00,3,4,,,true,Flooding,Matched
116378,202219,5,18.2669737,121.6858755,2026-02-25 17:12:01.156 +0900,16.0,416,358,,2026-02-25 17:15:33.347 +0900,2026-08-07 11:05:54.298 +0900,"1772007332891-upload_3579396150398315701.jpg",,,9,false,,FieldSnap,+08:00,3,4,,,true,Flooding,Matched
116374,201596,5,18.2669737,121.6858755,2026-02-25 17:03:14.510 +0900,19.0,416,358,,2026-02-25 17:15:33.293 +0900,2026-08-07 11:05:54.298 +0900,"1772007333085-upload_8933658489924523289.jpg",,,9,false,,FieldSnap,+08:00,3,4,,,true,Flooding,Matched
116377,202332,5,18.2669737,121.6858755,2026-02-25 17:02:06.839 +0900,15.0,416,358,,2026-02-25 17:15:33.339 +0900,2026-08-07 11:05:54.298 +0900,"1772007333046-upload_1382032747160837044.jpg",,,9,false,,FieldSnap,+08:00,3,4,,,true,Flooding,Matched
116342,202239,5,18.2669737,121.6858755,2026-02-25 16:39:08.876 +0900,16.0,416,358,,2026-02-25 16:40:23.015 +0900,2026-08-07 11:05:54.298 +0900,"1772005222719-upload_3387219773147827780.jpg",,,9,false,,FieldSnap,+08:00,3,4,,,true,Flooding,Matched
117999,220383,5,18.2652636,121.6862319,2026-02-27 11:23:11.331 +0900,16.0,416,145,,2026-02-27 11:59:33.687 +0900,2026-08-07 11:05:54.298 +0900,"1772161173509-upload_7013402610224107064.jpg",,,9,false,,FieldSnap,+08:00,3,4,,,true,Flooding,Matched
118050,206171,5,18.2652636,121.6862319,2026-02-27 12:13:59.385 +0900,15.0,416,358,,2026-02-27 12:18:02.810 +0900,2026-08-07 11:05:54.298 +0900,"1772162282649-upload_448569411766291173.jpg",,,9,false,,FieldSnap,+08:00,3,4,,,true,Flooding,Matched
92364,,0,18.2565111,121.6886437,2026-01-29 16:51:25.024 +0900,0.0,442,358,,2026-01-29 16:51:40.629 +0900,2026-06-30 16:27:06.394 +0900,"1769673100151-upload_6721728545157999335.jpg","1604-D",didn't have photo 3 within 2 days,9,false,,FieldSnap,+08:00,2,3,,,false,Drainage,Pending Match
92381,,0,18.2565111,121.6886437,2026-01-29 17:00:49.761 +0900,0.0,442,358,,2026-01-29 17:08:46.778 +0900,2026-06-30 16:27:06.394 +0900,"1769674126150-upload_2461217942022936291.jpg","1602-B",didn't have photo 3 within 2 days,9,false,,FieldSnap,+08:00,2,3,,,false,Drainage,Pending Match
92277,202254,0,18.2613439,121.6915254,2026-01-29 15:35:11.819 +0900,5.0,442,358,,2026-01-29 15:35:36.750 +0900,2026-08-07 11:05:54.298 +0900,"1769668536569-upload_8299644679897818355.jpg",,exceeds the 2day span of photo 3 to photo 2,9,false,,FieldSnap,+08:00,37,4,,,true,Dry,Matched
92279,201624,0,18.258436,121.6885199,2026-01-29 16:01:52.613 +0900,0.0,442,358,,2026-01-29 16:17:38.239 +0900,2026-08-07 11:05:54.298 +0900,"1769671057827-upload_6735909484111900124.jpg",,Duplicate,9,false,,FieldSnap,+08:00,2,4,,,true,Drainage,Matched
92432,201695,0,18.2608496,121.6958768,2026-01-29 17:16:12.706 +0900,9.0,442,358,,2026-01-29 18:36:01.526 +0900,2026-08-07 11:05:54.298 +0900,"1769679361082-upload_5980545654481327684.jpg",,No drainage photo synced before irrigation,9,false,,FieldSnap,+08:00,37,4,,,true,Dry,Matched
92296,201628,0,18.2608513,121.6958826,2026-01-29 16:26:36.376 +0900,0.0,442,358,,2026-01-29 16:33:30.614 +0900,2026-08-07 11:05:54.298 +0900,"1769672010415-upload_7112976647611034086.jpg",,didn't have photo 3 within 2 days,9,false,,FieldSnap,+08:00,2,4,,,true,Drainage,Matched
86042,202890,0,18.2634257,121.6908643,2026-01-23 11:05:31.728 +0900,0.0,442,358,,2026-01-23 14:36:43.437 +0900,2026-08-07 11:05:54.298 +0900,"1769146603284-upload_5438934057015799779.jpg",,,9,false,,FieldSnap,+08:00,2,4,,,true,Drainage,Matched
89248,201619,0,18.2611871,121.6887263,2026-01-26 10:35:26.821 +0900,0.0,442,358,,2026-01-26 15:22:24.942 +0900,2026-08-07 11:05:54.298 +0900,"1769408544420-upload_9219469801228417878.jpg",,Duplicate,9,false,,FieldSnap,+08:00,2,4,,,true,Drainage,Matched
78620,202327,1,18.2564427,121.6886155,2026-01-15 15:48:01.846 +0900,,442,358,,2026-01-15 17:50:49.016 +0900,2026-08-07 11:05:54.298 +0900,"1768467048792-upload_7902235812385926951.jpg",,,9,false,,FieldSnap,+08:00,1,4,,,true,Installation,Matched
78618,202255,1,18.2590461,121.6898951,2026-01-15 16:46:52.621 +0900,,442,358,,2026-01-15 17:50:48.863 +0900,2026-08-07 11:05:54.298 +0900,"1768467048377-upload_947781001149871941.jpg",,,9,false,,FieldSnap,+08:00,1,4,,,true,Installation,Matched
78621,201624,1,18.2608953,121.6926357,2026-01-15 15:15:32.947 +0900,,442,358,,2026-01-15 17:50:49.086 +0900,2026-08-07 11:05:54.298 +0900,"1768467048825-upload_7241310790762224264.jpg",,,9,false,,FieldSnap,+08:00,1,4,,,true,Installation,Matched
78295,201636,1,18.2564419,121.6886145,2026-01-15 10:09:22.655 +0900,,442,358,,2026-01-15 12:28:45.223 +0900,2026-08-07 11:05:54.298 +0900,"1768447725006-upload_3836313323391234604.jpg",,,9,false,,FieldSnap,+08:00,1,4,,,true,Installation,Matched
78294,202325,1,18.2623719,121.689439,2026-01-15 11:52:36.510 +0900,,442,358,,2026-01-15 12:28:44.304 +0900,2026-08-07 11:05:54.298 +0900,"1768447723625-upload_2685611640591960282.jpg",,,9,false,,FieldSnap,+08:00,1,4,,,true,Installation,Matched
78297,202260,1,18.2535823,121.6928336,2026-01-15 10:24:23.320 +0900,,442,358,,2026-01-15 12:28:46.172 +0900,2026-08-07 11:05:54.298 +0900,"1768447725981-upload_3414663402592833090.jpg",,,9,false,,FieldSnap,+08:00,1,4,,,true,Installation,Matched
78296,201597,1,18.2527501,121.6935234,2026-01-15 11:02:15.844 +0900,,442,358,,2026-01-15 12:28:45.503 +0900,2026-08-07 11:05:54.298 +0900,"1768447725329-upload_3477692608715204301.jpg",,,9,false,,FieldSnap,+08:00,1,4,,,true,Installation,Matched
78299,202445,1,18.2535803,121.6928317,2026-01-15 10:01:26.666 +0900,,442,358,,2026-01-15 12:28:49.043 +0900,2026-08-07 11:05:54.298 +0900,"1768447728849-upload_6438389187530619117.jpg",,,9,false,,FieldSnap,+08:00,1,4,,,true,Installation,Matched
76706,200718,1,18.267051,121.6997724,2026-01-13 14:42:35.174 +0900,,442,358,,2026-01-13 15:56:53.876 +0900,2026-08-07 11:05:54.298 +0900,"1768287413711-upload_8315098528726694197.jpg",,,9,false,,FieldSnap,+08:00,1,4,,,true,Installation,Matched
76704,204392,1,18.2634809,121.6944643,2026-01-13 15:04:06.641 +0900,,442,359,,2026-01-13 15:56:52.547 +0900,2026-08-07 11:05:54.298 +0900,"1768287412378-upload_5411795537504765916.jpg",,,9,false,,FieldSnap,+08:00,1,4,,,true,Installation,Matched
76703,204473,1,18.2610778,121.6930811,2026-01-13 15:26:49.816 +0900,,442,359,,2026-01-13 15:56:52.235 +0900,2026-08-07 11:05:54.298 +0900,"1768287411950-upload_7554833564006059632.jpg",,,9,false,,FieldSnap,+08:00,1,4,,,true,Installation,Matched
77664,201599,1,18.2535782,121.6928322,2026-01-14 11:12:14.290 +0900,,442,358,,2026-01-14 16:26:10.716 +0900,2026-08-07 11:05:54.298 +0900,"1768375570508-upload_8188944497627740733.jpg","1600-A",,9,false,,FieldSnap,+08:00,1,4,,,true,Installation,Matched
77671,201604,1,18.2535782,121.6928322,2026-01-14 10:59:51.754 +0900,,442,358,,2026-01-14 16:26:59.957 +0900,2026-08-07 11:05:54.298 +0900,"1768375619781-upload_1167086010084753300.jpg","1599-B",,9,false,,FieldSnap,+08:00,1,4,,,true,Installation,Matched
77674,201598,1,18.2533552,121.6874486,2026-01-14 09:40:04.530 +0900,,442,358,,2026-01-14 16:27:09.888 +0900,2026-08-07 11:05:54.298 +0900,"1768375629721-upload_713311267684807850.jpg",,,9,false,,FieldSnap,+08:00,1,4,,,true,Installation,Matched
77675,201646,1,18.2535782,121.6928322,2026-01-14 10:20:55.939 +0900,,442,358,,2026-01-14 16:27:12.198 +0900,2026-08-07 11:05:54.298 +0900,"1768375632002-upload_7714593008283097483.jpg",,,9,false,,FieldSnap,+08:00,1,4,,,true,Installation,Matched
77668,201619,1,18.2542298,121.6877823,2026-01-14 12:07:38.069 +0900,,442,358,,2026-01-14 16:26:56.945 +0900,2026-08-07 11:05:54.298 +0900,"1768375616765-upload_2426362334100570744.jpg",,,9,false,,FieldSnap,+08:00,1,4,,,true,Installation,Matched
77670,201693,1,18.2535782,121.6928322,2026-01-14 11:22:36.348 +0900,,442,358,,2026-01-14 16:26:59.156 +0900,2026-08-07 11:05:54.298 +0900,"1768375618774-upload_5876694733142024784.jpg","1597-A",,9,false,,FieldSnap,+08:00,1,4,,,true,Installation,Matched
77676,201628,1,18.2535782,121.6928322,2026-01-14 09:56:13.793 +0900,,442,358,,2026-01-14 16:27:14.349 +0900,2026-08-07 11:05:54.298 +0900,"1768375634156-upload_8679261016438673392.jpg",,,9,false,,FieldSnap,+08:00,1,4,,,true,Installation,Matched
77677,204452,1,18.2535782,121.6928322,2026-01-14 10:34:50.924 +0900,,442,358,,2026-01-14 16:27:15.178 +0900,2026-08-07 11:05:54.298 +0900,"1768375634959-upload_8538051082039389152.jpg",,,9,false,,FieldSnap,+08:00,1,4,,,true,Installation,Matched
72160,200776,1,18.2635566,121.6901517,2026-01-06 16:17:34.650 +0900,,442,358,,2026-01-06 18:13:03.945 +0900,2026-08-07 11:05:54.298 +0900,"1767690783725-upload_2963074155730840780.jpg",,,9,false,,FieldSnap,+08:00,1,4,,,true,Installation,Matched
72162,200769,1,18.2634257,121.6908643,2026-01-06 16:03:39.490 +0900,,442,358,,2026-01-06 18:13:04.413 +0900,2026-08-07 11:05:54.298 +0900,"1767690784200-upload_8236372277494510352.jpg",,,9,false,,FieldSnap,+08:00,1,4,,,true,Installation,Matched
72163,204467,1,18.2635566,121.6901517,2026-01-06 17:03:05.414 +0900,,442,359,,2026-01-06 18:13:05.234 +0900,2026-08-07 11:05:54.298 +0900,"1767690785051-upload_1107766041038061224.jpg",,,9,false,,FieldSnap,+08:00,1,4,,,true,Installation,Matched
72565,201637,1,18.259255,121.6888055,2026-01-07 10:47:16.953 +0900,,442,358,,2026-01-07 15:15:33.925 +0900,2026-08-07 11:05:54.298 +0900,"1767766533739-upload_8782271478477283811.jpg",,,9,false,,FieldSnap,+08:00,1,4,,,true,Installation,Matched
72568,201647,1,18.2563867,121.6878044,2026-01-07 10:19:04.417 +0900,,442,358,,2026-01-07 15:15:35.098 +0900,2026-08-07 11:05:54.298 +0900,"1767766534913-upload_3732754807814834232.jpg",,,9,false,,FieldSnap,+08:00,1,4,,,true,Installation,Matched
72567,202340,1,18.2605948,121.6883699,2026-01-07 10:29:34.117 +0900,,442,358,,2026-01-07 15:15:34.720 +0900,2026-08-07 11:05:54.298 +0900,"1767766534519-upload_2941870837870028007.jpg",,,9,false,,FieldSnap,+08:00,1,4,,,true,Installation,Matched
72560,200730,1,18.2634257,121.6908643,2026-01-07 12:26:06.112 +0900,,442,358,,2026-01-07 15:15:31.157 +0900,2026-08-07 11:05:54.298 +0900,"1767766530620-upload_686316472847983906.jpg",,,9,false,,FieldSnap,+08:00,1,4,,,true,Installation,Matched
73333,202868,1,18.2634257,121.6908643,2026-01-08 10:50:47.998 +0900,,442,358,,2026-01-09 04:55:40.528 +0900,2026-08-07 11:05:54.298 +0900,"1767902139248-upload_8916947116266181126.jpg",,,9,false,,FieldSnap,+08:00,1,4,,,true,Installation,Matched
73331,202866,1,18.2662565,121.6933587,2026-01-08 10:29:54.769 +0900,,442,358,,2026-01-09 04:55:38.703 +0900,2026-08-07 11:05:54.298 +0900,"1767902138543-upload_2678393389325162350.jpg",,,9,false,,FieldSnap,+08:00,1,4,,,true,Installation,Matched
73330,202861,1,18.2634257,121.6908643,2026-01-08 10:31:15.170 +0900,,442,359,,2026-01-09 04:55:38.101 +0900,2026-08-07 11:05:54.298 +0900,"1767902137194-upload_1946095818524942365.jpg",,,9,false,,FieldSnap,+08:00,1,4,,,true,Installation,Matched
73332,204403,1,18.2662565,121.6933587,2026-01-08 10:24:37.991 +0900,,442,358,,2026-01-09 04:55:39.445 +0900,2026-08-07 11:05:54.298 +0900,"1767902138668-upload_6001672602828742790.jpg",,,9,false,,FieldSnap,+08:00,1,4,,,true,Installation,Matched
74319,201645,1,18.2699917,121.7037887,2026-01-10 17:07:34.930 +0900,,442,358,,2026-01-10 17:37:13.428 +0900,2026-08-07 11:05:54.298 +0900,"1768034233236-upload_8355157285894027750.jpg",,,9,false,,FieldSnap,+08:00,1,4,,,true,Installation,Matched
74324,200749,1,18.2635566,121.6901517,2026-01-10 16:12:07.841 +0900,,442,358,,2026-01-10 17:37:15.701 +0900,2026-08-07 11:05:54.298 +0900,"1768034235534-upload_7641099876151526695.jpg",,,9,false,,FieldSnap,+08:00,1,4,,,true,Installation,Matched
74321,202455,1,18.2682328,121.6969219,2026-01-10 16:25:45.611 +0900,,442,358,,2026-01-10 17:37:14.803 +0900,2026-08-07 11:05:54.298 +0900,"1768034234635-upload_1478741912237526787.jpg",,,9,false,,FieldSnap,+08:00,1,4,,,true,Installation,Matched
74320,206125,1,18.2635566,121.6901517,2026-01-10 16:33:15.427 +0900,,442,358,,2026-01-10 17:37:14.601 +0900,2026-08-07 11:05:54.298 +0900,"1768034234441-upload_6903369634191235601.jpg",,,9,false,,FieldSnap,+08:00,1,4,,,true,Installation,Matched
74323,200748,1,18.2635566,121.6901517,2026-01-10 16:43:10.501 +0900,,442,358,,2026-01-10 17:37:15.352 +0900,2026-08-07 11:05:54.298 +0900,"1768034235132-upload_1432263209148148546.jpg",,,9,false,,FieldSnap,+08:00,1,4,,,true,Installation,Matched
79590,200747,1,18.2662565,121.6933587,2026-01-16 18:03:58.827 +0900,,442,358,,2026-01-16 20:43:51.236 +0900,2026-08-07 11:05:54.298 +0900,"1768563829791-upload_9213794608278367495.jpg",,,9,false,,FieldSnap,+08:00,1,4,,,true,Installation,Matched
79599,202245,1,18.2634257,121.6908643,2026-01-16 16:06:29.699 +0900,,442,358,,2026-01-16 20:43:59.312 +0900,2026-08-07 11:05:54.298 +0900,"1768563838943-upload_5826403384626958256.jpg",,,9,false,,FieldSnap,+08:00,1,4,,,true,Installation,Matched
79600,202225,1,18.2634257,121.6908643,2026-01-16 15:46:43.346 +0900,,442,358,,2026-01-16 20:44:00.988 +0900,2026-08-07 11:05:54.298 +0900,"1768563840651-upload_3472814682059366020.jpg",,,9,false,,FieldSnap,+08:00,1,4,,,true,Installation,Matched
79601,202224,1,18.2645332,121.6926803,2026-01-16 15:17:30.259 +0900,,442,358,,2026-01-16 20:44:04.104 +0900,2026-08-07 11:05:54.298 +0900,"1768563843749-upload_6556746777034797167.jpg",,,9,false,,FieldSnap,+08:00,1,4,,,true,Installation,Matched
79596,202444,1,18.2634257,121.6908643,2026-01-16 17:31:40.634 +0900,,442,358,,2026-01-16 20:43:58.103 +0900,2026-08-07 11:05:54.298 +0900,"1768563837273-upload_7041766335212942181.jpg",,,9,false,,FieldSnap,+08:00,1,4,,,true,Installation,Matched
79591,202251,1,18.2522704,121.6871211,2026-01-16 17:00:52.479 +0900,,442,358,,2026-01-16 20:43:51.775 +0900,2026-08-07 11:05:54.298 +0900,"1768563831406-upload_5802364300442032654.jpg",,,9,false,,FieldSnap,+08:00,1,4,,,true,Installation,Matched
79593,202318,1,18.2663431,121.697748,2026-01-16 17:36:57.010 +0900,,442,358,,2026-01-16 20:43:52.788 +0900,2026-08-07 11:05:54.298 +0900,"1768563832418-upload_1217192778549493467.jpg",,,9,false,,FieldSnap,+08:00,1,4,,,true,Installation,Matched
79595,200729,1,18.2662565,121.6933587,2026-01-16 17:23:30.808 +0900,,442,358,,2026-01-16 20:43:57.409 +0900,2026-08-07 11:05:54.298 +0900,"1768563836816-upload_7853824491260152605.jpg",,Changed the lot number from 685-CD2 to 685-C,9,false,,FieldSnap,+08:00,1,4,,,true,Installation,Matched
79602,204393,1,18.2645332,121.6926803,2026-01-16 15:20:21.296 +0900,,442,358,,2026-01-16 20:44:06.271 +0900,2026-08-07 11:05:54.298 +0900,"1768563845903-upload_3478610780233954556.jpg",,,9,false,,FieldSnap,+08:00,1,4,,,true,Installation,Matched
79594,202312,1,18.2662565,121.6933587,2026-01-16 17:53:27.613 +0900,,442,358,,2026-01-16 20:43:53.816 +0900,2026-08-07 11:05:54.298 +0900,"1768563832116-upload_1574716301301706203.jpg",,Changed the lot number from 684-AB to 684-A,9,false,,FieldSnap,+08:00,1,4,,,true,Installation,Matched
79598,206132,1,18.2634257,121.6908643,2026-01-16 15:37:25.741 +0900,,442,358,,2026-01-16 20:43:59.225 +0900,2026-08-07 11:05:54.298 +0900,"1768563838820-upload_2645928579148128495.jpg",,,9,false,,FieldSnap,+08:00,1,4,,,true,Installation,Matched
79597,206131,1,18.2609605,121.69474,2026-01-16 16:27:10.236 +0900,,442,358,,2026-01-16 20:43:58.984 +0900,2026-08-07 11:05:54.298 +0900,"1768563838605-upload_5120764744938737940.jpg",,,9,false,,FieldSnap,+08:00,1,4,,,true,Installation,Matched
79603,206128,1,18.260966,121.6947364,2026-01-16 16:16:23.953 +0900,,442,358,,2026-01-16 20:44:06.616 +0900,2026-08-07 11:05:54.298 +0900,"1768563846050-upload_6458681371271153148.jpg",,,9,false,,FieldSnap,+08:00,1,4,,,true,Installation,Matched
79592,202316,1,18.2662565,121.6933587,2026-01-16 17:18:10.743 +0900,,442,359,,2026-01-16 20:43:52.650 +0900,2026-08-07 11:05:54.298 +0900,"1768563831144-upload_6377918102987756712.jpg",,,9,false,,FieldSnap,+08:00,1,4,,,true,Installation,Matched
80552,206136,1,18.2634753,121.6944644,2026-01-17 15:51:03.428 +0900,,442,358,,2026-01-19 10:15:40.341 +0900,2026-08-07 11:05:54.298 +0900,"1768785338860-upload_4811614216732142892.jpg",,,9,false,,FieldSnap,+08:00,1,4,,,true,Installation,Matched
80934,201644,1,18.259608,121.6883699,2026-01-19 15:05:58.422 +0900,,442,358,,2026-01-19 18:07:44.423 +0900,2026-08-07 11:05:54.298 +0900,"1768813664072-upload_7114086669752009254.jpg",,,9,false,,FieldSnap,+08:00,1,4,,,true,Installation,Matched
80936,202323,1,18.259608,121.6883699,2026-01-19 15:02:04.314 +0900,,442,358,,2026-01-19 18:07:45.442 +0900,2026-08-07 11:05:54.298 +0900,"1768813665091-upload_2432440314732819087.jpg",,,9,false,,FieldSnap,+08:00,1,4,,,true,Installation,Matched
80937,200768,1,18.2730832,121.6758972,2026-01-19 12:04:01.668 +0900,,442,358,,2026-01-19 18:07:45.467 +0900,2026-08-07 11:05:54.298 +0900,"1768813664135-upload_2252808229427175752.jpg",,,9,false,,FieldSnap,+08:00,1,4,,,true,Installation,Matched
80938,204436,1,18.2670376,121.6837374,2026-01-19 16:55:07.115 +0900,,442,359,,2026-01-19 18:07:45.512 +0900,2026-08-07 11:05:54.298 +0900,"1768813664261-upload_1531704095904394524.jpg",,a,9,false,,FieldSnap,+08:00,1,4,,,true,Installation,Matched
80939,204471,1,18.2657896,121.6870619,2026-01-19 16:41:34.297 +0900,,442,358,,2026-01-19 18:07:45.971 +0900,2026-08-07 11:05:54.298 +0900,"1768813665367-upload_2020730435885795094.jpg",,Changed the lot number from 2438 to 2437,9,false,,FieldSnap,+08:00,1,4,,,true,Installation,Matched
80933,204460,1,18.2635566,121.6901517,2026-01-19 11:55:48.789 +0900,,442,358,,2026-01-19 18:07:43.963 +0900,2026-08-07 11:05:54.298 +0900,"1768813663214-upload_8705414582582722394.jpg",,,9,false,,FieldSnap,+08:00,1,4,,,true,Installation,Matched
83525,200725,1,18.2730832,121.6758972,2026-01-20 17:23:35.064 +0900,,442,358,,2026-01-21 11:06:33.336 +0900,2026-08-07 11:05:54.298 +0900,"1768961192978-upload_7985141644134750066.jpg",,,9,false,,FieldSnap,+08:00,1,4,,,true,Installation,Matched
83530,200746,1,18.2670376,121.6837374,2026-01-20 17:16:22.390 +0900,,442,358,,2026-01-21 11:06:34.840 +0900,2026-08-07 11:05:54.298 +0900,"1768961194409-upload_8487001286353085615.jpg",,,9,false,,FieldSnap,+08:00,1,4,,,true,Installation,Matched
83528,201670,1,18.2615769,121.6913385,2026-01-20 16:10:02.470 +0900,,442,358,,2026-01-21 11:06:33.494 +0900,2026-08-07 11:05:54.298 +0900,"1768961193084-upload_2049727492127019607.jpg",,,9,false,,FieldSnap,+08:00,1,4,,,true,Installation,Matched
83537,202870,1,18.2638429,121.697202,2026-01-20 15:00:19.136 +0900,,442,358,,2026-01-21 11:06:37.216 +0900,2026-08-07 11:05:54.298 +0900,"1768961196794-upload_8916709716280182706.jpg",,,9,false,,FieldSnap,+08:00,1,4,,,true,Installation,Matched
83529,201696,1,18.2730832,121.6758972,2026-01-20 17:20:39.869 +0900,,442,358,,2026-01-21 11:06:33.720 +0900,2026-08-07 11:05:54.298 +0900,"1768961193303-upload_1240887574878780161.jpg",,,9,false,,FieldSnap,+08:00,1,4,,,true,Installation,Matched
83538,204447,1,18.2638429,121.697202,2026-01-20 14:54:00.367 +0900,,442,358,,2026-01-21 11:06:37.569 +0900,2026-08-07 11:05:54.298 +0900,"1768961197148-upload_3260793689784587727.jpg",,,9,false,,FieldSnap,+08:00,1,4,,,true,Installation,Matched
83532,204455,1,18.2634257,121.6908643,2026-01-20 15:45:34.583 +0900,,442,358,,2026-01-21 11:06:36.083 +0900,2026-08-07 11:05:54.298 +0900,"1768961195697-upload_7595872315523807895.jpg",,,9,false,,FieldSnap,+08:00,1,4,,,true,Installation,Matched
83524,204434,1,18.2730832,121.6758972,2026-01-20 16:58:03.780 +0900,,442,359,,2026-01-21 11:06:32.077 +0900,2026-08-07 11:05:54.298 +0900,"1768961191661-upload_3669078839929311128.jpg",,,9,false,,FieldSnap,+08:00,1,4,,,true,Installation,Matched
83526,204448,1,18.2730832,121.6758972,2026-01-20 16:39:45.250 +0900,,442,358,,2026-01-21 11:06:33.338 +0900,2026-08-07 11:05:54.298 +0900,"1768961192910-upload_5559622615869364880.jpg",,,9,false,,FieldSnap,+08:00,1,4,,,true,Installation,Matched
83534,206144,1,18.2638429,121.697202,2026-01-20 15:01:32.270 +0900,,442,358,,2026-01-21 11:06:36.532 +0900,2026-08-07 11:05:54.298 +0900,"1768961195955-upload_4142353111924676207.jpg",,,9,false,,FieldSnap,+08:00,1,4,,,true,Installation,Matched
83535,206122,1,18.2634257,121.6908643,2026-01-20 15:55:19.882 +0900,,442,358,,2026-01-21 11:06:36.541 +0900,2026-08-07 11:05:54.298 +0900,"1768961196134-upload_3375288823376276351.jpg",,,9,false,,FieldSnap,+08:00,1,4,,,true,Installation,Matched
85678,200755,1,18.2666432,121.6840937,2026-01-22 17:50:14.501 +0900,,442,358,,2026-01-23 09:39:18.641 +0900,2026-08-07 11:05:54.298 +0900,"1769128758448-upload_2040529463834314432.jpg",,,9,false,,FieldSnap,+08:00,1,4,,,true,Installation,Matched
85682,202461,1,18.2611871,121.6887263,2026-01-22 11:52:01.727 +0900,,442,358,,2026-01-23 09:39:20.203 +0900,2026-08-07 11:05:54.298 +0900,"1769128760030-upload_7174954450145691407.jpg",,,9,false,,FieldSnap,+08:00,1,4,,,true,Installation,Matched
85673,204446,1,18.2615743,121.6913381,2026-01-22 16:05:08.079 +0900,,442,358,,2026-01-23 09:39:17.207 +0900,2026-08-07 11:05:54.298 +0900,"1769128757042-upload_6238786663297916598.jpg",,,9,false,,FieldSnap,+08:00,1,4,,,true,Installation,Matched
85675,206123,1,18.2622235,121.6887716,2026-01-22 18:06:16.509 +0900,,442,358,,2026-01-23 09:39:17.438 +0900,2026-08-07 11:05:54.298 +0900,"1769128756839-upload_8357106977437310390.jpg",,,9,false,,FieldSnap,+08:00,1,4,,,true,Installation,Matched
85687,204449,1,18.2564861,121.6886275,2026-01-22 11:13:48.408 +0900,,442,359,,2026-01-23 09:39:22.421 +0900,2026-08-07 11:05:54.298 +0900,"1769128762249-upload_8913555143746612743.jpg",,,9,false,,FieldSnap,+08:00,1,4,,,true,Installation,Matched
85688,204472,1,18.2609237,121.6883699,2026-01-22 11:05:45.922 +0900,,442,359,,2026-01-23 09:39:22.914 +0900,2026-08-07 11:05:54.298 +0900,"1769128762762-upload_5134903685889490389.jpg",,,9,false,,FieldSnap,+08:00,1,4,,,true,Installation,Matched
85677,202867,1,18.2598642,121.6992075,2026-01-22 16:46:15.650 +0900,,442,358,,2026-01-23 09:39:18.352 +0900,2026-08-07 11:05:54.298 +0900,"1769128758179-upload_9117895077136720558.jpg",,Changed the lot number from 652D2 to 652,9,false,,FieldSnap,+08:00,1,4,,,true,Installation,Matched
86041,206168,1,18.2634911,121.690508,2026-01-23 11:19:08.617 +0900,,442,358,,2026-01-23 14:36:40.490 +0900,2026-08-07 11:05:54.298 +0900,"1769146600167-upload_1453043271387993986.jpg",,,9,false,,FieldSnap,+08:00,1,4,,,true,Installation,Matched
87217,204470,1,18.2648005,121.6923866,2026-01-24 11:54:20.369 +0900,,442,359,,2026-01-24 11:54:29.860 +0900,2026-08-07 11:05:54.298 +0900,"1769223269674-upload_3747452167996896827.jpg",,,9,false,,FieldSnap,+08:00,1,4,,,true,Installation,Matched
87308,201704,1,18.2687083,121.6952411,2026-01-24 13:18:17.794 +0900,,442,358,,2026-01-24 13:18:35.479 +0900,2026-08-07 11:05:54.298 +0900,"1769228314964-upload_3690734213936067410.jpg",,,9,false,,FieldSnap,+08:00,1,4,,,true,Installation,Matched
87290,202220,1,18.2634257,121.6908643,2026-01-24 12:54:07.261 +0900,,442,358,,2026-01-24 12:54:16.432 +0900,2026-08-07 11:05:54.298 +0900,"1769226855849-upload_8100072177833025785.jpg",,,9,false,,FieldSnap,+08:00,1,4,,,true,Installation,Matched
87284,201705,1,18.268618,121.683191,2026-01-24 12:46:00.744 +0900,,442,358,,2026-01-24 12:46:08.508 +0900,2026-08-07 11:05:54.298 +0900,"1769226368043-upload_310331022250078102.jpg",,,9,false,,FieldSnap,+08:00,1,4,,,true,Installation,Matched
87277,202896,1,18.2660698,121.7068984,2026-01-24 12:37:54.509 +0900,,442,358,,2026-01-24 12:38:05.634 +0900,2026-08-07 11:05:54.298 +0900,"1769225885365-upload_8858245711467457338.jpg",,,9,false,,FieldSnap,+08:00,1,4,,,true,Installation,Matched
87302,204408,1,18.2634911,121.690508,2026-01-24 13:10:57.969 +0900,,442,358,,2026-01-24 13:11:10.943 +0900,2026-08-07 11:05:54.298 +0900,"1769227869976-upload_4659244663066907403.jpg",,,9,false,,FieldSnap,+08:00,1,4,,,true,Installation,Matched
87305,200764,1,18.2730832,121.6758972,2026-01-24 13:14:13.333 +0900,,442,358,,2026-01-24 13:14:22.065 +0900,2026-08-07 11:05:54.298 +0900,"1769228061257-upload_8484329467293638112.jpg",,,9,false,,FieldSnap,+08:00,1,4,,,true,Installation,Matched
87276,204450,1,18.2660698,121.7068984,2026-01-24 12:33:47.293 +0900,,442,358,,2026-01-24 12:34:18.098 +0900,2026-08-07 11:05:54.298 +0900,"1769225657036-upload_5976082703017289171.jpg",,Changed the lot number from 2484 to 2384,9,false,,FieldSnap,+08:00,1,4,,,true,Installation,Matched
91771,201695,1,18.2600695,121.689439,2026-01-28 11:37:17.177 +0900,,442,358,,2026-01-28 20:47:07.993 +0900,2026-08-07 11:05:54.298 +0900,"1769600827479-upload_3360606436370857501.jpg",,,9,false,,FieldSnap,+08:00,1,4,,,true,Installation,Matched
91777,202865,1,18.2615161,121.6887263,2026-01-28 10:36:42.006 +0900,,442,358,,2026-01-28 20:47:13.478 +0900,2026-08-07 11:05:54.298 +0900,"1769600833310-upload_4837876699121146415.jpg",,,9,false,,FieldSnap,+08:00,1,4,,,true,Installation,Matched
91775,204424,1,18.2615161,121.6887263,2026-01-28 10:46:09.821 +0900,,442,359,,2026-01-28 20:47:12.601 +0900,2026-08-07 11:05:54.298 +0900,"1769600832413-upload_3396326742966326575.jpg",,,9,false,,FieldSnap,+08:00,1,4,,,true,Installation,Matched
91780,204465,1,18.2615161,121.6887263,2026-01-28 10:27:00.130 +0900,,442,358,,2026-01-28 20:47:16.026 +0900,2026-08-07 11:05:54.298 +0900,"1769600835860-upload_6660139724703601771.jpg",,,9,false,,FieldSnap,+08:00,1,4,,,true,Installation,Matched
91776,204451,1,18.2615161,121.6887263,2026-01-28 11:17:31.734 +0900,,442,359,,2026-01-28 20:47:12.814 +0900,2026-08-07 11:05:54.298 +0900,"1769600832638-upload_915709984818557434.jpg",,,9,false,,FieldSnap,+08:00,1,4,,,true,Installation,Matched
91779,202862,1,18.2615161,121.6887263,2026-01-28 10:20:53.821 +0900,,442,358,,2026-01-28 20:47:15.751 +0900,2026-08-07 11:05:54.298 +0900,"1769600835579-upload_3861128348989549223.jpg",,,9,false,,FieldSnap,+08:00,1,4,,,true,Installation,Matched
91778,202871,1,18.2615161,121.6887263,2026-01-28 11:16:11.614 +0900,,442,358,,2026-01-28 20:47:14.781 +0900,2026-08-07 11:05:54.298 +0900,"1769600834630-upload_3816872872587484941.jpg",,,9,false,,FieldSnap,+08:00,1,4,,,true,Installation,Matched
92249,201622,1,18.2617795,121.6890826,2026-01-29 10:56:03.544 +0900,,442,358,,2026-01-29 13:41:21.586 +0900,2026-08-07 11:05:54.298 +0900,"1769661681392-upload_6312979619276404905.jpg",,,9,false,,FieldSnap,+08:00,1,4,,,true,Installation,Matched
72159,201638,1,18.2605948,121.6883699,2026-01-06 17:34:45.440 +0900,,442,358,,2026-01-06 18:13:03.700 +0900,2026-08-07 11:05:54.298 +0900,"1767690783413-upload_236392039035691100.jpg",,,9,false,,FieldSnap,+08:00,1,4,,,true,Installation,Matched
74328,202450,1,18.2647707,121.6923246,2026-01-10 16:54:34.896 +0900,,442,358,,2026-01-10 17:37:18.475 +0900,2026-08-07 11:05:54.298 +0900,"1768034238280-upload_232640063845546178.jpg",,Changed the lot number from 2378-C2 to 2378-C,9,false,,FieldSnap,+08:00,1,4,,,true,Installation,Matched
85681,204443,1,18.2615192,121.6922897,2026-01-22 11:41:34.972 +0900,,442,358,,2026-01-23 09:39:19.703 +0900,2026-08-07 11:05:54.298 +0900,"1769128759542-upload_5444410808168619082.jpg",,Changed the lot number from 294-Ato 298-A,9,false,,FieldSnap,+08:00,1,4,,,true,Installation,Matched
74325,202448,1,18.2612086,121.6921647,2026-01-10 15:23:43.591 +0900,,442,358,,2026-01-10 17:37:17.329 +0900,2026-08-07 11:05:54.298 +0900,"1768034237149-upload_4586268766737602541.jpg",,,9,false,,FieldSnap,+08:00,1,4,,,true,Installation,Matched
78623,202254,1,18.2608953,121.6926357,2026-01-15 15:10:52.803 +0900,,442,358,,2026-01-15 17:50:49.864 +0900,2026-08-07 11:05:54.298 +0900,"1768467049616-upload_5922368957886267236.jpg","1826-G",,9,false,,FieldSnap,+08:00,1,4,,,true,Installation,Matched
85679,202314,1,18.2610712,121.7072547,2026-01-22 13:02:20.688 +0900,,442,358,,2026-01-23 09:39:19.133 +0900,2026-08-07 11:05:54.298 +0900,"1769128758966-upload_872345844966023117.jpg",,,9,false,,FieldSnap,+08:00,1,4,,,true,Installation,Matched
78622,202901,1,18.2564424,121.6886153,2026-01-15 15:31:48.107 +0900,,442,358,,2026-01-15 17:50:49.101 +0900,2026-08-07 11:05:54.298 +0900,"1768467048734-upload_5306272590271349674.jpg",,,9,false,,FieldSnap,+08:00,1,4,,,true,Installation,Matched
80940,202891,1,18.2564319,121.6886636,2026-01-19 15:23:59.565 +0900,,442,358,,2026-01-19 18:07:47.301 +0900,2026-08-07 11:05:54.298 +0900,"1768813666931-upload_9192164754740899366.jpg",,,9,false,,FieldSnap,+08:00,1,4,,,true,Installation,Matched
72561,202574,1,18.2605948,121.6883699,2026-01-07 11:05:26.974 +0900,,442,358,,2026-01-07 15:15:31.724 +0900,2026-08-07 11:05:54.298 +0900,"1767766531545-upload_847419424253491674.jpg",,,9,false,,FieldSnap,+08:00,1,4,,,true,Installation,Matched
78301,202350,1,18.2572739,121.69024,2026-01-15 09:24:19.869 +0900,,442,358,,2026-01-15 12:28:49.990 +0900,2026-08-07 11:05:54.298 +0900,"1768447729784-upload_2121185007065536923.jpg",,,9,false,,FieldSnap,+08:00,1,4,,,true,Installation,Matched
83536,202343,1,18.2634257,121.6908643,2026-01-20 15:46:23.940 +0900,,442,358,,2026-01-21 11:06:36.824 +0900,2026-08-07 11:05:54.298 +0900,"1768961196457-upload_2093479306734663709.jpg",,,9,false,,FieldSnap,+08:00,1,4,,,true,Installation,Matched
79605,202226,1,18.2609608,121.6947394,2026-01-16 15:07:54.519 +0900,,442,358,,2026-01-16 20:44:06.966 +0900,2026-08-07 11:05:54.298 +0900,"1768563846543-upload_7006510497280824324.jpg",,,9,false,,FieldSnap,+08:00,1,4,,,true,Installation,Matched
74329,200766,1,18.2616517,121.6933587,2026-01-10 15:48:01.252 +0900,,442,358,,2026-01-10 17:37:18.609 +0900,2026-08-07 11:05:54.298 +0900,"1768034238394-upload_4747981502790512667.jpg",,,9,false,,FieldSnap,+08:00,1,4,,,true,Installation,Matched
80553,202334,1,18.2564417,121.6886138,2026-01-17 15:40:58.518 +0900,,442,358,,2026-01-19 10:15:41.064 +0900,2026-08-07 11:05:54.298 +0900,"1768785339955-upload_6696767744222532107.jpg",,,9,false,,FieldSnap,+08:00,1,4,,,true,Installation,Matched
80935,202451,1,18.2671137,121.6958529,2026-01-19 11:00:04.567 +0900,,442,358,,2026-01-19 18:07:44.764 +0900,2026-08-07 11:05:54.298 +0900,"1768813664393-upload_3360450084039089013.jpg",,,9,false,,FieldSnap,+08:00,1,4,,,true,Installation,Matched
77669,202261,1,18.2535782,121.6928322,2026-01-14 11:31:52.182 +0900,,442,358,,2026-01-14 16:26:58.811 +0900,2026-08-07 11:05:54.298 +0900,"1768375618641-upload_5895668454803270421.jpg",,,9,false,,FieldSnap,+08:00,1,4,,,true,Installation,Matched
74322,202250,1,18.2699917,121.7037887,2026-01-10 17:08:29.563 +0900,,442,358,,2026-01-10 17:37:14.880 +0900,2026-08-07 11:05:54.298 +0900,"1768034234727-upload_4009242823706449447.jpg",,,9,false,,FieldSnap,+08:00,1,4,,,true,Installation,Matched
83527,202454,1,18.2634257,121.6908643,2026-01-20 16:20:23.471 +0900,,442,358,,2026-01-21 11:06:33.402 +0900,2026-08-07 11:05:54.298 +0900,"1768961193048-upload_113239922316859232.jpg",,,9,false,,FieldSnap,+08:00,1,4,,,true,Installation,Matched
78298,202262,1,18.2535803,121.6928317,2026-01-15 09:57:59.160 +0900,,442,359,,2026-01-15 12:28:46.402 +0900,2026-08-07 11:05:54.298 +0900,"1768447726239-upload_3021961387589244707.jpg",,,9,false,,FieldSnap,+08:00,1,4,,,true,Installation,Matched
72562,202270,1,18.2564216,121.6885992,2026-01-07 10:53:33.089 +0900,,442,359,,2026-01-07 15:15:33.253 +0900,2026-08-07 11:05:54.298 +0900,"1767766533060-upload_1021044439153396339.jpg",,,9,false,,FieldSnap,+08:00,1,4,,,true,Installation,Matched
87237,204602,1,18.2634257,121.6908643,2026-01-24 12:06:18.074 +0900,,442,359,,2026-01-24 12:06:27.628 +0900,2026-08-07 11:05:54.298 +0900,"1769223987065-upload_2730736927064080278.jpg",,,9,false,,FieldSnap,+08:00,1,4,,,true,Installation,Matched
80554,202333,1,18.2564417,121.6886138,2026-01-17 15:49:54.078 +0900,,442,358,,2026-01-19 10:15:41.125 +0900,2026-08-07 11:05:54.298 +0900,"1768785340138-upload_4233528082262355422.jpg",,,9,false,,FieldSnap,+08:00,1,4,,,true,Installation,Matched
80555,204592,1,18.2618612,121.6958737,2026-01-17 15:26:42.201 +0900,,442,358,,2026-01-19 10:15:41.389 +0900,2026-08-07 11:05:54.298 +0900,"1768785339960-upload_7348762334144000053.jpg",,,9,false,,FieldSnap,+08:00,1,4,,,true,Installation,Matched
72566,206138,1,18.259255,121.6888055,2026-01-07 10:46:03.916 +0900,,442,358,,2026-01-07 15:15:33.933 +0900,2026-08-07 11:05:54.298 +0900,"1767766533424-upload_3695096176545596756.jpg",,,9,false,,FieldSnap,+08:00,1,4,,,true,Installation,Matched
76705,204395,1,18.2635003,121.6941445,2026-01-13 15:20:15.147 +0900,,442,359,,2026-01-13 15:56:53.633 +0900,2026-08-07 11:05:54.298 +0900,"1768287413473-upload_4989351715988356358.jpg",,,9,false,,FieldSnap,+08:00,1,4,,,true,Installation,Matched
72164,204425,1,18.2605948,121.6883699,2026-01-06 17:27:33.364 +0900,,442,358,,2026-01-06 18:13:05.354 +0900,2026-08-07 11:05:54.298 +0900,"1767690784406-upload_426445371565337592.jpg",,,9,false,,FieldSnap,+08:00,1,4,,,true,Installation,Matched
83531,204437,1,18.2666432,121.6840937,2026-01-20 16:50:26.038 +0900,,442,358,,2026-01-21 11:06:35.641 +0900,2026-08-07 11:05:54.298 +0900,"1768961195198-upload_7268818648155588765.jpg",,,9,false,,FieldSnap,+08:00,1,4,,,true,Installation,Matched
76231,201623,1,18.2612309,121.692069,2026-01-13 10:04:53.412 +0900,,442,358,,2026-01-13 10:30:07.350 +0900,2026-08-07 11:05:54.298 +0900,"1768267807168-upload_1657719839490422665.jpg",,Changed the lot number from 1618-b to 1816-B,9,false,,FieldSnap,+08:00,1,4,,,true,Installation,Matched
77663,204466,1,18.2535782,121.6928322,2026-01-14 10:51:15.765 +0900,,442,359,,2026-01-14 16:26:09.252 +0900,2026-08-07 11:05:54.298 +0900,"1768375569054-upload_6493432164916765678.jpg",,,9,false,,FieldSnap,+08:00,1,4,,,true,Installation,Matched
87204,,2,18.2645891,121.692725,2026-01-24 11:47:55.910 +0900,0.0,442,358,,2026-01-24 11:48:11.958 +0900,2026-06-30 16:27:06.394 +0900,"1769222891723-upload_6656167545448141876.jpg","682",,9,false,,FieldSnap,+08:00,2,3,,,false,Drainage,Pending Match
92433,,2,18.2608496,121.6958768,2026-01-29 17:22:15.846 +0900,0.0,442,358,,2026-01-29 18:36:01.535 +0900,2026-06-30 16:27:06.394 +0900,"1769679361078-upload_1600762827012839035.jpg","1597-D",,9,false,,FieldSnap,+08:00,2,3,,,false,Drainage,Pending Match
85676,204448,2,18.2622235,121.6887716,2026-01-22 17:58:53.813 +0900,0.0,442,358,,2026-01-23 09:39:17.887 +0900,2026-08-07 11:05:54.298 +0900,"1769128757521-upload_6252699221044210880.jpg",,,9,false,,FieldSnap,+08:00,2,4,,,true,Drainage,Matched
85690,201647,2,18.2602659,121.6883699,2026-01-22 10:40:03.877 +0900,0.0,442,358,,2026-01-23 09:39:23.373 +0900,2026-08-07 11:05:54.298 +0900,"1769128763215-upload_6404128044478417552.jpg","396-A",,9,false,,FieldSnap,+08:00,2,4,,,true,Drainage,Matched
85689,202340,2,18.2564856,121.6886332,2026-01-22 10:50:41.234 +0900,0.0,442,358,,2026-01-23 09:39:23.149 +0900,2026-08-07 11:05:54.298 +0900,"1769128762988-upload_5688303112106361595.jpg",,,9,false,,FieldSnap,+08:00,2,4,,,true,Drainage,Matched
86044,201638,2,18.2564861,121.6886345,2026-01-23 10:00:06.255 +0900,0.0,442,358,,2026-01-23 14:36:43.741 +0900,2026-08-07 11:05:54.298 +0900,"1769146603576-upload_3961792743972459817.jpg",,,9,false,,FieldSnap,+08:00,2,4,,,true,Drainage,Matched
86043,202218,2,18.2634257,121.6908643,2026-01-23 10:49:17.419 +0900,0.0,442,358,,2026-01-23 14:36:43.710 +0900,2026-08-07 11:05:54.298 +0900,"1769146603001-upload_5556811000857467186.jpg",,,9,false,,FieldSnap,+08:00,2,4,,,true,Drainage,Matched
88149,204449,2,18.2612236,121.6921863,2026-01-25 11:52:38.900 +0900,0.0,442,358,,2026-01-25 11:52:52.934 +0900,2026-08-07 11:05:54.298 +0900,"1769309571857-upload_3929042555157198310.jpg",,,9,false,,FieldSnap,+08:00,2,4,,,true,Drainage,Matched
88148,201637,2,18.256487,121.6886352,2026-01-25 11:39:54.046 +0900,0.0,442,358,,2026-01-25 11:40:13.639 +0900,2026-08-07 11:05:54.298 +0900,"1769308813400-upload_4592724764650582811.jpg",,,9,false,,FieldSnap,+08:00,2,4,,,true,Drainage,Matched
88185,204395,2,18.2610737,121.6930237,2026-01-25 12:39:55.726 +0900,0.0,442,359,,2026-01-25 12:40:05.972 +0900,2026-08-07 11:05:54.298 +0900,"1769312405687-upload_2787251023748054421.jpg",,,9,false,,FieldSnap,+08:00,2,4,,,true,Drainage,Matched
88161,204425,2,18.256593,121.68781,2026-01-25 12:18:15.827 +0900,0.0,442,358,,2026-01-25 12:18:30.019 +0900,2026-08-07 11:05:54.298 +0900,"1769311109726-upload_2876395520662576656.jpg",,,9,false,,FieldSnap,+08:00,2,4,,,true,Drainage,Matched
88147,202270,2,18.259608,121.6883699,2026-01-25 11:28:14.014 +0900,0.0,442,358,,2026-01-25 11:31:03.196 +0900,2026-08-07 11:05:54.298 +0900,"1769308262967-upload_4955082426617644364.jpg",,,9,false,,FieldSnap,+08:00,2,4,,,true,Drainage,Matched
90093,200730,2,18.2615769,121.6913385,2026-01-26 16:28:22.052 +0900,0.0,442,358,,2026-01-27 12:36:10.411 +0900,2026-08-07 11:05:54.298 +0900,"1769484970202-upload_3941691090385469311.jpg",,,9,false,,FieldSnap,+08:00,2,4,,,true,Drainage,Matched
90092,202891,2,18.263348,121.6926629,2026-01-26 16:16:30.070 +0900,0.0,442,358,,2026-01-27 12:36:10.402 +0900,2026-08-07 11:05:54.298 +0900,"1769484970184-upload_4051338725319845348.jpg",,,9,false,,FieldSnap,+08:00,2,4,,,true,Drainage,Matched
90094,202866,2,18.2564859,121.688634,2026-01-26 15:47:39.006 +0900,0.0,442,358,,2026-01-27 12:36:10.891 +0900,2026-08-07 11:05:54.298 +0900,"1769484970688-upload_1515842560098094390.jpg",,,9,false,,FieldSnap,+08:00,2,4,,,true,Drainage,Matched
90096,202861,2,18.2564859,121.688634,2026-01-26 15:44:50.574 +0900,0.0,442,359,,2026-01-27 12:36:11.237 +0900,2026-08-07 11:05:54.298 +0900,"1769484970864-upload_5793426680612715722.jpg",,,9,false,,FieldSnap,+08:00,2,4,,,true,Drainage,Matched
90091,204403,2,18.2633484,121.6940251,2026-01-26 15:51:01.464 +0900,0.0,442,358,,2026-01-27 12:36:09.663 +0900,2026-08-07 11:05:54.298 +0900,"1769484969500-upload_5600315063372031371.jpg",,,9,false,,FieldSnap,+08:00,2,4,,,true,Drainage,Matched
90095,204467,2,18.2565855,121.6877805,2026-01-26 15:35:56.259 +0900,0.0,442,359,,2026-01-27 12:36:11.110 +0900,2026-08-07 11:05:54.298 +0900,"1769484970936-upload_6245346325762417818.jpg",,,9,false,,FieldSnap,+08:00,2,4,,,true,Drainage,Matched
92248,202343,2,18.2635566,121.6901517,2026-01-29 11:56:29.547 +0900,0.0,442,358,,2026-01-29 13:41:21.516 +0900,2026-08-07 11:05:54.298 +0900,"1769661680870-upload_4172658027465224616.jpg","640",,9,false,,FieldSnap,+08:00,2,4,,,true,Drainage,Matched
92262,202862,2,18.260231,121.6897316,2026-01-29 15:15:05.132 +0900,0.0,442,358,,2026-01-29 15:24:38.965 +0900,2026-08-07 11:05:54.298 +0900,"1769667878721-upload_2589303757106990553.jpg",,,9,false,,FieldSnap,+08:00,2,4,,,true,Drainage,Matched
92264,204424,2,18.2607063,121.693851,2026-01-29 15:25:50.199 +0900,0.0,442,359,,2026-01-29 15:26:18.218 +0900,2026-08-07 11:05:54.298 +0900,"1769667977626-upload_7977318788927896648.jpg",,,9,false,,FieldSnap,+08:00,2,4,,,true,Drainage,Matched
92431,201695,2,18.2608496,121.6958768,2026-01-29 17:17:50.688 +0900,0.0,442,358,,2026-01-29 18:36:01.262 +0900,2026-08-07 11:05:54.298 +0900,"1769679361040-upload_1053594491282093418.jpg",,,9,false,,FieldSnap,+08:00,2,4,,,true,Drainage,Matched
92897,200769,2,18.2634747,121.6922404,2026-01-30 11:12:19.833 +0900,0.0,442,358,,2026-01-30 11:13:10.593 +0900,2026-08-07 11:05:54.298 +0900,"1769739190353-upload_7602705413449310972.jpg",,,9,false,,FieldSnap,+08:00,2,4,,,true,Drainage,Matched
92924,200776,2,18.2645253,121.6926798,2026-01-30 11:20:00.614 +0900,0.0,442,358,,2026-01-30 11:26:37.342 +0900,2026-08-07 11:05:54.298 +0900,"1769739997158-upload_4842875068979818334.jpg",,,9,false,,FieldSnap,+08:00,2,4,,,true,Drainage,Matched
92984,200718,2,18.2641507,121.6948024,2026-01-30 11:58:13.840 +0900,0.0,442,358,,2026-01-30 11:58:23.097 +0900,2026-08-07 11:05:54.298 +0900,"1769741902796-upload_2249137804742998541.jpg",,,9,false,,FieldSnap,+08:00,2,4,,,true,Drainage,Matched
92963,201705,2,18.2674527,121.6945782,2026-01-30 11:34:39.177 +0900,0.0,442,358,,2026-01-30 11:38:33.751 +0900,2026-08-07 11:05:54.298 +0900,"1769740713389-upload_3810311562880758234.jpg",,,9,false,,FieldSnap,+08:00,2,4,,,true,Drainage,Matched
92974,204468,2,18.2674527,121.6945782,2026-01-30 11:43:23.021 +0900,0.0,442,358,,2026-01-30 11:51:32.777 +0900,2026-08-07 11:05:54.298 +0900,"1769741492367-upload_1995184903323855773.jpg",,,9,false,,FieldSnap,+08:00,2,4,,,true,Drainage,Matched
93016,200755,2,18.2658479,121.6871903,2026-01-30 12:17:06.268 +0900,0.0,442,358,,2026-01-30 12:18:52.096 +0900,2026-08-07 11:05:54.298 +0900,"1769743131615-upload_6510501311396010049.jpg",,,9,false,,FieldSnap,+08:00,2,4,,,true,Drainage,Matched
92964,204450,2,18.2648016,121.6939438,2026-01-30 11:30:17.733 +0900,0.0,442,358,,2026-01-30 11:38:33.832 +0900,2026-08-07 11:05:54.298 +0900,"1769740713349-upload_1625930723267726332.jpg",,Changed the lot number from 2484 to 2384,9,false,,FieldSnap,+08:00,2,4,,,true,Drainage,Matched
92973,202450,2,18.2740701,121.6758972,2026-01-30 11:49:54.387 +0900,0.0,442,358,,2026-01-30 11:51:32.631 +0900,2026-08-07 11:05:54.298 +0900,"1769741492420-upload_7398662974303164906.jpg",,Changed the lot number from 2378-C2 to 2378-C,9,false,,FieldSnap,+08:00,2,4,,,true,Drainage,Matched
89250,202350,2,18.2524159,121.6871142,2026-01-26 10:04:13.513 +0900,0.0,442,358,,2026-01-26 15:22:25.312 +0900,2026-08-07 11:05:54.298 +0900,"1769408544532-upload_4277712311580865117.jpg",,,9,false,,FieldSnap,+08:00,2,4,,,true,Drainage,Matched
89249,204390,2,18.2584537,121.690787,2026-01-26 10:16:14.970 +0900,0.0,442,358,,2026-01-26 15:22:25.072 +0900,2026-08-07 11:05:54.298 +0900,"1769408544560-upload_1362926860048092115.jpg",,,9,false,,FieldSnap,+08:00,2,4,,,true,Drainage,Matched
93017,204437,2,18.2658443,121.6871925,2026-01-30 12:22:24.260 +0900,0.0,442,358,,2026-01-30 12:23:04.508 +0900,2026-08-07 11:05:54.298 +0900,"1769743384043-upload_3866523093193432757.jpg","2439-B",,9,false,,FieldSnap,+08:00,2,4,,,true,Drainage,Matched
88170,,3,18.2614777,121.6915509,2026-01-25 12:32:52.584 +0900,13.0,442,358,,2026-01-25 12:33:32.296 +0900,2026-06-30 16:27:06.394 +0900,"1769312011723-upload_1806404382689084153.jpg","682",,9,false,,FieldSnap,+08:00,36,3,,,false,Saturated,Pending Match
93152,,3,18.2601495,121.6898126,2026-01-30 15:17:36.067 +0900,15.0,442,358,,2026-01-30 15:17:44.891 +0900,2026-06-30 16:27:06.394 +0900,"1769753864525-upload_3422592910296659920.jpg","1597-D",,9,false,,FieldSnap,+08:00,3,3,,,false,Flooding,Pending Match
86045,202340,3,18.2552834,121.6916973,2026-01-23 10:35:51.514 +0900,17.0,442,358,,2026-01-23 14:36:43.969 +0900,2026-08-07 11:05:54.298 +0900,"1769146603773-upload_5179803973950820609.jpg",,,9,false,,FieldSnap,+08:00,3,4,,,true,Flooding,Matched
86046,201647,3,18.259608,121.6883699,2026-01-23 10:30:58.585 +0900,17.0,442,358,,2026-01-23 14:36:44.157 +0900,2026-08-07 11:05:54.298 +0900,"1769146603563-upload_5895032241723214812.jpg",,,9,false,,FieldSnap,+08:00,3,4,,,true,Flooding,Matched
86232,201638,3,18.2579132,121.6882925,2026-01-23 17:13:04.061 +0900,16.0,442,358,,2026-01-23 17:15:15.344 +0900,2026-08-07 11:05:54.298 +0900,"1769156115139-upload_3546645067327848002.jpg",,"3rd photo",9,false,,FieldSnap,+08:00,3,4,,,true,Flooding,Matched
87249,204448,3,18.2634257,121.6908643,2026-01-24 12:10:24.938 +0900,14.0,442,358,,2026-01-24 12:10:46.875 +0900,2026-08-07 11:05:54.298 +0900,"1769224246531-upload_5687511400690247073.jpg",,,9,false,,FieldSnap,+08:00,36,4,,,true,Saturated,Matched
87178,202218,3,18.2615779,121.6913326,2026-01-24 11:03:28.608 +0900,8.0,442,358,,2026-01-24 11:26:14.579 +0900,2026-08-07 11:05:54.298 +0900,"1769221574215-upload_2678090721028007695.jpg",,"3rd Photo",9,false,,FieldSnap,+08:00,37,4,,,true,Dry,Matched
89247,204425,3,18.259608,121.6883699,2026-01-26 10:08:20.779 +0900,15.0,442,358,,2026-01-26 15:22:24.711 +0900,2026-08-07 11:05:54.298 +0900,"1769408544528-upload_2056579260684609114.jpg",,,9,false,,FieldSnap,+08:00,3,4,,,true,Flooding,Matched
90086,202350,3,18.2592137,121.6887263,2026-01-27 11:30:23.064 +0900,16.0,442,358,,2026-01-27 12:36:09.041 +0900,2026-08-07 11:05:54.298 +0900,"1769484968856-upload_8559808601738662964.jpg",,,9,false,,FieldSnap,+08:00,3,4,,,true,Flooding,Matched
90088,204395,3,18.2609454,121.6945331,2026-01-27 12:10:11.004 +0900,5.0,442,359,,2026-01-27 12:36:09.362 +0900,2026-08-07 11:05:54.298 +0900,"1769484968817-upload_8406892267308347936.jpg",,,9,false,,FieldSnap,+08:00,37,4,,,true,Dry,Matched
91773,202891,3,18.2604908,121.7000885,2026-01-28 18:51:11.927 +0900,18.0,442,358,,2026-01-28 20:47:12.460 +0900,2026-08-07 11:05:54.298 +0900,"1769600832282-upload_2487763157790765410.jpg",,,9,false,,FieldSnap,+08:00,3,4,,,true,Flooding,Matched
92430,200730,3,18.2611531,121.6959412,2026-01-29 17:50:14.202 +0900,12.0,442,358,,2026-01-29 18:36:01.205 +0900,2026-08-07 11:05:54.298 +0900,"1769679361031-upload_6659069896488742228.jpg",,,9,false,,FieldSnap,+08:00,36,4,,,true,Saturated,Matched
92357,201637,3,18.2608513,121.6958826,2026-01-29 16:33:23.347 +0900,20.0,442,358,,2026-01-29 16:48:18.980 +0900,2026-08-07 11:05:54.298 +0900,"1769672898557-upload_2960161116010397478.jpg",,,9,false,,FieldSnap,+08:00,3,4,,,true,Flooding,Matched
92382,201694,3,18.2617795,121.6890826,2026-01-29 17:10:50.180 +0900,16.0,442,358,,2026-01-29 17:11:13.745 +0900,2026-08-07 11:05:54.298 +0900,"1769674273579-upload_5125330631117697693.jpg",,,9,false,,FieldSnap,+08:00,3,4,,,true,Flooding,Matched
92427,204403,3,18.2610944,121.6930386,2026-01-29 18:00:59.744 +0900,20.0,442,358,,2026-01-29 18:35:55.759 +0900,2026-08-07 11:05:54.298 +0900,"1769679355263-upload_5072557463677852603.jpg",,,9,false,,FieldSnap,+08:00,3,4,,,true,Flooding,Matched
93073,202254,3,18.2612594,121.6918806,2026-01-30 14:53:09.009 +0900,15.0,442,358,,2026-01-30 14:53:18.294 +0900,2026-08-07 11:05:54.298 +0900,"1769752397940-upload_2685890620070566981.jpg",,,9,false,,FieldSnap,+08:00,3,4,,,true,Flooding,Matched
93053,204390,3,18.2595426,121.6887263,2026-01-30 14:39:10.738 +0900,19.0,442,358,,2026-01-30 14:39:24.264 +0900,2026-08-07 11:05:54.298 +0900,"1769751564063-upload_219767604919497326.jpg",,,9,false,,FieldSnap,+08:00,3,4,,,true,Flooding,Matched
93143,201695,3,18.2601495,121.6898126,2026-01-30 15:14:50.401 +0900,13.0,442,358,,2026-01-30 15:15:08.130 +0900,2026-08-07 11:05:54.298 +0900,"1769753707658-upload_6940623675086985346.jpg",,,9,false,,FieldSnap,+08:00,36,4,,,true,Saturated,Matched
93236,202859,3,18.2602613,121.699123,2026-01-30 15:36:39.843 +0900,13.0,442,358,,2026-01-30 15:36:51.549 +0900,2026-08-07 11:05:54.298 +0900,"1769755011264-upload_1888903961739374936.jpg",,,9,false,,FieldSnap,+08:00,36,4,,,true,Saturated,Matched
93231,202860,3,18.2602613,121.699123,2026-01-30 15:35:14.104 +0900,14.0,442,358,,2026-01-30 15:35:40.654 +0900,2026-08-07 11:05:54.298 +0900,"1769754939899-upload_6059981439367356223.jpg",,,9,false,,FieldSnap,+08:00,36,4,,,true,Saturated,Matched
92278,204449,3,18.2595426,121.6887263,2026-01-29 16:03:07.229 +0900,15.0,442,359,,2026-01-29 16:17:37.736 +0900,2026-08-07 11:05:54.298 +0900,"1769671057269-upload_8524181031783959808.jpg",,,9,false,,FieldSnap,+08:00,3,4,,,true,Flooding,Matched
92358,202270,3,18.2565108,121.6886429,2026-01-29 16:37:05.218 +0900,16.0,442,358,,2026-01-29 16:48:19.223 +0900,2026-08-07 11:05:54.298 +0900,"1769672899051-upload_7892892178404352907.jpg",,,9,false,,FieldSnap,+08:00,3,4,,,true,Flooding,Matched
93102,204424,3,18.2613045,121.6915111,2026-01-30 15:03:32.604 +0900,17.0,442,359,,2026-01-30 15:03:51.241 +0900,2026-08-07 11:05:54.298 +0900,"1769753030937-upload_62536903062072369.jpg",,,9,false,,FieldSnap,+08:00,3,4,,,true,Flooding,Matched
92989,202343,3,18.2641507,121.6948024,2026-01-30 12:03:12.004 +0900,16.0,442,358,,2026-01-30 12:03:24.126 +0900,2026-08-07 11:05:54.298 +0900,"1769742203566-upload_6832276615797170969.jpg",,,9,false,,FieldSnap,+08:00,3,4,,,true,Flooding,Matched
93266,201635,3,18.2613345,121.707611,2026-01-30 15:56:15.129 +0900,16.0,442,358,,2026-01-30 15:56:25.071 +0900,2026-08-07 11:05:54.298 +0900,"1769756184727-upload_1549825704868626306.jpg",,,9,false,,FieldSnap,+08:00,3,4,,,true,Flooding,Matched
90087,202866,3,18.2618286,121.6930529,2026-01-27 11:37:30.386 +0900,15.0,442,358,,2026-01-27 12:36:09.361 +0900,2026-08-07 11:05:54.298 +0900,"1769484968830-upload_5815866287733909842.jpg",,,9,false,,FieldSnap,+08:00,3,4,,,true,Flooding,Matched
90090,202861,3,18.2618286,121.6930529,2026-01-27 11:38:45.931 +0900,7.0,442,359,,2026-01-27 12:36:09.491 +0900,2026-08-07 11:05:54.298 +0900,"1769484968952-upload_6163638820135215444.jpg","655-A",,9,false,,FieldSnap,+08:00,37,4,,,true,Dry,Matched
92263,204425,4,18.2595426,121.6887263,2026-01-29 14:58:01.806 +0900,0.0,442,358,,2026-01-29 15:24:42.028 +0900,2026-08-07 11:05:54.298 +0900,"1769667881801-upload_6046097994396034761.jpg",,,9,false,,FieldSnap,+08:00,2,4,,,true,Drainage,Matched
93043,204425,5,18.2523952,121.6871236,2026-01-30 14:27:57.703 +0900,14.0,442,358,,2026-01-30 14:29:38.924 +0900,2026-08-07 11:05:54.298 +0900,"1769750978613-upload_7180550073896428053.jpg",,,9,false,,FieldSnap,+08:00,36,4,,,true,Saturated,Matched
106490,,0,18.269206,121.6808864,2026-02-04 17:55:23.906 +0900,21.0,462,358,,2026-02-14 14:28:59.649 +0900,2026-06-30 16:27:06.394 +0900,"1771046939460-upload_7894626812883939263.jpg","1456-D2",No photo2,9,false,,FieldSnap,+08:00,3,3,,,false,Flooding,Pending Match
106491,200760,0,18.2645402,121.6865882,2026-02-04 17:51:35.065 +0900,17.0,462,358,,2026-02-14 14:28:59.723 +0900,2026-08-07 11:05:54.298 +0900,"1771046939546-upload_4639238971718977581.jpg",,No existing drainage photo (photo 2),9,false,,FieldSnap,+08:00,3,4,,,true,Flooding,Matched
106492,202230,0,18.2645402,121.6865882,2026-02-04 17:48:12.492 +0900,17.0,462,358,,2026-02-14 14:28:59.821 +0900,2026-08-07 11:05:54.298 +0900,"1771046939678-upload_2526803096422596886.jpg",,No photo2,9,false,,FieldSnap,+08:00,3,4,,,true,Flooding,Matched
106483,201664,1,18.285445,121.69978,2026-02-13 11:03:19.729 +0900,,462,358,,2026-02-14 14:28:59.112 +0900,2026-08-07 11:05:54.298 +0900,"1771046938957-upload_2205694911063007642.jpg",,,9,false,,FieldSnap,+08:00,1,4,,,true,Installation,Matched
106474,204411,1,18.2629106,121.7044043,2026-02-14 11:28:09.241 +0900,,462,358,,2026-02-14 14:28:58.256 +0900,2026-08-07 11:05:54.298 +0900,"1771046937383-upload_1783091534929565284.jpg",,Changed the lot number from 1645-BD2 to 1645-B,9,false,,FieldSnap,+08:00,1,4,,,true,Installation,Matched
106477,201689,1,18.2629106,121.7044043,2026-02-14 11:11:29.817 +0900,,462,358,,2026-02-14 14:28:58.716 +0900,2026-08-07 11:05:54.298 +0900,"1771046938548-upload_1214831621638266849.jpg",,,9,false,,FieldSnap,+08:00,1,4,,,true,Installation,Matched
106485,200735,1,18.285445,121.69978,2026-02-13 10:46:32.562 +0900,,462,358,,2026-02-14 14:28:59.236 +0900,2026-08-07 11:05:54.298 +0900,"1771046939094-upload_954838526989840183.jpg",,,9,false,,FieldSnap,+08:00,1,4,,,true,Installation,Matched
85092,202319,0,18.2584521,121.7232864,2026-01-22 17:00:16.211 +0900,0.0,475,358,,2026-01-22 17:10:50.792 +0900,2026-08-07 11:05:54.298 +0900,"1769069450214-upload_5975493043462376741.jpg",,Duplicate,9,false,,FieldSnap,+08:00,2,4,,,true,Drainage,Matched
85074,202319,0,18.2437856,121.7072679,2026-01-22 14:20:03.614 +0900,0.0,475,358,,2026-01-22 16:18:12.170 +0900,2026-08-07 11:05:54.298 +0900,"1769066291920-upload_2535458133242803153.jpg",,Invalid way of taking photo 2,9,false,,FieldSnap,+08:00,2,4,,,true,Drainage,Matched
92271,201676,0,18.2439021,121.7071211,2026-01-29 14:56:55.338 +0900,0.0,475,358,,2026-01-29 15:32:13.250 +0900,2026-08-07 11:05:54.298 +0900,"1769668333012-upload_2187832434414589579.jpg",,Duplicate,9,false,,FieldSnap,+08:00,2,4,,,true,Drainage,Matched
92274,201592,0,18.2439021,121.7071211,2026-01-29 15:11:13.927 +0900,0.0,475,358,,2026-01-29 15:32:16.132 +0900,2026-08-07 11:05:54.298 +0900,"1769668335942-upload_6366608884695902015.jpg",,,9,false,,FieldSnap,+08:00,2,4,,,true,Drainage,Matched
92267,201655,0,18.2439021,121.7071211,2026-01-29 15:08:43.705 +0900,0.0,475,358,,2026-01-29 15:31:45.370 +0900,2026-08-07 11:05:54.298 +0900,"1769668305072-upload_8257655090866567549.jpg","281",Too fast to drain the water,9,false,,FieldSnap,+08:00,2,4,,,true,Drainage,Matched
97868,202311,0,18.2609237,121.6883699,2026-02-03 15:28:52.745 +0900,0.0,475,358,,2026-02-03 17:49:52.909 +0900,2026-08-07 11:05:54.298 +0900,"1770108592746-upload_1073637143370165066.jpg",,there's a standing water inside and around the OW,9,false,,FieldSnap,+08:00,2,4,,,true,Drainage,Matched
97860,202335,0,18.2592137,121.6887263,2026-02-03 16:16:40.788 +0900,0.0,475,358,,2026-02-03 17:49:47.179 +0900,2026-08-07 11:05:54.298 +0900,"1770108587020-upload_240321726065200312.jpg",,there's a water inside the OW,9,false,,FieldSnap,+08:00,2,4,,,true,Drainage,Matched
97869,204426,0,18.2586474,121.7204365,2026-02-03 15:36:35.474 +0900,0.0,475,359,,2026-02-03 17:49:54.003 +0900,2026-08-07 11:05:54.298 +0900,"1770108593840-upload_3525424650337870667.jpg",,there's a water inside the OW,9,false,,FieldSnap,+08:00,2,4,,,true,Drainage,Matched
97873,202903,0,18.2465759,121.7003056,2026-02-03 15:10:35.231 +0900,0.0,475,358,,2026-02-03 17:49:56.359 +0900,2026-08-07 11:05:54.298 +0900,"1770108596199-upload_5291093850168964175.jpg",,there's a standing water inside and around the OW,9,false,,FieldSnap,+08:00,2,4,,,true,Drainage,Matched
106125,201665,0,18.2610609,121.694784,2026-02-13 15:05:46.734 +0900,0.0,475,358,,2026-02-13 17:46:09.712 +0900,2026-08-07 11:05:54.298 +0900,"1770972369540-upload_8317748572596681393.jpg",,Duplicate,9,false,,FieldSnap,+08:00,2,4,,,true,Drainage,Matched
113155,201674,0,18.2424589,121.7083235,2026-02-21 09:31:37.449 +0900,0.0,475,358,,2026-02-21 10:16:54.680 +0900,2026-08-07 11:05:54.298 +0900,"1771636614494-upload_3229483254796622658.jpg",,there's a standing water around and inside of the OW,9,false,,FieldSnap,+08:00,2,4,,,true,Drainage,Matched
113150,202324,0,18.2611264,121.6944277,2026-02-21 10:08:05.854 +0900,0.0,475,358,,2026-02-21 10:16:52.095 +0900,2026-08-07 11:05:54.298 +0900,"1771636611916-upload_6732948514651590692.jpg",,there's a standing water around the OW,9,false,,FieldSnap,+08:00,2,4,,,true,Drainage,Matched
115306,201691,0,18.2444346,121.7058426,2026-02-24 08:45:41.769 +0900,17.0,475,358,,2026-02-24 11:44:04.843 +0900,2026-08-07 11:05:54.298 +0900,"1771901044601-upload_6416011136168313589.jpg",,,9,false,,FieldSnap,+08:00,3,4,,,true,Flooding,Matched
77762,201673,1,18.2441541,121.7018451,2026-01-14 17:25:36.149 +0900,,475,358,,2026-01-14 17:43:34.327 +0900,2026-08-07 11:05:54.298 +0900,"1768380214166-upload_7455634324478544799.jpg",,,9,false,,FieldSnap,+08:00,1,4,,,true,Installation,Matched
77763,201656,1,18.259608,121.6883699,2026-01-14 17:13:51.107 +0900,,475,358,,2026-01-14 17:43:35.685 +0900,2026-08-07 11:05:54.298 +0900,"1768380214971-upload_7041199328120203250.jpg",,,9,false,,FieldSnap,+08:00,1,4,,,true,Installation,Matched
77766,202335,1,18.2585819,121.7207927,2026-01-14 16:46:03.525 +0900,,475,358,,2026-01-14 17:43:36.007 +0900,2026-08-07 11:05:54.298 +0900,"1768380215770-upload_8734360364477418586.jpg",,,9,false,,FieldSnap,+08:00,1,4,,,true,Installation,Matched
75491,201660,1,18.259608,121.6883699,2026-01-12 12:32:18.257 +0900,,475,358,,2026-01-12 13:46:20.575 +0900,2026-08-07 11:05:54.298 +0900,"1768193180405-upload_2671754812769409495.jpg","311-B",,9,false,,FieldSnap,+08:00,1,4,,,true,Installation,Matched
75489,202319,1,18.2605948,121.6883699,2026-01-12 11:56:02.811 +0900,,475,358,,2026-01-12 13:46:20.375 +0900,2026-08-07 11:05:54.298 +0900,"1768193180200-upload_9006511777173936848.jpg",,,9,false,,FieldSnap,+08:00,1,4,,,true,Installation,Matched
75487,201679,1,18.2464562,121.7016967,2026-01-12 11:30:31.946 +0900,,475,358,,2026-01-12 13:46:19.130 +0900,2026-08-07 11:05:54.298 +0900,"1768193178688-upload_5415610785879047073.jpg",,,9,false,,FieldSnap,+08:00,1,4,,,true,Installation,Matched
75488,201676,1,18.2441653,121.7044043,2026-01-12 11:38:43.220 +0900,,475,358,,2026-01-12 13:46:19.419 +0900,2026-08-07 11:05:54.298 +0900,"1768193179042-upload_4707479108388607957.jpg",,,9,false,,FieldSnap,+08:00,1,4,,,true,Installation,Matched
83447,201685,1,18.2442308,121.7040481,2026-01-21 09:57:56.926 +0900,,475,358,,2026-01-21 10:38:08.850 +0900,2026-08-07 11:05:54.298 +0900,"1768959488494-upload_854931849471581367.jpg",,,9,false,,FieldSnap,+08:00,1,4,,,true,Installation,Matched
83449,201655,1,18.2453704,121.7078648,2026-01-21 09:40:34.637 +0900,,475,358,,2026-01-21 10:38:09.831 +0900,2026-08-07 11:05:54.298 +0900,"1768959489473-upload_2453532417833968505.jpg",,,9,false,,FieldSnap,+08:00,1,4,,,true,Installation,Matched
83450,201686,1,18.2442308,121.7040481,2026-01-21 09:55:18.988 +0900,,475,358,,2026-01-21 10:38:09.910 +0900,2026-08-07 11:05:54.298 +0900,"1768959489272-upload_7321316835646657437.jpg",,,9,false,,FieldSnap,+08:00,1,4,,,true,Installation,Matched
83451,201688,1,18.2442308,121.7040481,2026-01-21 09:49:26.685 +0900,,475,358,,2026-01-21 10:38:10.110 +0900,2026-08-07 11:05:54.298 +0900,"1768959489765-upload_5353959355663307234.jpg",,,9,false,,FieldSnap,+08:00,1,4,,,true,Installation,Matched
83445,202321,1,18.2442308,121.7040481,2026-01-21 10:16:02.539 +0900,,475,359,,2026-01-21 10:38:06.487 +0900,2026-08-07 11:05:54.298 +0900,"1768959486012-upload_5187118537512644073.jpg",,,9,false,,FieldSnap,+08:00,1,4,,,true,Installation,Matched
83448,202324,1,18.246514,121.7017649,2026-01-21 10:21:09.718 +0900,,475,358,,2026-01-21 10:38:09.427 +0900,2026-08-07 11:05:54.298 +0900,"1768959488905-upload_9212292964299256680.jpg",,,9,false,,FieldSnap,+08:00,1,4,,,true,Installation,Matched
84110,200732,1,18.2592791,121.6883699,2026-01-21 15:41:15.948 +0900,,475,358,,2026-01-21 16:25:46.888 +0900,2026-08-07 11:05:54.298 +0900,"1768980345305-upload_5105805941947962854.jpg",,,9,false,,FieldSnap,+08:00,1,4,,,true,Installation,Matched
84111,201668,1,18.2592791,121.6883699,2026-01-21 15:35:46.437 +0900,,475,358,,2026-01-21 16:25:49.441 +0900,2026-08-07 11:05:54.298 +0900,"1768980348999-upload_7301781210133116939.jpg",,,9,false,,FieldSnap,+08:00,1,4,,,true,Installation,Matched
84115,201593,1,18.2464165,121.7016281,2026-01-21 15:17:23.622 +0900,,475,358,,2026-01-21 16:25:52.657 +0900,2026-08-07 11:05:54.298 +0900,"1768980352012-upload_8865245724788862303.jpg",,,9,false,,FieldSnap,+08:00,1,4,,,true,Installation,Matched
84116,201592,1,18.2464165,121.7016281,2026-01-21 15:13:51.499 +0900,,475,358,,2026-01-21 16:25:57.416 +0900,2026-08-07 11:05:54.298 +0900,"1768980356959-upload_1806640988606681714.jpg",,,9,false,,FieldSnap,+08:00,1,4,,,true,Installation,Matched
84117,202872,1,18.2592791,121.6883699,2026-01-21 15:32:28.401 +0900,,475,358,,2026-01-21 16:25:59.200 +0900,2026-08-07 11:05:54.298 +0900,"1768980358729-upload_5457972063154779607.jpg",,,9,false,,FieldSnap,+08:00,1,4,,,true,Installation,Matched
84112,202228,1,18.2499999,121.6925813,2026-01-21 16:00:52.008 +0900,,475,358,,2026-01-21 16:25:50.586 +0900,2026-08-07 11:05:54.298 +0900,"1768980350187-upload_6343223682366919001.jpg",,,9,false,,FieldSnap,+08:00,1,4,,,true,Installation,Matched
84119,201681,1,18.2425419,121.7057474,2026-01-21 14:48:55.137 +0900,,475,358,,2026-01-21 16:26:00.924 +0900,2026-08-07 11:05:54.298 +0900,"1768980360564-upload_8960779427113847555.jpg",,,9,false,,FieldSnap,+08:00,1,4,,,true,Installation,Matched
84113,202229,1,18.26093,121.6954966,2026-01-21 16:04:10.400 +0900,,475,358,,2026-01-21 16:25:50.740 +0900,2026-08-07 11:05:54.298 +0900,"1768980349998-upload_305847948382220948.jpg",,,9,false,,FieldSnap,+08:00,1,4,,,true,Installation,Matched
84114,202873,1,18.2499999,121.6925813,2026-01-21 15:55:57.038 +0900,,475,358,,2026-01-21 16:25:51.067 +0900,2026-08-07 11:05:54.298 +0900,"1768980350705-upload_9203611784088119516.jpg",,,9,false,,FieldSnap,+08:00,1,4,,,true,Installation,Matched
84118,204489,1,18.2425419,121.7057474,2026-01-21 14:51:22.636 +0900,,475,359,,2026-01-21 16:26:00.462 +0900,2026-08-07 11:05:54.298 +0900,"1768980360073-upload_4679450806035112180.jpg",,,9,false,,FieldSnap,+08:00,1,4,,,true,Installation,Matched
85075,201674,1,18.2437856,121.7072679,2026-01-22 14:25:31.927 +0900,,475,358,,2026-01-22 16:18:12.607 +0900,2026-08-07 11:05:54.298 +0900,"1769066292440-upload_8715467343195096597.jpg",,,9,false,,FieldSnap,+08:00,1,4,,,true,Installation,Matched
85073,201651,1,18.259608,121.6883699,2026-01-22 14:50:56.756 +0900,,475,358,,2026-01-22 16:18:12.073 +0900,2026-08-07 11:05:54.298 +0900,"1769066291554-upload_562693028926748548.jpg",,,9,false,,FieldSnap,+08:00,1,4,,,true,Installation,Matched
85072,201658,1,18.2610712,121.7072547,2026-01-22 15:23:59.135 +0900,,475,358,,2026-01-22 16:18:12.020 +0900,2026-08-07 11:05:54.298 +0900,"1769066291340-upload_281108555551875557.jpg",,,9,false,,FieldSnap,+08:00,1,4,,,true,Installation,Matched
85070,201652,1,18.2610712,121.7072547,2026-01-22 15:26:59.244 +0900,,475,358,,2026-01-22 16:18:11.673 +0900,2026-08-07 11:05:54.298 +0900,"1769066291452-upload_7670910800561980890.jpg","324-D",,9,false,,FieldSnap,+08:00,1,4,,,true,Installation,Matched
85071,202347,1,18.2602659,121.6883699,2026-01-22 14:38:44.002 +0900,,475,358,,2026-01-22 16:18:11.830 +0900,2026-08-07 11:05:54.298 +0900,"1769066291470-upload_2049693704408307674.jpg",,,9,false,,FieldSnap,+08:00,1,4,,,true,Installation,Matched
86133,202198,1,18.259608,121.6883699,2026-01-23 15:34:52.144 +0900,,475,358,,2026-01-23 16:18:47.990 +0900,2026-08-07 11:05:54.298 +0900,"1769152727620-upload_4745161343103729844.jpg",,,9,false,,FieldSnap,+08:00,1,4,,,true,Installation,Matched
86130,202328,1,18.259608,121.6883699,2026-01-23 15:38:47.401 +0900,,475,358,,2026-01-23 16:18:47.391 +0900,2026-08-07 11:05:54.298 +0900,"1769152727001-upload_4838085446566901781.jpg",,,9,false,,FieldSnap,+08:00,1,4,,,true,Installation,Matched
86132,202330,1,18.259608,121.6883699,2026-01-23 15:43:31.488 +0900,,475,358,,2026-01-23 16:18:47.925 +0900,2026-08-07 11:05:54.298 +0900,"1769152727728-upload_5171054029628477668.jpg",,,9,false,,FieldSnap,+08:00,1,4,,,true,Installation,Matched
86134,202349,1,18.2609237,121.6883699,2026-01-23 14:59:39.565 +0900,,475,358,,2026-01-23 16:18:48.091 +0900,2026-08-07 11:05:54.298 +0900,"1769152727513-upload_2300565102911626696.jpg",,,9,false,,FieldSnap,+08:00,1,4,,,true,Installation,Matched
86136,202348,1,18.2493467,121.6996217,2026-01-23 14:54:55.958 +0900,,475,358,,2026-01-23 16:18:48.871 +0900,2026-08-07 11:05:54.298 +0900,"1769152728694-upload_7679483422153817805.jpg",,,9,false,,FieldSnap,+08:00,1,4,,,true,Installation,Matched
86131,204397,1,18.2602659,121.6883699,2026-01-23 15:54:11.515 +0900,,475,359,,2026-01-23 16:18:47.784 +0900,2026-08-07 11:05:54.298 +0900,"1769152727609-upload_1703782027629760915.jpg",,,9,false,,FieldSnap,+08:00,1,4,,,true,Installation,Matched
86299,204433,1,18.246581,121.7003369,2026-01-23 16:32:32.982 +0900,,475,358,,2026-01-23 17:41:25.443 +0900,2026-08-07 11:05:54.298 +0900,"1769157685237-upload_3731885797261101208.jpg",,,9,false,,FieldSnap,+08:00,1,4,,,true,Installation,Matched
88179,201665,1,18.2463997,121.7016147,2026-01-25 11:07:08.809 +0900,,475,358,,2026-01-25 12:33:46.391 +0900,2026-08-07 11:05:54.298 +0900,"1769312026183-upload_6062127517679026599.jpg",,,9,false,,FieldSnap,+08:00,1,4,,,true,Installation,Matched
88172,202875,1,18.2602659,121.6883699,2026-01-25 11:26:52.587 +0900,,475,358,,2026-01-25 12:33:43.953 +0900,2026-08-07 11:05:54.298 +0900,"1769312023788-upload_6943159617698144422.jpg",,,9,false,,FieldSnap,+08:00,1,4,,,true,Installation,Matched
88173,202233,1,18.2602659,121.6883699,2026-01-25 11:17:39.004 +0900,,475,358,,2026-01-25 12:33:44.027 +0900,2026-08-07 11:05:54.298 +0900,"1769312023839-upload_4674206896740237271.jpg","1269-B",,9,false,,FieldSnap,+08:00,1,4,,,true,Installation,Matched
90383,204419,1,18.2439396,121.7069729,2026-01-27 16:24:37.680 +0900,,475,358,,2026-01-27 17:14:38.612 +0900,2026-08-07 11:05:54.298 +0900,"1769501678369-upload_8735382057110503135.jpg",,,9,false,,FieldSnap,+08:00,1,4,,,true,Installation,Matched
83446,202417,1,18.2442308,121.7040481,2026-01-21 10:09:31.394 +0900,,475,358,,2026-01-21 10:38:07.232 +0900,2026-08-07 11:05:54.298 +0900,"1768959486886-upload_8608442029174164307.jpg",,,9,false,,FieldSnap,+08:00,1,4,,,true,Installation,Matched
97865,201687,1,18.2595426,121.6887263,2026-02-03 16:05:55.686 +0900,,475,358,,2026-02-03 17:49:51.921 +0900,2026-08-07 11:05:54.298 +0900,"1770108591750-upload_889888120404572594.jpg",,,9,false,,FieldSnap,+08:00,1,4,,,true,Installation,Matched
97867,201666,1,18.2592137,121.6887263,2026-02-03 15:54:57.280 +0900,,475,358,,2026-02-03 17:49:52.517 +0900,2026-08-07 11:05:54.298 +0900,"1770108592359-upload_2838428152777567416.jpg",,,9,false,,FieldSnap,+08:00,1,4,,,true,Installation,Matched
97879,202243,1,18.2592137,121.6887263,2026-02-03 16:58:42.060 +0900,,475,358,,2026-02-03 17:50:01.071 +0900,2026-08-07 11:05:54.298 +0900,"1770108600894-upload_5537563517948910623.jpg",,,9,false,,FieldSnap,+08:00,1,4,,,true,Installation,Matched
97870,202459,1,18.2595426,121.6887263,2026-02-03 16:08:15.411 +0900,,475,358,,2026-02-03 17:49:54.378 +0900,2026-08-07 11:05:54.298 +0900,"1770108594219-upload_8621976037588053429.jpg",,,9,false,,FieldSnap,+08:00,1,4,,,true,Installation,Matched
97863,202874,1,18.2592137,121.6887263,2026-02-03 16:51:02.090 +0900,,475,358,,2026-02-03 17:49:47.837 +0900,2026-08-07 11:05:54.298 +0900,"1770108587136-upload_1180940579870491322.jpg",,,9,false,,FieldSnap,+08:00,1,4,,,true,Installation,Matched
97878,201627,1,18.2612526,121.6883699,2026-02-03 16:36:43.058 +0900,,475,358,,2026-02-03 17:49:59.907 +0900,2026-08-07 11:05:54.298 +0900,"1770108599741-upload_6525877324467347872.jpg",,,9,false,,FieldSnap,+08:00,1,4,,,true,Installation,Matched
97861,202242,1,18.2595426,121.6887263,2026-02-03 16:28:47.170 +0900,,475,358,,2026-02-03 17:49:47.353 +0900,2026-08-07 11:05:54.298 +0900,"1770108587183-upload_8954064449005345344.jpg",,,9,false,,FieldSnap,+08:00,1,4,,,true,Installation,Matched
77761,202416,1,18.259608,121.6883699,2026-01-14 17:17:07.168 +0900,,475,358,,2026-01-14 17:43:33.366 +0900,2026-08-07 11:05:54.298 +0900,"1768380212972-upload_3555931070980105756.jpg",,,9,false,,FieldSnap,+08:00,1,4,,,true,Installation,Matched
84894,202311,1,18.2419306,121.7059012,2026-01-22 12:19:15.542 +0900,,475,358,,2026-01-22 12:32:32.183 +0900,2026-08-07 11:05:54.298 +0900,"1769052751313-upload_9219495441810473011.jpg",,,9,false,,FieldSnap,+08:00,1,4,,,true,Installation,Matched
99271,202900,1,18.2592137,121.6887263,2026-02-04 17:33:47.476 +0900,,475,358,,2026-02-04 18:57:34.452 +0900,2026-08-07 11:05:54.298 +0900,"1770199054274-upload_638105349246567171.jpg",,,9,false,,FieldSnap,+08:00,1,4,,,true,Installation,Matched
99266,202882,1,18.2595426,121.6887263,2026-02-04 18:31:45.333 +0900,,475,358,,2026-02-04 18:57:33.553 +0900,2026-08-07 11:05:54.298 +0900,"1770199053402-upload_7560914699787165778.jpg",,,9,false,,FieldSnap,+08:00,1,4,,,true,Installation,Matched
99270,202881,1,18.2613345,121.707611,2026-02-04 18:28:57.132 +0900,,475,358,,2026-02-04 18:57:34.261 +0900,2026-08-07 11:05:54.298 +0900,"1770199053736-upload_2882069641274532157.jpg",,,9,false,,FieldSnap,+08:00,1,4,,,true,Installation,Matched
77765,202336,1,18.2585819,121.7207927,2026-01-14 16:42:05.599 +0900,,475,358,,2026-01-14 17:43:35.923 +0900,2026-08-07 11:05:54.298 +0900,"1768380215685-upload_8474663410138795980.jpg",,,9,false,,FieldSnap,+08:00,1,4,,,true,Installation,Matched
77764,202903,1,18.2441653,121.7044043,2026-01-14 17:06:05.082 +0900,,475,358,,2026-01-14 17:43:35.766 +0900,2026-08-07 11:05:54.298 +0900,"1768380215526-upload_6057702650774123942.jpg",,,9,false,,FieldSnap,+08:00,1,4,,,true,Installation,Matched
86300,202876,1,18.2484884,121.6979007,2026-01-23 16:43:28.442 +0900,,475,358,,2026-01-23 17:41:25.607 +0900,2026-08-07 11:05:54.298 +0900,"1769157685434-upload_3128216593009032572.jpg",,,9,false,,FieldSnap,+08:00,1,4,,,true,Installation,Matched
84120,201677,1,18.2464165,121.7016281,2026-01-21 15:08:51.891 +0900,,475,358,,2026-01-21 16:26:00.927 +0900,2026-08-07 11:05:54.298 +0900,"1768980360485-upload_2415146582393287058.jpg",,,9,false,,FieldSnap,+08:00,1,4,,,true,Installation,Matched
85069,202452,1,18.2602659,121.6883699,2026-01-22 15:17:17.710 +0900,,475,358,,2026-01-22 16:18:10.514 +0900,2026-08-07 11:05:54.298 +0900,"1769066289449-upload_468741698511191447.jpg",,,9,false,,FieldSnap,+08:00,1,4,,,true,Installation,Matched
100782,202460,1,18.2592137,121.6887263,2026-02-05 17:04:29.116 +0900,,475,358,,2026-02-05 17:54:57.328 +0900,2026-08-07 11:05:54.298 +0900,"1770281696973-upload_880781381888034573.jpg",,,9,false,,FieldSnap,+08:00,1,4,,,true,Installation,Matched
100777,204401,1,18.2592137,121.6887263,2026-02-05 16:40:34.814 +0900,,475,358,,2026-02-05 17:54:52.930 +0900,2026-08-07 11:05:54.298 +0900,"1770281692756-upload_480813619059444655.jpg",,Changed the lot number from 324 to 324-A4,9,false,,FieldSnap,+08:00,1,4,,,true,Installation,Matched
100783,200740,1,18.2613345,121.707611,2026-02-05 16:22:27.516 +0900,,475,358,,2026-02-05 17:54:57.352 +0900,2026-08-07 11:05:54.298 +0900,"1770281696623-upload_4145650153633832369.jpg",,,9,false,,FieldSnap,+08:00,1,4,,,true,Installation,Matched
101310,202322,1,18.2440266,121.7069807,2026-02-06 12:47:45.185 +0900,,475,358,,2026-02-06 13:08:08.074 +0900,2026-08-07 11:05:54.298 +0900,"1770350887337-upload_8396264964506859623.jpg",,,9,false,,FieldSnap,+08:00,1,4,,,true,Installation,Matched
101623,201626,1,18.2595426,121.6887263,2026-02-06 17:17:12.898 +0900,,475,358,,2026-02-06 18:06:51.156 +0900,2026-08-07 11:05:54.298 +0900,"1770368810454-upload_8814394058287545273.jpg",,,9,false,,FieldSnap,+08:00,1,4,,,true,Installation,Matched
101625,206121,1,18.244027,121.7069803,2026-02-06 17:11:37.118 +0900,,475,358,,2026-02-06 18:06:53.519 +0900,2026-08-07 11:05:54.298 +0900,"1770368813334-upload_6581419880822142105.jpg",,,9,false,,FieldSnap,+08:00,1,4,,,true,Installation,Matched
101709,202863,1,18.2440264,121.7069732,2026-02-07 09:16:33.167 +0900,,475,358,,2026-02-07 09:18:50.137 +0900,2026-08-07 11:05:54.298 +0900,"1770423529966-upload_3207152532135118884.jpg",,,9,false,,FieldSnap,+08:00,1,4,,,true,Installation,Matched
106649,204445,1,18.2506638,121.690508,2026-02-14 16:20:21.291 +0900,,475,358,,2026-02-14 17:35:02.133 +0900,2026-08-07 11:05:54.298 +0900,"1771058101987-upload_6180925016164690370.jpg",,,9,false,,FieldSnap,+08:00,1,4,,,true,Installation,Matched
77760,206119,1,18.2441541,121.7018451,2026-01-14 17:27:19.719 +0900,,475,358,,2026-01-14 17:43:33.204 +0900,2026-08-07 11:05:54.298 +0900,"1768380212966-upload_6180130871381383351.jpg",,,9,false,,FieldSnap,+08:00,1,4,,,true,Installation,Matched
108270,204398,1,18.2440221,121.7069796,2026-02-16 13:44:15.475 +0900,,475,358,,2026-02-16 13:46:27.162 +0900,2026-08-07 11:05:54.298 +0900,"1771217186928-upload_7739671877913436296.jpg",,,9,false,,FieldSnap,+08:00,1,4,,,true,Installation,Matched
108766,202329,1,18.2610609,121.694784,2026-02-16 16:19:44.163 +0900,,475,358,,2026-02-16 17:47:34.674 +0900,2026-08-07 11:05:54.298 +0900,"1771231654490-upload_30003783564734989.jpg",,,9,false,,FieldSnap,+08:00,1,4,,,true,Installation,Matched
108767,204407,1,18.2611871,121.6887263,2026-02-16 16:07:53.825 +0900,,475,358,,2026-02-16 17:47:38.273 +0900,2026-08-07 11:05:54.298 +0900,"1771231658112-upload_4631192656850364562.jpg",,,9,false,,FieldSnap,+08:00,1,4,,,true,Installation,Matched
108757,204442,1,18.2611871,121.6887263,2026-02-16 15:42:41.118 +0900,,475,358,,2026-02-16 17:47:24.054 +0900,2026-08-07 11:05:54.298 +0900,"1771231643884-upload_217661011894839971.jpg",,,9,false,,FieldSnap,+08:00,1,4,,,true,Installation,Matched
88177,204589,1,18.2463997,121.7016147,2026-01-25 11:15:11.488 +0900,,475,358,,2026-01-25 12:33:45.365 +0900,2026-08-07 11:05:54.298 +0900,"1769312025200-upload_5564043443257327536.jpg",,,9,false,,FieldSnap,+08:00,1,4,,,true,Installation,Matched
75490,204426,1,18.259608,121.6883699,2026-01-12 12:29:12.062 +0900,,475,359,,2026-01-12 13:46:20.571 +0900,2026-08-07 11:05:54.298 +0900,"1768193180403-upload_869697086010006865.jpg",,,9,false,,FieldSnap,+08:00,1,4,,,true,Installation,Matched
112838,201691,1,18.2440238,121.7069778,2026-02-20 17:19:07.751 +0900,,475,358,,2026-02-20 17:21:47.510 +0900,2026-08-07 11:05:54.298 +0900,"1771575707249-upload_1620397030780567107.jpg",,,9,false,,FieldSnap,+08:00,1,4,,,true,Installation,Matched
113589,201690,1,18.2440338,121.7069791,2026-02-22 13:00:20.318 +0900,,475,358,,2026-02-22 13:03:12.930 +0900,2026-08-07 11:05:54.298 +0900,"1771732991965-upload_6198025020625627092.jpg",,,9,false,,FieldSnap,+08:00,1,4,,,true,Installation,Matched
83452,204488,1,18.2453704,121.7078648,2026-01-21 09:32:58.005 +0900,,475,358,,2026-01-21 10:38:10.604 +0900,2026-08-07 11:05:54.298 +0900,"1768959490260-upload_6393395472086601071.jpg",,,9,false,,FieldSnap,+08:00,1,4,,,true,Installation,Matched
114727,202320,1,18.2545453,121.6870847,2026-02-23 16:50:20.933 +0900,,475,358,,2026-02-23 19:07:33.907 +0900,2026-08-07 11:05:54.298 +0900,"1771841253742-upload_3240918600025134581.jpg",,,9,false,,FieldSnap,+08:00,1,4,,,true,Installation,Matched
114720,201618,1,18.2609237,121.6883699,2026-02-23 17:05:40.365 +0900,,475,358,,2026-02-23 19:07:21.911 +0900,2026-08-07 11:05:54.298 +0900,"1771841241730-upload_1971387072753532990.jpg",,,9,false,,FieldSnap,+08:00,1,4,,,true,Installation,Matched
114721,204404,1,18.2609237,121.6883699,2026-02-23 17:02:40.887 +0900,,475,358,,2026-02-23 19:07:26.867 +0900,2026-08-07 11:05:54.298 +0900,"1771841246498-upload_982270447481903252.jpg",,,9,false,,FieldSnap,+08:00,1,4,,,true,Installation,Matched
114722,201680,1,18.2621801,121.6958529,2026-02-23 17:13:40.741 +0900,,475,358,,2026-02-23 19:07:30.035 +0900,2026-08-07 11:05:54.298 +0900,"1771841249868-upload_6129521950172698474.jpg",,,9,false,,FieldSnap,+08:00,1,4,,,true,Installation,Matched
114726,204396,1,18.2482711,121.6963965,2026-02-23 16:57:39.708 +0900,,475,358,,2026-02-23 19:07:32.482 +0900,2026-08-07 11:05:54.298 +0900,"1771841252300-upload_1049888350342834954.jpg",,,9,false,,FieldSnap,+08:00,1,4,,,true,Installation,Matched
86135,200719,1,18.2602659,121.6883699,2026-01-23 15:28:14.935 +0900,,475,359,,2026-01-23 16:18:48.384 +0900,2026-08-07 11:05:54.298 +0900,"1769152728211-upload_8518982986315992021.jpg",,,9,false,,FieldSnap,+08:00,1,4,,,true,Installation,Matched
85093,202319,2,18.2584521,121.7232864,2026-01-22 17:01:32.265 +0900,0.0,475,358,,2026-01-22 17:10:53.349 +0900,2026-08-07 11:05:54.298 +0900,"1769069453171-upload_7057916550046907498.jpg",,,9,false,,FieldSnap,+08:00,2,4,,,true,Drainage,Matched
86298,200732,2,18.2546106,121.690508,2026-01-23 16:52:21.194 +0900,0.0,475,358,,2026-01-23 17:41:24.774 +0900,2026-08-07 11:05:54.298 +0900,"1769157684590-upload_5905812986822306930.jpg",,,9,false,,FieldSnap,+08:00,2,4,,,true,Drainage,Matched
86138,202336,2,18.2584521,121.7232864,2026-01-23 14:44:48.274 +0900,0.0,475,358,,2026-01-23 16:18:50.644 +0900,2026-08-07 11:05:54.298 +0900,"1769152730406-upload_8240331161595327724.jpg",,,9,false,,FieldSnap,+08:00,2,4,,,true,Drainage,Matched
88059,202872,2,18.250607,121.6914077,2026-01-25 09:05:28.277 +0900,0.0,475,358,,2026-01-25 09:15:16.668 +0900,2026-08-07 11:05:54.298 +0900,"1769300116387-upload_1812530989268325416.jpg",,,9,false,,FieldSnap,+08:00,2,4,,,true,Drainage,Matched
88056,201668,2,18.250607,121.6914077,2026-01-25 09:09:32.072 +0900,0.0,475,358,,2026-01-25 09:15:16.208 +0900,2026-08-07 11:05:54.298 +0900,"1769300115964-upload_9118340227945998854.jpg",,,9,false,,FieldSnap,+08:00,2,4,,,true,Drainage,Matched
88174,201593,2,18.259608,121.6883699,2026-01-25 11:58:50.969 +0900,0.0,475,358,,2026-01-25 12:33:44.038 +0900,2026-08-07 11:05:54.298 +0900,"1769312023841-upload_998101405779168348.jpg",,,9,false,,FieldSnap,+08:00,2,4,,,true,Drainage,Matched
88176,201592,2,18.259608,121.6883699,2026-01-25 11:56:00.831 +0900,0.0,475,358,,2026-01-25 12:33:44.841 +0900,2026-08-07 11:05:54.298 +0900,"1769312024654-upload_3799680469290678297.jpg",,,9,false,,FieldSnap,+08:00,2,4,,,true,Drainage,Matched
88178,201679,2,18.2424302,121.7057568,2026-01-25 10:44:29.723 +0900,0.0,475,358,,2026-01-25 12:33:45.692 +0900,2026-08-07 11:05:54.298 +0900,"1769312025534-upload_8784143133791877078.jpg",,,9,false,,FieldSnap,+08:00,2,4,,,true,Drainage,Matched
88175,201677,2,18.259608,121.6883699,2026-01-25 11:51:15.169 +0900,0.0,475,358,,2026-01-25 12:33:44.160 +0900,2026-08-07 11:05:54.298 +0900,"1769312023824-upload_3540433637279628413.jpg",,,9,false,,FieldSnap,+08:00,2,4,,,true,Drainage,Matched
88171,201676,2,18.2463557,121.7014562,2026-01-25 10:54:01.102 +0900,0.0,475,358,,2026-01-25 12:33:43.786 +0900,2026-08-07 11:05:54.298 +0900,"1769312023590-upload_4195792424124048690.jpg","905-D",,9,false,,FieldSnap,+08:00,2,4,,,true,Drainage,Matched
89384,202229,2,18.246418,121.7016177,2026-01-26 16:32:39.561 +0900,0.0,475,358,,2026-01-26 16:47:05.540 +0900,2026-08-07 11:05:54.298 +0900,"1769413624835-upload_7768795904300930972.jpg","270-B",,9,false,,FieldSnap,+08:00,2,4,,,true,Drainage,Matched
89394,202228,2,18.246418,121.7016177,2026-01-26 16:35:10.240 +0900,0.0,475,358,,2026-01-26 16:49:09.878 +0900,2026-08-07 11:05:54.298 +0900,"1769413749694-upload_4538146268059921293.jpg",,,9,false,,FieldSnap,+08:00,2,4,,,true,Drainage,Matched
90384,201655,2,18.2439396,121.7069729,2026-01-27 16:31:06.482 +0900,0.0,475,358,,2026-01-27 17:14:38.723 +0900,2026-08-07 11:05:54.298 +0900,"1769501678553-upload_3689217002451625036.jpg",,,9,false,,FieldSnap,+08:00,2,4,,,true,Drainage,Matched
90385,204488,2,18.2439396,121.7069729,2026-01-27 16:17:56.118 +0900,0.0,475,358,,2026-01-27 17:14:38.933 +0900,2026-08-07 11:05:54.298 +0900,"1769501678365-upload_9079083609488481628.jpg",,,9,false,,FieldSnap,+08:00,2,4,,,true,Drainage,Matched
90382,202347,2,18.2439396,121.7069729,2026-01-27 16:35:41.951 +0900,0.0,475,358,,2026-01-27 17:14:38.382 +0900,2026-08-07 11:05:54.298 +0900,"1769501678206-upload_6587152515966285572.jpg",,,9,false,,FieldSnap,+08:00,2,4,,,true,Drainage,Matched
97874,201656,2,18.2465503,121.7011893,2026-02-03 15:15:27.978 +0900,0.0,475,358,,2026-02-03 17:49:57.238 +0900,2026-08-07 11:05:54.298 +0900,"1770108597012-upload_2755000927710935951.jpg",,,9,false,,FieldSnap,+08:00,2,4,,,true,Drainage,Matched
97877,202243,2,18.2592137,121.6887263,2026-02-03 16:59:22.518 +0900,0.0,475,358,,2026-02-03 17:49:59.198 +0900,2026-08-07 11:05:54.298 +0900,"1770108598907-upload_4732969807027108391.jpg",,,9,false,,FieldSnap,+08:00,2,4,,,true,Drainage,Matched
97882,202874,2,18.2592137,121.6887263,2026-02-03 16:51:51.401 +0900,0.0,475,358,,2026-02-03 17:50:01.730 +0900,2026-08-07 11:05:54.298 +0900,"1770108601459-upload_4708901480819148995.jpg",,,9,false,,FieldSnap,+08:00,2,4,,,true,Drainage,Matched
97876,202416,2,18.2609237,121.6883699,2026-02-03 15:20:56.516 +0900,0.0,475,358,,2026-02-03 17:49:58.775 +0900,2026-08-07 11:05:54.298 +0900,"1770108598615-upload_8014243131887595515.jpg",,,9,false,,FieldSnap,+08:00,2,4,,,true,Drainage,Matched
97862,202242,2,18.2595426,121.6887263,2026-02-03 16:29:26.885 +0900,0.0,475,358,,2026-02-03 17:49:47.495 +0900,2026-08-07 11:05:54.298 +0900,"1770108587272-upload_7362097245527831722.jpg",,,9,false,,FieldSnap,+08:00,2,4,,,true,Drainage,Matched
97872,201660,2,18.2586474,121.7204365,2026-02-03 15:39:23.196 +0900,0.0,475,358,,2026-02-03 17:49:55.965 +0900,2026-08-07 11:05:54.298 +0900,"1770108595811-upload_2669112623869992011.jpg",,,9,false,,FieldSnap,+08:00,2,4,,,true,Drainage,Matched
97881,201627,2,18.2612526,121.6883699,2026-02-03 16:37:43.498 +0900,0.0,475,358,,2026-02-03 17:50:01.651 +0900,2026-08-07 11:05:54.298 +0900,"1770108601474-upload_70993264020482409.jpg",,,9,false,,FieldSnap,+08:00,2,4,,,true,Drainage,Matched
99039,202311,2,18.2465503,121.7011893,2026-02-04 16:16:01.429 +0900,0.0,475,358,,2026-02-04 17:19:20.882 +0900,2026-08-07 11:05:54.298 +0900,"1770193160715-upload_8475589225189126912.jpg",,,9,false,,FieldSnap,+08:00,2,4,,,true,Drainage,Matched
99035,204426,2,18.2592137,121.6887263,2026-02-04 16:29:13.989 +0900,0.0,475,359,,2026-02-04 17:19:19.712 +0900,2026-08-07 11:05:54.298 +0900,"1770193159536-upload_5206807408391695324.jpg",,,9,false,,FieldSnap,+08:00,2,4,,,true,Drainage,Matched
99269,202882,2,18.2595426,121.6887263,2026-02-04 18:33:48.614 +0900,0.0,475,358,,2026-02-04 18:57:33.850 +0900,2026-08-07 11:05:54.298 +0900,"1770199053698-upload_9154618978584975774.jpg",,,9,false,,FieldSnap,+08:00,2,4,,,true,Drainage,Matched
99264,202881,2,18.2613345,121.707611,2026-02-04 18:29:53.512 +0900,0.0,475,358,,2026-02-04 18:57:31.273 +0900,2026-08-07 11:05:54.298 +0900,"1770199051119-upload_1243508672661697646.jpg",,,9,false,,FieldSnap,+08:00,2,4,,,true,Drainage,Matched
86139,202335,2,18.2584521,121.7232864,2026-01-23 14:40:28.913 +0900,0.0,475,358,,2026-01-23 16:18:50.766 +0900,2026-08-07 11:05:54.298 +0900,"1769152730457-upload_3758158720860528353.jpg",,,9,false,,FieldSnap,+08:00,2,4,,,true,Drainage,Matched
108763,204442,2,18.2611871,121.6887263,2026-02-16 15:43:34.244 +0900,0.0,475,359,,2026-02-16 17:47:33.809 +0900,2026-08-07 11:05:54.298 +0900,"1771231653537-upload_2004474455665151244.jpg",,,9,false,,FieldSnap,+08:00,2,4,,,true,Drainage,Matched
86137,202903,2,18.2420731,121.7050997,2026-01-23 14:12:37.594 +0900,0.0,475,358,,2026-01-23 16:18:50.521 +0900,2026-08-07 11:05:54.298 +0900,"1769152730333-upload_1736180324175471988.jpg",,,9,false,,FieldSnap,+08:00,2,4,,,true,Drainage,Matched
100780,202452,2,18.2595426,121.6887263,2026-02-05 17:12:51.037 +0900,0.0,475,358,,2026-02-05 17:54:56.668 +0900,2026-08-07 11:05:54.298 +0900,"1770281696488-upload_557414591516129069.jpg",,,9,false,,FieldSnap,+08:00,2,4,,,true,Drainage,Matched
101311,202322,2,18.2440266,121.7069807,2026-02-06 12:48:28.807 +0900,0.0,475,358,,2026-02-06 13:08:08.228 +0900,2026-08-07 11:05:54.298 +0900,"1770350887427-upload_7831065517097364197.jpg",,,9,false,,FieldSnap,+08:00,2,4,,,true,Drainage,Matched
101622,201626,2,18.2595426,121.6887263,2026-02-06 17:18:04.072 +0900,0.0,475,358,,2026-02-06 18:06:50.460 +0900,2026-08-07 11:05:54.298 +0900,"1770368809708-upload_3870488774176625642.jpg",,,9,false,,FieldSnap,+08:00,2,4,,,true,Drainage,Matched
101707,202863,2,18.2440264,121.7069732,2026-02-07 09:17:16.560 +0900,0.0,475,358,,2026-02-07 09:18:48.921 +0900,2026-08-07 11:05:54.298 +0900,"1770423528560-upload_3890277157584315393.jpg",,,9,false,,FieldSnap,+08:00,2,4,,,true,Drainage,Matched
101847,201685,2,18.2586474,121.7204365,2026-02-07 10:31:42.101 +0900,0.0,475,358,,2026-02-07 11:37:33.202 +0900,2026-08-07 11:05:54.298 +0900,"1770431853042-upload_3147823171594907438.jpg",,,9,false,,FieldSnap,+08:00,2,4,,,true,Drainage,Matched
101845,201688,2,18.2437929,121.7072564,2026-02-07 10:26:11.746 +0900,0.0,475,358,,2026-02-07 11:37:30.791 +0900,2026-08-07 11:05:54.298 +0900,"1770431850613-upload_258218723520626865.jpg",,,9,false,,FieldSnap,+08:00,2,4,,,true,Drainage,Matched
101837,201686,2,18.2586474,121.7204365,2026-02-07 10:28:54.127 +0900,0.0,475,358,,2026-02-07 11:34:37.660 +0900,2026-08-07 11:05:54.298 +0900,"1770431677492-upload_8537261484827087708.jpg",,,9,false,,FieldSnap,+08:00,2,4,,,true,Drainage,Matched
106097,201666,2,18.261269,121.7079672,2026-02-13 17:05:16.112 +0900,0.0,475,358,,2026-02-13 17:42:25.182 +0900,2026-08-07 11:05:54.298 +0900,"1770972144433-upload_5400422106345510336.jpg",,,9,false,,FieldSnap,+08:00,2,4,,,true,Drainage,Matched
106104,202900,2,18.261269,121.7079672,2026-02-13 17:02:07.269 +0900,0.0,475,358,,2026-02-13 17:42:37.005 +0900,2026-08-07 11:05:54.298 +0900,"1770972156832-upload_6461424823172373250.jpg",,,9,false,,FieldSnap,+08:00,2,4,,,true,Drainage,Matched
106103,201687,2,18.261269,121.7079672,2026-02-13 16:59:58.342 +0900,0.0,475,358,,2026-02-13 17:42:35.210 +0900,2026-08-07 11:05:54.298 +0900,"1770972155055-upload_215071548700064269.jpg",,,9,false,,FieldSnap,+08:00,2,4,,,true,Drainage,Matched
106106,202198,2,18.2556611,121.6883699,2026-02-13 15:53:15.993 +0900,0.0,475,358,,2026-02-13 17:42:46.216 +0900,2026-08-07 11:05:54.298 +0900,"1770972166026-upload_7428576038933791728.jpg",,,9,false,,FieldSnap,+08:00,2,4,,,true,Drainage,Matched
106124,201665,2,18.2610609,121.694784,2026-02-13 15:05:46.734 +0900,0.0,475,358,,2026-02-13 17:43:17.740 +0900,2026-08-07 11:05:54.298 +0900,"1770972197564-upload_5450548763237642144.jpg",,,9,false,,FieldSnap,+08:00,2,4,,,true,Drainage,Matched
106121,202417,2,18.2610609,121.694784,2026-02-13 15:08:01.680 +0900,0.0,475,358,,2026-02-13 17:43:15.531 +0900,2026-08-07 11:05:54.298 +0900,"1770972195350-upload_157111666401303110.jpg",,,9,false,,FieldSnap,+08:00,2,4,,,true,Drainage,Matched
106117,204589,2,18.2556611,121.6883699,2026-02-13 15:14:39.792 +0900,0.0,475,358,,2026-02-13 17:42:59.481 +0900,2026-08-07 11:05:54.298 +0900,"1770972179298-upload_8010004431190750857.jpg",,,9,false,,FieldSnap,+08:00,2,4,,,true,Drainage,Matched
106112,206121,2,18.2738067,121.6755408,2026-02-13 15:32:57.936 +0900,0.0,475,358,,2026-02-13 17:42:57.077 +0900,2026-08-07 11:05:54.298 +0900,"1770972176883-upload_6455421141109508685.jpg",,,9,false,,FieldSnap,+08:00,2,4,,,true,Drainage,Matched
106102,202459,2,18.2610609,121.694784,2026-02-13 16:57:43.752 +0900,0.0,475,358,,2026-02-13 17:42:34.952 +0900,2026-08-07 11:05:54.298 +0900,"1770972154755-upload_7991250173744638337.jpg",,,9,false,,FieldSnap,+08:00,2,4,,,true,Drainage,Matched
106113,202348,2,18.2385881,121.7186552,2026-02-13 16:07:51.716 +0900,0.0,475,358,,2026-02-13 17:42:57.343 +0900,2026-08-07 11:05:54.298 +0900,"1770972177175-upload_3612416900210051770.jpg",,,9,false,,FieldSnap,+08:00,2,4,,,true,Drainage,Matched
106111,202349,2,18.2385881,121.7186552,2026-02-13 16:06:00.689 +0900,0.0,475,358,,2026-02-13 17:42:48.888 +0900,2026-08-07 11:05:54.298 +0900,"1770972168713-upload_2958985037322551272.jpg",,,9,false,,FieldSnap,+08:00,2,4,,,true,Drainage,Matched
106110,202328,2,18.2556611,121.6883699,2026-02-13 15:56:34.581 +0900,0.0,475,358,,2026-02-13 17:42:47.179 +0900,2026-08-07 11:05:54.298 +0900,"1770972167009-upload_120692439488433650.jpg",,,9,false,,FieldSnap,+08:00,2,4,,,true,Drainage,Matched
106116,202330,2,18.2602067,121.6958529,2026-02-13 15:47:01.662 +0900,0.0,475,358,,2026-02-13 17:42:57.803 +0900,2026-08-07 11:05:54.298 +0900,"1770972177464-upload_3371151422548646704.jpg",,,9,false,,FieldSnap,+08:00,2,4,,,true,Drainage,Matched
106107,204397,2,18.2385881,121.7186552,2026-02-13 16:12:21.468 +0900,0.0,475,359,,2026-02-13 17:42:46.392 +0900,2026-08-07 11:05:54.298 +0900,"1770972166216-upload_1084024365063544126.jpg",,,9,false,,FieldSnap,+08:00,2,4,,,true,Drainage,Matched
106115,202233,2,18.2556611,121.6883699,2026-02-13 15:19:51.339 +0900,0.0,475,358,,2026-02-13 17:42:57.772 +0900,2026-08-07 11:05:54.298 +0900,"1770972177461-upload_8807009279139149388.jpg",,,9,false,,FieldSnap,+08:00,2,4,,,true,Drainage,Matched
106114,204419,2,18.261269,121.7079672,2026-02-13 15:37:42.135 +0900,0.0,475,358,,2026-02-13 17:42:57.637 +0900,2026-08-07 11:05:54.298 +0900,"1770972177458-upload_2610426295507922949.jpg",,,9,false,,FieldSnap,+08:00,2,4,,,true,Drainage,Matched
106454,202324,2,18.2444472,121.7058305,2026-02-14 10:46:20.637 +0900,0.0,475,358,,2026-02-14 12:26:34.839 +0900,2026-08-07 11:05:54.298 +0900,"1771039594681-upload_1276231374394730767.jpg",,,9,false,,FieldSnap,+08:00,2,4,,,true,Drainage,Matched
106449,202321,2,18.2556611,121.6883699,2026-02-14 11:19:30.381 +0900,0.0,475,358,,2026-02-14 12:26:30.844 +0900,2026-08-07 11:05:54.298 +0900,"1771039590694-upload_2149610328693803271.jpg",,,9,false,,FieldSnap,+08:00,2,4,,,true,Drainage,Matched
106447,202873,2,18.2558718,121.7033355,2026-02-14 12:17:11.880 +0900,0.0,475,358,,2026-02-14 12:26:25.249 +0900,2026-08-07 11:05:54.298 +0900,"1771039585080-upload_8357208140554274265.jpg",,,9,false,,FieldSnap,+08:00,2,4,,,true,Drainage,Matched
106451,204489,2,18.2617172,121.6930023,2026-02-14 11:05:47.837 +0900,0.0,475,359,,2026-02-14 12:26:31.172 +0900,2026-08-07 11:05:54.298 +0900,"1771039591018-upload_8940267089696042252.jpg",,,9,false,,FieldSnap,+08:00,2,4,,,true,Drainage,Matched
106118,202875,2,18.2556611,121.6883699,2026-02-13 15:24:51.429 +0900,0.0,475,358,,2026-02-13 17:43:15.307 +0900,2026-08-07 11:05:54.298 +0900,"1770972195137-upload_1155116916542713704.jpg",,,9,false,,FieldSnap,+08:00,2,4,,,true,Drainage,Matched
106455,201651,2,18.2427441,121.7040324,2026-02-14 10:41:48.855 +0900,0.0,475,358,,2026-02-14 12:26:36.973 +0900,2026-08-07 11:05:54.298 +0900,"1771039596786-upload_1493295357590777848.jpg",,,9,false,,FieldSnap,+08:00,2,4,,,true,Drainage,Matched
106452,201673,2,18.2465677,121.7017939,2026-02-14 11:10:31.765 +0900,0.0,475,358,,2026-02-14 12:26:31.590 +0900,2026-08-07 11:05:54.298 +0900,"1771039591437-upload_6887694331789625309.jpg",,,9,false,,FieldSnap,+08:00,2,4,,,true,Drainage,Matched
106456,201681,2,18.2617172,121.6930023,2026-02-14 10:58:37.592 +0900,0.0,475,358,,2026-02-14 12:26:37.085 +0900,2026-08-07 11:05:54.298 +0900,"1771039596926-upload_4094929440782513318.jpg",,,9,false,,FieldSnap,+08:00,2,4,,,true,Drainage,Matched
106453,201674,2,18.2465677,121.7017939,2026-02-14 11:12:56.279 +0900,0.0,475,358,,2026-02-14 12:26:31.903 +0900,2026-08-07 11:05:54.298 +0900,"1771039591748-upload_837332890188264819.jpg",,Duplicate,9,false,,FieldSnap,+08:00,2,4,,,true,Drainage,Matched
106445,202876,2,18.2466421,121.7002137,2026-02-14 12:03:08.372 +0900,0.0,475,358,,2026-02-14 12:26:21.279 +0900,2026-08-07 11:05:54.298 +0900,"1771039581126-upload_3943937554676824883.jpg",,,9,false,,FieldSnap,+08:00,2,4,,,true,Drainage,Matched
106443,206119,2,18.246399,121.7015976,2026-02-14 11:36:57.892 +0900,0.0,475,358,,2026-02-14 12:26:20.701 +0900,2026-08-07 11:05:54.298 +0900,"1771039580515-upload_747468778689878981.jpg",,,9,false,,FieldSnap,+08:00,2,4,,,true,Drainage,Matched
106651,204445,2,18.2506638,121.690508,2026-02-14 16:21:31.542 +0900,0.0,475,359,,2026-02-14 17:35:03.405 +0900,2026-08-07 11:05:54.298 +0900,"1771058103198-upload_2072322232845612210.jpg",,,9,false,,FieldSnap,+08:00,2,4,,,true,Drainage,Matched
108269,204398,2,18.2440221,121.7069796,2026-02-16 13:45:23.937 +0900,0.0,475,358,,2026-02-16 13:46:26.733 +0900,2026-08-07 11:05:54.298 +0900,"1771217186316-upload_5222208346268185378.jpg",,,9,false,,FieldSnap,+08:00,2,4,,,true,Drainage,Matched
108765,201652,2,18.2611871,121.6887263,2026-02-16 15:16:20.485 +0900,0.0,475,358,,2026-02-16 17:47:34.618 +0900,2026-08-07 11:05:54.298 +0900,"1771231654406-upload_6016201686646288078.jpg",,,9,false,,FieldSnap,+08:00,2,4,,,true,Drainage,Matched
108760,202329,2,18.2610609,121.694784,2026-02-16 16:20:25.956 +0900,0.0,475,358,,2026-02-16 17:47:26.042 +0900,2026-08-07 11:05:54.298 +0900,"1771231645890-upload_1829960437124625942.jpg",,,9,false,,FieldSnap,+08:00,2,4,,,true,Drainage,Matched
108764,204401,2,18.2611871,121.6887263,2026-02-16 15:18:42.308 +0900,0.0,475,358,,2026-02-16 17:47:34.461 +0900,2026-08-07 11:05:54.298 +0900,"1771231654291-upload_4272791812339842.jpg",,Changed the lot number from 324 to 324-A4,9,false,,FieldSnap,+08:00,2,4,,,true,Drainage,Matched
108770,200740,2,18.2598198,121.7051169,2026-02-16 15:02:29.570 +0900,0.0,475,358,,2026-02-16 17:47:45.011 +0900,2026-08-07 11:05:54.298 +0900,"1771231664840-upload_6084575284497652269.jpg",,,9,false,,FieldSnap,+08:00,2,4,,,true,Drainage,Matched
108771,201658,2,18.2556611,121.6883699,2026-02-16 15:15:11.948 +0900,0.0,475,358,,2026-02-16 17:47:46.094 +0900,2026-08-07 11:05:54.298 +0900,"1771231665932-upload_3276539406074000937.jpg",,,9,false,,FieldSnap,+08:00,2,4,,,true,Drainage,Matched
108762,202460,2,18.2610609,121.694784,2026-02-16 16:14:30.935 +0900,0.0,475,358,,2026-02-16 17:47:33.179 +0900,2026-08-07 11:05:54.298 +0900,"1771231652997-upload_917819249545039964.jpg",,,9,false,,FieldSnap,+08:00,2,4,,,true,Drainage,Matched
89391,204433,2,18.2441242,121.7018943,2026-01-26 15:23:38.139 +0900,0.0,475,358,,2026-01-26 16:49:03.819 +0900,2026-08-07 11:05:54.298 +0900,"1769413743597-upload_1953136981646734103.jpg",,,9,false,,FieldSnap,+08:00,2,4,,,true,Drainage,Matched
112839,201691,2,18.2440238,121.7069778,2026-02-20 17:19:55.898 +0900,0.0,475,358,,2026-02-20 17:21:48.006 +0900,2026-08-07 11:05:54.298 +0900,"1771575707637-upload_8633874933604943108.jpg",,,9,false,,FieldSnap,+08:00,2,4,,,true,Drainage,Matched
113590,201690,2,18.2440338,121.7069791,2026-02-22 13:01:11.534 +0900,0.0,475,358,,2026-02-22 13:03:13.222 +0900,2026-08-07 11:05:54.298 +0900,"1771732993021-upload_5117641760883074538.jpg",,,9,false,,FieldSnap,+08:00,2,4,,,true,Drainage,Matched
106108,200719,2,18.2602067,121.6958529,2026-02-13 15:50:19.423 +0900,0.0,475,359,,2026-02-13 17:42:46.607 +0900,2026-08-07 11:05:54.298 +0900,"1770972166444-upload_8776658997062500897.jpg",,,9,false,,FieldSnap,+08:00,2,4,,,true,Drainage,Matched
114568,204407,2,18.2595426,121.6887263,2026-02-23 16:15:08.210 +0900,0.0,475,358,,2026-02-23 16:30:05.819 +0900,2026-08-07 11:05:54.298 +0900,"1771831805660-upload_3038876162402398221.jpg",,,9,false,,FieldSnap,+08:00,2,4,,,true,Drainage,Matched
114719,201680,2,18.2621801,121.6958529,2026-02-23 17:14:15.764 +0900,0.0,475,358,,2026-02-23 19:07:21.757 +0900,2026-08-07 11:05:54.298 +0900,"1771841241541-upload_345001005384386472.jpg",,,9,false,,FieldSnap,+08:00,2,4,,,true,Drainage,Matched
114725,202320,2,18.2545453,121.6870847,2026-02-23 16:51:03.879 +0900,0.0,475,358,,2026-02-23 19:07:30.850 +0900,2026-08-07 11:05:54.298 +0900,"1771841250687-upload_7863867210335612932.jpg",,,9,false,,FieldSnap,+08:00,2,4,,,true,Drainage,Matched
114723,204396,2,18.2482711,121.6963965,2026-02-23 16:58:20.755 +0900,0.0,475,358,,2026-02-23 19:07:30.646 +0900,2026-08-07 11:05:54.298 +0900,"1771841250491-upload_383158038544668319.jpg",,,9,false,,FieldSnap,+08:00,2,4,,,true,Drainage,Matched
114724,204404,2,18.2609237,121.6883699,2026-02-23 17:04:02.378 +0900,0.0,475,358,,2026-02-23 19:07:30.741 +0900,2026-08-07 11:05:54.298 +0900,"1771841250572-upload_7684331963683690485.jpg",,,9,false,,FieldSnap,+08:00,2,4,,,true,Drainage,Matched
114718,201618,2,18.2609237,121.6883699,2026-02-23 17:06:10.333 +0900,0.0,475,358,,2026-02-23 19:07:17.203 +0900,2026-08-07 11:05:54.298 +0900,"1771841236874-upload_3275699145894237999.jpg",,,9,false,,FieldSnap,+08:00,2,4,,,true,Drainage,Matched
117135,201690,3,18.2443747,121.7058097,2026-02-26 14:49:06.961 +0900,21.0,475,358,,2026-02-26 14:53:27.860 +0900,2026-08-07 11:05:54.298 +0900,"1772085207261-upload_103950512490507304.jpg",,,9,false,,FieldSnap,+08:00,3,4,,,true,Flooding,Matched
87138,202319,3,18.2584521,121.7232864,2026-01-24 10:32:18.695 +0900,18.0,475,358,,2026-01-24 10:40:47.259 +0900,2026-08-07 11:05:54.298 +0900,"1769218846550-upload_4716494105030826853.jpg",,,9,false,,FieldSnap,+08:00,3,4,,,true,Flooding,Matched
88060,200732,3,18.2466303,121.7004604,2026-01-25 08:34:59.893 +0900,21.0,475,358,,2026-01-25 09:15:16.691 +0900,2026-08-07 11:05:54.298 +0900,"1769300116468-upload_8326219596852023266.jpg",,,9,false,,FieldSnap,+08:00,3,4,,,true,Flooding,Matched
88055,202336,3,18.2466303,121.7004604,2026-01-25 08:48:31.602 +0900,23.0,475,358,,2026-01-25 09:15:15.739 +0900,2026-08-07 11:05:54.298 +0900,"1769300115249-upload_4366236140474642331.jpg",,,9,false,,FieldSnap,+08:00,3,4,,,true,Flooding,Matched
88061,202903,3,18.2442962,121.7036918,2026-01-25 08:26:14.215 +0900,20.0,475,358,,2026-01-25 09:15:17.346 +0900,2026-08-07 11:05:54.298 +0900,"1769300117192-upload_2599919631277988625.jpg",,,9,false,,FieldSnap,+08:00,3,4,,,true,Flooding,Matched
89389,201679,3,18.2464103,121.7016152,2026-01-26 15:34:52.019 +0900,21.0,475,358,,2026-01-26 16:49:03.739 +0900,2026-08-07 11:05:54.298 +0900,"1769413743557-upload_204671735800240725.jpg",,,9,false,,FieldSnap,+08:00,3,4,,,true,Flooding,Matched
89392,201676,3,18.2464103,121.7016152,2026-01-26 15:33:28.696 +0900,22.0,475,358,,2026-01-26 16:49:05.379 +0900,2026-08-07 11:05:54.298 +0900,"1769413745200-upload_8551381141586990790.jpg",,,9,false,,FieldSnap,+08:00,3,4,,,true,Flooding,Matched
89388,201668,3,18.2441242,121.7018943,2026-01-26 15:15:58.013 +0900,20.0,475,358,,2026-01-26 16:48:45.765 +0900,2026-08-07 11:05:54.298 +0900,"1769413725592-upload_3985195528285126714.jpg",,,9,false,,FieldSnap,+08:00,3,4,,,true,Flooding,Matched
89396,201592,3,18.2583866,121.7236426,2026-01-26 14:53:33.044 +0900,22.0,475,358,,2026-01-26 16:49:13.252 +0900,2026-08-07 11:05:54.298 +0900,"1769413753096-upload_6365004213660818227.jpg",,,9,false,,FieldSnap,+08:00,3,4,,,true,Flooding,Matched
89387,202872,3,18.2441242,121.7018943,2026-01-26 15:13:21.296 +0900,19.0,475,358,,2026-01-26 16:48:26.617 +0900,2026-08-07 11:05:54.298 +0900,"1769413706244-upload_4885829047553112198.jpg",,,9,false,,FieldSnap,+08:00,3,4,,,true,Flooding,Matched
89395,201593,3,18.2583866,121.7236426,2026-01-26 14:55:52.447 +0900,20.0,475,358,,2026-01-26 16:49:13.148 +0900,2026-08-07 11:05:54.298 +0900,"1769413752780-upload_2899271486201167182.jpg",,,9,false,,FieldSnap,+08:00,3,4,,,true,Flooding,Matched
90176,202229,3,18.2440242,121.7069625,2026-01-27 14:07:20.885 +0900,20.0,475,358,,2026-01-27 14:09:59.611 +0900,2026-08-07 11:05:54.298 +0900,"1769490599062-upload_2011445202823373775.jpg",,,9,false,,FieldSnap,+08:00,3,4,,,true,Flooding,Matched
90175,202228,3,18.2440242,121.7069625,2026-01-27 14:08:38.272 +0900,21.0,475,358,,2026-01-27 14:09:59.259 +0900,2026-08-07 11:05:54.298 +0900,"1769490598665-upload_522058384282283420.jpg",,,9,false,,FieldSnap,+08:00,3,4,,,true,Flooding,Matched
91700,204433,3,18.2546106,121.690508,2026-01-28 18:09:40.229 +0900,17.0,475,358,,2026-01-28 18:20:06.168 +0900,2026-08-07 11:05:54.298 +0900,"1769592005520-upload_1194575035157832948.jpg",,,9,false,,FieldSnap,+08:00,3,4,,,true,Flooding,Matched
92270,201655,3,18.2441341,121.7018953,2026-01-29 14:22:12.524 +0900,17.0,475,358,,2026-01-29 15:31:46.161 +0900,2026-08-07 11:05:54.298 +0900,"1769668305400-upload_5855640945697917159.jpg",,,9,false,,FieldSnap,+08:00,3,4,,,true,Flooding,Matched
92272,202347,3,18.2441341,121.7018953,2026-01-29 14:25:04.700 +0900,23.0,475,358,,2026-01-29 15:32:14.852 +0900,2026-08-07 11:05:54.298 +0900,"1769668334674-upload_3359947142277681034.jpg",,,9,false,,FieldSnap,+08:00,3,4,,,true,Flooding,Matched
109752,204489,3,18.2424147,121.704706,2026-02-17 12:05:31.888 +0900,18.0,475,358,,2026-02-17 13:29:37.524 +0900,2026-08-07 11:05:54.298 +0900,"1771302577341-upload_8844384801859541042.jpg",,,9,false,,FieldSnap,+08:00,3,4,,,true,Flooding,Matched
99033,201656,3,18.2466454,121.7004413,2026-02-04 15:59:59.386 +0900,21.0,475,358,,2026-02-04 17:19:19.106 +0900,2026-08-07 11:05:54.298 +0900,"1770193158947-upload_4630609611869902369.jpg",,,9,false,,FieldSnap,+08:00,3,4,,,true,Flooding,Matched
99032,202416,3,18.2466454,121.7004413,2026-02-04 16:02:29.033 +0900,20.0,475,358,,2026-02-04 17:19:18.406 +0900,2026-08-07 11:05:54.298 +0900,"1770193157742-upload_1243212217147256895.jpg",,,9,false,,FieldSnap,+08:00,3,4,,,true,Flooding,Matched
99036,201660,3,18.2613345,121.707611,2026-02-04 16:25:08.783 +0900,17.0,475,358,,2026-02-04 17:19:19.781 +0900,2026-08-07 11:05:54.298 +0900,"1770193159588-upload_7212542433982109752.jpg",,,9,false,,FieldSnap,+08:00,3,4,,,true,Flooding,Matched
99263,202242,3,18.2613345,121.707611,2026-02-04 18:02:04.088 +0900,17.0,475,358,,2026-02-04 18:57:30.488 +0900,2026-08-07 11:05:54.298 +0900,"1770199050323-upload_4420973038312516171.jpg",,,9,false,,FieldSnap,+08:00,3,4,,,true,Flooding,Matched
99261,201627,3,18.2586474,121.7204365,2026-02-04 17:57:38.394 +0900,20.0,475,358,,2026-02-04 18:57:27.482 +0900,2026-08-07 11:05:54.298 +0900,"1770199047143-upload_4937881900059252892.jpg",,,9,false,,FieldSnap,+08:00,3,4,,,true,Flooding,Matched
99267,202243,3,18.2613345,121.707611,2026-02-04 18:08:13.756 +0900,20.0,475,358,,2026-02-04 18:57:33.754 +0900,2026-08-07 11:05:54.298 +0900,"1770199053566-upload_3924017948390858390.jpg",,,9,false,,FieldSnap,+08:00,3,4,,,true,Flooding,Matched
88058,202335,3,18.2466303,121.7004604,2026-01-25 08:45:35.639 +0900,20.0,475,358,,2026-01-25 09:15:16.466 +0900,2026-08-07 11:05:54.298 +0900,"1769300116311-upload_70314861761662176.jpg",,,9,false,,FieldSnap,+08:00,3,4,,,true,Flooding,Matched
99265,202874,3,18.2556611,121.6883699,2026-02-04 18:13:48.749 +0900,18.0,475,358,,2026-02-04 18:57:32.279 +0900,2026-08-07 11:05:54.298 +0900,"1770199051685-upload_8761749640970373003.jpg",,,9,false,,FieldSnap,+08:00,3,4,,,true,Flooding,Matched
89393,201677,3,18.2583866,121.7236426,2026-01-26 14:49:50.495 +0900,18.0,475,358,,2026-01-26 16:49:09.640 +0900,2026-08-07 11:05:54.298 +0900,"1769413749467-upload_7633111649564937383.jpg",,,9,false,,FieldSnap,+08:00,3,4,,,true,Flooding,Matched
100784,202311,3,18.2595426,121.6887263,2026-02-05 15:48:59.266 +0900,18.0,475,358,,2026-02-05 17:55:00.252 +0900,2026-08-07 11:05:54.298 +0900,"1770281700080-upload_6871568515314377150.jpg",,,9,false,,FieldSnap,+08:00,3,4,,,true,Flooding,Matched
100778,204426,3,18.2595426,121.6887263,2026-02-05 15:53:07.949 +0900,18.0,475,359,,2026-02-05 17:54:54.206 +0900,2026-08-07 11:05:54.298 +0900,"1770281693585-upload_1389524193620809498.jpg",,,9,false,,FieldSnap,+08:00,3,4,,,true,Flooding,Matched
101143,202882,3,18.2629643,121.6897953,2026-02-06 10:04:51.083 +0900,15.0,475,358,,2026-02-06 10:37:55.644 +0900,2026-08-07 11:05:54.298 +0900,"1770341875456-upload_2726770509259033485.jpg",,,9,false,,FieldSnap,+08:00,3,4,,,true,Flooding,Matched
101144,202881,3,18.2556611,121.6883699,2026-02-06 10:06:16.188 +0900,20.0,475,358,,2026-02-06 10:37:55.748 +0900,2026-08-07 11:05:54.298 +0900,"1770341875445-upload_3259093435441106500.jpg",,,9,false,,FieldSnap,+08:00,3,4,,,true,Flooding,Matched
101142,202452,3,18.2611871,121.6887263,2026-02-06 10:19:14.565 +0900,21.0,475,358,,2026-02-06 10:37:53.105 +0900,2026-08-07 11:05:54.298 +0900,"1770341872927-upload_7051614213205466687.jpg",,,9,false,,FieldSnap,+08:00,3,4,,,true,Flooding,Matched
101708,202322,3,18.2440653,121.70695,2026-02-07 09:10:42.973 +0900,18.0,475,358,,2026-02-07 09:18:49.719 +0900,2026-08-07 11:05:54.298 +0900,"1770423529559-upload_6747446343035336115.jpg",,,9,false,,FieldSnap,+08:00,3,4,,,true,Flooding,Matched
101848,201626,3,18.2437897,121.7072567,2026-02-07 09:41:13.258 +0900,21.0,475,358,,2026-02-07 11:37:33.655 +0900,2026-08-07 11:05:54.298 +0900,"1770431853366-upload_824567951172248991.jpg",,,9,false,,FieldSnap,+08:00,3,4,,,true,Flooding,Matched
102898,202863,3,18.2440279,121.7069845,2026-02-09 09:01:39.540 +0900,21.0,475,358,,2026-02-09 09:03:55.225 +0900,2026-08-07 11:05:54.298 +0900,"1770595434445-upload_4679203278609243443.jpg",,,9,false,,FieldSnap,+08:00,3,4,,,true,Flooding,Matched
102901,201688,3,18.2586474,121.7204365,2026-02-09 09:17:50.530 +0900,18.0,475,358,,2026-02-09 09:27:25.973 +0900,2026-08-07 11:05:54.298 +0900,"1770596845547-upload_3653489163310066702.jpg",,,9,false,,FieldSnap,+08:00,3,4,,,true,Flooding,Matched
102902,201686,3,18.2586474,121.7204365,2026-02-09 09:19:56.896 +0900,22.0,475,358,,2026-02-09 09:27:26.129 +0900,2026-08-07 11:05:54.298 +0900,"1770596845784-upload_1824627268397211986.jpg",,,9,false,,FieldSnap,+08:00,3,4,,,true,Flooding,Matched
102903,201685,3,18.2586474,121.7204365,2026-02-09 09:21:48.112 +0900,21.0,475,358,,2026-02-09 09:27:26.476 +0900,2026-08-07 11:05:54.298 +0900,"1770596845790-upload_1377247387796415512.jpg",,,9,false,,FieldSnap,+08:00,3,4,,,true,Flooding,Matched
106397,206121,3,18.2629643,121.6897953,2026-02-14 09:40:10.252 +0900,19.0,475,358,,2026-02-14 10:31:55.232 +0900,2026-08-07 11:05:54.298 +0900,"1771032714650-upload_5082255812223531991.jpg",,,9,false,,FieldSnap,+08:00,3,4,,,true,Flooding,Matched
106396,201665,3,18.261269,121.7079672,2026-02-14 10:07:40.752 +0900,19.0,475,358,,2026-02-14 10:31:53.832 +0900,2026-08-07 11:05:54.298 +0900,"1771032713675-upload_8361992138473007067.jpg",,,9,false,,FieldSnap,+08:00,3,4,,,true,Flooding,Matched
106395,202875,3,18.261269,121.7079672,2026-02-14 10:12:03.585 +0900,20.0,475,358,,2026-02-14 10:31:53.243 +0900,2026-08-07 11:05:54.298 +0900,"1771032713030-upload_2911833406357510794.jpg",,,9,false,,FieldSnap,+08:00,3,4,,,true,Flooding,Matched
106399,204419,3,18.2615192,121.6922897,2026-02-14 09:53:46.150 +0900,19.0,475,358,,2026-02-14 10:31:57.629 +0900,2026-08-07 11:05:54.298 +0900,"1771032717481-upload_6948885903539833777.jpg",,,9,false,,FieldSnap,+08:00,3,4,,,true,Flooding,Matched
106394,202233,3,18.2615192,121.6922897,2026-02-14 09:59:33.165 +0900,20.0,475,358,,2026-02-14 10:31:51.787 +0900,2026-08-07 11:05:54.298 +0900,"1771032711609-upload_2123057389521855016.jpg",,,9,false,,FieldSnap,+08:00,3,4,,,true,Flooding,Matched
106398,202417,3,18.261269,121.7079672,2026-02-14 10:05:23.833 +0900,19.0,475,358,,2026-02-14 10:31:56.081 +0900,2026-08-07 11:05:54.298 +0900,"1771032715918-upload_5150928153499332787.jpg",,,9,false,,FieldSnap,+08:00,3,4,,,true,Flooding,Matched
106648,200719,3,18.261269,121.7079672,2026-02-14 16:29:25.320 +0900,18.0,475,359,,2026-02-14 17:35:01.859 +0900,2026-08-07 11:05:54.298 +0900,"1771058101695-upload_8150891704563839953.jpg",,,9,false,,FieldSnap,+08:00,3,4,,,true,Flooding,Matched
106646,202348,3,18.2611871,121.6887263,2026-02-14 16:47:26.789 +0900,19.0,475,358,,2026-02-14 17:35:01.477 +0900,2026-08-07 11:05:54.298 +0900,"1771058101294-upload_7808727780659372729.jpg",,,9,false,,FieldSnap,+08:00,3,4,,,true,Flooding,Matched
106647,202330,3,18.2506638,121.690508,2026-02-14 16:15:29.954 +0900,19.0,475,358,,2026-02-14 17:35:01.684 +0900,2026-08-07 11:05:54.298 +0900,"1771058101532-upload_4614327687424288111.jpg",,,9,false,,FieldSnap,+08:00,3,4,,,true,Flooding,Matched
106650,202198,3,18.2610609,121.694784,2026-02-14 16:36:14.410 +0900,17.0,475,358,,2026-02-14 17:35:03.378 +0900,2026-08-07 11:05:54.298 +0900,"1771058103211-upload_9157124008715109968.jpg",,,9,false,,FieldSnap,+08:00,3,4,,,true,Flooding,Matched
106652,202328,3,18.2610609,121.694784,2026-02-14 16:34:58.932 +0900,18.0,475,358,,2026-02-14 17:35:03.616 +0900,2026-08-07 11:05:54.298 +0900,"1771058103447-upload_2792160748451816057.jpg",,,9,false,,FieldSnap,+08:00,3,4,,,true,Flooding,Matched
106645,202349,3,18.2611871,121.6887263,2026-02-14 16:50:20.604 +0900,21.0,475,358,,2026-02-14 17:35:01.344 +0900,2026-08-07 11:05:54.298 +0900,"1771058101198-upload_2659837971790801796.jpg",,,9,false,,FieldSnap,+08:00,3,4,,,true,Flooding,Matched
106641,204397,3,18.2583841,121.7200802,2026-02-14 17:21:27.906 +0900,21.0,475,359,,2026-02-14 17:34:59.149 +0900,2026-08-07 11:05:54.298 +0900,"1771058098995-upload_7330895899111141151.jpg",,,9,false,,FieldSnap,+08:00,3,4,,,true,Flooding,Matched
107785,202876,3,18.2546106,121.690508,2026-02-16 08:54:03.273 +0900,22.0,475,358,,2026-02-16 09:57:03.019 +0900,2026-08-07 11:05:54.298 +0900,"1771203422803-upload_6343631172646916421.jpg",,,9,false,,FieldSnap,+08:00,3,4,,,true,Flooding,Matched
107790,202873,3,18.2546106,121.690508,2026-02-16 09:00:28.552 +0900,16.0,475,358,,2026-02-16 09:57:15.987 +0900,2026-08-07 11:05:54.298 +0900,"1771203435799-upload_8039912349487945234.jpg",,,9,false,,FieldSnap,+08:00,3,4,,,true,Flooding,Matched
107789,202321,3,18.2424589,121.7083235,2026-02-16 09:22:21.389 +0900,18.0,475,358,,2026-02-16 09:57:11.726 +0900,2026-08-07 11:05:54.298 +0900,"1771203431553-upload_8707143198612846995.jpg",,,9,false,,FieldSnap,+08:00,3,4,,,true,Flooding,Matched
107791,201674,3,18.2464957,121.7016977,2026-02-16 09:30:19.894 +0900,19.0,475,358,,2026-02-16 09:57:16.737 +0900,2026-08-07 11:05:54.298 +0900,"1771203436525-upload_6517030300054112855.jpg",,,9,false,,FieldSnap,+08:00,3,4,,,true,Flooding,Matched
107787,201651,3,18.2463646,121.7014804,2026-02-16 09:41:10.807 +0900,18.0,475,358,,2026-02-16 09:57:10.589 +0900,2026-08-07 11:05:54.298 +0900,"1771203430430-upload_5107028502139984588.jpg",,,9,false,,FieldSnap,+08:00,3,4,,,true,Flooding,Matched
107788,202324,3,18.2444447,121.7058301,2026-02-16 09:47:01.279 +0900,20.0,475,358,,2026-02-16 09:57:11.215 +0900,2026-08-07 11:05:54.298 +0900,"1771203431054-upload_9090817169488153656.jpg",,,9,false,,FieldSnap,+08:00,3,4,,,true,Flooding,Matched
107786,206119,3,18.2464957,121.7016977,2026-02-16 09:29:22.256 +0900,18.0,475,358,,2026-02-16 09:57:08.154 +0900,2026-08-07 11:05:54.298 +0900,"1771203427762-upload_3709217821695520623.jpg",,,9,false,,FieldSnap,+08:00,3,4,,,true,Flooding,Matched
108768,202459,3,18.2414804,121.7172302,2026-02-16 14:43:06.804 +0900,18.0,475,358,,2026-02-16 17:47:40.977 +0900,2026-08-07 11:05:54.298 +0900,"1771231660792-upload_407505760921558077.jpg",,,9,false,,FieldSnap,+08:00,3,4,,,true,Flooding,Matched
108773,201687,3,18.2414804,121.7172302,2026-02-16 14:45:53.509 +0900,18.0,475,358,,2026-02-16 17:47:48.248 +0900,2026-08-07 11:05:54.298 +0900,"1771231668080-upload_3201901886116780695.jpg",,,9,false,,FieldSnap,+08:00,3,4,,,true,Flooding,Matched
108772,202900,3,18.2414804,121.7172302,2026-02-16 14:48:44.170 +0900,22.0,475,358,,2026-02-16 17:47:47.096 +0900,2026-08-07 11:05:54.298 +0900,"1771231666744-upload_8237725616477500024.jpg",,,9,false,,FieldSnap,+08:00,3,4,,,true,Flooding,Matched
108775,204445,3,18.2614506,121.6890826,2026-02-16 14:35:42.648 +0900,18.0,475,358,,2026-02-16 17:47:50.183 +0900,2026-08-07 11:05:54.298 +0900,"1771231669998-upload_1430382013553654644.jpg",,,9,false,,FieldSnap,+08:00,3,4,,,true,Flooding,Matched
108774,201666,3,18.2610609,121.694784,2026-02-16 14:53:18.531 +0900,22.0,475,358,,2026-02-16 17:47:49.951 +0900,2026-08-07 11:05:54.298 +0900,"1771231669781-upload_1153812923555473209.jpg",,,9,false,,FieldSnap,+08:00,3,4,,,true,Flooding,Matched
109487,204398,3,18.2440266,121.7069796,2026-02-17 09:45:12.275 +0900,18.0,475,358,,2026-02-17 09:46:57.331 +0900,2026-08-07 11:05:54.298 +0900,"1771289216448-upload_1729374982201719877.jpg",,,9,false,,FieldSnap,+08:00,3,4,,,true,Flooding,Matched
109753,201681,3,18.2424147,121.704706,2026-02-17 12:07:25.550 +0900,23.0,475,358,,2026-02-17 13:29:37.524 +0900,2026-08-07 11:05:54.298 +0900,"1771302577353-upload_5555205871936777175.jpg",,,9,false,,FieldSnap,+08:00,3,4,,,true,Flooding,Matched
109751,201673,3,18.2424147,121.704706,2026-02-17 12:09:14.160 +0900,15.0,475,358,,2026-02-17 13:29:36.952 +0900,2026-08-07 11:05:54.298 +0900,"1771302576746-upload_7835618807594418961.jpg",,,9,false,,FieldSnap,+08:00,3,4,,,true,Flooding,Matched
109749,200740,3,18.2465031,121.7012477,2026-02-17 12:29:56.083 +0900,20.0,475,358,,2026-02-17 13:29:35.829 +0900,2026-08-07 11:05:54.298 +0900,"1771302575657-upload_6596851734101363567.jpg",,,9,false,,FieldSnap,+08:00,3,4,,,true,Flooding,Matched
109745,201658,3,18.2465031,121.7012477,2026-02-17 12:35:31.665 +0900,20.0,475,358,,2026-02-17 13:29:32.540 +0900,2026-08-07 11:05:54.298 +0900,"1771302572361-upload_7107346676061108141.jpg",,,9,false,,FieldSnap,+08:00,3,4,,,true,Flooding,Matched
109750,201652,3,18.2465031,121.7012477,2026-02-17 12:37:19.542 +0900,11.0,475,358,,2026-02-17 13:29:36.450 +0900,2026-08-07 11:05:54.298 +0900,"1771302576282-upload_1126334866492712258.jpg",,,9,false,,FieldSnap,+08:00,36,4,,,true,Saturated,Matched
109743,202460,3,18.2611871,121.6887263,2026-02-17 12:47:54.682 +0900,15.0,475,358,,2026-02-17 13:29:31.321 +0900,2026-08-07 11:05:54.298 +0900,"1771302570966-upload_7479665001846511159.jpg",,,9,false,,FieldSnap,+08:00,3,4,,,true,Flooding,Matched
109744,202329,3,18.2465031,121.7012477,2026-02-17 12:43:39.737 +0900,17.0,475,358,,2026-02-17 13:29:32.137 +0900,2026-08-07 11:05:54.298 +0900,"1771302571945-upload_8965728171878991011.jpg",,,9,false,,FieldSnap,+08:00,3,4,,,true,Flooding,Matched
109747,204442,3,18.2611264,121.6944277,2026-02-17 13:09:10.823 +0900,19.0,475,358,,2026-02-17 13:29:32.924 +0900,2026-08-07 11:05:54.298 +0900,"1771302572681-upload_8141328895370922697.jpg",,,9,false,,FieldSnap,+08:00,3,4,,,true,Flooding,Matched
109746,204401,3,18.2465031,121.7012477,2026-02-17 12:39:43.477 +0900,14.0,475,358,,2026-02-17 13:29:32.708 +0900,2026-08-07 11:05:54.298 +0900,"1771302572543-upload_8623883417380612090.jpg",,Changed the lot number from 324 to 324-A4,9,false,,FieldSnap,+08:00,36,4,,,true,Saturated,Matched
106393,204589,3,18.2615192,121.6922897,2026-02-14 10:01:37.222 +0900,21.0,475,358,,2026-02-14 10:31:47.287 +0900,2026-08-07 11:05:54.298 +0900,"1771032707130-upload_7534229160591402974.jpg",,,9,false,,FieldSnap,+08:00,3,4,,,true,Flooding,Matched
113126,201691,3,18.2440727,121.7069498,2026-02-21 09:11:21.758 +0900,19.0,475,358,,2026-02-21 09:13:04.484 +0900,2026-08-07 11:05:54.298 +0900,"1771632784318-upload_2043453429668611164.jpg",,,9,false,,FieldSnap,+08:00,3,4,,,true,Flooding,Matched
115301,201618,3,18.2513181,121.6869446,2026-02-24 11:30:10.270 +0900,19.0,475,358,,2026-02-24 11:44:01.431 +0900,2026-08-07 11:05:54.298 +0900,"1771901041202-upload_1985170126405792586.jpg",,,9,false,,FieldSnap,+08:00,3,4,,,true,Flooding,Matched
115304,201680,3,18.2552013,121.6890826,2026-02-24 11:23:45.166 +0900,19.0,475,358,,2026-02-24 11:44:04.300 +0900,2026-08-07 11:05:54.298 +0900,"1771901044108-upload_7067083855966466223.jpg",,,9,false,,FieldSnap,+08:00,3,4,,,true,Flooding,Matched
115303,204404,3,18.2513181,121.6869446,2026-02-24 11:31:36.696 +0900,20.0,475,358,,2026-02-24 11:44:03.513 +0900,2026-08-07 11:05:54.298 +0900,"1771901043264-upload_2590590252263355841.jpg",,,9,false,,FieldSnap,+08:00,3,4,,,true,Flooding,Matched
115305,202320,3,18.2513181,121.6869446,2026-02-24 11:37:10.768 +0900,18.0,475,358,,2026-02-24 11:44:04.804 +0900,2026-08-07 11:05:54.298 +0900,"1771901044611-upload_8816086099322879135.jpg",,,9,false,,FieldSnap,+08:00,3,4,,,true,Flooding,Matched
115302,204396,3,18.2552013,121.6890826,2026-02-24 11:27:30.074 +0900,8.0,475,358,,2026-02-24 11:44:02.857 +0900,2026-08-07 11:05:54.298 +0900,"1771901042627-upload_1332632611443207336.jpg",,,9,false,,FieldSnap,+08:00,37,4,,,true,Dry,Matched
115625,204407,3,18.2611871,121.6887263,2026-02-24 14:40:13.913 +0900,21.0,475,358,,2026-02-24 15:51:41.487 +0900,2026-08-07 11:05:54.298 +0900,"1771915901317-upload_4541233557910479878.jpg",,,9,false,,FieldSnap,+08:00,3,4,,,true,Flooding,Matched
92275,204488,3,18.2439021,121.7071211,2026-01-29 14:46:47.530 +0900,20.0,475,358,,2026-01-29 15:32:16.179 +0900,2026-08-07 11:05:54.298 +0900,"1769668335999-upload_6361147504154104875.jpg",,,9,false,,FieldSnap,+08:00,3,4,,,true,Flooding,Matched
117136,201691,4,18.2443747,121.7058097,2026-02-26 14:52:11.148 +0900,0.0,475,358,,2026-02-26 14:53:27.891 +0900,2026-08-07 11:05:54.298 +0900,"1772085207696-upload_2704853796645333729.jpg",,,9,false,,FieldSnap,+08:00,2,4,,,true,Drainage,Matched
90381,202319,4,18.2439396,121.7069729,2026-01-27 16:49:25.445 +0900,0.0,475,358,,2026-01-27 17:14:36.147 +0900,2026-08-07 11:05:54.298 +0900,"1769501675552-upload_8733467951323097004.jpg","905-J/1224",,9,false,,FieldSnap,+08:00,2,4,,,true,Drainage,Matched
91698,201668,4,18.2546106,121.690508,2026-01-28 18:05:03.233 +0900,0.0,475,358,,2026-01-28 18:20:05.189 +0900,2026-08-07 11:05:54.298 +0900,"1769592004517-upload_481802396939527038.jpg",,,9,false,,FieldSnap,+08:00,2,4,,,true,Drainage,Matched
91699,202872,4,18.2546106,121.690508,2026-01-28 18:03:27.474 +0900,0.0,475,358,,2026-01-28 18:20:05.309 +0900,2026-08-07 11:05:54.298 +0900,"1769592004951-upload_1003896843454254418.jpg",,,9,false,,FieldSnap,+08:00,2,4,,,true,Drainage,Matched
92266,201676,4,18.2439021,121.7071211,2026-01-29 14:56:55.338 +0900,0.0,475,358,,2026-01-29 15:30:12.845 +0900,2026-08-07 11:05:54.298 +0900,"1769668212636-upload_3830473892807964985.jpg",,,9,false,,FieldSnap,+08:00,2,4,,,true,Drainage,Matched
92273,201593,4,18.2439021,121.7071211,2026-01-29 15:13:18.396 +0900,0.0,475,358,,2026-01-29 15:32:15.787 +0900,2026-08-07 11:05:54.298 +0900,"1769668335587-upload_4839736091769282795.jpg",,,9,false,,FieldSnap,+08:00,2,4,,,true,Drainage,Matched
92276,201679,4,18.2439021,121.7071211,2026-01-29 14:59:35.104 +0900,0.0,475,358,,2026-01-29 15:32:16.365 +0900,2026-08-07 11:05:54.298 +0900,"1769668336207-upload_2033818315279505084.jpg",,,9,false,,FieldSnap,+08:00,2,4,,,true,Drainage,Matched
93307,202228,4,18.2440591,121.706953,2026-01-30 17:19:17.082 +0900,0.0,475,358,,2026-01-30 17:25:29.163 +0900,2026-08-07 11:05:54.298 +0900,"1769761528967-upload_8803038528191801188.jpg",,,9,false,,FieldSnap,+08:00,2,4,,,true,Drainage,Matched
93308,202229,4,18.2440591,121.706953,2026-01-30 17:23:07.717 +0900,0.0,475,358,,2026-01-30 17:25:29.961 +0900,2026-08-07 11:05:54.298 +0900,"1769761529469-upload_2886512399099948975.jpg",,,9,false,,FieldSnap,+08:00,2,4,,,true,Drainage,Matched
94941,201592,4,18.2424521,121.7059343,2026-02-01 14:27:11.099 +0900,0.0,475,358,,2026-02-01 14:50:37.884 +0900,2026-08-07 11:05:54.298 +0900,"1769925037707-upload_5646201944647589166.jpg",,,9,false,,FieldSnap,+08:00,2,4,,,true,Drainage,Matched
94940,201677,4,18.2424521,121.7059343,2026-02-01 14:24:20.888 +0900,0.0,475,358,,2026-02-01 14:50:37.066 +0900,2026-08-07 11:05:54.298 +0900,"1769925036877-upload_924455696297888902.jpg",,,9,false,,FieldSnap,+08:00,2,4,,,true,Drainage,Matched
118022,204404,4,18.2598715,121.6887263,2026-02-27 11:34:00.848 +0900,0.0,475,359,,2026-02-27 12:07:29.847 +0900,2026-08-07 11:05:54.298 +0900,"1772161649569-upload_1209405412087815039.jpg",,,9,false,,FieldSnap,+08:00,2,4,,,true,Drainage,Matched
118024,204396,4,18.2423782,121.7058008,2026-02-27 11:27:50.270 +0900,0.0,475,359,,2026-02-27 12:07:30.754 +0900,2026-08-07 11:05:54.298 +0900,"1772161650102-upload_4403979096156932054.jpg",,,9,false,,FieldSnap,+08:00,2,4,,,true,Drainage,Matched
118020,202320,4,18.2625818,121.7044043,2026-02-27 11:44:09.862 +0900,0.0,475,27,,2026-02-27 12:07:29.445 +0900,2026-08-07 11:05:54.298 +0900,"1772161649163-upload_483720726205862973.jpg",,,9,false,,FieldSnap,+08:00,2,4,,,true,Drainage,Matched
97866,202336,4,18.2595426,121.6887263,2026-02-03 16:20:11.671 +0900,0.0,475,358,,2026-02-03 17:49:52.089 +0900,2026-08-07 11:05:54.298 +0900,"1770108591935-upload_3816536032487982439.jpg",,,9,false,,FieldSnap,+08:00,2,4,,,true,Drainage,Matched
97871,200732,4,18.2586474,121.7204365,2026-02-03 15:32:53.366 +0900,0.0,475,358,,2026-02-03 17:49:55.405 +0900,2026-08-07 11:05:54.298 +0900,"1770108595252-upload_695584840582390731.jpg",,,9,false,,FieldSnap,+08:00,2,4,,,true,Drainage,Matched
99037,204433,4,18.2424382,121.7046874,2026-02-04 15:54:04.246 +0900,0.0,475,358,,2026-02-04 17:19:20.261 +0900,2026-08-07 11:05:54.298 +0900,"1770193160091-upload_1342849731261444643.jpg",,,9,false,,FieldSnap,+08:00,2,4,,,true,Drainage,Matched
99268,202335,4,18.2586474,121.7204365,2026-02-04 17:45:20.867 +0900,0.0,475,358,,2026-02-04 18:57:33.784 +0900,2026-08-07 11:05:54.298 +0900,"1770199053426-upload_6466455201384520.jpg","302-B",,9,false,,FieldSnap,+08:00,2,4,,,true,Drainage,Matched
118021,204407,4,18.2443524,121.7058616,2026-02-27 11:53:03.491 +0900,0.0,475,359,,2026-02-27 12:07:29.735 +0900,2026-08-07 11:05:54.298 +0900,"1772161649174-upload_2622793639947791203.jpg",,,9,false,,FieldSnap,+08:00,2,4,,,true,Drainage,Matched
114581,200719,4,18.2444155,121.7058478,2026-02-23 14:33:40.017 +0900,0.0,475,359,,2026-02-23 16:30:50.816 +0900,2026-08-07 11:05:54.298 +0900,"1771831850657-upload_5105935659677209918.jpg",,,9,false,,FieldSnap,+08:00,2,4,,,true,Drainage,Matched
99034,202903,4,18.2465503,121.7011893,2026-02-04 16:09:16.655 +0900,0.0,475,358,,2026-02-04 17:19:19.441 +0900,2026-08-07 11:05:54.298 +0900,"1770193158920-upload_6780269258104255315.jpg",,,9,false,,FieldSnap,+08:00,2,4,,,true,Drainage,Matched
101627,201655,4,18.2613345,121.707611,2026-02-06 16:47:17.115 +0900,0.0,475,358,,2026-02-06 18:06:53.550 +0900,2026-08-07 11:05:54.298 +0900,"1770368813375-upload_4666266590029459707.jpg",,,9,false,,FieldSnap,+08:00,2,4,,,true,Drainage,Matched
101624,202347,4,18.2613345,121.707611,2026-02-06 16:50:06.089 +0900,0.0,475,358,,2026-02-06 18:06:52.073 +0900,2026-08-07 11:05:54.298 +0900,"1770368811172-upload_7481436430339985578.jpg",,,9,false,,FieldSnap,+08:00,2,4,,,true,Drainage,Matched
121263,201690,4,18.2440553,121.7069736,2026-03-02 15:44:19.764 +0900,0.0,475,359,,2026-03-02 15:47:18.528 +0900,2026-08-07 11:05:54.298 +0900,"1772434038094-upload_1588861511098878791.jpg",,,9,false,,FieldSnap,+08:00,2,4,,,true,Drainage,Matched
105948,202863,4,18.2444471,121.7058414,2026-02-13 14:47:50.146 +0900,0.0,475,358,,2026-02-13 14:50:29.042 +0900,2026-08-07 11:05:54.298 +0900,"1770961828742-upload_9030124284751907613.jpg",,,9,false,,FieldSnap,+08:00,2,4,,,true,Drainage,Matched
105949,202322,4,18.2444471,121.7058414,2026-02-13 14:45:59.258 +0900,0.0,475,358,,2026-02-13 14:50:30.373 +0900,2026-08-07 11:05:54.298 +0900,"1770961830200-upload_5533379762643764191.jpg",,,9,false,,FieldSnap,+08:00,2,4,,,true,Drainage,Matched
106098,202242,4,18.261269,121.7079672,2026-02-13 16:39:02.618 +0900,0.0,475,358,,2026-02-13 17:42:27.265 +0900,2026-08-07 11:05:54.298 +0900,"1770972147100-upload_7180188980257520368.jpg",,,9,false,,FieldSnap,+08:00,2,4,,,true,Drainage,Matched
106099,202243,4,18.2611871,121.6887263,2026-02-13 16:28:08.650 +0900,0.0,475,358,,2026-02-13 17:42:29.196 +0900,2026-08-07 11:05:54.298 +0900,"1770972149003-upload_1483939163585351830.jpg",,,9,false,,FieldSnap,+08:00,2,4,,,true,Drainage,Matched
106105,202882,4,18.2611871,121.6887263,2026-02-13 16:25:52.296 +0900,0.0,475,358,,2026-02-13 17:42:40.030 +0900,2026-08-07 11:05:54.298 +0900,"1770972159866-upload_7842680409040884592.jpg",,,9,false,,FieldSnap,+08:00,2,4,,,true,Drainage,Matched
106109,202881,4,18.2583841,121.7200802,2026-02-13 16:21:16.569 +0900,0.0,475,358,,2026-02-13 17:42:46.703 +0900,2026-08-07 11:05:54.298 +0900,"1770972166544-upload_193420819535106982.jpg",,,9,false,,FieldSnap,+08:00,2,4,,,true,Drainage,Matched
106120,201626,4,18.2738067,121.6755408,2026-02-13 15:29:30.229 +0900,0.0,475,358,,2026-02-13 17:43:15.474 +0900,2026-08-07 11:05:54.298 +0900,"1770972195320-upload_7639216844868645693.jpg",,,9,false,,FieldSnap,+08:00,2,4,,,true,Drainage,Matched
106123,201685,4,18.2414804,121.7172302,2026-02-13 14:59:47.563 +0900,0.0,475,358,,2026-02-13 17:43:17.166 +0900,2026-08-07 11:05:54.298 +0900,"1770972197000-upload_2750166284888487977.jpg",,,9,false,,FieldSnap,+08:00,2,4,,,true,Drainage,Matched
106119,201686,4,18.2414804,121.7172302,2026-02-13 14:57:44.240 +0900,0.0,475,358,,2026-02-13 17:43:15.394 +0900,2026-08-07 11:05:54.298 +0900,"1770972194886-upload_2429854572535026719.jpg",,,9,false,,FieldSnap,+08:00,2,4,,,true,Drainage,Matched
106100,201627,4,18.2614506,121.6890826,2026-02-13 16:46:20.736 +0900,0.0,475,358,,2026-02-13 17:42:32.715 +0900,2026-08-07 11:05:54.298 +0900,"1770972152263-upload_3164713039395085258.jpg",,,9,false,,FieldSnap,+08:00,2,4,,,true,Drainage,Matched
106101,202874,4,18.261269,121.7079672,2026-02-13 16:34:28.476 +0900,0.0,475,358,,2026-02-13 17:42:33.560 +0900,2026-08-07 11:05:54.298 +0900,"1770972153375-upload_2693645432483888076.jpg",,,9,false,,FieldSnap,+08:00,2,4,,,true,Drainage,Matched
106122,201688,4,18.2414804,121.7172302,2026-02-13 14:55:47.898 +0900,0.0,475,358,,2026-02-13 17:43:15.946 +0900,2026-08-07 11:05:54.298 +0900,"1770972195716-upload_8908495263158897218.jpg",,,9,false,,FieldSnap,+08:00,2,4,,,true,Drainage,Matched
106442,201656,4,18.2464287,121.7015326,2026-02-14 11:51:12.428 +0900,0.0,475,358,,2026-02-14 12:26:19.018 +0900,2026-08-07 11:05:54.298 +0900,"1771039578855-upload_1840007481047861974.jpg",,,9,false,,FieldSnap,+08:00,2,4,,,true,Drainage,Matched
106444,201660,4,18.2592137,121.6887263,2026-02-14 12:06:35.033 +0900,0.0,475,358,,2026-02-14 12:26:21.009 +0900,2026-08-07 11:05:54.298 +0900,"1771039580844-upload_1007201798577727897.jpg",,,9,false,,FieldSnap,+08:00,2,4,,,true,Drainage,Matched
106441,204426,4,18.2556611,121.6883699,2026-02-14 12:10:44.758 +0900,0.0,475,359,,2026-02-14 12:26:12.825 +0900,2026-08-07 11:05:54.298 +0900,"1771039572659-upload_2157868411123729135.jpg",,,9,false,,FieldSnap,+08:00,2,4,,,true,Drainage,Matched
106446,202416,4,18.2466421,121.7002137,2026-02-14 11:55:05.827 +0900,0.0,475,358,,2026-02-14 12:26:21.976 +0900,2026-08-07 11:05:54.298 +0900,"1771039581822-upload_5062858992820842108.jpg",,,9,false,,FieldSnap,+08:00,2,4,,,true,Drainage,Matched
106450,202311,4,18.2466421,121.7002137,2026-02-14 11:59:20.650 +0900,0.0,475,358,,2026-02-14 12:26:30.911 +0900,2026-08-07 11:05:54.298 +0900,"1771039590573-upload_4258446122023290331.jpg",,,9,false,,FieldSnap,+08:00,2,4,,,true,Drainage,Matched
113151,206119,4,18.2424589,121.7083235,2026-02-21 09:39:17.795 +0900,0.0,475,358,,2026-02-21 10:16:53.157 +0900,2026-08-07 11:05:54.298 +0900,"1771636612936-upload_7248805162295966045.jpg",,,9,false,,FieldSnap,+08:00,2,4,,,true,Drainage,Matched
119389,201680,4,18.2440532,121.7069749,2026-02-28 16:52:52.817 +0900,0.0,475,359,,2026-02-28 16:53:21.203 +0900,2026-08-07 11:05:54.298 +0900,"1772265200971-upload_6454047975540546543.jpg",,,9,false,,FieldSnap,+08:00,2,4,,,true,Drainage,Matched
108769,202452,4,18.2556611,121.6883699,2026-02-16 15:12:57.771 +0900,0.0,475,358,,2026-02-16 17:47:42.213 +0900,2026-08-07 11:05:54.298 +0900,"1771231662035-upload_8495823872090455819.jpg",,,9,false,,FieldSnap,+08:00,2,4,,,true,Drainage,Matched
109906,202875,4,18.2611871,121.6887263,2026-02-17 15:05:48.412 +0900,0.0,475,358,,2026-02-17 16:28:25.698 +0900,2026-08-07 11:05:54.298 +0900,"1771313305463-upload_445335770627316112.jpg",,,9,false,,FieldSnap,+08:00,2,4,,,true,Drainage,Matched
109902,202417,4,18.261269,121.7079672,2026-02-17 15:17:59.021 +0900,0.0,475,358,,2026-02-17 16:28:23.829 +0900,2026-08-07 11:05:54.298 +0900,"1771313303644-upload_5837587004153680632.jpg",,,9,false,,FieldSnap,+08:00,2,4,,,true,Drainage,Matched
109901,201665,4,18.2611871,121.6887263,2026-02-17 15:25:13.935 +0900,0.0,475,358,,2026-02-17 16:28:23.535 +0900,2026-08-07 11:05:54.298 +0900,"1771313303271-upload_8879274914820504073.jpg",,,9,false,,FieldSnap,+08:00,2,4,,,true,Drainage,Matched
109903,202233,4,18.2729523,121.6766099,2026-02-17 15:32:18.677 +0900,0.0,475,358,,2026-02-17 16:28:24.289 +0900,2026-08-07 11:05:54.298 +0900,"1771313304131-upload_2229143260654404050.jpg",,,9,false,,FieldSnap,+08:00,2,4,,,true,Drainage,Matched
109905,206121,4,18.2483406,121.7067595,2026-02-17 14:43:13.431 +0900,0.0,475,358,,2026-02-17 16:28:25.667 +0900,2026-08-07 11:05:54.298 +0900,"1771313305484-upload_1657783024109679703.jpg",,,9,false,,FieldSnap,+08:00,2,4,,,true,Drainage,Matched
109904,204419,4,18.2611264,121.6944277,2026-02-17 14:58:13.679 +0900,0.0,475,358,,2026-02-17 16:28:25.088 +0900,2026-08-07 11:05:54.298 +0900,"1771313304691-upload_6175271602140413831.jpg",,,9,false,,FieldSnap,+08:00,2,4,,,true,Drainage,Matched
109900,204589,4,18.2729523,121.6766099,2026-02-17 15:35:52.147 +0900,0.0,475,358,,2026-02-17 16:28:22.105 +0900,2026-08-07 11:05:54.298 +0900,"1771313301938-upload_1480702028084918689.jpg",,,9,false,,FieldSnap,+08:00,2,4,,,true,Drainage,Matched
112465,204398,4,18.2440264,121.7069732,2026-02-20 11:41:34.134 +0900,0.0,475,358,,2026-02-20 11:41:55.499 +0900,2026-08-07 11:05:54.298 +0900,"1771555315338-upload_4416858507299300876.jpg",,,9,false,,FieldSnap,+08:00,2,4,,,true,Drainage,Matched
113156,201681,4,18.2430284,121.7060476,2026-02-21 09:23:34.822 +0900,0.0,475,358,,2026-02-21 10:16:55.704 +0900,2026-08-07 11:05:54.298 +0900,"1771636615529-upload_8233494164006874148.jpg",,,9,false,,FieldSnap,+08:00,2,4,,,true,Drainage,Matched
113148,202873,4,18.2611264,121.6944277,2026-02-21 09:57:50.192 +0900,0.0,475,358,,2026-02-21 10:16:49.693 +0900,2026-08-07 11:05:54.298 +0900,"1771636609509-upload_4850366005244829090.jpg",,,9,false,,FieldSnap,+08:00,2,4,,,true,Drainage,Matched
113149,201651,4,18.2611264,121.6944277,2026-02-21 10:04:51.799 +0900,0.0,475,358,,2026-02-21 10:16:50.681 +0900,2026-08-07 11:05:54.298 +0900,"1771636610510-upload_2855634884934855867.jpg",,,9,false,,FieldSnap,+08:00,2,4,,,true,Drainage,Matched
113153,202321,4,18.2424589,121.7083235,2026-02-21 09:42:42.451 +0900,0.0,475,358,,2026-02-21 10:16:53.954 +0900,2026-08-07 11:05:54.298 +0900,"1771636613755-upload_6603831525453113961.jpg",,,9,false,,FieldSnap,+08:00,2,4,,,true,Drainage,Matched
113152,201673,4,18.2430284,121.7060476,2026-02-21 09:28:22.059 +0900,0.0,475,358,,2026-02-21 10:16:53.465 +0900,2026-08-07 11:05:54.298 +0900,"1771636613255-upload_8400679279915843410.jpg",,,9,false,,FieldSnap,+08:00,2,4,,,true,Drainage,Matched
113154,202876,4,18.2611264,121.6944277,2026-02-21 09:52:47.939 +0900,0.0,475,358,,2026-02-21 10:16:54.660 +0900,2026-08-07 11:05:54.298 +0900,"1771636614486-upload_1971803261284321321.jpg",,,9,false,,FieldSnap,+08:00,2,4,,,true,Drainage,Matched
113157,204489,4,18.2430284,121.7060476,2026-02-21 09:21:48.774 +0900,0.0,475,358,,2026-02-21 10:16:55.734 +0900,2026-08-07 11:05:54.298 +0900,"1771636615522-upload_949242619501189575.jpg",,,9,false,,FieldSnap,+08:00,2,4,,,true,Drainage,Matched
113709,202324,4,18.2440273,121.7069802,2026-02-22 15:26:00.949 +0900,0.0,475,358,,2026-02-22 16:48:17.421 +0900,2026-08-07 11:05:54.298 +0900,"1771746497273-upload_7331986254617168697.jpg",,,9,false,,FieldSnap,+08:00,2,4,,,true,Drainage,Matched
113706,201674,4,18.2611264,121.6944277,2026-02-22 15:52:50.380 +0900,0.0,475,358,,2026-02-22 16:48:16.224 +0900,2026-08-07 11:05:54.298 +0900,"1771746495904-upload_2375478452775531142.jpg",,,9,false,,FieldSnap,+08:00,2,4,,,true,Drainage,Matched
101626,204488,4,18.2592137,121.6887263,2026-02-06 16:56:34.543 +0900,0.0,475,358,,2026-02-06 18:06:53.543 +0900,2026-08-07 11:05:54.298 +0900,"1770368813366-upload_8594835831859589292.jpg",,,9,false,,FieldSnap,+08:00,2,4,,,true,Drainage,Matched
114583,204445,4,18.2480617,121.7026517,2026-02-23 14:38:56.885 +0900,0.0,475,358,,2026-02-23 16:30:51.563 +0900,2026-08-07 11:05:54.298 +0900,"1771831851333-upload_7545680837727105031.jpg",,,9,false,,FieldSnap,+08:00,2,4,,,true,Drainage,Matched
114584,202330,4,18.2480617,121.7026517,2026-02-23 14:48:15.463 +0900,0.0,475,358,,2026-02-23 16:30:51.743 +0900,2026-08-07 11:05:54.298 +0900,"1771831851579-upload_7023261710253199054.jpg",,,9,false,,FieldSnap,+08:00,2,4,,,true,Drainage,Matched
114578,202328,4,18.2480617,121.7026517,2026-02-23 14:59:02.262 +0900,0.0,475,358,,2026-02-23 16:30:49.800 +0900,2026-08-07 11:05:54.298 +0900,"1771831849620-upload_1537723637741034627.jpg",,,9,false,,FieldSnap,+08:00,2,4,,,true,Drainage,Matched
114582,202198,4,18.2480617,121.7026517,2026-02-23 14:56:07.654 +0900,0.0,475,358,,2026-02-23 16:30:51.069 +0900,2026-08-07 11:05:54.298 +0900,"1771831850906-upload_4452274026181101524.jpg",,,9,false,,FieldSnap,+08:00,2,4,,,true,Drainage,Matched
114579,202349,4,18.2611871,121.6887263,2026-02-23 15:06:58.073 +0900,0.0,475,358,,2026-02-23 16:30:50.090 +0900,2026-08-07 11:05:54.298 +0900,"1771831849918-upload_8932797839087293212.jpg",,,9,false,,FieldSnap,+08:00,2,4,,,true,Drainage,Matched
114576,202348,4,18.2611871,121.6887263,2026-02-23 15:09:25.827 +0900,0.0,475,358,,2026-02-23 16:30:48.998 +0900,2026-08-07 11:05:54.298 +0900,"1771831848678-upload_250353179807233836.jpg",,,9,false,,FieldSnap,+08:00,2,4,,,true,Drainage,Matched
114577,204397,4,18.2611871,121.6887263,2026-02-23 15:19:05.114 +0900,0.0,475,358,,2026-02-23 16:30:49.139 +0900,2026-08-07 11:05:54.298 +0900,"1771831848850-upload_8055573790433645212.jpg",,,9,false,,FieldSnap,+08:00,2,4,,,true,Drainage,Matched
114572,201687,4,18.2611871,121.6887263,2026-02-23 15:25:50.664 +0900,0.0,475,358,,2026-02-23 16:30:47.317 +0900,2026-08-07 11:05:54.298 +0900,"1771831847128-upload_2856372495780644214.jpg",,,9,false,,FieldSnap,+08:00,2,4,,,true,Drainage,Matched
114580,202459,4,18.2611871,121.6887263,2026-02-23 15:27:07.502 +0900,0.0,475,358,,2026-02-23 16:30:50.172 +0900,2026-08-07 11:05:54.298 +0900,"1771831849979-upload_7010052395608287762.jpg",,,9,false,,FieldSnap,+08:00,2,4,,,true,Drainage,Matched
114574,202900,4,18.2513181,121.6869446,2026-02-23 15:33:00.029 +0900,0.0,475,358,,2026-02-23 16:30:48.052 +0900,2026-08-07 11:05:54.298 +0900,"1771831847881-upload_3947154797952532657.jpg",,,9,false,,FieldSnap,+08:00,2,4,,,true,Drainage,Matched
114573,204442,4,18.2513181,121.6869446,2026-02-23 15:38:47.566 +0900,0.0,475,358,,2026-02-23 16:30:47.945 +0900,2026-08-07 11:05:54.298 +0900,"1771831847784-upload_148525917509593573.jpg",,,9,false,,FieldSnap,+08:00,2,4,,,true,Drainage,Matched
114567,201666,4,18.2414804,121.7172302,2026-02-23 15:44:10.981 +0900,0.0,475,358,,2026-02-23 16:30:04.865 +0900,2026-08-07 11:05:54.298 +0900,"1771831804665-upload_5934790760968732787.jpg",,,9,false,,FieldSnap,+08:00,2,4,,,true,Drainage,Matched
114570,200740,4,18.2611871,121.6887263,2026-02-23 15:54:48.912 +0900,0.0,475,358,,2026-02-23 16:30:06.403 +0900,2026-08-07 11:05:54.298 +0900,"1771831806207-upload_4520810116594441365.jpg",,,9,false,,FieldSnap,+08:00,2,4,,,true,Drainage,Matched
114571,201658,4,18.2611871,121.6887263,2026-02-23 15:56:15.594 +0900,0.0,475,358,,2026-02-23 16:30:08.282 +0900,2026-08-07 11:05:54.298 +0900,"1771831808097-upload_5209008220853543024.jpg",,,9,false,,FieldSnap,+08:00,2,4,,,true,Drainage,Matched
114565,201652,4,18.2611871,121.6887263,2026-02-23 15:57:16.207 +0900,0.0,475,358,,2026-02-23 16:30:03.085 +0900,2026-08-07 11:05:54.298 +0900,"1771831802787-upload_1281197288105364592.jpg",,,9,false,,FieldSnap,+08:00,2,4,,,true,Drainage,Matched
114575,202460,4,18.2556611,121.6883699,2026-02-23 16:11:49.385 +0900,0.0,475,358,,2026-02-23 16:30:48.124 +0900,2026-08-07 11:05:54.298 +0900,"1771831847959-upload_6863366092708724433.jpg",,,9,false,,FieldSnap,+08:00,2,4,,,true,Drainage,Matched
114566,202329,4,18.2556611,121.6883699,2026-02-23 16:09:17.808 +0900,0.0,475,358,,2026-02-23 16:30:04.611 +0900,2026-08-07 11:05:54.298 +0900,"1771831804352-upload_4150649955419334274.jpg",,,9,false,,FieldSnap,+08:00,2,4,,,true,Drainage,Matched
114569,204401,4,18.2556611,121.6883699,2026-02-23 16:04:04.866 +0900,0.0,475,358,,2026-02-23 16:30:06.150 +0900,2026-08-07 11:05:54.298 +0900,"1771831805977-upload_7315977972389011653.jpg",,Changed the lot number from 324 to 324-A4,9,false,,FieldSnap,+08:00,2,4,,,true,Drainage,Matched
118023,201618,4,18.2625818,121.7044043,2026-02-27 11:38:50.433 +0900,0.0,475,359,,2026-02-27 12:07:29.849 +0900,2026-08-07 11:05:54.298 +0900,"1772161649457-upload_8320529794871292369.jpg",,,9,false,,FieldSnap,+08:00,2,4,,,true,Drainage,Matched
92265,202319,5,18.2439021,121.7071211,2026-01-29 14:52:49.875 +0900,17.0,475,358,,2026-01-29 15:30:12.160 +0900,2026-08-07 11:05:54.298 +0900,"1769668211978-upload_4193213503314475821.jpg",,,9,false,,FieldSnap,+08:00,3,4,,,true,Flooding,Matched
92268,201668,5,18.2434247,121.7063674,2026-01-29 14:09:19.011 +0900,21.0,475,358,,2026-01-29 15:31:45.534 +0900,2026-08-07 11:05:54.298 +0900,"1769668305158-upload_4911910231149432947.jpg",,,9,false,,FieldSnap,+08:00,3,4,,,true,Flooding,Matched
92269,202872,5,18.2434247,121.7063674,2026-01-29 14:07:03.927 +0900,16.0,475,358,,2026-01-29 15:31:45.590 +0900,2026-08-07 11:05:54.298 +0900,"1769668305418-upload_4389801019958246810.jpg",,,9,false,,FieldSnap,+08:00,3,4,,,true,Flooding,Matched
94098,201679,5,18.2440107,121.7069446,2026-01-31 16:43:57.073 +0900,21.0,475,358,,2026-01-31 16:53:30.911 +0900,2026-08-07 11:05:54.298 +0900,"1769846010716-upload_9189823611143043190.jpg",,,9,false,,FieldSnap,+08:00,3,4,,,true,Flooding,Matched
94097,201676,5,18.2440107,121.7069446,2026-01-31 16:42:03.310 +0900,17.0,475,358,,2026-01-31 16:53:30.752 +0900,2026-08-07 11:05:54.298 +0900,"1769846010043-upload_6299485665248413118.jpg",,,9,false,,FieldSnap,+08:00,3,4,,,true,Flooding,Matched
94943,202228,5,18.2440204,121.7069739,2026-02-01 14:40:34.163 +0900,17.0,475,358,,2026-02-01 14:50:39.934 +0900,2026-08-07 11:05:54.298 +0900,"1769925039434-upload_3768304114108615056.jpg",,,9,false,,FieldSnap,+08:00,3,4,,,true,Flooding,Matched
94942,202229,5,18.2444545,121.7058521,2026-02-01 14:42:53.955 +0900,18.0,475,358,,2026-02-01 14:50:39.894 +0900,2026-08-07 11:05:54.298 +0900,"1769925039726-upload_4848774441076880678.jpg",,,9,false,,FieldSnap,+08:00,3,4,,,true,Flooding,Matched
94939,201593,5,18.2612526,121.6883699,2026-02-01 14:31:48.285 +0900,18.0,475,358,,2026-02-01 14:50:36.629 +0900,2026-08-07 11:05:54.298 +0900,"1769925036426-upload_7371889708600395174.jpg",,,9,false,,FieldSnap,+08:00,3,4,,,true,Flooding,Matched
122355,201690,5,18.2440539,121.7069709,2026-03-03 16:46:36.270 +0900,21.0,475,358,,2026-03-03 16:48:57.772 +0900,2026-08-07 11:05:54.298 +0900,"1772524137520-upload_2677044366105088785.jpg",,,9,false,,FieldSnap,+08:00,3,4,,,true,Flooding,Matched
118019,201691,5,18.2444247,121.705834,2026-02-27 11:56:19.966 +0900,22.0,475,358,,2026-02-27 12:07:29.165 +0900,2026-08-07 11:05:54.298 +0900,"1772161648842-upload_30135486621062819.jpg",,,9,false,,FieldSnap,+08:00,3,4,,,true,Flooding,Matched
97864,201592,5,18.2613345,121.707611,2026-02-03 14:52:37.234 +0900,22.0,475,358,,2026-02-03 17:49:47.861 +0900,2026-08-07 11:05:54.298 +0900,"1770108587302-upload_6855682368395098226.jpg",,,9,false,,FieldSnap,+08:00,3,4,,,true,Flooding,Matched
97875,201677,5,18.2613345,121.707611,2026-02-03 14:54:41.436 +0900,17.0,475,358,,2026-02-03 17:49:58.210 +0900,2026-08-07 11:05:54.298 +0900,"1770108598039-upload_6859417873351502963.jpg",,,9,false,,FieldSnap,+08:00,3,4,,,true,Flooding,Matched
99038,200732,5,18.2592137,121.6887263,2026-02-04 16:32:29.382 +0900,18.0,475,358,,2026-02-04 17:19:20.279 +0900,2026-08-07 11:05:54.298 +0900,"1770193159572-upload_5173000782760762305.jpg",,,9,false,,FieldSnap,+08:00,3,4,,,true,Flooding,Matched
99262,202336,5,18.2586474,121.7204365,2026-02-04 17:49:12.070 +0900,20.0,475,358,,2026-02-04 18:57:28.508 +0900,2026-08-07 11:05:54.298 +0900,"1770199048356-upload_955378499771122038.jpg",,,9,false,,FieldSnap,+08:00,3,4,,,true,Flooding,Matched
100781,202903,5,18.2465787,121.7003091,2026-02-05 15:42:10.548 +0900,20.0,475,358,,2026-02-05 17:54:56.709 +0900,2026-08-07 11:05:54.298 +0900,"1770281696550-upload_7215483974848293997.jpg",,,9,false,,FieldSnap,+08:00,3,4,,,true,Flooding,Matched
100779,204433,5,18.2419985,121.7048981,2026-02-05 15:35:41.697 +0900,19.0,475,358,,2026-02-05 17:54:55.205 +0900,2026-08-07 11:05:54.298 +0900,"1770281695011-upload_7294535177309035076.jpg",,,9,false,,FieldSnap,+08:00,3,4,,,true,Flooding,Matched
101145,202902,5,18.2414149,121.7175865,2026-02-06 09:50:03.465 +0900,17.0,475,358,,2026-02-06 10:37:56.070 +0900,2026-08-07 11:05:54.298 +0900,"1770341875924-upload_8299476506270560866.jpg",,,9,false,,FieldSnap,+08:00,3,4,,,true,Flooding,Matched
101838,201655,5,18.2414149,121.7175865,2026-02-07 09:53:27.283 +0900,17.0,475,358,,2026-02-07 11:34:38.336 +0900,2026-08-07 11:05:54.298 +0900,"1770431678166-upload_4440939570077252534.jpg",,,9,false,,FieldSnap,+08:00,3,4,,,true,Flooding,Matched
101835,202347,5,18.2414149,121.7175865,2026-02-07 09:50:40.993 +0900,22.0,475,358,,2026-02-07 11:34:37.378 +0900,2026-08-07 11:05:54.298 +0900,"1770431677203-upload_4778800588886567006.jpg",,,9,false,,FieldSnap,+08:00,3,4,,,true,Flooding,Matched
121264,201680,5,18.2440519,121.7069749,2026-03-02 15:41:21.760 +0900,20.0,475,358,,2026-03-02 15:47:18.931 +0900,2026-08-07 11:05:54.298 +0900,"1772434038057-upload_2037744624773198803.jpg",,,9,false,,FieldSnap,+08:00,3,4,,,true,Flooding,Matched
106306,202322,5,18.2442657,121.7059388,2026-02-14 09:26:13.948 +0900,18.0,475,358,,2026-02-14 09:27:56.713 +0900,2026-08-07 11:05:54.298 +0900,"1771028876539-upload_7916764069927861900.jpg",,,9,false,,FieldSnap,+08:00,3,4,,,true,Flooding,Matched
106390,201686,5,18.261269,121.7079672,2026-02-14 10:22:17.225 +0900,22.0,475,358,,2026-02-14 10:31:41.064 +0900,2026-08-07 11:05:54.298 +0900,"1771032700893-upload_7220062783969842559.jpg",,,9,false,,FieldSnap,+08:00,3,4,,,true,Flooding,Matched
106400,201626,5,18.2556611,121.6883699,2026-02-14 09:44:25.513 +0900,17.0,475,358,,2026-02-14 10:31:58.853 +0900,2026-08-07 11:05:54.298 +0900,"1771032718694-upload_480702118683553858.jpg",,,9,false,,FieldSnap,+08:00,3,4,,,true,Flooding,Matched
106392,201688,5,18.2598183,121.7033355,2026-02-14 10:20:27.698 +0900,19.0,475,358,,2026-02-14 10:31:46.944 +0900,2026-08-07 11:05:54.298 +0900,"1771032706776-upload_2116626019149586237.jpg",,,9,false,,FieldSnap,+08:00,3,4,,,true,Flooding,Matched
106391,201685,5,18.261269,121.7079672,2026-02-14 10:24:05.394 +0900,22.0,475,358,,2026-02-14 10:31:46.336 +0900,2026-08-07 11:05:54.298 +0900,"1771032705836-upload_8356322985223087516.jpg",,,9,false,,FieldSnap,+08:00,3,4,,,true,Flooding,Matched
106307,202863,5,18.2442657,121.7059388,2026-02-14 09:24:53.892 +0900,18.0,475,358,,2026-02-14 09:27:57.466 +0900,2026-08-07 11:05:54.298 +0900,"1771028876938-upload_8775467067824617779.jpg",,,9,false,,FieldSnap,+08:00,3,4,,,true,Flooding,Matched
106640,201627,5,18.2546106,121.690508,2026-02-14 17:10:24.090 +0900,17.0,475,358,,2026-02-14 17:34:59.059 +0900,2026-08-07 11:05:54.298 +0900,"1771058098892-upload_3118813607460509691.jpg",,,9,false,,FieldSnap,+08:00,3,4,,,true,Flooding,Matched
106639,202243,5,18.2628451,121.7047606,2026-02-14 17:01:04.102 +0900,19.0,475,358,,2026-02-14 17:34:58.836 +0900,2026-08-07 11:05:54.298 +0900,"1771058098599-upload_2433790455353612799.jpg",,,9,false,,FieldSnap,+08:00,3,4,,,true,Flooding,Matched
106643,202242,5,18.2615192,121.6922897,2026-02-14 17:11:39.122 +0900,18.0,475,358,,2026-02-14 17:35:00.206 +0900,2026-08-07 11:05:54.298 +0900,"1771058099886-upload_8093486095013230067.jpg",,,9,false,,FieldSnap,+08:00,3,4,,,true,Flooding,Matched
106638,202882,5,18.2628451,121.7047606,2026-02-14 16:57:19.628 +0900,20.0,475,358,,2026-02-14 17:34:58.393 +0900,2026-08-07 11:05:54.298 +0900,"1771058098118-upload_5487377929018384977.jpg",,,9,false,,FieldSnap,+08:00,3,4,,,true,Flooding,Matched
106644,202881,5,18.2628451,121.7047606,2026-02-14 16:58:44.528 +0900,19.0,475,358,,2026-02-14 17:35:00.801 +0900,2026-08-07 11:05:54.298 +0900,"1771058100645-upload_7573706247088767705.jpg",,,9,false,,FieldSnap,+08:00,3,4,,,true,Flooding,Matched
106642,202874,5,18.2546106,121.690508,2026-02-14 17:05:14.392 +0900,20.0,475,358,,2026-02-14 17:34:59.458 +0900,2026-08-07 11:05:54.298 +0900,"1771058099253-upload_6597044086407720616.jpg",,,9,false,,FieldSnap,+08:00,3,4,,,true,Flooding,Matched
107796,202416,5,18.2464047,121.7016205,2026-02-16 08:26:55.164 +0900,20.0,475,358,,2026-02-16 09:57:22.641 +0900,2026-08-07 11:05:54.298 +0900,"1771203442460-upload_6391982339388103464.jpg",,,9,false,,FieldSnap,+08:00,3,4,,,true,Flooding,Matched
107795,201656,5,18.2464047,121.7016205,2026-02-16 08:28:08.147 +0900,21.0,475,358,,2026-02-16 09:57:21.681 +0900,2026-08-07 11:05:54.298 +0900,"1771203441504-upload_1423353968229576616.jpg",,,9,false,,FieldSnap,+08:00,3,4,,,true,Flooding,Matched
107794,202311,5,18.2595426,121.6887263,2026-02-16 08:34:38.567 +0900,21.0,475,358,,2026-02-16 09:57:20.758 +0900,2026-08-07 11:05:54.298 +0900,"1771203440462-upload_380982904678778569.jpg",,,9,false,,FieldSnap,+08:00,3,4,,,true,Flooding,Matched
107792,201660,5,18.2595426,121.6887263,2026-02-16 08:40:12.303 +0900,19.0,475,358,,2026-02-16 09:57:17.923 +0900,2026-08-07 11:05:54.298 +0900,"1771203437618-upload_527628326865461764.jpg",,,9,false,,FieldSnap,+08:00,3,4,,,true,Flooding,Matched
107793,204426,5,18.261269,121.7079672,2026-02-16 08:50:25.607 +0900,18.0,475,359,,2026-02-16 09:57:20.285 +0900,2026-08-07 11:05:54.298 +0900,"1771203439978-upload_4520870992033641143.jpg","311-BD2",,9,false,,FieldSnap,+08:00,3,4,,,true,Flooding,Matched
119388,201618,5,18.242067,121.7054723,2026-02-28 16:44:09.086 +0900,17.0,475,358,,2026-02-28 16:53:21.094 +0900,2026-08-07 11:05:54.298 +0900,"1772265200587-upload_6302961458281932840.jpg",,,9,false,,FieldSnap,+08:00,3,4,,,true,Flooding,Matched
119355,204407,5,18.2444377,121.7058298,2026-02-28 16:17:54.049 +0900,21.0,475,358,,2026-02-28 16:20:37.370 +0900,2026-08-07 11:05:54.298 +0900,"1772263236890-upload_4096550440749539321.jpg",,,9,false,,FieldSnap,+08:00,3,4,,,true,Flooding,Matched
109748,202452,5,18.2465031,121.7012477,2026-02-17 12:33:49.850 +0900,24.0,475,358,,2026-02-17 13:29:33.847 +0900,2026-08-07 11:05:54.298 +0900,"1771302573654-upload_1113647213851931762.jpg",,,9,false,,FieldSnap,+08:00,3,4,,,true,Flooding,Matched
119390,204396,5,18.242067,121.7054723,2026-02-28 16:37:14.756 +0900,17.0,475,358,,2026-02-28 16:53:21.269 +0900,2026-08-07 11:05:54.298 +0900,"1772265200892-upload_6049485186635778633.jpg",,,9,false,,FieldSnap,+08:00,3,4,,,true,Flooding,Matched
119387,204404,5,18.242067,121.7054723,2026-02-28 16:42:35.153 +0900,25.0,475,358,,2026-02-28 16:53:20.922 +0900,2026-08-07 11:05:54.298 +0900,"1772265200748-upload_4667756097677564137.jpg",,,9,false,,FieldSnap,+08:00,3,4,,,true,Flooding,Matched
119386,202320,5,18.242067,121.7054723,2026-02-28 16:36:02.235 +0900,23.0,475,358,,2026-02-28 16:53:20.915 +0900,2026-08-07 11:05:54.298 +0900,"1772265200746-upload_7288241262733299472.jpg",,,9,false,,FieldSnap,+08:00,3,4,,,true,Flooding,Matched
112459,204419,5,18.2487425,121.7090486,2026-02-20 11:06:07.552 +0900,16.0,475,358,,2026-02-20 11:39:29.125 +0900,2026-08-07 11:05:54.298 +0900,"1771555168962-upload_8141924531793571539.jpg",,,9,false,,FieldSnap,+08:00,3,4,,,true,Flooding,Matched
112456,202417,5,18.261269,121.7079672,2026-02-20 11:14:56.561 +0900,19.0,475,358,,2026-02-20 11:39:28.515 +0900,2026-08-07 11:05:54.298 +0900,"1771555168309-upload_420657014848011753.jpg",,,9,false,,FieldSnap,+08:00,3,4,,,true,Flooding,Matched
112455,202233,5,18.261269,121.7079672,2026-02-20 11:18:24.587 +0900,24.0,475,358,,2026-02-20 11:39:27.828 +0900,2026-08-07 11:05:54.298 +0900,"1771555167262-upload_1804745420323831907.jpg",,,9,false,,FieldSnap,+08:00,3,4,,,true,Flooding,Matched
112460,206121,5,18.2487425,121.7090486,2026-02-20 10:58:07.143 +0900,25.0,475,358,,2026-02-20 11:39:29.378 +0900,2026-08-07 11:05:54.298 +0900,"1771555169223-upload_6811198864044463601.jpg",,,9,false,,FieldSnap,+08:00,3,4,,,true,Flooding,Matched
112458,202875,5,18.2614506,121.6890826,2026-02-20 11:10:19.860 +0900,18.0,475,358,,2026-02-20 11:39:28.742 +0900,2026-08-07 11:05:54.298 +0900,"1771555168574-upload_7711782090880012796.jpg",,,9,false,,FieldSnap,+08:00,3,4,,,true,Flooding,Matched
112457,201665,5,18.261269,121.7079672,2026-02-20 11:12:56.130 +0900,17.0,475,358,,2026-02-20 11:39:28.573 +0900,2026-08-07 11:05:54.298 +0900,"1771555168405-upload_5374888290609430784.jpg",,,9,false,,FieldSnap,+08:00,3,4,,,true,Flooding,Matched
112454,204589,5,18.261269,121.7079672,2026-02-20 11:20:09.384 +0900,24.0,475,359,,2026-02-20 11:39:26.608 +0900,2026-08-07 11:05:54.298 +0900,"1771555166252-upload_5581892625968155792.jpg",,,9,false,,FieldSnap,+08:00,3,4,,,true,Flooding,Matched
113125,204398,5,18.2440727,121.7069498,2026-02-21 09:10:08.370 +0900,17.0,475,358,,2026-02-21 09:13:02.935 +0900,2026-08-07 11:05:54.298 +0900,"1771632782760-upload_3576231927755263621.jpg",,,9,false,,FieldSnap,+08:00,3,4,,,true,Flooding,Matched
113707,206119,5,18.2444523,121.705838,2026-02-22 15:31:33.952 +0900,18.0,475,358,,2026-02-22 16:48:16.833 +0900,2026-08-07 11:05:54.298 +0900,"1771746496616-upload_6949737369106107930.jpg",,,9,false,,FieldSnap,+08:00,3,4,,,true,Flooding,Matched
113704,202873,5,18.2583841,121.7200802,2026-02-22 16:09:49.702 +0900,16.0,475,358,,2026-02-22 16:48:13.496 +0900,2026-08-07 11:05:54.298 +0900,"1771746493277-upload_5037185276253664406.jpg",,,9,false,,FieldSnap,+08:00,3,4,,,true,Flooding,Matched
113703,201651,5,18.2556611,121.6883699,2026-02-22 16:18:26.943 +0900,18.0,475,358,,2026-02-22 16:48:12.780 +0900,2026-08-07 11:05:54.298 +0900,"1771746492616-upload_5543015606836565468.jpg",,,9,false,,FieldSnap,+08:00,3,4,,,true,Flooding,Matched
113701,201673,5,18.2611264,121.6944277,2026-02-22 15:54:47.482 +0900,20.0,475,358,,2026-02-22 16:48:11.420 +0900,2026-08-07 11:05:54.298 +0900,"1771746491250-upload_7660968947972864698.jpg",,,9,false,,FieldSnap,+08:00,3,4,,,true,Flooding,Matched
113700,202321,5,18.2444523,121.705838,2026-02-22 15:33:25.108 +0900,19.0,475,358,,2026-02-22 16:48:08.862 +0900,2026-08-07 11:05:54.298 +0900,"1771746488681-upload_7597093652837914827.jpg",,,9,false,,FieldSnap,+08:00,3,4,,,true,Flooding,Matched
113708,201681,5,18.2464037,121.70162,2026-02-22 15:41:04.413 +0900,16.0,475,358,,2026-02-22 16:48:17.106 +0900,2026-08-07 11:05:54.298 +0900,"1771746496946-upload_6482825971167157114.jpg",,,9,false,,FieldSnap,+08:00,3,4,,,true,Flooding,Matched
113705,202876,5,18.2583841,121.7200802,2026-02-22 16:02:19.589 +0900,18.0,475,358,,2026-02-22 16:48:15.596 +0900,2026-08-07 11:05:54.298 +0900,"1771746495280-upload_2423309120041787802.jpg",,,9,false,,FieldSnap,+08:00,3,4,,,true,Flooding,Matched
113702,204489,5,18.2464037,121.70162,2026-02-22 15:44:02.970 +0900,16.0,475,358,,2026-02-22 16:48:11.450 +0900,2026-08-07 11:05:54.298 +0900,"1771746491237-upload_4711134794001443980.jpg",,,9,false,,FieldSnap,+08:00,3,4,,,true,Flooding,Matched
114021,202324,5,18.2414804,121.7172302,2026-02-23 10:00:44.371 +0900,18.0,475,358,,2026-02-23 10:12:48.692 +0900,2026-08-07 11:05:54.298 +0900,"1771809167874-upload_2439158511255814464.jpg",,,9,false,,FieldSnap,+08:00,3,4,,,true,Flooding,Matched
114020,201674,5,18.2414804,121.7172302,2026-02-23 10:06:56.930 +0900,13.0,475,358,,2026-02-23 10:12:48.364 +0900,2026-08-07 11:05:54.298 +0900,"1771809167992-upload_4314844094674482344.jpg",,,9,false,,FieldSnap,+08:00,36,4,,,true,Saturated,Matched
115626,201658,5,18.261269,121.7079672,2026-02-24 14:14:00.559 +0900,21.0,475,358,,2026-02-24 15:51:45.893 +0900,2026-08-07 11:05:54.298 +0900,"1771915905719-upload_9114314779450008910.jpg",,,9,false,,FieldSnap,+08:00,3,4,,,true,Flooding,Matched
115627,200740,5,18.2424919,121.7062327,2026-02-24 14:09:51.688 +0900,21.0,475,358,,2026-02-24 15:51:46.113 +0900,2026-08-07 11:05:54.298 +0900,"1771915905942-upload_3481413326601407547.jpg",,,9,false,,FieldSnap,+08:00,3,4,,,true,Flooding,Matched
115623,202460,5,18.2611871,121.6887263,2026-02-24 14:37:29.763 +0900,20.0,475,358,,2026-02-24 15:51:39.027 +0900,2026-08-07 11:05:54.298 +0900,"1771915898862-upload_2429094923232306743.jpg",,,9,false,,FieldSnap,+08:00,3,4,,,true,Flooding,Matched
115629,201652,5,18.2611871,121.6887263,2026-02-24 14:25:59.438 +0900,24.0,475,358,,2026-02-24 15:51:47.457 +0900,2026-08-07 11:05:54.298 +0900,"1771915907301-upload_2813305966588818095.jpg",,,9,false,,FieldSnap,+08:00,3,4,,,true,Flooding,Matched
115621,202329,5,18.2595426,121.6887263,2026-02-24 14:44:11.003 +0900,22.0,475,358,,2026-02-24 15:51:36.927 +0900,2026-08-07 11:05:54.298 +0900,"1771915896724-upload_6054376908514984185.jpg",,,9,false,,FieldSnap,+08:00,3,4,,,true,Flooding,Matched
115620,201666,5,18.2615208,121.6940713,2026-02-24 14:54:06.355 +0900,24.0,475,358,,2026-02-24 15:51:35.689 +0900,2026-08-07 11:05:54.298 +0900,"1771915895487-upload_3884037819586202352.jpg",,,9,false,,FieldSnap,+08:00,3,4,,,true,Flooding,Matched
115624,202900,5,18.2615208,121.6940713,2026-02-24 14:56:25.513 +0900,19.0,475,358,,2026-02-24 15:51:39.819 +0900,2026-08-07 11:05:54.298 +0900,"1771915899620-upload_631334782391893155.jpg",,,9,false,,FieldSnap,+08:00,3,4,,,true,Flooding,Matched
115619,204442,5,18.2615208,121.6940713,2026-02-24 14:59:22.090 +0900,21.0,475,358,,2026-02-24 15:51:33.042 +0900,2026-08-07 11:05:54.298 +0900,"1771915892857-upload_6593514428729424322.jpg",,,9,false,,FieldSnap,+08:00,3,4,,,true,Flooding,Matched
115622,202459,5,18.2595426,121.6887263,2026-02-24 15:05:59.922 +0900,23.0,475,358,,2026-02-24 15:51:37.759 +0900,2026-08-07 11:05:54.298 +0900,"1771915897584-upload_2870280872001307884.jpg",,,9,false,,FieldSnap,+08:00,3,4,,,true,Flooding,Matched
115615,201687,5,18.2595426,121.6887263,2026-02-24 15:07:13.888 +0900,21.0,475,358,,2026-02-24 15:51:25.781 +0900,2026-08-07 11:05:54.298 +0900,"1771915885564-upload_8596545142974009279.jpg",,,9,false,,FieldSnap,+08:00,3,4,,,true,Flooding,Matched
115618,204397,5,18.2595426,121.6887263,2026-02-24 15:12:36.688 +0900,17.0,475,358,,2026-02-24 15:51:31.810 +0900,2026-08-07 11:05:54.298 +0900,"1771915891633-upload_2320249267750237275.jpg",,,9,false,,FieldSnap,+08:00,3,4,,,true,Flooding,Matched
115613,202348,5,18.2612526,121.6883699,2026-02-24 15:16:07.810 +0900,20.0,475,358,,2026-02-24 15:51:20.993 +0900,2026-08-07 11:05:54.298 +0900,"1771915880801-upload_1356996089843815789.jpg",,,9,false,,FieldSnap,+08:00,3,4,,,true,Flooding,Matched
115611,202349,5,18.2612526,121.6883699,2026-02-24 15:18:14.742 +0900,20.0,475,358,,2026-02-24 15:51:15.572 +0900,2026-08-07 11:05:54.298 +0900,"1771915875407-upload_2534585662692617597.jpg",,,9,false,,FieldSnap,+08:00,3,4,,,true,Flooding,Matched
115617,202198,5,18.2615208,121.6940713,2026-02-24 15:26:57.646 +0900,21.0,475,358,,2026-02-24 15:51:27.315 +0900,2026-08-07 11:05:54.298 +0900,"1771915887029-upload_1894291303447571202.jpg",,,9,false,,FieldSnap,+08:00,3,4,,,true,Flooding,Matched
115614,202328,5,18.2615208,121.6940713,2026-02-24 15:28:09.930 +0900,21.0,475,358,,2026-02-24 15:51:24.722 +0900,2026-08-07 11:05:54.298 +0900,"1771915884514-upload_3144121128459035579.jpg",,,9,false,,FieldSnap,+08:00,3,4,,,true,Flooding,Matched
115628,204401,5,18.2611871,121.6887263,2026-02-24 14:23:31.504 +0900,20.0,475,358,,2026-02-24 15:51:47.454 +0900,2026-08-07 11:05:54.298 +0900,"1771915907297-upload_642879714060873123.jpg",,Changed the lot number from 324 to 324-A4,9,false,,FieldSnap,+08:00,3,4,,,true,Flooding,Matched
115616,204445,5,18.2625818,121.7044043,2026-02-24 15:36:58.340 +0900,19.0,475,358,,2026-02-24 15:51:27.249 +0900,2026-08-07 11:05:54.298 +0900,"1771915887084-upload_7232124436847183667.jpg",,,9,false,,FieldSnap,+08:00,3,4,,,true,Flooding,Matched
115612,202330,5,18.2625818,121.7044043,2026-02-24 15:40:35.681 +0900,17.0,475,358,,2026-02-24 15:51:17.491 +0900,2026-08-07 11:05:54.298 +0900,"1771915877238-upload_7226815094381315673.jpg",,,9,false,,FieldSnap,+08:00,3,4,,,true,Flooding,Matched
101846,204488,5,18.2437929,121.7072564,2026-02-07 10:17:01.193 +0900,20.0,475,358,,2026-02-07 11:37:33.066 +0900,2026-08-07 11:05:54.298 +0900,"1770431852912-upload_954264714717261608.jpg",,,9,false,,FieldSnap,+08:00,3,4,,,true,Flooding,Matched
115610,200719,5,18.2615208,121.6940713,2026-02-24 15:35:25.609 +0900,23.0,475,359,,2026-02-24 15:51:13.110 +0900,2026-08-07 11:05:54.298 +0900,"1771915872680-upload_963258345830610386.jpg",,,9,false,,FieldSnap,+08:00,3,4,,,true,Flooding,Matched
79292,202194,1,18.2650001,121.6858755,2026-01-16 12:36:24.406 +0900,,486,358,,2026-01-16 14:29:45.189 +0900,2026-08-07 11:05:54.298 +0900,"1768541384993-upload_3501062877482616425.jpg","2456D2",,9,false,,FieldSnap,+08:00,1,4,,,true,Installation,Matched
79295,200733,1,18.2738067,121.6755408,2026-01-16 11:39:13.099 +0900,,486,358,,2026-01-16 14:29:49.048 +0900,2026-08-07 11:05:54.298 +0900,"1768541388843-upload_3418689776647002168.jpg","1434",,9,false,,FieldSnap,+08:00,1,4,,,true,Installation,Matched
79293,204581,1,18.2650001,121.6858755,2026-01-16 12:20:35.205 +0900,,486,358,,2026-01-16 14:29:45.264 +0900,2026-08-07 11:05:54.298 +0900,"1768541385065-upload_6341241414218710885.jpg",,Changed the lot number from 1452-2 to 1452-A,9,false,,FieldSnap,+08:00,1,4,,,true,Installation,Matched
94642,,0,18.2685857,121.7022189,2026-02-01 10:44:31.488 +0900,0.0,560,358,,2026-02-01 10:44:38.983 +0900,2026-06-30 16:27:06.394 +0900,"1769910278564-upload_7139311989933941010.jpg","2347-A",Improper use of meter stick,9,false,,FieldSnap,+08:00,2,3,,,false,Drainage,Pending Match
96689,,0,18.2666432,121.6840937,2026-02-02 17:37:54.300 +0900,0.0,560,358,,2026-02-02 18:04:12.314 +0900,2026-06-30 16:27:06.394 +0900,"1770023052115-upload_7605852735167116521.jpg","1482D2",Duplicate,9,false,,FieldSnap,+08:00,2,3,,,false,Drainage,Pending Match
100517,,0,18.2641107,121.6948193,2026-02-05 14:56:12.807 +0900,0.0,560,358,,2026-02-05 14:56:23.779 +0900,2026-06-30 16:27:06.394 +0900,"1770270983481-upload_5631611804391097376.jpg","676",The bottom of the meter stick is covered by mud,9,false,,FieldSnap,+08:00,2,3,,,false,Drainage,Pending Match
104730,,0,18.2608546,121.6958842,2026-02-11 18:11:33.170 +0900,13.0,560,358,,2026-02-12 09:00:15.883 +0900,2026-06-30 16:27:06.394 +0900,"1770854415684-upload_602461884925818924.jpg","1599-C",No Photo 4,9,false,,FieldSnap,+08:00,36,3,,,false,Saturated,Pending Match
101201,,0,18.2644759,121.6963892,2026-02-06 10:29:13.270 +0900,0.0,560,358,,2026-02-06 11:19:42.754 +0900,2026-06-30 16:27:06.394 +0900,"1770344382585-upload_6189709303280084461.jpg","676",theres a water inside the OW,9,false,,FieldSnap,+08:00,2,3,,,false,Drainage,Pending Match
94626,202250,0,18.2685629,121.6832053,2026-02-01 10:35:34.572 +0900,0.0,560,358,,2026-02-01 10:36:16.620 +0900,2026-08-07 11:05:54.298 +0900,"1769909776468-upload_558779898359094755.jpg",,Cannot see the bottom part of OW,9,false,,FieldSnap,+08:00,2,4,,,true,Drainage,Matched
94625,201645,0,18.2685629,121.6832053,2026-02-01 10:34:08.339 +0900,0.0,560,358,,2026-02-01 10:36:16.040 +0900,2026-08-07 11:05:54.298 +0900,"1769909775655-upload_8359838282801119824.jpg",,Cannot see the bottom part of OW,9,false,,FieldSnap,+08:00,2,4,,,true,Drainage,Matched
95972,202898,0,18.2671137,121.6958529,2026-02-02 11:12:27.386 +0900,0.0,560,358,,2026-02-02 11:14:13.839 +0900,2026-08-07 11:05:54.298 +0900,"1769998453020-upload_4095644543379338028.jpg",,there's a standing water around the OW,9,false,,FieldSnap,+08:00,2,4,,,true,Drainage,Matched
96379,204412,0,18.2670376,121.6837374,2026-02-02 15:53:52.911 +0900,0.0,560,358,,2026-02-02 15:55:43.468 +0900,2026-08-07 11:05:54.298 +0900,"1770015343312-upload_3088336014094674879.jpg",,,9,false,,FieldSnap,+08:00,2,4,,,true,Drainage,Matched
96383,201669,0,18.2730832,121.6758972,2026-02-02 15:49:24.107 +0900,0.0,560,358,,2026-02-02 15:55:45.127 +0900,2026-08-07 11:05:54.298 +0900,"1770015344969-upload_3883989855714197348.jpg",,,9,false,,FieldSnap,+08:00,2,4,,,true,Drainage,Matched
96578,202269,0,18.2736757,121.6762536,2026-02-02 17:08:13.615 +0900,0.0,560,358,,2026-02-02 17:08:27.293 +0900,2026-08-07 11:05:54.298 +0900,"1770019707146-upload_6803652039256429982.jpg",,Cannot see the bottom part of OW and Meter stick,9,false,,FieldSnap,+08:00,2,4,,,true,Drainage,Matched
94702,202890,0,18.2641468,121.6948006,2026-02-01 11:42:45.757 +0900,0.0,560,358,,2026-02-01 11:43:55.657 +0900,2026-08-07 11:05:54.298 +0900,"1769913835363-upload_4051517504201157648.jpg",,Duplicate,9,false,,FieldSnap,+08:00,2,4,,,true,Drainage,Matched
96580,201611,0,18.2736757,121.6762536,2026-02-02 17:04:24.963 +0900,0.0,560,358,,2026-02-02 17:08:27.752 +0900,2026-08-07 11:05:54.298 +0900,"1770019707600-upload_8385150020555488561.jpg",,Cannot see the bottom part of OW and Meter stick.,9,false,,FieldSnap,+08:00,2,4,,,true,Drainage,Matched
96687,204413,0,18.2736757,121.6762536,2026-02-02 17:16:31.115 +0900,0.0,560,359,,2026-02-02 18:04:11.857 +0900,2026-08-07 11:05:54.298 +0900,"1770023051578-upload_3398839115445763954.jpg",,Cannot see the bottom part of OW and Meter stick,9,false,,FieldSnap,+08:00,2,4,,,true,Drainage,Matched
98519,202254,0,18.2595426,121.6887263,2026-02-04 10:39:55.306 +0900,0.0,560,358,,2026-02-04 10:42:00.085 +0900,2026-08-07 11:05:54.298 +0900,"1770169319731-upload_5680926200333071468.jpg",,Inversed meter stick,9,false,,FieldSnap,+08:00,2,4,,,true,Drainage,Matched
101832,200635,0,18.266188,121.6901517,2026-02-07 11:25:30.763 +0900,0.0,560,358,,2026-02-07 11:34:36.611 +0900,2026-08-07 11:05:54.298 +0900,"1770431676286-upload_7544108733782629086.jpg",,No photo 1,9,false,,FieldSnap,+08:00,2,4,,,true,Drainage,Matched
103261,202317,0,18.2638185,121.6887263,2026-02-09 18:17:36.527 +0900,20.0,560,358,,2026-02-09 18:19:10.194 +0900,2026-08-07 11:05:54.298 +0900,"1770628749535-upload_6561427568348221681.jpg",,No photo2,9,false,,FieldSnap,+08:00,3,4,,,true,Flooding,Matched
105361,201604,0,18.2592137,121.6887263,2026-02-12 16:48:30.559 +0900,0.0,560,358,,2026-02-12 16:49:16.640 +0900,2026-08-07 11:05:54.298 +0900,"1770882556433-upload_4564067084100104057.jpg",,Cannot see the bottom part of OW and Meter stick,9,false,,FieldSnap,+08:00,2,4,,,true,Drainage,Matched
105404,202314,0,18.2565352,121.6886308,2026-02-12 17:17:43.603 +0900,0.0,560,358,,2026-02-12 17:19:11.279 +0900,2026-08-07 11:05:54.298 +0900,"1770884350810-upload_7818677803082392400.jpg",,,9,false,,FieldSnap,+08:00,2,4,,,true,Drainage,Matched
105492,201637,0,18.2595426,121.6887263,2026-02-12 18:08:20.368 +0900,16.0,560,358,,2026-02-12 18:47:02.630 +0900,2026-08-07 11:05:54.298 +0900,"1770889622475-upload_3727924509075162199.jpg",,No Photo 4,9,false,,FieldSnap,+08:00,3,4,,,true,Flooding,Matched
105491,202270,0,18.2595426,121.6887263,2026-02-12 18:17:59.402 +0900,0.0,560,358,,2026-02-12 18:47:01.664 +0900,2026-08-07 11:05:54.298 +0900,"1770889620967-upload_190831027650337584.jpg",,there's a standing water around and inside of the OW,9,false,,FieldSnap,+08:00,2,4,,,true,Drainage,Matched
101200,200766,0,18.2644759,121.6963892,2026-02-06 10:23:55.578 +0900,0.0,560,358,,2026-02-06 11:19:42.519 +0900,2026-08-07 11:05:54.298 +0900,"1770344382354-upload_1725856900301203475.jpg",,exceeds the 2day span of photo 3 to photo 2,9,false,,FieldSnap,+08:00,2,4,,,true,Drainage,Matched
105753,201604,0,18.2595426,121.6887263,2026-02-13 10:29:31.822 +0900,0.0,560,358,,2026-02-13 10:33:11.919 +0900,2026-08-07 11:05:54.298 +0900,"1770946391655-upload_5840444441981358047.jpg",,Duplicate,9,false,,FieldSnap,+08:00,2,4,,,true,Drainage,Matched
96400,204410,1,18.278573,121.6872078,2026-02-02 16:05:20.301 +0900,,560,358,,2026-02-02 16:05:39.283 +0900,2026-08-07 11:05:54.298 +0900,"1770015938291-upload_8154690004612683564.jpg",,Changed the lot number from 1472D2 to 1472,9,false,,FieldSnap,+08:00,1,4,,,true,Installation,Matched
95045,200760,1,18.2730832,121.6758972,2026-02-01 17:38:50.541 +0900,,560,358,,2026-02-01 17:48:27.588 +0900,2026-08-07 11:05:54.298 +0900,"1769935707426-upload_1289491459980411153.jpg",,,9,false,,FieldSnap,+08:00,1,4,,,true,Installation,Matched
95044,204430,1,18.2662488,121.6844501,2026-02-01 17:48:15.677 +0900,,560,358,,2026-02-01 17:48:26.247 +0900,2026-08-07 11:05:54.298 +0900,"1769935705492-upload_428029188772159644.jpg",,Changed the lot number from 1453-AB to 1543-AB,9,false,,FieldSnap,+08:00,1,4,,,true,Installation,Matched
95108,204461,1,18.2662488,121.6844501,2026-02-01 18:16:17.600 +0900,,560,359,,2026-02-01 18:19:46.118 +0900,2026-08-07 11:05:54.298 +0900,"1769937585428-upload_8792410213295774981.jpg",,,9,false,,FieldSnap,+08:00,1,4,,,true,Installation,Matched
95081,204402,1,18.2696659,121.6801737,2026-02-01 18:05:32.779 +0900,,560,358,,2026-02-01 18:06:26.133 +0900,2026-08-07 11:05:54.298 +0900,"1769936785648-upload_7273033468173060400.jpg",,,9,false,,FieldSnap,+08:00,1,4,,,true,Installation,Matched
95093,204464,1,18.2703893,121.6798173,2026-02-01 18:11:14.916 +0900,,560,359,,2026-02-01 18:11:25.860 +0900,2026-08-07 11:05:54.298 +0900,"1769937085647-upload_6053670102885067277.jpg",,,9,false,,FieldSnap,+08:00,1,4,,,true,Installation,Matched
103216,202351,1,18.2725741,121.6965656,2026-02-09 17:05:36.694 +0900,,560,358,,2026-02-09 17:12:59.143 +0900,2026-08-07 11:05:54.298 +0900,"1770624778970-upload_6653882627945615367.jpg",,Changed the lot number from 2394D2 to 2394,9,false,,FieldSnap,+08:00,1,4,,,true,Installation,Matched
95034,202230,1,18.2730832,121.6758972,2026-02-01 17:32:43.307 +0900,,560,358,,2026-02-01 17:33:15.755 +0900,2026-08-07 11:05:54.298 +0900,"1769934795465-upload_2886281048850687168.jpg",,Changed the lot number from 1454-D2 to 1454,9,false,,FieldSnap,+08:00,1,4,,,true,Installation,Matched
95895,201607,1,18.2670376,121.6837374,2026-02-02 09:55:49.112 +0900,,560,358,,2026-02-02 10:00:48.834 +0900,2026-08-07 11:05:54.298 +0900,"1769994047668-upload_8841048817696432798.jpg",,,9,false,,FieldSnap,+08:00,1,4,,,true,Installation,Matched
95896,204582,1,18.2670376,121.6837374,2026-02-02 09:54:57.763 +0900,,560,358,,2026-02-02 10:00:48.942 +0900,2026-08-07 11:05:54.298 +0900,"1769994048589-upload_8883515002676684867.jpg",,change lot number.,9,false,,FieldSnap,+08:00,1,4,,,true,Installation,Matched
95905,201639,1,18.2730832,121.6758972,2026-02-02 10:11:19.847 +0900,,560,358,,2026-02-02 10:11:31.115 +0900,2026-08-07 11:05:54.298 +0900,"1769994690522-upload_563382325456294104.jpg",,,9,false,,FieldSnap,+08:00,1,4,,,true,Installation,Matched
95911,201614,1,18.2725741,121.6965656,2026-02-02 10:18:06.301 +0900,,560,358,,2026-02-02 10:18:16.046 +0900,2026-08-07 11:05:54.298 +0900,"1769995095690-upload_8208882318674070446.jpg",,,9,false,,FieldSnap,+08:00,1,4,,,true,Installation,Matched
95943,206129,1,18.2681728,121.7044043,2026-02-02 10:44:15.450 +0900,,560,358,,2026-02-02 10:45:14.416 +0900,2026-08-07 11:05:54.298 +0900,"1769996714215-upload_6904207111210902170.jpg",,,9,false,,FieldSnap,+08:00,1,4,,,true,Installation,Matched
95971,201654,1,18.2649362,121.6880136,2026-02-02 10:57:29.939 +0900,,560,358,,2026-02-02 11:14:03.137 +0900,2026-08-07 11:05:54.298 +0900,"1769998441227-upload_1108083929235218545.jpg","1488-B",,9,false,,FieldSnap,+08:00,1,4,,,true,Installation,Matched
95973,202898,1,18.2671137,121.6958529,2026-02-02 11:10:49.772 +0900,,560,358,,2026-02-02 11:14:34.867 +0900,2026-08-07 11:05:54.298 +0900,"1769998474301-upload_6580645091012560793.jpg",,,9,false,,FieldSnap,+08:00,1,4,,,true,Installation,Matched
95976,201653,1,18.2649362,121.6880136,2026-02-02 11:05:56.846 +0900,,560,358,,2026-02-02 11:14:37.114 +0900,2026-08-07 11:05:54.298 +0900,"1769998476924-upload_1352489053843175219.jpg",,,9,false,,FieldSnap,+08:00,1,4,,,true,Installation,Matched
95977,201640,1,18.2737412,121.6758972,2026-02-02 11:29:46.220 +0900,,560,358,,2026-02-02 11:30:36.291 +0900,2026-08-07 11:05:54.298 +0900,"1769999435639-upload_3152891552571506967.jpg",,,9,false,,FieldSnap,+08:00,1,4,,,true,Installation,Matched
96381,201669,1,18.2730832,121.6758972,2026-02-02 15:48:38.671 +0900,,560,358,,2026-02-02 15:55:44.027 +0900,2026-08-07 11:05:54.298 +0900,"1770015343863-upload_683339525719331959.jpg",,,9,false,,FieldSnap,+08:00,1,4,,,true,Installation,Matched
96378,204423,1,18.2737412,121.6758972,2026-02-02 15:38:43.214 +0900,,560,358,,2026-02-02 15:55:42.827 +0900,2026-08-07 11:05:54.298 +0900,"1770015342623-upload_6904529764996661004.jpg",,,9,false,,FieldSnap,+08:00,1,4,,,true,Installation,Matched
96304,204391,1,18.2666432,121.6840937,2026-02-02 15:31:27.567 +0900,,560,358,,2026-02-02 15:34:04.713 +0900,2026-08-07 11:05:54.298 +0900,"1770014044459-upload_4328779852243303756.jpg",,Changed the lot number from 1470D2 to 1470,9,false,,FieldSnap,+08:00,1,4,,,true,Installation,Matched
96425,201620,1,18.278573,121.6872078,2026-02-02 16:11:35.402 +0900,,560,358,,2026-02-02 16:13:06.861 +0900,2026-08-07 11:05:54.298 +0900,"1770016386629-upload_3947407064527964266.jpg",,Changed the lot number from 1473D2 to 1473,9,false,,FieldSnap,+08:00,1,4,,,true,Installation,Matched
96302,202267,1,18.2666432,121.6840937,2026-02-02 15:32:50.327 +0900,,560,358,,2026-02-02 15:34:02.095 +0900,2026-08-07 11:05:54.298 +0900,"1770014041810-upload_2827670216975531006.jpg",,Changed the lot number from 1469-D2 to 1468,9,false,,FieldSnap,+08:00,1,4,,,true,Installation,Matched
102203,202446,1,18.2725741,121.6965656,2026-02-07 18:23:35.300 +0900,,560,358,,2026-02-07 18:23:45.015 +0900,2026-08-07 11:05:54.298 +0900,"1770456224847-upload_5380208043670542573.jpg",,Changed the lot number from 2457-c to 2452-C,9,false,,FieldSnap,+08:00,1,4,,,true,Installation,Matched
96380,204412,1,18.2670376,121.6837374,2026-02-02 15:52:58.600 +0900,,560,358,,2026-02-02 15:55:43.799 +0900,2026-08-07 11:05:54.298 +0900,"1770015343287-upload_3309537453539603801.jpg",,,9,false,,FieldSnap,+08:00,1,4,,,true,Installation,Matched
96505,202463,1,18.2736757,121.6762536,2026-02-02 16:33:11.162 +0900,,560,358,,2026-02-02 16:33:24.982 +0900,2026-08-07 11:05:54.298 +0900,"1770017604452-upload_4053620781935481647.jpg",,,9,false,,FieldSnap,+08:00,1,4,,,true,Installation,Matched
96465,201678,1,18.278573,121.6872078,2026-02-02 16:16:49.079 +0900,,560,358,,2026-02-02 16:22:18.809 +0900,2026-08-07 11:05:54.298 +0900,"1770016938391-upload_6971845161207299774.jpg",,,9,false,,FieldSnap,+08:00,1,4,,,true,Installation,Matched
96463,204490,1,18.2736757,121.6762536,2026-02-02 16:20:43.019 +0900,,560,359,,2026-02-02 16:22:18.631 +0900,2026-08-07 11:05:54.298 +0900,"1770016938400-upload_4740113184538954960.jpg",,,9,false,,FieldSnap,+08:00,1,4,,,true,Installation,Matched
96583,204432,1,18.2736757,121.6762536,2026-02-02 16:58:44.075 +0900,,560,358,,2026-02-02 17:08:29.932 +0900,2026-08-07 11:05:54.298 +0900,"1770019709780-upload_1302426758095188149.jpg",,Changed the lot number from 1655 to 1654,9,false,,FieldSnap,+08:00,1,4,,,true,Installation,Matched
96577,202269,1,18.2736757,121.6762536,2026-02-02 17:07:35.434 +0900,,560,358,,2026-02-02 17:08:26.519 +0900,2026-08-07 11:05:54.298 +0900,"1770019706135-upload_4492382606177427617.jpg",,,9,false,,FieldSnap,+08:00,1,4,,,true,Installation,Matched
96551,202339,1,18.2740701,121.6758972,2026-02-02 16:46:47.576 +0900,,560,358,,2026-02-02 16:50:27.448 +0900,2026-08-07 11:05:54.298 +0900,"1770018626793-upload_4568599901851168124.jpg","1481-AB",,9,false,,FieldSnap,+08:00,1,4,,,true,Installation,Matched
96549,201621,1,18.2736757,121.6762536,2026-02-02 16:40:03.209 +0900,,560,358,,2026-02-02 16:50:25.816 +0900,2026-08-07 11:05:54.298 +0900,"1770018624896-upload_5601001066808500572.jpg",,,9,false,,FieldSnap,+08:00,1,4,,,true,Installation,Matched
96582,201611,1,18.2736757,121.6762536,2026-02-02 17:03:48.081 +0900,,560,358,,2026-02-02 17:08:28.962 +0900,2026-08-07 11:05:54.298 +0900,"1770019708801-upload_800217244366019698.jpg",,,9,false,,FieldSnap,+08:00,1,4,,,true,Installation,Matched
96685,201612,1,18.2666432,121.6840937,2026-02-02 17:40:25.971 +0900,,560,358,,2026-02-02 18:04:10.901 +0900,2026-08-07 11:05:54.298 +0900,"1770023049944-upload_7125147818012182956.jpg",,,9,false,,FieldSnap,+08:00,1,4,,,true,Installation,Matched
96688,201609,1,18.2666432,121.6840937,2026-02-02 17:38:36.173 +0900,,560,358,,2026-02-02 18:04:12.238 +0900,2026-08-07 11:05:54.298 +0900,"1770023051965-upload_6401993910398506769.jpg",,,9,false,,FieldSnap,+08:00,1,4,,,true,Installation,Matched
96686,204474,1,18.2736757,121.6762536,2026-02-02 17:20:26.128 +0900,,560,358,,2026-02-02 18:04:11.003 +0900,2026-08-07 11:05:54.298 +0900,"1770023050819-upload_1701516205499623143.jpg",,Changed the lot number from 1516D2 to 1516,9,false,,FieldSnap,+08:00,1,4,,,true,Installation,Matched
96690,204413,1,18.2736757,121.6762536,2026-02-02 17:15:52.890 +0900,,560,359,,2026-02-02 18:04:14.720 +0900,2026-08-07 11:05:54.298 +0900,"1770023054555-upload_8318410327767098511.jpg",,,9,false,,FieldSnap,+08:00,1,4,,,true,Installation,Matched
98507,204390,1,18.2595426,121.6887263,2026-02-04 10:11:46.775 +0900,,560,358,,2026-02-04 10:13:02.625 +0900,2026-08-07 11:05:54.298 +0900,"1770167582429-upload_3088763922779955924.jpg",,,9,false,,FieldSnap,+08:00,1,4,,,true,Installation,Matched
98533,201650,1,18.2617795,121.6890826,2026-02-04 11:38:22.370 +0900,,560,358,,2026-02-04 11:38:34.789 +0900,2026-08-07 11:05:54.298 +0900,"1770172714579-upload_5035694100269305830.jpg",,,9,false,,FieldSnap,+08:00,1,4,,,true,Installation,Matched
101836,206127,1,18.2681728,121.7044043,2026-02-07 11:32:15.718 +0900,,560,358,,2026-02-07 11:34:37.604 +0900,2026-08-07 11:05:54.298 +0900,"1770431677429-upload_7055801565283171219.jpg",,,9,false,,FieldSnap,+08:00,1,4,,,true,Installation,Matched
101834,200635,1,18.266188,121.6901517,2026-02-07 11:31:39.660 +0900,,560,358,,2026-02-07 11:34:36.921 +0900,2026-08-07 11:05:54.298 +0900,"1770431676614-upload_6860821126200975346.jpg",,,9,false,,FieldSnap,+08:00,1,4,,,true,Installation,Matched
101819,202264,1,18.279412,121.691577,2026-02-07 11:12:13.543 +0900,,560,358,,2026-02-07 11:22:56.829 +0900,2026-08-07 11:05:54.298 +0900,"1770430976664-upload_1630717824150141771.jpg",,,9,false,,FieldSnap,+08:00,1,4,,,true,Installation,Matched
101821,202209,1,18.2736757,121.6762536,2026-02-07 11:13:51.029 +0900,,560,358,,2026-02-07 11:23:02.772 +0900,2026-08-07 11:05:54.298 +0900,"1770430982620-upload_1875069213262994399.jpg",,Changed the lot number from 1488-ED2 to 1488-E1,9,false,,FieldSnap,+08:00,1,4,,,true,Installation,Matched
101820,202214,1,18.2725741,121.6965656,2026-02-07 11:21:35.358 +0900,,560,358,,2026-02-07 11:23:01.693 +0900,2026-08-07 11:05:54.298 +0900,"1770430981229-upload_7737101104770072632.jpg",,,9,false,,FieldSnap,+08:00,1,4,,,true,Installation,Matched
101869,202237,1,18.2681728,121.7044043,2026-02-07 11:36:12.113 +0900,,560,358,,2026-02-07 11:40:27.266 +0900,2026-08-07 11:05:54.298 +0900,"1770432027084-upload_1465707638365020944.jpg",,,9,false,,FieldSnap,+08:00,1,4,,,true,Installation,Matched
102095,202317,1,18.2730832,121.6758972,2026-02-07 15:42:04.623 +0900,,560,358,,2026-02-07 15:43:40.980 +0900,2026-08-07 11:05:54.298 +0900,"1770446620627-upload_1580320347016367002.jpg",,,9,false,,FieldSnap,+08:00,1,4,,,true,Installation,Matched
101874,202204,1,18.279412,121.691577,2026-02-07 11:42:05.971 +0900,,560,358,,2026-02-07 11:47:25.697 +0900,2026-08-07 11:05:54.298 +0900,"1770432445528-upload_5187019951511843880.jpg",,,9,false,,FieldSnap,+08:00,1,4,,,true,Installation,Matched
101916,202210,1,18.2740701,121.6758972,2026-02-07 12:07:45.420 +0900,,560,358,,2026-02-07 12:15:56.884 +0900,2026-08-07 11:05:54.298 +0900,"1770434156308-upload_7860231873589829919.jpg",,,9,false,,FieldSnap,+08:00,1,4,,,true,Installation,Matched
102109,204458,1,18.2666432,121.6840937,2026-02-07 15:54:54.630 +0900,,560,358,,2026-02-07 15:55:07.963 +0900,2026-08-07 11:05:54.298 +0900,"1770447307785-upload_4893175319909325260.jpg",,,9,false,,FieldSnap,+08:00,1,4,,,true,Installation,Matched
102101,204457,1,18.2670376,121.6837374,2026-02-07 15:46:09.136 +0900,,560,359,,2026-02-07 15:46:55.119 +0900,2026-08-07 11:05:54.298 +0900,"1770446814630-upload_939620429576907521.jpg",,,9,false,,FieldSnap,+08:00,1,4,,,true,Installation,Matched
102128,201675,1,18.2730832,121.6758972,2026-02-07 16:18:55.199 +0900,,560,358,,2026-02-07 16:19:23.298 +0900,2026-08-07 11:05:54.298 +0900,"1770448762932-upload_5045547354246972581.jpg",,,9,false,,FieldSnap,+08:00,1,4,,,true,Installation,Matched
102127,202462,1,18.2730171,121.6907889,2026-02-07 16:03:37.139 +0900,,560,358,,2026-02-07 16:19:23.122 +0900,2026-08-07 11:05:54.298 +0900,"1770448762748-upload_7080370916883900859.jpg",,,9,false,,FieldSnap,+08:00,1,4,,,true,Installation,Matched
102169,206120,1,18.2638185,121.6887263,2026-02-07 17:22:27.223 +0900,,560,358,,2026-02-07 17:24:20.829 +0900,2026-08-07 11:05:54.298 +0900,"1770452660558-upload_1599538090450795684.jpg",,,9,false,,FieldSnap,+08:00,1,4,,,true,Installation,Matched
102142,202190,1,18.2730832,121.6758972,2026-02-07 16:36:34.369 +0900,,560,358,,2026-02-07 16:37:57.185 +0900,2026-08-07 11:05:54.298 +0900,"1770449877004-upload_7093036100037649024.jpg",,,9,false,,FieldSnap,+08:00,1,4,,,true,Installation,Matched
102148,202892,1,18.2635566,121.6901517,2026-02-07 16:50:16.563 +0900,,560,358,,2026-02-07 16:51:33.931 +0900,2026-08-07 11:05:54.298 +0900,"1770450693769-upload_2518351478557734070.jpg",,,9,false,,FieldSnap,+08:00,1,4,,,true,Installation,Matched
102143,201617,1,18.2648707,121.6883699,2026-02-07 16:23:48.263 +0900,,560,358,,2026-02-07 16:37:57.399 +0900,2026-08-07 11:05:54.298 +0900,"1770449877230-upload_606383906937104713.jpg",,,9,false,,FieldSnap,+08:00,1,4,,,true,Installation,Matched
102129,204459,1,18.2730171,121.6907889,2026-02-07 16:11:25.538 +0900,,560,359,,2026-02-07 16:19:23.357 +0900,2026-08-07 11:05:54.298 +0900,"1770448762998-upload_2485966089667858810.jpg",,,9,false,,FieldSnap,+08:00,1,4,,,true,Installation,Matched
102206,200638,1,18.2670376,121.6837374,2026-02-07 18:33:16.464 +0900,,560,358,,2026-02-07 18:33:26.683 +0900,2026-08-07 11:05:54.298 +0900,"1770456806280-upload_7175014555473850949.jpg",,,9,false,,FieldSnap,+08:00,1,4,,,true,Installation,Matched
102213,206171,1,18.2666432,121.6840937,2026-02-07 18:47:12.872 +0900,,560,358,,2026-02-07 18:49:05.470 +0900,2026-08-07 11:05:54.298 +0900,"1770457744634-upload_4574610265185509839.jpg",,,9,false,,FieldSnap,+08:00,1,4,,,true,Installation,Matched
102198,201631,1,18.2725741,121.6965656,2026-02-07 18:17:34.975 +0900,,560,358,,2026-02-07 18:17:46.359 +0900,2026-08-07 11:05:54.298 +0900,"1770455866008-upload_6590229632445078215.jpg",,,9,false,,FieldSnap,+08:00,1,4,,,true,Installation,Matched
102190,202193,1,18.2681728,121.7044043,2026-02-07 17:46:35.104 +0900,,560,358,,2026-02-07 18:08:01.604 +0900,2026-08-07 11:05:54.298 +0900,"1770455281424-upload_8630392618200145216.jpg",,,9,false,,FieldSnap,+08:00,1,4,,,true,Installation,Matched
102205,202413,1,18.2725741,121.6965656,2026-02-07 18:26:44.742 +0900,,560,358,,2026-02-07 18:26:52.025 +0900,2026-08-07 11:05:54.298 +0900,"1770456411847-upload_6056347820915937970.jpg",,,9,false,,FieldSnap,+08:00,1,4,,,true,Installation,Matched
103215,202899,1,18.2730832,121.6758972,2026-02-09 16:37:37.392 +0900,,560,358,,2026-02-09 17:12:58.910 +0900,2026-08-07 11:05:54.298 +0900,"1770624778731-upload_5717304125934519100.jpg",,,9,false,,FieldSnap,+08:00,1,4,,,true,Installation,Matched
103214,201634,1,18.2699949,121.6801737,2026-02-09 16:39:47.658 +0900,,560,358,,2026-02-09 17:12:55.907 +0900,2026-08-07 11:05:54.298 +0900,"1770624775618-upload_6464039783882222493.jpg",,,9,false,,FieldSnap,+08:00,1,4,,,true,Installation,Matched
103217,206137,1,18.266188,121.6901517,2026-02-09 17:11:15.102 +0900,,560,358,,2026-02-09 17:12:59.531 +0900,2026-08-07 11:05:54.298 +0900,"1770624779361-upload_4009282691953093601.jpg",,,9,false,,FieldSnap,+08:00,1,4,,,true,Installation,Matched
103138,201632,1,18.2670376,121.6837374,2026-02-09 15:59:04.859 +0900,,560,358,,2026-02-09 15:59:37.411 +0900,2026-08-07 11:05:54.298 +0900,"1770620377093-upload_1687968760140783376.jpg",,,9,false,,FieldSnap,+08:00,1,4,,,true,Installation,Matched
103276,202884,1,18.2677034,121.6830924,2026-02-09 18:32:03.222 +0900,,560,358,,2026-02-09 18:32:11.315 +0900,2026-08-07 11:05:54.298 +0900,"1770629530930-upload_194600447462227805.jpg",,,9,false,,FieldSnap,+08:00,1,4,,,true,Installation,Matched
103260,201630,1,18.2730832,121.6758972,2026-02-09 17:56:08.079 +0900,,560,358,,2026-02-09 18:19:10.162 +0900,2026-08-07 11:05:54.298 +0900,"1770628749944-upload_9221117840969211739.jpg",,,9,false,,FieldSnap,+08:00,1,4,,,true,Installation,Matched
103278,202191,1,18.2691294,121.6831937,2026-02-09 18:38:58.511 +0900,,560,358,,2026-02-09 18:39:06.213 +0900,2026-08-07 11:05:54.298 +0900,"1770629945450-upload_7010518384949088294.jpg",,,9,false,,FieldSnap,+08:00,1,4,,,true,Installation,Matched
105783,201605,1,18.2595426,121.6887263,2026-02-13 10:56:52.421 +0900,,560,358,,2026-02-13 10:58:50.791 +0900,2026-08-07 11:05:54.298 +0900,"1770947930611-upload_1786555037956922948.jpg",,,9,false,,FieldSnap,+08:00,1,4,,,true,Installation,Matched
95931,202897,1,18.2681728,121.7044043,2026-02-02 10:29:54.356 +0900,,560,358,,2026-02-02 10:30:56.225 +0900,2026-08-07 11:05:54.298 +0900,"1769995855871-upload_7217648600513477927.jpg",,,9,false,,FieldSnap,+08:00,1,4,,,true,Installation,Matched
102191,202457,1,18.2638185,121.6887263,2026-02-07 17:46:03.048 +0900,,560,358,,2026-02-07 18:08:01.707 +0900,2026-08-07 11:05:54.298 +0900,"1770455281535-upload_5864197927737768633.jpg",,Changed the lot number from 2393-D2 to 2398D2. Mistakenly wrote 8 as 3,9,false,,FieldSnap,+08:00,1,4,,,true,Installation,Matched
96579,202235,1,18.2736757,121.6762536,2026-02-02 17:01:41.233 +0900,,560,358,,2026-02-02 17:08:27.468 +0900,2026-08-07 11:05:54.298 +0900,"1770019707202-upload_4436301612846635578.jpg",,changed the lot number from 1650-D2 into 1650-1,9,false,,FieldSnap,+08:00,1,4,,,true,Installation,Matched
103144,204583,1,18.2730832,121.6758972,2026-02-09 16:11:15.554 +0900,,560,358,,2026-02-09 16:11:30.902 +0900,2026-08-07 11:05:54.298 +0900,"1770621090595-upload_4905790157363656973.jpg",,,9,false,,FieldSnap,+08:00,1,4,,,true,Installation,Matched
95055,204456,1,18.2662488,121.6844501,2026-02-01 17:52:49.183 +0900,,560,358,,2026-02-01 17:52:57.341 +0900,2026-08-07 11:05:54.298 +0900,"1769935977160-upload_3767729371531024634.jpg",,Changed the lot number from 1455-D2 to 1455-A,9,false,,FieldSnap,+08:00,1,4,,,true,Installation,Matched
96550,206456,1,18.2736757,121.6762536,2026-02-02 16:45:51.585 +0900,,560,358,,2026-02-02 16:50:27.347 +0900,2026-08-07 11:05:54.298 +0900,"1770018627099-upload_2211179098048685240.jpg",,Changed the lot number from 1480D2 to 1480,9,false,,FieldSnap,+08:00,1,4,,,true,Installation,Matched
94660,,2,18.2641161,121.6948113,2026-02-01 11:14:04.179 +0900,0.0,560,358,,2026-02-01 11:14:14.621 +0900,2026-06-30 16:27:06.394 +0900,"1769912053934-upload_8523756971278561185.jpg","676",,9,false,,FieldSnap,+08:00,2,3,,,false,Drainage,Pending Match
95942,,2,18.2737412,121.6758972,2026-02-02 10:39:40.588 +0900,0.0,560,358,,2026-02-02 10:39:51.617 +0900,2026-06-30 16:27:06.394 +0900,"1769996391426-upload_2982594864282510525.jpg","1490-A/B",,9,false,,FieldSnap,+08:00,2,3,,,false,Drainage,Pending Match
96003,,2,18.2635566,121.6901517,2026-02-02 12:07:41.207 +0900,0.0,560,358,,2026-02-02 12:07:52.326 +0900,2026-06-30 16:27:06.394 +0900,"1770001671728-upload_5821863622547525961.jpg","1449D2",,9,false,,FieldSnap,+08:00,2,3,,,false,Drainage,Pending Match
98583,,2,18.2615192,121.6922897,2026-02-04 13:14:33.336 +0900,0.0,560,358,,2026-02-04 13:25:18.063 +0900,2026-06-30 16:27:06.394 +0900,"1770179117550-upload_1180696831549959755.jpg","1599-C",,9,false,,FieldSnap,+08:00,2,3,,,false,Drainage,Pending Match
101729,,2,18.2635566,121.6901517,2026-02-07 10:55:04.001 +0900,0.0,560,358,,2026-02-07 10:56:16.815 +0900,2026-06-30 16:27:06.394 +0900,"1770429375877-upload_1975948484708161612.jpg","1493-A",,9,false,,FieldSnap,+08:00,2,3,,,false,Drainage,Pending Match
104758,,2,18.261845,121.6887263,2026-02-11 11:45:25.827 +0900,0.0,560,358,,2026-02-12 09:00:33.564 +0900,2026-06-30 16:27:06.394 +0900,"1770854433398-upload_8309433979417053704.jpg","1602-B",,9,false,,FieldSnap,+08:00,2,3,,,false,Drainage,Pending Match
104756,,2,18.2595426,121.6887263,2026-02-11 12:25:36.609 +0900,0.0,560,359,,2026-02-12 09:00:31.475 +0900,2026-06-30 16:27:06.394 +0900,"1770854431308-upload_4083122101546006373.jpg","1612D2",,9,false,,FieldSnap,+08:00,2,3,,,false,Drainage,Pending Match
104760,,2,18.2595426,121.6887263,2026-02-11 11:23:37.685 +0900,0.0,560,358,,2026-02-12 09:00:34.769 +0900,2026-06-30 16:27:06.394 +0900,"1770854434591-upload_4287467986637484696.jpg","1604-D",,9,false,,FieldSnap,+08:00,2,3,,,false,Drainage,Pending Match
104745,,2,18.2595426,121.6887263,2026-02-11 16:16:44.626 +0900,0.0,560,358,,2026-02-12 09:00:23.708 +0900,2026-06-30 16:27:06.394 +0900,"1770854423543-upload_2594402985390162044.jpg","330",,9,false,,FieldSnap,+08:00,2,3,,,false,Drainage,Pending Match
106418,,2,18.2535883,121.692837,2026-02-13 11:54:14.786 +0900,0.0,560,358,,2026-02-14 11:11:17.079 +0900,2026-06-30 16:27:06.394 +0900,"1771035076813-upload_8527914967218776918.jpg","331-E",,9,false,,FieldSnap,+08:00,2,3,,,false,Drainage,Pending Match
106808,,2,18.2741744,121.6865255,2026-02-15 10:46:51.837 +0900,0.0,560,358,,2026-02-15 11:46:16.177 +0900,2026-06-30 16:27:06.394 +0900,"1771123576011-upload_7998336354328183991.jpg","1426-D",,9,false,,FieldSnap,+08:00,2,3,,,false,Drainage,Pending Match
112126,,2,18.2611871,121.6887263,2026-02-19 11:16:58.889 +0900,0.0,560,359,,2026-02-19 17:41:07.252 +0900,2026-06-30 16:27:06.394 +0900,"1771490467054-upload_4122502413202029091.jpg","1618-A",,9,false,,FieldSnap,+08:00,2,3,,,false,Drainage,Pending Match
117208,202868,2,18.2565617,121.6886179,2026-02-26 16:44:51.792 +0900,0.0,560,359,,2026-02-26 17:46:46.499 +0900,2026-08-07 11:05:54.298 +0900,"1772095606324-upload_2768427439071096549.jpg",,,9,false,,FieldSnap,+08:00,2,4,,,true,Drainage,Matched
117207,200748,2,18.2608582,121.6887263,2026-02-26 16:49:10.455 +0900,0.0,560,359,,2026-02-26 17:46:45.035 +0900,2026-08-07 11:05:54.298 +0900,"1772095604868-upload_4231410219319526749.jpg",,,9,false,,FieldSnap,+08:00,2,4,,,true,Drainage,Matched
126004,204474,2,18.2670376,121.6837374,2026-03-06 12:33:14.446 +0900,0.0,560,358,,2026-03-06 19:37:51.125 +0900,2026-08-07 11:05:54.298 +0900,"1772793470811-upload_6899731570004696864.jpg",,Changed the lot number from 1516D2 to 1516,9,false,,FieldSnap,+08:00,2,4,,,true,Drainage,Matched
94715,202226,2,18.264101,121.6954932,2026-02-01 11:49:11.637 +0900,0.0,560,358,,2026-02-01 11:49:20.969 +0900,2026-08-07 11:05:54.298 +0900,"1769914160321-upload_686560409047742742.jpg",,,9,false,,FieldSnap,+08:00,2,4,,,true,Drainage,Matched
95932,202897,2,18.2681728,121.7044043,2026-02-02 10:30:45.949 +0900,0.0,560,358,,2026-02-02 10:30:56.498 +0900,2026-08-07 11:05:54.298 +0900,"1769995856323-upload_7525479831277633445.jpg",,,9,false,,FieldSnap,+08:00,2,4,,,true,Drainage,Matched
95974,201653,2,18.2649362,121.6880136,2026-02-02 11:06:37.815 +0900,0.0,560,358,,2026-02-02 11:14:36.937 +0900,2026-08-07 11:05:54.298 +0900,"1769998476738-upload_2572923137661143184.jpg",,,9,false,,FieldSnap,+08:00,2,4,,,true,Drainage,Matched
95975,201654,2,18.2649362,121.6880136,2026-02-02 10:58:14.197 +0900,0.0,560,358,,2026-02-02 11:14:37.010 +0900,2026-08-07 11:05:54.298 +0900,"1769998476611-upload_6416798468134591919.jpg",,,9,false,,FieldSnap,+08:00,2,4,,,true,Drainage,Matched
109989,202312,2,18.2730832,121.6758972,2026-02-17 17:09:22.114 +0900,0.0,560,358,,2026-02-17 18:09:24.828 +0900,2026-08-07 11:05:54.298 +0900,"1771319364653-upload_4900040270547109211.jpg",,Changed the lot number from 684-AB to 684-A,9,false,,FieldSnap,+08:00,2,4,,,true,Drainage,Matched
98523,202865,2,18.2614506,121.6890826,2026-02-04 10:57:18.965 +0900,0.0,560,358,,2026-02-04 10:57:35.901 +0900,2026-08-07 11:05:54.298 +0900,"1770170255377-upload_9061390984061573444.jpg",,,9,false,,FieldSnap,+08:00,2,4,,,true,Drainage,Matched
98538,201650,2,18.2615192,121.6922897,2026-02-04 11:49:06.745 +0900,0.0,560,358,,2026-02-04 11:49:19.122 +0900,2026-08-07 11:05:54.298 +0900,"1770173358835-upload_3166023680360648136.jpg",,,9,false,,FieldSnap,+08:00,2,4,,,true,Drainage,Matched
98570,202341,2,18.2615192,121.6922897,2026-02-04 12:33:47.428 +0900,0.0,560,358,,2026-02-04 12:37:59.984 +0900,2026-08-07 11:05:54.298 +0900,"1770176279737-upload_5956681956794668696.jpg",,,9,false,,FieldSnap,+08:00,2,4,,,true,Drainage,Matched
98576,201633,2,18.2614506,121.6890826,2026-02-04 12:47:33.839 +0900,0.0,560,358,,2026-02-04 12:47:46.585 +0900,2026-08-07 11:05:54.298 +0900,"1770176866355-upload_8317563129040789925.jpg",,,9,false,,FieldSnap,+08:00,2,4,,,true,Drainage,Matched
98579,202314,2,18.2614506,121.6890826,2026-02-04 12:57:30.508 +0900,0.0,560,358,,2026-02-04 12:57:45.603 +0900,2026-08-07 11:05:54.298 +0900,"1770177464860-upload_1091351725283583912.jpg",,,9,false,,FieldSnap,+08:00,2,4,,,true,Drainage,Matched
98581,201599,2,18.2615192,121.6922897,2026-02-04 13:07:15.779 +0900,0.0,560,358,,2026-02-04 13:07:33.543 +0900,2026-08-07 11:05:54.298 +0900,"1770178053212-upload_3363584047092793143.jpg",,,9,false,,FieldSnap,+08:00,2,4,,,true,Drainage,Matched
98595,202871,2,18.2565108,121.6886429,2026-02-04 13:35:55.422 +0900,0.0,560,358,,2026-02-04 13:36:05.408 +0900,2026-08-07 11:05:54.298 +0900,"1770179765213-upload_474330722910684347.jpg",,,9,false,,FieldSnap,+08:00,2,4,,,true,Drainage,Matched
120952,201605,2,18.2538698,121.6868552,2026-03-02 10:13:41.842 +0900,0.0,560,359,,2026-03-02 12:01:10.812 +0900,2026-08-07 11:05:54.298 +0900,"1772420470280-upload_4498568221160584301.jpg",,,9,false,,FieldSnap,+08:00,2,4,,,true,Drainage,Matched
120953,202316,2,18.2587044,121.6953571,2026-03-02 11:15:43.384 +0900,0.0,560,359,,2026-03-02 12:01:11.797 +0900,2026-08-07 11:05:54.298 +0900,"1772420471613-upload_1453417511301222905.jpg",,,9,false,,FieldSnap,+08:00,2,4,,,true,Drainage,Matched
100625,202224,2,18.2615208,121.6940713,2026-02-05 15:15:20.976 +0900,0.0,560,358,,2026-02-05 15:41:35.166 +0900,2026-08-07 11:05:54.298 +0900,"1770273694266-upload_6895229621124474837.jpg",,,9,false,,FieldSnap,+08:00,2,4,,,true,Drainage,Matched
100656,204393,2,18.26411,121.6948172,2026-02-05 16:03:43.597 +0900,0.0,560,358,,2026-02-05 16:04:48.745 +0900,2026-08-07 11:05:54.298 +0900,"1770275088057-upload_4374802548427006163.jpg",,,9,false,,FieldSnap,+08:00,2,4,,,true,Drainage,Matched
100691,206131,2,18.2608637,121.6947624,2026-02-05 16:41:01.374 +0900,0.0,560,358,,2026-02-05 16:41:20.763 +0900,2026-08-07 11:05:54.298 +0900,"1770277279766-upload_8119889854083404677.jpg",,,9,false,,FieldSnap,+08:00,2,4,,,true,Drainage,Matched
101205,202890,2,18.2644759,121.6963892,2026-02-06 10:12:32.661 +0900,0.0,560,358,,2026-02-06 11:19:44.771 +0900,2026-08-07 11:05:54.298 +0900,"1770344384587-upload_1718202813724099594.jpg",,,9,false,,FieldSnap,+08:00,2,4,,,true,Drainage,Matched
101833,206127,2,18.2681728,121.7044043,2026-02-07 11:33:07.295 +0900,0.0,560,358,,2026-02-07 11:34:36.918 +0900,2026-08-07 11:05:54.298 +0900,"1770431676643-upload_5461485912565930069.jpg",,,9,false,,FieldSnap,+08:00,2,4,,,true,Drainage,Matched
101818,202214,2,18.2725741,121.6965656,2026-02-07 11:22:07.731 +0900,0.0,560,358,,2026-02-07 11:22:55.869 +0900,2026-08-07 11:05:54.298 +0900,"1770430975704-upload_8873884607961428169.jpg",,,9,false,,FieldSnap,+08:00,2,4,,,true,Drainage,Matched
101914,202210,2,18.2740701,121.6758972,2026-02-07 12:08:20.072 +0900,0.0,560,358,,2026-02-07 12:15:54.331 +0900,2026-08-07 11:05:54.298 +0900,"1770434153846-upload_3115440690278157362.jpg",,,9,false,,FieldSnap,+08:00,2,4,,,true,Drainage,Matched
101875,202204,2,18.279412,121.691577,2026-02-07 11:46:51.344 +0900,0.0,560,358,,2026-02-07 11:47:25.944 +0900,2026-08-07 11:05:54.298 +0900,"1770432445444-upload_8629613638697236810.jpg",,,9,false,,FieldSnap,+08:00,2,4,,,true,Drainage,Matched
102110,204458,2,18.2666432,121.6840937,2026-02-07 15:56:48.507 +0900,0.0,560,358,,2026-02-07 15:56:54.750 +0900,2026-08-07 11:05:54.298 +0900,"1770447414588-upload_7694061745174645015.jpg",,,9,false,,FieldSnap,+08:00,2,4,,,true,Drainage,Matched
102130,202462,2,18.2730171,121.6907889,2026-02-07 16:05:59.636 +0900,0.0,560,358,,2026-02-07 16:19:24.293 +0900,2026-08-07 11:05:54.298 +0900,"1770448764134-upload_8240262653823019750.jpg",,,9,false,,FieldSnap,+08:00,2,4,,,true,Drainage,Matched
102140,201617,2,18.2648707,121.6883699,2026-02-07 16:24:28.164 +0900,0.0,560,358,,2026-02-07 16:37:55.997 +0900,2026-08-07 11:05:54.298 +0900,"1770449875837-upload_4943630811778718641.jpg",,,9,false,,FieldSnap,+08:00,2,4,,,true,Drainage,Matched
102141,202190,2,18.2730832,121.6758972,2026-02-07 16:37:42.717 +0900,0.0,560,358,,2026-02-07 16:37:57.049 +0900,2026-08-07 11:05:54.298 +0900,"1770449876848-upload_5943882080216682902.jpg",,,9,false,,FieldSnap,+08:00,2,4,,,true,Drainage,Matched
104744,206138,2,18.2556611,121.6883699,2026-02-11 16:03:37.588 +0900,0.0,560,358,,2026-02-12 09:00:23.688 +0900,2026-08-07 11:05:54.298 +0900,"1770854423473-upload_5483110781192840678.jpg",,,9,false,,FieldSnap,+08:00,2,4,,,true,Drainage,Matched
104759,204443,2,18.261845,121.6887263,2026-02-11 11:47:51.207 +0900,0.0,560,358,,2026-02-12 09:00:33.619 +0900,2026-08-07 11:05:54.298 +0900,"1770854433402-upload_3572768503971671124.jpg",,Changed the lot number from 294-Ato 298-A,9,false,,FieldSnap,+08:00,2,4,,,true,Drainage,Matched
104757,202461,2,18.2595426,121.6887263,2026-02-11 12:00:15.981 +0900,0.0,560,359,,2026-02-12 09:00:32.691 +0900,2026-08-07 11:05:54.298 +0900,"1770854432489-upload_8445422487027691590.jpg",,,9,false,,FieldSnap,+08:00,2,4,,,true,Drainage,Matched
104742,201598,2,18.2611871,121.6887263,2026-02-11 16:32:01.874 +0900,0.0,560,358,,2026-02-12 09:00:21.570 +0900,2026-08-07 11:05:54.298 +0900,"1770854421357-upload_4038550893055326733.jpg",,,9,false,,FieldSnap,+08:00,2,4,,,true,Drainage,Matched
104751,202323,2,18.2592137,121.6887263,2026-02-11 15:53:23.537 +0900,0.0,560,358,,2026-02-12 09:00:28.343 +0900,2026-08-07 11:05:54.298 +0900,"1770854428109-upload_140308722438962499.jpg",,,9,false,,FieldSnap,+08:00,2,4,,,true,Drainage,Matched
104752,201628,2,18.2613064,121.691707,2026-02-11 12:30:47.726 +0900,0.0,560,358,,2026-02-12 09:00:28.797 +0900,2026-08-07 11:05:54.298 +0900,"1770854428520-upload_3136175162748158675.jpg",,,9,false,,FieldSnap,+08:00,2,4,,,true,Drainage,Matched
104748,202574,2,18.2556611,121.6883699,2026-02-11 16:05:30.432 +0900,0.0,560,359,,2026-02-12 09:00:24.955 +0900,2026-08-07 11:05:54.298 +0900,"1770854424726-upload_7468587030174056324.jpg",,,9,false,,FieldSnap,+08:00,2,4,,,true,Drainage,Matched
104753,201646,2,18.2595426,121.6887263,2026-02-11 12:18:42.028 +0900,0.0,560,359,,2026-02-12 09:00:28.919 +0900,2026-08-07 11:05:54.298 +0900,"1770854428743-upload_3447235630547419450.jpg",,,9,false,,FieldSnap,+08:00,2,4,,,true,Drainage,Matched
103920,201623,2,18.2612208,121.6922523,2026-02-11 09:48:44.639 +0900,0.0,560,358,,2026-02-11 09:56:05.059 +0900,2026-08-07 11:05:54.298 +0900,"1770771364650-upload_7728545046239319598.jpg",,,9,false,,FieldSnap,+08:00,2,4,,,true,Drainage,Matched
103992,204451,2,18.2595426,121.6887263,2026-02-11 10:35:49.985 +0900,0.0,560,359,,2026-02-11 10:48:53.349 +0900,2026-08-07 11:05:54.298 +0900,"1770774533183-upload_8396395406486675034.jpg",,,9,false,,FieldSnap,+08:00,2,4,,,true,Drainage,Matched
104761,204466,2,18.261845,121.6887263,2026-02-11 11:15:30.985 +0900,0.0,560,359,,2026-02-12 09:00:34.991 +0900,2026-08-07 11:05:54.298 +0900,"1770854434812-upload_8074603242327848224.jpg",,,9,false,,FieldSnap,+08:00,2,4,,,true,Drainage,Matched
104755,204452,2,18.2595426,121.6887263,2026-02-11 12:07:08.470 +0900,0.0,560,358,,2026-02-12 09:00:31.134 +0900,2026-08-07 11:05:54.298 +0900,"1770854430919-upload_292043740984876580.jpg",,,9,false,,FieldSnap,+08:00,2,4,,,true,Drainage,Matched
104743,202901,2,18.2595426,121.6887263,2026-02-11 16:47:52.844 +0900,0.0,560,358,,2026-02-12 09:00:23.092 +0900,2026-08-07 11:05:54.298 +0900,"1770854422922-upload_1899404132327956633.jpg",,,9,false,,FieldSnap,+08:00,2,4,,,true,Drainage,Matched
104754,202261,2,18.2595426,121.6887263,2026-02-11 12:12:56.833 +0900,0.0,560,359,,2026-02-12 09:00:29.224 +0900,2026-08-07 11:05:54.298 +0900,"1770854429051-upload_1154824409791698121.jpg","1607",,9,false,,FieldSnap,+08:00,2,4,,,true,Drainage,Matched
104750,202327,2,18.2613064,121.691707,2026-02-11 12:38:16.561 +0900,0.0,560,359,,2026-02-12 09:00:28.102 +0900,2026-08-07 11:05:54.298 +0900,"1770854427936-upload_8629109803988338177.jpg",,,9,false,,FieldSnap,+08:00,2,4,,,true,Drainage,Matched
104739,204472,2,18.2595426,121.6887263,2026-02-11 16:50:56.444 +0900,0.0,560,359,,2026-02-12 09:00:20.117 +0900,2026-08-07 11:05:54.298 +0900,"1770854419954-upload_414703661316143331.jpg",,,9,false,,FieldSnap,+08:00,2,4,,,true,Drainage,Matched
104872,202448,2,18.2612866,121.6918003,2026-02-12 10:36:08.489 +0900,0.0,560,358,,2026-02-12 10:57:05.591 +0900,2026-08-07 11:05:54.298 +0900,"1770861425386-upload_6131022936053032689.jpg",,,9,false,,FieldSnap,+08:00,2,4,,,true,Drainage,Matched
104875,202255,2,18.2612866,121.6918003,2026-02-12 10:41:36.802 +0900,0.0,560,358,,2026-02-12 10:57:08.018 +0900,2026-08-07 11:05:54.298 +0900,"1770861427798-upload_46330808506262894.jpg",,,9,false,,FieldSnap,+08:00,2,4,,,true,Drainage,Matched
104873,201622,2,18.2609237,121.6883699,2026-02-12 10:55:02.197 +0900,0.0,560,358,,2026-02-12 10:57:05.995 +0900,2026-08-07 11:05:54.298 +0900,"1770861425831-upload_8324240087223204559.jpg",,,9,false,,FieldSnap,+08:00,2,4,,,true,Drainage,Matched
104914,201636,2,18.2595426,121.6887263,2026-02-12 11:29:27.840 +0900,0.0,560,358,,2026-02-12 11:29:37.656 +0900,2026-08-07 11:05:54.298 +0900,"1770863377473-upload_8496684331610465052.jpg",,,9,false,,FieldSnap,+08:00,2,4,,,true,Drainage,Matched
105700,202864,2,18.2609004,121.6947916,2026-02-13 10:05:53.542 +0900,0.0,560,358,,2026-02-13 10:10:19.999 +0900,2026-08-07 11:05:54.298 +0900,"1770945019815-upload_1786220620071850604.jpg",,,9,false,,FieldSnap,+08:00,2,4,,,true,Drainage,Matched
106417,202262,2,18.2535883,121.692837,2026-02-13 11:56:32.431 +0900,0.0,560,358,,2026-02-14 11:11:16.994 +0900,2026-08-07 11:05:54.298 +0900,"1771035076535-upload_5140058999960830780.jpg",,,9,false,,FieldSnap,+08:00,2,4,,,true,Drainage,Matched
106416,201597,2,18.2535885,121.6928374,2026-02-13 11:37:47.704 +0900,0.0,560,358,,2026-02-14 11:11:16.993 +0900,2026-08-07 11:05:54.298 +0900,"1771035076757-upload_7762430722943927177.jpg",,,9,false,,FieldSnap,+08:00,2,4,,,true,Drainage,Matched
106419,202445,2,18.253588,121.6928365,2026-02-13 12:01:53.993 +0900,0.0,560,358,,2026-02-14 11:11:17.172 +0900,2026-08-07 11:05:54.298 +0900,"1771035077004-upload_1501593251634490739.jpg",,,9,false,,FieldSnap,+08:00,2,4,,,true,Drainage,Matched
106516,202251,2,18.2634364,121.6931778,2026-02-14 15:51:30.962 +0900,0.0,560,358,,2026-02-14 15:53:02.066 +0900,2026-08-07 11:05:54.298 +0900,"1771051981710-upload_6478587288446075515.jpg",,,9,false,,FieldSnap,+08:00,2,4,,,true,Drainage,Matched
106813,204602,2,18.2548668,121.6880124,2026-02-15 09:14:57.617 +0900,0.0,560,359,,2026-02-15 11:46:20.075 +0900,2026-08-07 11:05:54.298 +0900,"1771123579887-upload_8807792131755039374.jpg",,,9,false,,FieldSnap,+08:00,2,4,,,true,Drainage,Matched
106806,202191,2,18.2548668,121.6880124,2026-02-15 09:37:28.764 +0900,0.0,560,358,,2026-02-15 11:46:15.353 +0900,2026-08-07 11:05:54.298 +0900,"1771123575179-upload_1074302163037763535.jpg",,,9,false,,FieldSnap,+08:00,2,4,,,true,Drainage,Matched
106807,202884,2,18.2741744,121.6865255,2026-02-15 09:48:29.874 +0900,0.0,560,358,,2026-02-15 11:46:15.699 +0900,2026-08-07 11:05:54.298 +0900,"1771123575535-upload_2447003045123239562.jpg",,,9,false,,FieldSnap,+08:00,2,4,,,true,Drainage,Matched
106809,206171,2,18.2548668,121.6880124,2026-02-15 09:44:21.723 +0900,0.0,560,358,,2026-02-15 11:46:16.336 +0900,2026-08-07 11:05:54.298 +0900,"1771123575672-upload_989620460388254936.jpg",,,9,false,,FieldSnap,+08:00,2,4,,,true,Drainage,Matched
106814,202443,2,18.2548668,121.6880124,2026-02-15 09:23:03.248 +0900,0.0,560,358,,2026-02-15 11:46:20.165 +0900,2026-08-07 11:05:54.298 +0900,"1771123579956-upload_92687096624647399.jpg",,Changed the lot number from 2444 to 2449,9,false,,FieldSnap,+08:00,2,4,,,true,Drainage,Matched
106810,201610,2,18.2548668,121.6880124,2026-02-15 09:30:31.421 +0900,0.0,560,358,,2026-02-15 11:46:17.033 +0900,2026-08-07 11:05:54.298 +0900,"1771123576869-upload_6554701465585275754.jpg",,,9,false,,FieldSnap,+08:00,2,4,,,true,Drainage,Matched
106805,202194,2,18.2741744,121.6865255,2026-02-15 09:51:51.380 +0900,0.0,560,358,,2026-02-15 11:46:14.520 +0900,2026-08-07 11:05:54.298 +0900,"1771123574177-upload_3072380589526252556.jpg",,,9,false,,FieldSnap,+08:00,2,4,,,true,Drainage,Matched
121451,202225,2,18.2614506,121.6890826,2026-03-02 17:40:52.162 +0900,0.0,560,359,,2026-03-02 18:51:13.838 +0900,2026-08-07 11:05:54.298 +0900,"1772445073658-upload_4565093310448923276.jpg",,,9,false,,FieldSnap,+08:00,2,4,,,true,Drainage,Matched
98524,204465,2,18.2607281,121.6944497,2026-02-04 11:05:40.879 +0900,0.0,560,358,,2026-02-04 11:05:54.347 +0900,2026-08-07 11:05:54.298 +0900,"1770170754062-upload_3390559576531505939.jpg",,,9,false,,FieldSnap,+08:00,2,4,,,true,Drainage,Matched
121459,204431,2,18.2614506,121.6890826,2026-03-02 17:06:19.606 +0900,0.0,560,359,,2026-03-02 18:51:19.162 +0900,2026-08-07 11:05:54.298 +0900,"1772445078990-upload_5824504354507616467.jpg",,,9,false,,FieldSnap,+08:00,2,4,,,true,Drainage,Matched
109583,202896,2,18.2671137,121.6958529,2026-02-17 10:49:01.893 +0900,0.0,560,358,,2026-02-17 11:32:34.415 +0900,2026-08-07 11:05:54.298 +0900,"1771295554231-upload_4855383349171293267.jpg",,,9,false,,FieldSnap,+08:00,2,4,,,true,Drainage,Matched
109990,202250,2,18.2686192,121.6831916,2026-02-17 16:56:33.837 +0900,0.0,560,358,,2026-02-17 18:09:25.355 +0900,2026-08-07 11:05:54.298 +0900,"1771319365200-upload_35983128787480274.jpg",,,9,false,,FieldSnap,+08:00,2,4,,,true,Drainage,Matched
109991,201645,2,18.2730832,121.6758972,2026-02-17 16:01:54.846 +0900,0.0,560,358,,2026-02-17 18:09:25.572 +0900,2026-08-07 11:05:54.298 +0900,"1771319365288-upload_8451499262226787094.jpg",,,9,false,,FieldSnap,+08:00,2,4,,,true,Drainage,Matched
106811,204582,2,18.2741744,121.6865255,2026-02-15 10:29:40.725 +0900,0.0,560,358,,2026-02-15 11:46:19.080 +0900,2026-08-07 11:05:54.298 +0900,"1771123578918-upload_6220171302962808897.jpg",,,9,false,,FieldSnap,+08:00,2,4,,,true,Drainage,Matched
126001,202209,2,18.2752317,121.6892403,2026-03-06 12:13:11.927 +0900,0.0,560,358,,2026-03-06 19:37:49.863 +0900,2026-08-07 11:05:54.298 +0900,"1772793469680-upload_9004890136022606597.jpg",,Changed the lot number from 1488-ED2 to 1488-E1,9,false,,FieldSnap,+08:00,2,4,,,true,Drainage,Matched
112127,202325,2,18.2595426,121.6887263,2026-02-19 11:22:30.714 +0900,0.0,560,358,,2026-02-19 17:41:07.556 +0900,2026-08-07 11:05:54.298 +0900,"1771490467393-upload_244994555723101371.jpg",,,9,false,,FieldSnap,+08:00,2,4,,,true,Drainage,Matched
112121,201604,2,18.2595426,121.6887263,2026-02-19 11:56:04.284 +0900,0.0,560,358,,2026-02-19 17:41:04.273 +0900,2026-08-07 11:05:54.298 +0900,"1771490464107-upload_727245876755684890.jpg",,,9,false,,FieldSnap,+08:00,2,4,,,true,Drainage,Matched
103925,204400,2,18.2612211,121.692244,2026-02-11 09:58:11.023 +0900,0.0,560,358,,2026-02-11 09:58:30.256 +0900,2026-08-07 11:05:54.298 +0900,"1770771509996-upload_8416076173920112535.jpg",,Changed the lot number from 1225 to 1255,9,false,,FieldSnap,+08:00,2,4,,,true,Drainage,Matched
96712,,3,18.2662488,121.6844501,2026-02-02 18:10:20.929 +0900,18.0,560,358,,2026-02-02 18:22:49.298 +0900,2026-06-30 16:27:06.394 +0900,"1770024168995-upload_8731008605586466627.jpg","1490-A/B",,9,false,,FieldSnap,+08:00,3,3,,,false,Flooding,Pending Match
99211,,3,18.2614506,121.6890826,2026-02-04 18:42:38.582 +0900,16.0,560,358,,2026-02-04 18:42:48.352 +0900,2026-06-30 16:27:06.394 +0900,"1770198167853-upload_3093134596432931923.jpg","1599-C",,9,false,,FieldSnap,+08:00,3,3,,,false,Flooding,Pending Match
100716,,3,18.2648576,121.69387,2026-02-05 17:05:22.547 +0900,12.0,560,358,,2026-02-05 17:06:33.797 +0900,2026-06-30 16:27:06.394 +0900,"1770278793109-upload_6952425275730982341.jpg","676",,9,false,,FieldSnap,+08:00,36,3,,,false,Saturated,Pending Match
104738,,3,18.2615192,121.6922897,2026-02-11 17:46:21.468 +0900,15.0,560,358,,2026-02-12 09:00:19.786 +0900,2026-06-30 16:27:06.394 +0900,"1770854419560-upload_3069289361272911423.jpg","1602-B",,9,false,,FieldSnap,+08:00,3,3,,,false,Flooding,Pending Match
104737,,3,18.2615192,121.6922897,2026-02-11 17:54:13.929 +0900,15.0,560,358,,2026-02-12 09:00:19.341 +0900,2026-06-30 16:27:06.394 +0900,"1770854419138-upload_8295532324633301177.jpg","1604-D",,9,false,,FieldSnap,+08:00,3,3,,,false,Flooding,Pending Match
104911,,3,18.2592549,121.6888236,2026-02-12 11:15:41.574 +0900,15.0,560,358,,2026-02-12 11:27:16.618 +0900,2026-06-30 16:27:06.394 +0900,"1770863236351-upload_3512816658014706669.jpg","330",,9,false,,FieldSnap,+08:00,3,3,,,false,Flooding,Pending Match
105294,,3,18.2612215,121.6922433,2026-02-12 15:49:32.488 +0900,12.0,560,358,,2026-02-12 15:55:13.863 +0900,2026-06-30 16:27:06.394 +0900,"1770879313438-upload_2873324286382169206.jpg","1612D2",,9,false,,FieldSnap,+08:00,36,3,,,false,Saturated,Pending Match
106585,,3,18.2609237,121.6883699,2026-02-14 16:45:41.105 +0900,15.0,560,358,,2026-02-14 16:48:23.076 +0900,2026-06-30 16:27:06.394 +0900,"1771055302764-upload_3901284607941957174.jpg","331-E",,9,false,,FieldSnap,+08:00,3,3,,,false,Flooding,Pending Match
112113,,3,18.2595426,121.6887263,2026-02-19 16:46:58.943 +0900,15.0,560,358,,2026-02-19 17:40:59.843 +0900,2026-06-30 16:27:06.394 +0900,"1771490459679-upload_6060669190446376559.jpg","1618-A",,9,false,,FieldSnap,+08:00,3,3,,,false,Flooding,Pending Match
94623,200718,3,18.2730832,121.6758972,2026-02-01 10:20:30.648 +0900,12.0,560,358,,2026-02-01 10:22:37.833 +0900,2026-08-07 11:05:54.298 +0900,"1769908957659-upload_3980307283481964620.jpg",,,9,false,,FieldSnap,+08:00,36,4,,,true,Saturated,Matched
94622,204468,3,18.2730832,121.6758972,2026-02-01 10:22:06.289 +0900,15.0,560,358,,2026-02-01 10:22:15.980 +0900,2026-08-07 11:05:54.298 +0900,"1769908935534-upload_6200833224747362484.jpg",,,9,false,,FieldSnap,+08:00,3,4,,,true,Flooding,Matched
94584,204437,3,18.2663748,121.6866756,2026-02-01 10:04:24.386 +0900,22.0,560,358,,2026-02-01 10:05:03.362 +0900,2026-08-07 11:05:54.298 +0900,"1769907903183-upload_6765145965043779336.jpg",,,9,false,,FieldSnap,+08:00,3,4,,,true,Flooding,Matched
94577,200755,3,18.2670376,121.6837374,2026-02-01 10:01:46.397 +0900,9.0,560,358,,2026-02-01 10:01:52.387 +0900,2026-08-07 11:05:54.298 +0900,"1769907712044-upload_5348819870254144526.jpg",,,9,false,,FieldSnap,+08:00,37,4,,,true,Dry,Matched
94566,200776,3,18.2640505,121.6947359,2026-02-01 09:57:15.546 +0900,10.0,560,358,,2026-02-01 09:57:27.492 +0900,2026-08-07 11:05:54.298 +0900,"1769907446814-upload_1997065446381212015.jpg",,,9,false,,FieldSnap,+08:00,37,4,,,true,Dry,Matched
94559,200769,3,18.2640505,121.6947359,2026-02-01 09:54:14.217 +0900,15.0,560,358,,2026-02-01 09:54:56.569 +0900,2026-08-07 11:05:54.298 +0900,"1769907296053-upload_7876286038396494818.jpg",,,9,false,,FieldSnap,+08:00,3,4,,,true,Flooding,Matched
94614,201705,3,18.2663748,121.6866756,2026-02-01 10:13:32.286 +0900,16.0,560,358,,2026-02-01 10:14:58.503 +0900,2026-08-07 11:05:54.298 +0900,"1769908498031-upload_7887072515871739554.jpg",,,9,false,,FieldSnap,+08:00,3,4,,,true,Flooding,Matched
94624,202450,3,18.2730832,121.6758972,2026-02-01 10:25:11.917 +0900,8.0,560,358,,2026-02-01 10:25:34.669 +0900,2026-08-07 11:05:54.298 +0900,"1769909134364-upload_1513054200017190490.jpg",,Changed the lot number from 2378-C2 to 2378-C,9,false,,FieldSnap,+08:00,37,4,,,true,Dry,Matched
94603,204450,3,18.2663748,121.6866756,2026-02-01 10:11:10.290 +0900,14.0,560,358,,2026-02-01 10:11:20.300 +0900,2026-08-07 11:05:54.298 +0900,"1769908279919-upload_4254579124828778256.jpg",,Changed the lot number from 2484 to 2384,9,false,,FieldSnap,+08:00,36,4,,,true,Saturated,Matched
96691,201653,3,18.2662488,121.6844501,2026-02-02 17:59:45.523 +0900,18.0,560,358,,2026-02-02 18:04:14.796 +0900,2026-08-07 11:05:54.298 +0900,"1770023054632-upload_4565943355693196058.jpg",,,9,false,,FieldSnap,+08:00,3,4,,,true,Flooding,Matched
96714,201654,3,18.2662488,121.6844501,2026-02-02 18:05:13.498 +0900,19.0,560,358,,2026-02-02 18:22:49.560 +0900,2026-08-07 11:05:54.298 +0900,"1770024168564-upload_8251261537699407318.jpg",,,9,false,,FieldSnap,+08:00,3,4,,,true,Flooding,Matched
96713,202897,3,18.2740701,121.6758972,2026-02-02 18:13:31.511 +0900,17.0,560,358,,2026-02-02 18:22:49.451 +0900,2026-08-07 11:05:54.298 +0900,"1770024168548-upload_4852770526592591985.jpg",,,9,false,,FieldSnap,+08:00,3,4,,,true,Flooding,Matched
129393,204411,3,18.2598715,121.6887263,2026-03-13 18:21:22.494 +0900,16.0,560,358,,2026-03-13 18:54:36.387 +0900,2026-08-07 11:05:54.298 +0900,"1773395676125-upload_8061558175863495592.jpg",,Changed the lot number from 1645-BD2 to 1645-B,9,false,,FieldSnap,+08:00,3,4,,,true,Flooding,Matched
99074,204465,3,18.2565111,121.6886383,2026-02-04 17:31:51.764 +0900,14.0,560,358,,2026-02-04 17:31:58.918 +0900,2026-08-07 11:05:54.298 +0900,"1770193918748-upload_8324280636724770159.jpg",,,9,false,,FieldSnap,+08:00,36,4,,,true,Saturated,Matched
99067,202865,3,18.2608018,121.6935954,2026-02-04 17:28:59.477 +0900,15.0,560,358,,2026-02-04 17:29:15.224 +0900,2026-08-07 11:05:54.298 +0900,"1770193755052-upload_2331431445124135478.jpg",,,9,false,,FieldSnap,+08:00,3,4,,,true,Flooding,Matched
99108,201603,3,18.260852,121.6958802,2026-02-04 17:47:33.053 +0900,19.0,560,358,,2026-02-04 17:48:41.598 +0900,2026-08-07 11:05:54.298 +0900,"1770194921038-upload_1974962766036666606.jpg",,,9,false,,FieldSnap,+08:00,3,4,,,true,Flooding,Matched
99207,201599,3,18.2607649,121.6972422,2026-02-04 18:38:16.308 +0900,17.0,560,358,,2026-02-04 18:38:27.906 +0900,2026-08-07 11:05:54.298 +0900,"1770197907725-upload_5906635203167879405.jpg",,,9,false,,FieldSnap,+08:00,3,4,,,true,Flooding,Matched
99201,202314,3,18.2607649,121.6972422,2026-02-04 18:33:46.810 +0900,15.0,560,358,,2026-02-04 18:33:56.521 +0900,2026-08-07 11:05:54.298 +0900,"1770197636196-upload_5194992165880344360.jpg",,,9,false,,FieldSnap,+08:00,3,4,,,true,Flooding,Matched
99196,202341,3,18.2607649,121.6972422,2026-02-04 18:29:36.917 +0900,14.0,560,358,,2026-02-04 18:31:49.432 +0900,2026-08-07 11:05:54.298 +0900,"1770197508925-upload_834559216059741358.jpg",,,9,false,,FieldSnap,+08:00,36,4,,,true,Saturated,Matched
99195,201633,3,18.2607649,121.6972422,2026-02-04 18:27:22.459 +0900,17.0,560,358,,2026-02-04 18:31:49.173 +0900,2026-08-07 11:05:54.298 +0900,"1770197508884-upload_183572025376324853.jpg",,,9,false,,FieldSnap,+08:00,3,4,,,true,Flooding,Matched
99260,202871,3,18.26063,121.6988688,2026-02-04 18:50:57.362 +0900,15.0,560,358,,2026-02-04 18:52:08.882 +0900,2026-08-07 11:05:54.298 +0900,"1770198728508-upload_284420139573602393.jpg",,,9,false,,FieldSnap,+08:00,3,4,,,true,Flooding,Matched
120959,202868,3,18.2538698,121.6868552,2026-03-02 09:37:04.533 +0900,14.0,560,358,,2026-03-02 12:01:16.856 +0900,2026-08-07 11:05:54.298 +0900,"1772420476660-upload_99985958661497449.jpg",,,9,false,,FieldSnap,+08:00,36,4,,,true,Saturated,Matched
120961,200748,3,18.2538698,121.6868552,2026-03-02 09:39:15.427 +0900,13.0,560,358,,2026-03-02 12:01:17.274 +0900,2026-08-07 11:05:54.298 +0900,"1772420476860-upload_4945311716252476448.jpg",,,9,false,,FieldSnap,+08:00,36,4,,,true,Saturated,Matched
100626,202226,3,18.2616517,121.6933587,2026-02-05 15:21:07.386 +0900,13.0,560,358,,2026-02-05 15:41:35.334 +0900,2026-08-07 11:05:54.298 +0900,"1770273694637-upload_8248038310550068768.jpg",,,9,false,,FieldSnap,+08:00,36,4,,,true,Saturated,Matched
101199,204393,3,18.2644759,121.6963892,2026-02-06 10:06:04.956 +0900,7.0,560,358,,2026-02-06 11:19:40.341 +0900,2026-08-07 11:05:54.298 +0900,"1770344380038-upload_1489082925766204322.jpg",,,9,false,,FieldSnap,+08:00,37,4,,,true,Dry,Matched
101204,206131,3,18.2644759,121.6963892,2026-02-06 10:09:22.571 +0900,15.0,560,358,,2026-02-06 11:19:43.406 +0900,2026-08-07 11:05:54.298 +0900,"1770344383231-upload_3519944960767897378.jpg",,,9,false,,FieldSnap,+08:00,3,4,,,true,Flooding,Matched
101202,202224,3,18.25349,121.687452,2026-02-06 09:52:32.171 +0900,15.0,560,358,,2026-02-06 11:19:43.058 +0900,2026-08-07 11:05:54.298 +0900,"1770344382777-upload_4216168046923841410.jpg",,,9,false,,FieldSnap,+08:00,3,4,,,true,Flooding,Matched
103258,204458,3,18.2638185,121.6887263,2026-02-09 18:15:30.137 +0900,19.0,560,358,,2026-02-09 18:19:08.994 +0900,2026-08-07 11:05:54.298 +0900,"1770628748838-upload_3490696745589050008.jpg",,,9,false,,FieldSnap,+08:00,3,4,,,true,Flooding,Matched
103257,201617,3,18.2638185,121.6887263,2026-02-09 18:09:08.438 +0900,28.0,560,358,,2026-02-09 18:19:07.539 +0900,2026-08-07 11:05:54.298 +0900,"1770628747054-upload_7814270326467807917.jpg",,,9,false,,FieldSnap,+08:00,3,4,,,true,Flooding,Matched
103259,202190,3,18.2730832,121.6758972,2026-02-09 18:04:22.159 +0900,24.0,560,358,,2026-02-09 18:19:09.634 +0900,2026-08-07 11:05:54.298 +0900,"1770628749463-upload_7060389771993354608.jpg",,,9,false,,FieldSnap,+08:00,3,4,,,true,Flooding,Matched
103256,202462,3,18.2638185,121.6887263,2026-02-09 18:12:17.991 +0900,29.0,560,358,,2026-02-09 18:19:06.485 +0900,2026-08-07 11:05:54.298 +0900,"1770628745655-upload_4893726798875092969.jpg",,,9,false,,FieldSnap,+08:00,3,4,,,true,Flooding,Matched
104741,204466,3,18.2615192,121.6922897,2026-02-11 17:56:58.112 +0900,15.0,560,359,,2026-02-12 09:00:20.771 +0900,2026-08-07 11:05:54.298 +0900,"1770854420555-upload_3287376780999094295.jpg",,,9,false,,FieldSnap,+08:00,3,4,,,true,Flooding,Matched
104732,201623,3,18.2608438,121.6959257,2026-02-11 18:50:52.586 +0900,12.0,560,358,,2026-02-12 09:00:16.060 +0900,2026-08-07 11:05:54.298 +0900,"1770854415850-upload_2792536715416356000.jpg",,,9,false,,FieldSnap,+08:00,36,4,,,true,Saturated,Matched
104735,204451,3,18.2608546,121.6958842,2026-02-11 18:18:30.987 +0900,16.0,560,359,,2026-02-12 09:00:17.255 +0900,2026-08-07 11:05:54.298 +0900,"1770854417077-upload_8711933479704448687.jpg",,,9,false,,FieldSnap,+08:00,3,4,,,true,Flooding,Matched
104740,204443,3,18.2615192,121.6922897,2026-02-11 17:48:25.428 +0900,15.0,560,358,,2026-02-12 09:00:20.177 +0900,2026-08-07 11:05:54.298 +0900,"1770854420008-upload_930749429013301762.jpg",,Changed the lot number from 294-Ato 298-A,9,false,,FieldSnap,+08:00,3,4,,,true,Flooding,Matched
104884,202323,3,18.2595426,121.6887263,2026-02-12 11:02:35.973 +0900,12.0,560,358,,2026-02-12 11:02:56.529 +0900,2026-08-07 11:05:54.298 +0900,"1770861776307-upload_1771367464465949401.jpg",,,9,false,,FieldSnap,+08:00,36,4,,,true,Saturated,Matched
104894,202574,3,18.2595426,121.6887263,2026-02-12 11:12:27.682 +0900,15.0,560,358,,2026-02-12 11:12:38.803 +0900,2026-08-07 11:05:54.298 +0900,"1770862358609-upload_507787082667934780.jpg",,,9,false,,FieldSnap,+08:00,3,4,,,true,Flooding,Matched
104891,206138,3,18.2595426,121.6887263,2026-02-12 11:10:18.819 +0900,15.0,560,358,,2026-02-12 11:10:37.559 +0900,2026-08-07 11:05:54.298 +0900,"1770862237373-upload_8678679137358581473.jpg",,,9,false,,FieldSnap,+08:00,3,4,,,true,Flooding,Matched
104918,201628,3,18.2535876,121.6928346,2026-02-12 11:36:11.281 +0900,15.0,560,358,,2026-02-12 11:36:29.950 +0900,2026-08-07 11:05:54.298 +0900,"1770863789537-upload_417386631627974489.jpg",,,9,false,,FieldSnap,+08:00,3,4,,,true,Flooding,Matched
105295,202261,3,18.2612215,121.6922433,2026-02-12 15:54:26.249 +0900,15.0,560,358,,2026-02-12 15:55:34.510 +0900,2026-08-07 11:05:54.298 +0900,"1770879334285-upload_8410156631827481556.jpg",,,9,false,,FieldSnap,+08:00,3,4,,,true,Flooding,Matched
105296,201646,3,18.2535896,121.6928383,2026-02-12 15:56:04.333 +0900,16.0,560,358,,2026-02-12 15:56:21.229 +0900,2026-08-07 11:05:54.298 +0900,"1770879380996-upload_3173466098454658687.jpg",,,9,false,,FieldSnap,+08:00,3,4,,,true,Flooding,Matched
105300,204452,3,18.2535896,121.6928383,2026-02-12 15:59:20.792 +0900,18.0,560,358,,2026-02-12 15:59:34.261 +0900,2026-08-07 11:05:54.298 +0900,"1770879574101-upload_7695494555616099119.jpg",,,9,false,,FieldSnap,+08:00,3,4,,,true,Flooding,Matched
105337,202461,3,18.2565298,121.688634,2026-02-12 16:25:50.050 +0900,19.0,560,358,,2026-02-12 16:26:02.934 +0900,2026-08-07 11:05:54.298 +0900,"1770881162577-upload_7638055113364271753.jpg",,,9,false,,FieldSnap,+08:00,3,4,,,true,Flooding,Matched
105475,202327,3,18.2595426,121.6887263,2026-02-12 17:59:48.006 +0900,15.0,560,358,,2026-02-12 17:59:59.083 +0900,2026-08-07 11:05:54.298 +0900,"1770886798796-upload_1209577922174094984.jpg",,,9,false,,FieldSnap,+08:00,3,4,,,true,Flooding,Matched
105493,201622,3,18.2611871,121.6887263,2026-02-12 18:30:14.782 +0900,14.0,560,358,,2026-02-12 18:47:03.701 +0900,2026-08-07 11:05:54.298 +0900,"1770889623531-upload_5459974647985701647.jpg",,,9,false,,FieldSnap,+08:00,36,4,,,true,Saturated,Matched
105490,202448,3,18.2611871,121.6887263,2026-02-12 18:39:35.663 +0900,15.0,560,358,,2026-02-12 18:47:01.592 +0900,2026-08-07 11:05:54.298 +0900,"1770889621426-upload_1966025331287806173.jpg",,,9,false,,FieldSnap,+08:00,3,4,,,true,Flooding,Matched
105494,204472,3,18.2595426,121.6887263,2026-02-12 18:03:34.606 +0900,16.0,560,359,,2026-02-12 18:47:04.252 +0900,2026-08-07 11:05:54.298 +0900,"1770889624078-upload_6096493160711091381.jpg",,,9,false,,FieldSnap,+08:00,3,4,,,true,Flooding,Matched
105495,202901,3,18.2595426,121.6887263,2026-02-12 18:04:57.848 +0900,13.0,560,358,,2026-02-12 18:47:04.257 +0900,2026-08-07 11:05:54.298 +0900,"1770889624097-upload_5957940235987093002.jpg",,,9,false,,FieldSnap,+08:00,36,4,,,true,Saturated,Matched
105489,201598,3,18.2595426,121.6887263,2026-02-12 18:11:02.946 +0900,13.0,560,358,,2026-02-12 18:47:01.474 +0900,2026-08-07 11:05:54.298 +0900,"1770889620755-upload_1290282006668393353.jpg",,,9,false,,FieldSnap,+08:00,36,4,,,true,Saturated,Matched
105488,202255,3,18.2611871,121.6887263,2026-02-12 18:32:46.608 +0900,18.0,560,358,,2026-02-12 18:47:01.422 +0900,2026-08-07 11:05:54.298 +0900,"1770889620564-upload_8330123796436968596.jpg",,,9,false,,FieldSnap,+08:00,3,4,,,true,Flooding,Matched
106435,201636,3,18.2595426,121.6887263,2026-02-14 11:55:44.674 +0900,15.0,560,358,,2026-02-14 11:56:38.353 +0900,2026-08-07 11:05:54.298 +0900,"1771037797565-upload_2589240422132654365.jpg",,,9,false,,FieldSnap,+08:00,3,4,,,true,Flooding,Matched
106526,202864,3,18.2614553,121.6944277,2026-02-14 16:01:43.629 +0900,13.0,560,358,,2026-02-14 16:01:52.174 +0900,2026-08-07 11:05:54.298 +0900,"1771052511804-upload_8662903398985949045.jpg",,,9,false,,FieldSnap,+08:00,36,4,,,true,Saturated,Matched
106576,201597,3,18.2609237,121.6883699,2026-02-14 16:41:45.559 +0900,16.0,560,358,,2026-02-14 16:42:03.059 +0900,2026-08-07 11:05:54.298 +0900,"1771054922894-upload_5156247470026095458.jpg",,,9,false,,FieldSnap,+08:00,3,4,,,true,Flooding,Matched
106586,202262,3,18.2599369,121.6883699,2026-02-14 16:47:28.058 +0900,15.0,560,358,,2026-02-14 16:48:23.872 +0900,2026-08-07 11:05:54.298 +0900,"1771055303129-upload_2514235240183226376.jpg",,,9,false,,FieldSnap,+08:00,3,4,,,true,Flooding,Matched
106592,202445,3,18.2599369,121.6883699,2026-02-14 16:51:12.732 +0900,16.0,560,358,,2026-02-14 16:51:22.128 +0900,2026-08-07 11:05:54.298 +0900,"1771055481950-upload_3225714928753218463.jpg",,,9,false,,FieldSnap,+08:00,3,4,,,true,Flooding,Matched
106812,202251,3,18.2548668,121.6880124,2026-02-15 09:08:19.626 +0900,16.0,560,358,,2026-02-15 11:46:19.284 +0900,2026-08-07 11:05:54.298 +0900,"1771123579104-upload_3985878095667238285.jpg",,,9,false,,FieldSnap,+08:00,3,4,,,true,Flooding,Matched
121454,201605,3,18.2614506,121.6890826,2026-03-02 17:33:20.406 +0900,14.0,560,358,,2026-03-02 18:51:17.124 +0900,2026-08-07 11:05:54.298 +0900,"1772445076967-upload_6393871635121663745.jpg",,,9,false,,FieldSnap,+08:00,36,4,,,true,Saturated,Matched
121456,202316,3,18.2565997,121.6886033,2026-03-02 17:21:29.715 +0900,15.0,560,358,,2026-03-02 18:51:17.403 +0900,2026-08-07 11:05:54.298 +0900,"1772445077230-upload_666143654072634528.jpg",,,9,false,,FieldSnap,+08:00,3,4,,,true,Flooding,Matched
108786,202193,3,18.2635566,121.6901517,2026-02-16 17:56:16.588 +0900,13.0,560,358,,2026-02-16 17:56:24.323 +0900,2026-08-07 11:05:54.298 +0900,"1771232184048-upload_6548326656747551213.jpg","2401",,9,false,,FieldSnap,+08:00,36,4,,,true,Saturated,Matched
108794,202317,3,18.2653306,121.6876573,2026-02-16 18:06:38.601 +0900,18.0,560,358,,2026-02-16 18:07:02.303 +0900,2026-08-07 11:05:54.298 +0900,"1771232821887-upload_1357369540399540030.jpg",,,9,false,,FieldSnap,+08:00,3,4,,,true,Flooding,Matched
108790,204457,3,18.2740701,121.6758972,2026-02-16 17:59:27.580 +0900,16.0,560,359,,2026-02-16 17:59:35.260 +0900,2026-08-07 11:05:54.298 +0900,"1771232375098-upload_2789007229949680181.jpg",,,9,false,,FieldSnap,+08:00,3,4,,,true,Flooding,Matched
108756,202892,3,18.2653306,121.6876573,2026-02-16 17:46:48.963 +0900,18.0,560,358,,2026-02-16 17:47:16.596 +0900,2026-08-07 11:05:54.298 +0900,"1771231636403-upload_4768156640808936484.jpg",,,9,false,,FieldSnap,+08:00,3,4,,,true,Flooding,Matched
108580,204602,3,18.2614506,121.6890826,2026-02-16 16:21:37.309 +0900,15.0,560,359,,2026-02-16 16:23:36.053 +0900,2026-08-07 11:05:54.298 +0900,"1771226615484-upload_496162339793104456.jpg",,,9,false,,FieldSnap,+08:00,3,4,,,true,Flooding,Matched
120951,206135,3,18.2538698,121.6868552,2026-03-02 09:46:18.132 +0900,21.0,560,358,,2026-03-02 12:01:10.580 +0900,2026-08-07 11:05:54.298 +0900,"1772420470302-upload_5654853665709207342.jpg",,,9,false,,FieldSnap,+08:00,3,4,,,true,Flooding,Matched
112116,202325,3,18.2595426,121.6887263,2026-02-19 16:40:25.179 +0900,17.0,560,358,,2026-02-19 17:41:01.540 +0900,2026-08-07 11:05:54.298 +0900,"1771490461028-upload_2919880634077553478.jpg",,,9,false,,FieldSnap,+08:00,3,4,,,true,Flooding,Matched
112112,201604,3,18.2615067,121.6927084,2026-02-19 16:58:28.323 +0900,18.0,560,358,,2026-02-19 17:40:59.476 +0900,2026-08-07 11:05:54.298 +0900,"1771490459299-upload_1453986008144245938.jpg",,,9,false,,FieldSnap,+08:00,3,4,,,true,Flooding,Matched
129413,201619,3,18.2595426,121.6887263,2026-03-13 17:25:54.480 +0900,15.0,560,358,,2026-03-13 18:54:51.999 +0900,2026-08-07 11:05:54.298 +0900,"1773395691800-upload_6590246935261634423.jpg",,,9,false,,FieldSnap,+08:00,3,4,,,true,Flooding,Matched
129391,201663,3,18.2598715,121.6887263,2026-03-13 18:28:01.399 +0900,15.0,560,358,,2026-03-13 18:54:32.955 +0900,2026-08-07 11:05:54.298 +0900,"1773395672773-upload_6418017205427968488.jpg",,,9,false,,FieldSnap,+08:00,3,4,,,true,Flooding,Matched
129392,204454,3,18.2598715,121.6887263,2026-03-13 18:23:32.653 +0900,16.0,560,358,,2026-03-13 18:54:36.078 +0900,2026-08-07 11:05:54.298 +0900,"1773395675895-upload_5402888046552997902.jpg",,,9,false,,FieldSnap,+08:00,3,4,,,true,Flooding,Matched
104731,204400,3,18.2608438,121.6959257,2026-02-11 18:47:09.058 +0900,15.0,560,358,,2026-02-12 09:00:16.028 +0900,2026-08-07 11:05:54.298 +0900,"1770854415812-upload_6785093125085053110.jpg",,Changed the lot number from 1225 to 1255,9,false,,FieldSnap,+08:00,3,4,,,true,Flooding,Matched
94659,,4,18.2641161,121.6948113,2026-02-01 11:09:03.403 +0900,0.0,560,358,,2026-02-01 11:09:41.772 +0900,2026-06-30 16:27:06.394 +0900,"1769911781321-upload_9059419761013980594.jpg","682",,9,false,,FieldSnap,+08:00,2,3,,,false,Drainage,Pending Match
105387,,4,18.2602699,121.6898657,2026-02-12 16:58:52.451 +0900,0.0,560,358,,2026-02-12 17:07:19.032 +0900,2026-06-30 16:27:06.394 +0900,"1770883638766-upload_4179573859333736653.jpg","1599-C",,9,false,,FieldSnap,+08:00,2,3,,,false,Drainage,Pending Match
125999,,4,18.261269,121.7079672,2026-03-06 16:27:03.633 +0900,0.0,560,358,,2026-03-06 19:37:46.943 +0900,2026-06-30 16:27:06.394 +0900,"1772793466068-upload_79342449292015621.jpg","1490-A/B",,9,false,,FieldSnap,+08:00,2,3,,,false,Drainage,Pending Match
112130,,4,18.2595426,121.6887263,2026-02-19 10:36:45.826 +0900,0.0,560,358,,2026-02-19 17:41:09.042 +0900,2026-06-30 16:27:06.394 +0900,"1771490468864-upload_988916938635552986.jpg","1612D2",,9,false,,FieldSnap,+08:00,2,3,,,false,Drainage,Pending Match
112132,,4,18.2611871,121.6887263,2026-02-19 10:58:56.168 +0900,0.0,560,358,,2026-02-19 17:41:09.281 +0900,2026-06-30 16:27:06.394 +0900,"1771490469105-upload_5133196401067585394.jpg","1604-D",,9,false,,FieldSnap,+08:00,2,3,,,false,Drainage,Pending Match
112125,,4,18.2595426,121.6887263,2026-02-19 11:46:58.678 +0900,0.0,560,358,,2026-02-19 17:41:06.708 +0900,2026-06-30 16:27:06.394 +0900,"1771490466544-upload_545943477155813711.jpg","1602-B",,9,false,,FieldSnap,+08:00,2,3,,,false,Drainage,Pending Match
98527,,4,18.2565113,121.6886442,2026-02-04 11:18:08.470 +0900,0.0,560,358,,2026-02-04 11:19:30.815 +0900,2026-06-30 16:27:06.394 +0900,"1770171570491-upload_6613044463950620794.jpg","1597-D",,9,false,,FieldSnap,+08:00,2,3,,,false,Drainage,Pending Match
94738,204395,4,18.2647554,121.6939963,2026-02-01 12:09:50.571 +0900,0.0,560,359,,2026-02-01 12:10:36.985 +0900,2026-08-07 11:05:54.298 +0900,"1769915436711-upload_2671043066525155846.jpg",,,9,false,,FieldSnap,+08:00,2,4,,,true,Drainage,Matched
112124,204443,4,18.2556611,121.6883699,2026-02-19 11:47:59.265 +0900,0.0,560,358,,2026-02-19 17:41:04.596 +0900,2026-08-07 11:05:54.298 +0900,"1771490464413-upload_815648299079862866.jpg",,Changed the lot number from 294-Ato 298-A,9,false,,FieldSnap,+08:00,2,4,,,true,Drainage,Matched
98521,204424,4,18.2601194,121.6897877,2026-02-04 10:50:17.987 +0900,0.0,560,359,,2026-02-04 10:51:30.611 +0900,2026-08-07 11:05:54.298 +0900,"1770169890260-upload_6286841413340690546.jpg",,,9,false,,FieldSnap,+08:00,2,4,,,true,Drainage,Matched
98509,204467,4,18.2595426,121.6887263,2026-02-04 10:14:28.858 +0900,0.0,560,359,,2026-02-04 10:14:40.841 +0900,2026-08-07 11:05:54.298 +0900,"1770167680412-upload_5440710336232517609.jpg",,,9,false,,FieldSnap,+08:00,2,4,,,true,Drainage,Matched
98528,201695,4,18.260844,121.6958775,2026-02-04 11:27:31.211 +0900,0.0,560,358,,2026-02-04 11:27:50.962 +0900,2026-08-07 11:05:54.298 +0900,"1770172070671-upload_221033877865709329.jpg",,,9,false,,FieldSnap,+08:00,2,4,,,true,Drainage,Matched
98553,202860,4,18.261269,121.7079672,2026-02-04 12:00:43.757 +0900,0.0,560,358,,2026-02-04 12:02:05.403 +0900,2026-08-07 11:05:54.298 +0900,"1770174125109-upload_7849318474742338728.jpg",,,9,false,,FieldSnap,+08:00,2,4,,,true,Drainage,Matched
98565,201635,4,18.2615192,121.6922897,2026-02-04 12:19:09.751 +0900,0.0,560,358,,2026-02-04 12:19:21.261 +0900,2026-08-07 11:05:54.298 +0900,"1770175160468-upload_5890798419734127241.jpg",,,9,false,,FieldSnap,+08:00,2,4,,,true,Drainage,Matched
98560,202858,4,18.2608432,121.6958758,2026-02-04 12:09:52.797 +0900,0.0,560,358,,2026-02-04 12:10:45.875 +0900,2026-08-07 11:05:54.298 +0900,"1770174645571-upload_6131918408110035625.jpg",,,9,false,,FieldSnap,+08:00,2,4,,,true,Drainage,Matched
98582,201694,4,18.2565108,121.6886429,2026-02-04 13:25:04.465 +0900,0.0,560,358,,2026-02-04 13:25:17.594 +0900,2026-08-07 11:05:54.298 +0900,"1770179117019-upload_1942877799785274854.jpg",,,9,false,,FieldSnap,+08:00,2,4,,,true,Drainage,Matched
98555,202859,4,18.2608432,121.6958758,2026-02-04 12:03:33.469 +0900,0.0,560,358,,2026-02-04 12:03:43.609 +0900,2026-08-07 11:05:54.298 +0900,"1770174223089-upload_1632137812032126283.jpg",,,9,false,,FieldSnap,+08:00,2,4,,,true,Drainage,Matched
98654,202254,4,18.2595426,121.6887263,2026-02-04 13:50:08.526 +0900,0.0,560,358,,2026-02-04 14:23:52.888 +0900,2026-08-07 11:05:54.298 +0900,"1770182632480-upload_630312363698720208.jpg",,,9,false,,FieldSnap,+08:00,2,4,,,true,Drainage,Matched
132681,204406,4,18.2526381,121.6866244,2026-03-19 17:07:51.529 +0900,0.0,560,358,,2026-03-19 17:26:29.649 +0900,2026-08-07 11:05:54.298 +0900,"1773908789286-upload_4656230509477332082.jpg","1645-A",,9,false,,FieldSnap,+08:00,2,4,,,true,Drainage,Matched
120958,204392,4,18.2555302,121.6890826,2026-03-02 10:47:12.133 +0900,0.0,560,359,,2026-03-02 12:01:16.658 +0900,2026-08-07 11:05:54.298 +0900,"1772420476181-upload_7740179864804503422.jpg",,,9,false,,FieldSnap,+08:00,2,4,,,true,Drainage,Matched
120955,202444,4,18.2555302,121.6890826,2026-03-02 10:44:21.058 +0900,0.0,560,359,,2026-03-02 12:01:12.027 +0900,2026-08-07 11:05:54.298 +0900,"1772420471826-upload_1143998708273547867.jpg",,,9,false,,FieldSnap,+08:00,2,4,,,true,Drainage,Matched
120956,201637,4,18.2538698,121.6868552,2026-03-02 10:25:53.567 +0900,0.0,560,359,,2026-03-02 12:01:13.676 +0900,2026-08-07 11:05:54.298 +0900,"1772420473492-upload_2350769402147194172.jpg",,,9,false,,FieldSnap,+08:00,2,4,,,true,Drainage,Matched
100699,200776,4,18.2610944,121.6930364,2026-02-05 16:54:58.467 +0900,0.0,560,358,,2026-02-05 16:55:05.848 +0900,2026-08-07 11:05:54.298 +0900,"1770278105047-upload_3808735249985579865.jpg",,,9,false,,FieldSnap,+08:00,2,4,,,true,Drainage,Matched
100768,202218,4,18.264857,121.6938921,2026-02-05 17:34:14.692 +0900,0.0,560,358,,2026-02-05 17:36:25.971 +0900,2026-08-07 11:05:54.298 +0900,"1770280585595-upload_1804057951911800774.jpg",,,9,false,,FieldSnap,+08:00,2,4,,,true,Drainage,Matched
103941,202862,4,18.2601727,121.6944046,2026-02-11 10:15:29.783 +0900,0.0,560,358,,2026-02-11 10:16:20.266 +0900,2026-08-07 11:05:54.298 +0900,"1770772579900-upload_274670611392143899.jpg",,,9,false,,FieldSnap,+08:00,2,4,,,true,Drainage,Matched
103945,202865,4,18.2601727,121.6944046,2026-02-11 10:24:15.842 +0900,0.0,560,358,,2026-02-11 10:24:24.638 +0900,2026-08-07 11:05:54.298 +0900,"1770773064347-upload_8954890441509909208.jpg",,,9,false,,FieldSnap,+08:00,2,4,,,true,Drainage,Matched
103993,202871,4,18.2595426,121.6887263,2026-02-11 10:37:29.399 +0900,0.0,560,358,,2026-02-11 10:48:56.278 +0900,2026-08-07 11:05:54.298 +0900,"1770774535994-upload_5067840526557745855.jpg",,,9,false,,FieldSnap,+08:00,2,4,,,true,Drainage,Matched
104749,202340,4,18.2595426,121.6887263,2026-02-11 13:11:16.109 +0900,0.0,560,358,,2026-02-12 09:00:26.439 +0900,2026-08-07 11:05:54.298 +0900,"1770854426113-upload_512128090371303279.jpg",,,9,false,,FieldSnap,+08:00,2,4,,,true,Drainage,Matched
104746,204449,4,18.2613064,121.691707,2026-02-11 12:41:49.969 +0900,0.0,560,358,,2026-02-12 09:00:24.363 +0900,2026-08-07 11:05:54.298 +0900,"1770854424183-upload_5616789522318256819.jpg",,,9,false,,FieldSnap,+08:00,2,4,,,true,Drainage,Matched
104747,201647,4,18.2595426,121.6887263,2026-02-11 13:14:06.990 +0900,0.0,560,358,,2026-02-12 09:00:24.531 +0900,2026-08-07 11:05:54.298 +0900,"1770854424374-upload_7373413267643716912.jpg",,,9,false,,FieldSnap,+08:00,2,4,,,true,Drainage,Matched
104874,201638,4,18.2612154,121.6922475,2026-02-12 10:28:17.283 +0900,0.0,560,358,,2026-02-12 10:57:07.646 +0900,2026-08-07 11:05:54.298 +0900,"1770861427487-upload_8892356047182958322.jpg",,,9,false,,FieldSnap,+08:00,2,4,,,true,Drainage,Matched
104870,202350,4,18.2612866,121.6918003,2026-02-12 10:43:22.129 +0900,0.0,560,358,,2026-02-12 10:57:03.172 +0900,2026-08-07 11:05:54.298 +0900,"1770861423001-upload_4435552975614712915.jpg",,,9,false,,FieldSnap,+08:00,2,4,,,true,Drainage,Matched
105391,201599,4,18.2608546,121.6958842,2026-02-12 17:09:16.777 +0900,0.0,560,358,,2026-02-12 17:09:28.222 +0900,2026-08-07 11:05:54.298 +0900,"1770883767597-upload_2266965639601138263.jpg",,,9,false,,FieldSnap,+08:00,2,4,,,true,Drainage,Matched
106545,202891,4,18.2614553,121.6944277,2026-02-14 16:07:38.986 +0900,0.0,560,358,,2026-02-14 16:15:04.402 +0900,2026-08-07 11:05:54.298 +0900,"1771053303816-upload_4504504056521163039.jpg",,,9,false,,FieldSnap,+08:00,2,4,,,true,Drainage,Matched
106556,204390,4,18.2595426,121.6887263,2026-02-14 16:27:20.318 +0900,0.0,560,358,,2026-02-14 16:27:46.711 +0900,2026-08-07 11:05:54.298 +0900,"1771054066320-upload_7509661671455263350.jpg",,,9,false,,FieldSnap,+08:00,2,4,,,true,Drainage,Matched
106804,202897,4,18.2741744,121.6865255,2026-02-15 10:07:28.102 +0900,0.0,560,358,,2026-02-15 11:46:12.019 +0900,2026-08-07 11:05:54.298 +0900,"1771123571721-upload_331986115077223131.jpg",,,9,false,,FieldSnap,+08:00,2,4,,,true,Drainage,Matched
121450,206132,4,18.2614506,121.6890826,2026-03-02 17:37:36.661 +0900,0.0,560,358,,2026-03-02 18:51:12.270 +0900,2026-08-07 11:05:54.298 +0900,"1772445072062-upload_1385206368033900367.jpg",,,9,false,,FieldSnap,+08:00,2,4,,,true,Drainage,Matched
121446,202861,4,18.2614506,121.6890826,2026-03-02 18:00:48.152 +0900,0.0,560,359,,2026-03-02 18:51:09.600 +0900,2026-08-07 11:05:54.298 +0900,"1772445069429-upload_2316122217545727942.jpg",,,9,false,,FieldSnap,+08:00,2,4,,,true,Drainage,Matched
121447,202870,4,18.2614506,121.6890826,2026-03-02 17:58:32.152 +0900,0.0,560,359,,2026-03-02 18:51:10.436 +0900,2026-08-07 11:05:54.298 +0900,"1772445070245-upload_128057565550862046.jpg",,,9,false,,FieldSnap,+08:00,2,4,,,true,Drainage,Matched
121440,204592,4,18.2614506,121.6890826,2026-03-02 18:03:05.405 +0900,0.0,560,358,,2026-03-02 18:51:04.006 +0900,2026-08-07 11:05:54.298 +0900,"1772445063835-upload_1887173323698868009.jpg",,,9,false,,FieldSnap,+08:00,2,4,,,true,Drainage,Matched
126003,201609,4,18.2657234,121.6855191,2026-03-06 12:23:06.565 +0900,0.0,560,358,,2026-03-06 19:37:50.532 +0900,2026-08-07 11:05:54.298 +0900,"1772793469833-upload_1054683717866755588.jpg",,,9,false,,FieldSnap,+08:00,2,4,,,true,Drainage,Matched
103939,204465,4,18.2629643,121.6897953,2026-02-11 10:12:12.280 +0900,0.0,560,358,,2026-02-11 10:12:23.587 +0900,2026-08-07 11:05:54.298 +0900,"1770772343342-upload_8423639614409423588.jpg",,,9,false,,FieldSnap,+08:00,2,4,,,true,Drainage,Matched
121452,206168,4,18.2614506,121.6890826,2026-03-02 17:50:19.882 +0900,0.0,560,358,,2026-03-02 18:51:14.798 +0900,2026-08-07 11:05:54.298 +0900,"1772445074579-upload_4233808397489454059.jpg",,,9,false,,FieldSnap,+08:00,2,4,,,true,Drainage,Matched
121449,206128,4,18.2614506,121.6890826,2026-03-02 17:53:00.349 +0900,0.0,560,358,,2026-03-02 18:51:12.112 +0900,2026-08-07 11:05:54.298 +0900,"1772445071954-upload_8055020373942665603.jpg",,,9,false,,FieldSnap,+08:00,2,4,,,true,Drainage,Matched
121453,206144,4,18.2614506,121.6890826,2026-03-02 17:34:17.164 +0900,0.0,560,358,,2026-03-02 18:51:14.976 +0900,2026-08-07 11:05:54.298 +0900,"1772445074771-upload_4485880125917424898.jpg",,,9,false,,FieldSnap,+08:00,2,4,,,true,Drainage,Matched
121442,204394,4,18.2614506,121.6890826,2026-03-02 18:05:51.583 +0900,0.0,560,359,,2026-03-02 18:51:06.420 +0900,2026-08-07 11:05:54.298 +0900,"1772445066258-upload_5037050714483046784.jpg",,,9,false,,FieldSnap,+08:00,2,4,,,true,Drainage,Matched
121448,204446,4,18.2614506,121.6890826,2026-03-02 17:47:37.306 +0900,0.0,560,359,,2026-03-02 18:51:11.380 +0900,2026-08-07 11:05:54.298 +0900,"1772445071198-upload_6532046873025122933.jpg",,,9,false,,FieldSnap,+08:00,2,4,,,true,Drainage,Matched
121444,206136,4,18.2614553,121.6944277,2026-03-02 18:13:33.222 +0900,0.0,560,358,,2026-03-02 18:51:07.674 +0900,2026-08-07 11:05:54.298 +0900,"1772445067484-upload_8559384367397157389.jpg",,,9,false,,FieldSnap,+08:00,2,4,,,true,Drainage,Matched
121443,206151,4,18.2614506,121.6890826,2026-03-02 18:08:30.945 +0900,0.0,560,358,,2026-03-02 18:51:07.399 +0900,2026-08-07 11:05:54.298 +0900,"1772445067186-upload_741981367319081196.jpg",,,9,false,,FieldSnap,+08:00,2,4,,,true,Drainage,Matched
121458,202270,4,18.2614506,121.6890826,2026-03-02 17:10:16.894 +0900,0.0,560,359,,2026-03-02 18:51:18.568 +0900,2026-08-07 11:05:54.298 +0900,"1772445078111-upload_763122267627589843.jpg",,,9,false,,FieldSnap,+08:00,2,4,,,true,Drainage,Matched
121457,202260,4,18.2615988,121.6913332,2026-03-02 16:56:37.461 +0900,0.0,560,359,,2026-03-02 18:51:18.189 +0900,2026-08-07 11:05:54.298 +0900,"1772445077985-upload_1823032457841291854.jpg",,,9,false,,FieldSnap,+08:00,2,4,,,true,Drainage,Matched
121441,202312,4,18.2614553,121.6944277,2026-03-02 18:10:45.167 +0900,0.0,560,358,,2026-03-02 18:51:06.317 +0900,2026-08-07 11:05:54.298 +0900,"1772445066125-upload_4947805432111505571.jpg",,Changed the lot number from 684-AB to 684-A,9,false,,FieldSnap,+08:00,2,4,,,true,Drainage,Matched
121455,202245,4,18.2614506,121.6890826,2026-03-02 17:43:56.728 +0900,0.0,560,359,,2026-03-02 18:51:17.220 +0900,2026-08-07 11:05:54.298 +0900,"1772445076979-upload_5099544398280079655.jpg",,,9,false,,FieldSnap,+08:00,2,4,,,true,Drainage,Matched
109584,200718,4,18.2671137,121.6958529,2026-02-17 10:56:07.923 +0900,0.0,560,358,,2026-02-17 11:32:34.962 +0900,2026-08-07 11:05:54.298 +0900,"1771295554338-upload_8493039591173376340.jpg",,,9,false,,FieldSnap,+08:00,2,4,,,true,Drainage,Matched
109582,204468,4,18.2673681,121.6855191,2026-02-17 11:04:20.126 +0900,0.0,560,358,,2026-02-17 11:32:33.407 +0900,2026-08-07 11:05:54.298 +0900,"1771295553064-upload_2849230766722227991.jpg",,,9,false,,FieldSnap,+08:00,2,4,,,true,Drainage,Matched
132480,202313,4,18.2544407,121.6911487,2026-03-19 08:16:33.989 +0900,0.0,560,358,,2026-03-19 10:34:52.404 +0900,2026-08-07 11:05:54.298 +0900,"1773884092221-upload_6751532016149814318.jpg",,,9,false,,FieldSnap,+08:00,2,4,,,true,Drainage,Matched
132478,202206,4,18.2544407,121.6911487,2026-03-19 08:13:05.136 +0900,0.0,560,358,,2026-03-19 10:34:52.338 +0900,2026-08-07 11:05:54.298 +0900,"1773884092180-upload_2344253120370639665.jpg",,,9,false,,FieldSnap,+08:00,2,4,,,true,Drainage,Matched
120954,201598,4,18.2538698,121.6868552,2026-03-02 10:31:08.141 +0900,0.0,560,359,,2026-03-02 12:01:11.815 +0900,2026-08-07 11:05:54.298 +0900,"1772420471596-upload_8148631250886754768.jpg",,,9,false,,FieldSnap,+08:00,2,4,,,true,Drainage,Matched
112129,202461,4,18.2611871,121.6887263,2026-02-19 11:07:25.900 +0900,0.0,560,358,,2026-02-19 17:41:08.700 +0900,2026-08-07 11:05:54.298 +0900,"1771490468502-upload_2699287113236488947.jpg",,,9,false,,FieldSnap,+08:00,2,4,,,true,Drainage,Matched
112128,204452,4,18.2566389,121.6955924,2026-02-19 10:50:49.778 +0900,0.0,560,358,,2026-02-19 17:41:07.833 +0900,2026-08-07 11:05:54.298 +0900,"1771490467640-upload_8330116582437353028.jpg",,,9,false,,FieldSnap,+08:00,2,4,,,true,Drainage,Matched
112120,204466,4,18.2595426,121.6887263,2026-02-19 12:00:39.219 +0900,0.0,560,359,,2026-02-19 17:41:03.240 +0900,2026-08-07 11:05:54.298 +0900,"1771490463070-upload_3613090519699507569.jpg",,,9,false,,FieldSnap,+08:00,2,4,,,true,Drainage,Matched
112123,204451,4,18.2595426,121.6887263,2026-02-19 12:15:42.902 +0900,0.0,560,359,,2026-02-19 17:41:04.518 +0900,2026-08-07 11:05:54.298 +0900,"1771490464324-upload_1581208398396555640.jpg",,,9,false,,FieldSnap,+08:00,2,4,,,true,Drainage,Matched
112131,206138,4,18.2595426,121.6887263,2026-02-19 10:15:02.152 +0900,0.0,560,358,,2026-02-19 17:41:09.266 +0900,2026-08-07 11:05:54.298 +0900,"1771490469104-upload_4385398982303479463.jpg",,,9,false,,FieldSnap,+08:00,2,4,,,true,Drainage,Matched
113208,201622,4,18.2544252,121.6894192,2026-02-21 09:52:52.801 +0900,0.0,560,358,,2026-02-21 12:09:28.904 +0900,2026-08-07 11:05:54.298 +0900,"1771643368330-upload_4892056334527628330.jpg",,,9,false,,FieldSnap,+08:00,2,4,,,true,Drainage,Matched
113207,201628,4,18.257402,121.6935632,2026-02-21 10:37:34.880 +0900,0.0,560,358,,2026-02-21 12:09:28.423 +0900,2026-08-07 11:05:54.298 +0900,"1771643367797-upload_159318522739700304.jpg",,,9,false,,FieldSnap,+08:00,2,4,,,true,Drainage,Matched
117204,,5,18.2608582,121.6887263,2026-02-26 16:15:08.746 +0900,15.0,560,358,,2026-02-26 17:46:43.943 +0900,2026-06-30 16:27:06.394 +0900,"1772095603722-upload_8817187860887563061.jpg","330",,9,false,,FieldSnap,+08:00,3,3,,,false,Flooding,Pending Match
99090,,5,18.2565111,121.6886383,2026-02-04 17:37:25.607 +0900,21.0,560,358,,2026-02-04 17:37:40.869 +0900,2026-06-30 16:27:06.394 +0900,"1770194259751-upload_6824780196823528035.jpg","1597-D",,9,false,,FieldSnap,+08:00,3,3,,,false,Flooding,Pending Match
132684,,5,18.2526381,121.6866244,2026-03-19 16:54:42.933 +0900,15.0,560,358,,2026-03-19 17:26:35.147 +0900,2026-06-30 16:27:06.394 +0900,"1773908794929-upload_3301768479112681924.jpg","324-A",,9,false,,FieldSnap,+08:00,3,3,,,false,Flooding,Pending Match
100511,,5,18.2636997,121.6870467,2026-02-05 14:50:22.146 +0900,10.0,560,358,,2026-02-05 14:51:01.971 +0900,2026-06-30 16:27:06.394 +0900,"1770270661373-upload_5409819784085583890.jpg","682",,9,false,,FieldSnap,+08:00,37,3,,,false,Dry,Pending Match
105759,,5,18.261845,121.6887263,2026-02-13 10:43:19.367 +0900,16.0,560,358,,2026-02-13 10:43:27.973 +0900,2026-06-30 16:27:06.394 +0900,"1770947007725-upload_7205258122739497287.jpg","1599-C",,9,false,,FieldSnap,+08:00,3,3,,,false,Flooding,Pending Match
112118,,5,18.2595426,121.6887263,2026-02-19 16:29:59.728 +0900,12.0,560,358,,2026-02-19 17:41:01.900 +0900,2026-06-30 16:27:06.394 +0900,"1771490461722-upload_4516041843992477975.jpg","1604-D",,9,false,,FieldSnap,+08:00,36,3,,,false,Saturated,Pending Match
112122,,5,18.2595426,121.6887263,2026-02-19 16:21:54.565 +0900,15.0,560,358,,2026-02-19 17:41:04.487 +0900,2026-06-30 16:27:06.394 +0900,"1771490464330-upload_8271998165260027597.jpg","1612D2",,9,false,,FieldSnap,+08:00,3,3,,,false,Flooding,Pending Match
112114,,5,18.2595426,121.6887263,2026-02-19 16:49:21.159 +0900,15.0,560,358,,2026-02-19 17:41:01.036 +0900,2026-06-30 16:27:06.394 +0900,"1771490460841-upload_5323620419421056877.jpg","1602-B",,9,false,,FieldSnap,+08:00,3,3,,,false,Flooding,Pending Match
129408,,5,18.2598715,121.6887263,2026-03-13 17:39:18.524 +0900,15.0,560,358,,2026-03-13 18:54:47.211 +0900,2026-06-30 16:27:06.394 +0900,"1773395687051-upload_4893142856306622342.jpg","1462D2",,9,false,,FieldSnap,+08:00,3,3,,,false,Flooding,Pending Match
117201,202325,5,18.2608582,121.6887263,2026-02-26 16:10:46.670 +0900,17.0,560,358,,2026-02-26 17:46:40.367 +0900,2026-08-07 11:05:54.298 +0900,"1772095599898-upload_6266745472309695317.jpg",,,9,false,,FieldSnap,+08:00,3,4,,,true,Flooding,Matched
117203,202315,5,18.2608582,121.6887263,2026-02-26 15:58:42.362 +0900,18.0,560,358,,2026-02-26 17:46:43.520 +0900,2026-08-07 11:05:54.298 +0900,"1772095603303-upload_4183869643979097703.jpg",,,9,false,,FieldSnap,+08:00,3,4,,,true,Flooding,Matched
117210,201625,5,18.2608582,121.6887263,2026-02-26 15:52:23.934 +0900,18.0,560,358,,2026-02-26 17:46:47.357 +0900,2026-08-07 11:05:54.298 +0900,"1772095607185-upload_7257768125971050340.jpg",,,9,false,,FieldSnap,+08:00,3,4,,,true,Flooding,Matched
117209,201624,5,18.2608582,121.6887263,2026-02-26 15:55:29.240 +0900,14.0,560,358,,2026-02-26 17:46:46.892 +0900,2026-08-07 11:05:54.298 +0900,"1772095606702-upload_1410517322308050708.jpg",,,9,false,,FieldSnap,+08:00,36,4,,,true,Saturated,Matched
117205,201604,5,18.2608582,121.6887263,2026-02-26 16:07:36.149 +0900,17.0,560,358,,2026-02-26 17:46:44.657 +0900,2026-08-07 11:05:54.298 +0900,"1772095603895-upload_488378384091805355.jpg",,,9,false,,FieldSnap,+08:00,3,4,,,true,Flooding,Matched
112110,204443,5,18.2615067,121.6927084,2026-02-19 16:51:24.701 +0900,15.0,560,358,,2026-02-19 17:40:57.895 +0900,2026-08-07 11:05:54.298 +0900,"1771490457675-upload_1148767131282008840.jpg",,Changed the lot number from 294-Ato 298-A,9,false,,FieldSnap,+08:00,3,4,,,true,Flooding,Matched
97362,204395,5,18.25209,121.6873571,2026-02-03 10:30:20.627 +0900,11.0,560,359,,2026-02-03 10:44:45.472 +0900,2026-08-07 11:05:54.298 +0900,"1770083085182-upload_7325655768907291081.jpg",,,9,false,,FieldSnap,+08:00,36,4,,,true,Saturated,Matched
99016,204467,5,18.2523942,121.6871311,2026-02-04 17:10:24.938 +0900,14.0,560,359,,2026-02-04 17:11:33.982 +0900,2026-08-07 11:05:54.298 +0900,"1770192693800-upload_2190233846043725345.jpg",,,9,false,,FieldSnap,+08:00,36,4,,,true,Saturated,Matched
99049,204424,5,18.2608018,121.6935954,2026-02-04 17:22:19.027 +0900,20.0,560,359,,2026-02-04 17:22:29.102 +0900,2026-08-07 11:05:54.298 +0900,"1770193348849-upload_4208358031920796956.jpg",,,9,false,,FieldSnap,+08:00,3,4,,,true,Flooding,Matched
99097,201695,5,18.2565111,121.6886383,2026-02-04 17:41:03.535 +0900,18.0,560,358,,2026-02-04 17:41:15.170 +0900,2026-08-07 11:05:54.298 +0900,"1770194474818-upload_1981652468728183165.jpg",,,9,false,,FieldSnap,+08:00,3,4,,,true,Flooding,Matched
99128,202860,5,18.2546106,121.690508,2026-02-04 17:56:17.094 +0900,17.0,560,358,,2026-02-04 17:56:29.682 +0900,2026-08-07 11:05:54.298 +0900,"1770195389523-upload_3050470714349203884.jpg",,,9,false,,FieldSnap,+08:00,3,4,,,true,Flooding,Matched
132682,202313,5,18.2526381,121.6866244,2026-03-19 16:57:42.051 +0900,15.0,560,358,,2026-03-19 17:26:34.549 +0900,2026-08-07 11:05:54.298 +0900,"1773908794126-upload_2211651155529826222.jpg",,,9,false,,FieldSnap,+08:00,3,4,,,true,Flooding,Matched
132685,202206,5,18.2526381,121.6866244,2026-03-19 17:01:29.996 +0900,17.0,560,358,,2026-03-19 17:26:35.268 +0900,2026-08-07 11:05:54.298 +0900,"1773908795034-upload_3353106814760397029.jpg",,,9,false,,FieldSnap,+08:00,3,4,,,true,Flooding,Matched
99149,202858,5,18.2608432,121.6958758,2026-02-04 18:05:00.114 +0900,16.0,560,358,,2026-02-04 18:05:56.316 +0900,2026-08-07 11:05:54.298 +0900,"1770195955902-upload_708328961974326733.jpg",,,9,false,,FieldSnap,+08:00,3,4,,,true,Flooding,Matched
99166,201635,5,18.2574246,121.6993984,2026-02-04 18:17:31.231 +0900,15.0,560,358,,2026-02-04 18:18:45.275 +0900,2026-08-07 11:05:54.298 +0900,"1770196724985-upload_1822018835083446223.jpg",,,9,false,,FieldSnap,+08:00,3,4,,,true,Flooding,Matched
132683,200771,5,18.2524386,121.6868695,2026-03-19 16:50:59.656 +0900,15.0,560,358,,2026-03-19 17:26:34.849 +0900,2026-08-07 11:05:54.298 +0900,"1773908794664-upload_4136769046686342423.jpg",,,9,false,,FieldSnap,+08:00,3,4,,,true,Flooding,Matched
99272,202254,5,18.2610944,121.6930364,2026-02-04 19:02:01.615 +0900,19.0,560,358,,2026-02-04 19:02:12.081 +0900,2026-08-07 11:05:54.298 +0900,"1770199331545-upload_4728010085583267198.jpg",,,9,false,,FieldSnap,+08:00,3,4,,,true,Flooding,Matched
99259,201694,5,18.2614506,121.6890826,2026-02-04 18:47:47.772 +0900,18.0,560,358,,2026-02-04 18:52:06.466 +0900,2026-08-07 11:05:54.298 +0900,"1770198726310-upload_6235983279078911470.jpg",,,9,false,,FieldSnap,+08:00,3,4,,,true,Flooding,Matched
99127,202859,5,18.2546106,121.690508,2026-02-04 17:55:20.924 +0900,15.0,560,358,,2026-02-04 17:56:28.796 +0900,2026-08-07 11:05:54.298 +0900,"1770195388289-upload_2385565938629933891.jpg",,,9,false,,FieldSnap,+08:00,3,4,,,true,Flooding,Matched
101203,202218,5,18.25349,121.687452,2026-02-06 09:24:20.766 +0900,12.0,560,358,,2026-02-06 11:19:43.243 +0900,2026-08-07 11:05:54.298 +0900,"1770344382689-upload_7582653232734029410.jpg",,,9,false,,FieldSnap,+08:00,36,4,,,true,Saturated,Matched
101206,200776,5,18.25349,121.687452,2026-02-06 09:29:47.328 +0900,9.0,560,358,,2026-02-06 11:19:45.129 +0900,2026-08-07 11:05:54.298 +0900,"1770344384947-upload_7577291770669681051.jpg",,,9,false,,FieldSnap,+08:00,37,4,,,true,Dry,Matched
132792,204406,5,18.2531754,121.6866019,2026-03-20 09:47:31.088 +0900,14.0,560,358,,2026-03-20 09:52:55.220 +0900,2026-08-07 11:05:54.298 +0900,"1773967974904-upload_6668722614460337724.jpg",,,9,false,,FieldSnap,+08:00,36,4,,,true,Saturated,Matched
104734,202865,5,18.2608546,121.6958842,2026-02-11 18:31:27.883 +0900,15.0,560,358,,2026-02-12 09:00:16.256 +0900,2026-08-07 11:05:54.298 +0900,"1770854416002-upload_2039094787094232199.jpg",,,9,false,,FieldSnap,+08:00,3,4,,,true,Flooding,Matched
104736,202871,5,18.2608546,121.6958842,2026-02-11 18:19:40.854 +0900,15.0,560,358,,2026-02-12 09:00:18.587 +0900,2026-08-07 11:05:54.298 +0900,"1770854418342-upload_8838735174132590269.jpg",,,9,false,,FieldSnap,+08:00,3,4,,,true,Flooding,Matched
104729,204465,5,18.2615192,121.6922897,2026-02-11 18:38:17.603 +0900,15.0,560,358,,2026-02-12 09:00:12.331 +0900,2026-08-07 11:05:54.298 +0900,"1770854412157-upload_4951621099199166080.jpg",,,9,false,,FieldSnap,+08:00,3,4,,,true,Flooding,Matched
104733,202862,5,18.2615192,121.6922897,2026-02-11 18:36:35.682 +0900,13.0,560,358,,2026-02-12 09:00:16.254 +0900,2026-08-07 11:05:54.298 +0900,"1770854416088-upload_6049372520686400884.jpg",,,9,false,,FieldSnap,+08:00,36,4,,,true,Saturated,Matched
104888,202340,5,18.2595426,121.6887263,2026-02-12 11:08:04.074 +0900,15.0,560,358,,2026-02-12 11:08:16.366 +0900,2026-08-07 11:05:54.298 +0900,"1770862096194-upload_6984170383875108146.jpg",,,9,false,,FieldSnap,+08:00,3,4,,,true,Flooding,Matched
104880,201647,5,18.2562706,121.6900351,2026-02-12 11:00:24.577 +0900,15.0,560,358,,2026-02-12 11:00:39.961 +0900,2026-08-07 11:05:54.298 +0900,"1770861639774-upload_8531556618078429668.jpg",,,9,false,,FieldSnap,+08:00,3,4,,,true,Flooding,Matched
105487,202350,5,18.2611871,121.6887263,2026-02-12 18:33:54.079 +0900,16.0,560,358,,2026-02-12 18:47:01.184 +0900,2026-08-07 11:05:54.298 +0900,"1770889620985-upload_2081377878109015859.jpg",,,9,false,,FieldSnap,+08:00,3,4,,,true,Flooding,Matched
105486,201638,5,18.2611871,121.6887263,2026-02-12 18:36:54.293 +0900,14.0,560,358,,2026-02-12 18:46:59.637 +0900,2026-08-07 11:05:54.298 +0900,"1770889618568-upload_6613261560874402744.jpg",,,9,false,,FieldSnap,+08:00,36,4,,,true,Saturated,Matched
105473,204449,5,18.2595426,121.6887263,2026-02-12 17:56:49.080 +0900,13.0,560,359,,2026-02-12 17:57:13.576 +0900,2026-08-07 11:05:54.298 +0900,"1770886633415-upload_8360322130604460700.jpg",,,9,false,,FieldSnap,+08:00,36,4,,,true,Saturated,Matched
105777,201599,5,18.2595426,121.6887263,2026-02-13 10:53:29.400 +0900,10.0,560,358,,2026-02-13 10:53:44.398 +0900,2026-08-07 11:05:54.298 +0900,"1770947624218-upload_6755285038166537807.jpg",,,9,false,,FieldSnap,+08:00,37,4,,,true,Dry,Matched
112119,206138,5,18.2544252,121.6894192,2026-02-19 16:08:31.564 +0900,16.0,560,358,,2026-02-19 17:41:02.448 +0900,2026-08-07 11:05:54.298 +0900,"1771490462266-upload_8653406692907573844.jpg",,,9,false,,FieldSnap,+08:00,3,4,,,true,Flooding,Matched
126000,202884,5,18.2752317,121.6892403,2026-03-06 12:09:54.274 +0900,15.0,560,358,,2026-03-06 19:37:49.085 +0900,2026-08-07 11:05:54.298 +0900,"1772793468904-upload_5580035831122240001.jpg",,,9,false,,FieldSnap,+08:00,3,4,,,true,Flooding,Matched
108748,202190,5,18.2653306,121.6876573,2026-02-16 17:41:43.137 +0900,15.0,560,358,,2026-02-16 17:42:24.141 +0900,2026-08-07 11:05:54.298 +0900,"1771231343232-upload_5979344370126166485.jpg",,,9,false,,FieldSnap,+08:00,3,4,,,true,Flooding,Matched
108792,204458,5,18.2653306,121.6876573,2026-02-16 18:03:13.360 +0900,16.0,560,358,,2026-02-16 18:03:32.529 +0900,2026-08-07 11:05:54.298 +0900,"1771232612260-upload_7727097552793477099.jpg",,,9,false,,FieldSnap,+08:00,3,4,,,true,Flooding,Matched
109988,202891,5,18.2525974,121.6871681,2026-02-17 15:47:16.954 +0900,21.0,560,358,,2026-02-17 18:09:21.481 +0900,2026-08-07 11:05:54.298 +0900,"1771319361290-upload_3193753821354953008.jpg",,,9,false,,FieldSnap,+08:00,3,4,,,true,Flooding,Matched
111172,204390,5,18.2523867,121.6871447,2026-02-18 15:12:28.157 +0900,17.0,560,358,,2026-02-18 16:13:35.609 +0900,2026-08-07 11:05:54.298 +0900,"1771398815300-upload_6087956386265843134.jpg",,,9,false,,FieldSnap,+08:00,3,4,,,true,Flooding,Matched
112109,204466,5,18.2615067,121.6927084,2026-02-19 17:03:44.947 +0900,15.0,560,359,,2026-02-19 17:40:56.337 +0900,2026-08-07 11:05:54.298 +0900,"1771490455664-upload_5945543858153435392.jpg",,,9,false,,FieldSnap,+08:00,3,4,,,true,Flooding,Matched
112115,202461,5,18.2595426,121.6887263,2026-02-19 16:36:59.995 +0900,15.0,560,358,,2026-02-19 17:41:01.462 +0900,2026-08-07 11:05:54.298 +0900,"1771490461230-upload_2845899079499392851.jpg",,,9,false,,FieldSnap,+08:00,3,4,,,true,Flooding,Matched
112117,204452,5,18.2595426,121.6887263,2026-02-19 16:28:05.475 +0900,15.0,560,358,,2026-02-19 17:41:01.706 +0900,2026-08-07 11:05:54.298 +0900,"1771490461508-upload_405654729505665100.jpg",,,9,false,,FieldSnap,+08:00,3,4,,,true,Flooding,Matched
112111,204451,5,18.2595426,121.6887263,2026-02-19 17:10:33.156 +0900,17.0,560,359,,2026-02-19 17:40:58.242 +0900,2026-08-07 11:05:54.298 +0900,"1771490457552-upload_7411597796476715055.jpg",,,9,false,,FieldSnap,+08:00,3,4,,,true,Flooding,Matched
129409,202258,5,18.2598715,121.6887263,2026-03-13 17:43:28.355 +0900,16.0,560,358,,2026-03-13 18:54:47.371 +0900,2026-08-07 11:05:54.298 +0900,"1773395687167-upload_6023703036973206841.jpg",,,9,false,,FieldSnap,+08:00,3,4,,,true,Flooding,Matched
129402,201664,5,18.2598715,121.6887263,2026-03-13 17:59:46.090 +0900,17.0,560,358,,2026-03-13 18:54:42.236 +0900,2026-08-07 11:05:54.298 +0900,"1773395682011-upload_4906476857160675829.jpg",,,9,false,,FieldSnap,+08:00,3,4,,,true,Flooding,Matched
129404,201689,5,18.2598715,121.6887263,2026-03-13 18:04:19.849 +0900,15.0,560,358,,2026-03-13 18:54:43.407 +0900,2026-08-07 11:05:54.298 +0900,"1773395683220-upload_8199375519535081507.jpg",,,9,false,,FieldSnap,+08:00,3,4,,,true,Flooding,Matched
129411,200760,5,18.2598715,121.6887263,2026-03-13 17:36:39.818 +0900,16.0,560,358,,2026-03-13 18:54:51.520 +0900,2026-08-07 11:05:54.298 +0900,"1773395691125-upload_6547555365412455020.jpg",,,9,false,,FieldSnap,+08:00,3,4,,,true,Flooding,Matched
129406,202248,5,18.2598715,121.6887263,2026-03-13 17:47:55.834 +0900,15.0,560,358,,2026-03-13 18:54:46.819 +0900,2026-08-07 11:05:54.298 +0900,"1773395686600-upload_6851263830704169113.jpg",,,9,false,,FieldSnap,+08:00,3,4,,,true,Flooding,Matched
129407,202249,5,18.2598715,121.6887263,2026-03-13 17:51:28.329 +0900,15.0,560,358,,2026-03-13 18:54:46.921 +0900,2026-08-07 11:05:54.298 +0900,"1773395686736-upload_5748009545089155950.jpg",,,9,false,,FieldSnap,+08:00,3,4,,,true,Flooding,Matched
129405,202252,5,18.2598715,121.6887263,2026-03-13 17:53:21.974 +0900,15.0,560,358,,2026-03-13 18:54:46.392 +0900,2026-08-07 11:05:54.298 +0900,"1773395685840-upload_5047438305101031712.jpg",,,9,false,,FieldSnap,+08:00,3,4,,,true,Flooding,Matched
129403,202253,5,18.2598715,121.6887263,2026-03-13 17:55:11.841 +0900,16.0,560,358,,2026-03-13 18:54:42.617 +0900,2026-08-07 11:05:54.298 +0900,"1773395682408-upload_3760471416973114602.jpg",,,9,false,,FieldSnap,+08:00,3,4,,,true,Flooding,Matched
129401,202256,5,18.2598715,121.6887263,2026-03-13 17:56:58.466 +0900,15.0,560,358,,2026-03-13 18:54:42.217 +0900,2026-08-07 11:05:54.298 +0900,"1773395682043-upload_8784717444699929449.jpg",,,9,false,,FieldSnap,+08:00,3,4,,,true,Flooding,Matched
129398,200770,5,18.2598715,121.6887263,2026-03-13 18:06:32.522 +0900,17.0,560,358,,2026-03-13 18:54:38.740 +0900,2026-08-07 11:05:54.298 +0900,"1773395678563-upload_838479627899422771.jpg",,,9,false,,FieldSnap,+08:00,3,4,,,true,Flooding,Matched
129396,200772,5,18.2598715,121.6887263,2026-03-13 18:10:01.273 +0900,15.0,560,358,,2026-03-13 18:54:36.744 +0900,2026-08-07 11:05:54.298 +0900,"1773395676584-upload_688074519165441921.jpg",,,9,false,,FieldSnap,+08:00,3,4,,,true,Flooding,Matched
129394,202456,5,18.2598715,121.6887263,2026-03-13 18:17:02.609 +0900,15.0,560,358,,2026-03-13 18:54:36.403 +0900,2026-08-07 11:05:54.298 +0900,"1773395676215-upload_4002668021605450200.jpg",,,9,false,,FieldSnap,+08:00,3,4,,,true,Flooding,Matched
129412,204444,5,18.2595426,121.6887263,2026-03-13 17:28:33.239 +0900,15.0,560,358,,2026-03-13 18:54:51.769 +0900,2026-08-07 11:05:54.298 +0900,"1773395691574-upload_352249472608296231.jpg",,,9,false,,FieldSnap,+08:00,3,4,,,true,Flooding,Matched
129395,202333,5,18.2598715,121.6887263,2026-03-13 18:15:09.313 +0900,17.0,560,358,,2026-03-13 18:54:36.440 +0900,2026-08-07 11:05:54.298 +0900,"1773395676268-upload_8742088048240475022.jpg",,,9,false,,FieldSnap,+08:00,3,4,,,true,Flooding,Matched
129397,206123,5,18.2598715,121.6887263,2026-03-13 18:18:43.898 +0900,15.0,560,358,,2026-03-13 18:54:37.857 +0900,2026-08-07 11:05:54.298 +0900,"1773395677660-upload_4793782136246553599.jpg",,,9,false,,FieldSnap,+08:00,3,4,,,true,Flooding,Matched
129414,200733,5,18.2595426,121.6887263,2026-03-13 17:30:38.245 +0900,16.0,560,358,,2026-03-13 18:54:52.141 +0900,2026-08-07 11:05:54.298 +0900,"1773395691977-upload_2519576902095407668.jpg",,,9,false,,FieldSnap,+08:00,3,4,,,true,Flooding,Matched
115864,202574,5,18.2507281,121.6855541,2026-02-24 17:23:19.827 +0900,12.0,560,358,,2026-02-24 17:57:23.087 +0900,2026-08-07 11:05:54.298 +0900,"1771923442807-upload_7013598188677148654.jpg",,,9,false,,FieldSnap,+08:00,36,4,,,true,Saturated,Matched
115863,201597,5,18.2611871,121.6887263,2026-02-24 17:33:00.604 +0900,17.0,560,358,,2026-02-24 17:57:22.700 +0900,2026-08-07 11:05:54.298 +0900,"1771923442397-upload_2301197607190239743.jpg",,,9,false,,FieldSnap,+08:00,3,4,,,true,Flooding,Matched
111843,,0,18.2622394,121.6883699,2026-02-19 14:00:56.926 +0900,0.0,607,358,,2026-02-19 14:01:03.726 +0900,2026-06-30 16:27:06.394 +0900,"1771477263408-upload_8693632347622968394.jpg","1547-A",,9,false,,FieldSnap,+08:00,2,3,,,false,Drainage,Pending Match
126509,,0,18.2548052,121.6876573,2026-03-07 16:13:38.973 +0900,15.0,607,358,,2026-03-07 17:02:23.981 +0900,2026-06-30 16:27:06.394 +0900,"1772870543811-upload_400753064799883941.jpg","1542-B",Duplicate,9,false,,FieldSnap,+08:00,3,3,,,false,Flooding,Pending Match
128495,202318,0,18.2596751,121.6897953,2026-03-11 17:13:42.604 +0900,15.0,607,358,,2026-03-11 18:22:43.426 +0900,2026-08-07 11:05:54.298 +0900,"1773220963272-upload_5966911928837363558.jpg",,Duplicate,9,false,,FieldSnap,+08:00,3,4,,,true,Flooding,Matched
124839,206118,0,18.2696005,121.6805301,2026-03-05 16:27:47.581 +0900,0.0,607,358,,2026-03-05 17:04:42.129 +0900,2026-08-07 11:05:54.298 +0900,"1772697881284-upload_3530763130727578150.jpg",,Duplicate,9,false,,FieldSnap,+08:00,2,4,,,true,Drainage,Matched
118045,202884,0,18.2669066,121.6844501,2026-02-27 12:15:37.520 +0900,16.0,607,358,,2026-02-27 12:16:05.381 +0900,2026-08-07 11:05:54.298 +0900,"1772162164978-upload_1898682365216901100.jpg",,,9,false,,FieldSnap,+08:00,3,4,,,true,Flooding,Matched
128724,201614,0,18.2669721,121.6840937,2026-03-12 10:01:57.213 +0900,15.0,607,358,,2026-03-12 10:51:46.389 +0900,2026-08-07 11:05:54.298 +0900,"1773280305989-upload_7777564994778642616.jpg",,Duplicate,9,false,,FieldSnap,+08:00,3,4,,,true,Flooding,Matched
127188,201698,0,18.2565709,121.6886018,2026-03-09 10:43:54.450 +0900,0.0,607,358,,2026-03-09 11:38:53.192 +0900,2026-08-07 11:05:54.298 +0900,"1773023932914-upload_5710995363053281911.jpg",,,9,false,,FieldSnap,+08:00,2,4,,,true,Drainage,Matched
127191,201641,0,18.2596097,121.6901517,2026-03-09 10:39:52.495 +0900,0.0,607,358,,2026-03-09 11:38:54.139 +0900,2026-08-07 11:05:54.298 +0900,"1773023933936-upload_7612120708323654589.jpg",,,9,false,,FieldSnap,+08:00,2,4,,,true,Drainage,Matched
126507,201642,0,18.2548052,121.6876573,2026-03-07 16:12:18.431 +0900,18.0,607,358,,2026-03-07 17:02:23.607 +0900,2026-08-07 11:05:54.298 +0900,"1772870543403-upload_7863141828049289195.jpg",,Duplicate,9,false,,FieldSnap,+08:00,3,4,,,true,Flooding,Matched
129234,202313,0,18.2752017,121.6892017,2026-03-13 10:58:57.665 +0900,0.0,607,358,,2026-03-13 12:57:49.256 +0900,2026-08-07 11:05:54.298 +0900,"1773374268344-upload_8790926940558172112.jpg",,Invalid photo 1,9,false,,FieldSnap,+08:00,2,4,,,true,Drainage,Matched
111830,204428,0,18.2689442,121.6823119,2026-02-19 13:40:17.544 +0900,0.0,607,358,,2026-02-19 13:40:41.330 +0900,2026-08-07 11:05:54.298 +0900,"1771476040660-upload_5765053513446585187.jpg",,there's a standing water around the OW,9,false,,FieldSnap,+08:00,2,4,,,true,Drainage,Matched
122386,202464,1,18.2669066,121.6844501,2026-03-03 17:11:44.850 +0900,,607,358,,2026-03-03 17:12:16.694 +0900,2026-08-07 11:05:54.298 +0900,"1772525536513-upload_5054935089331283717.jpg",,,9,false,,FieldSnap,+08:00,1,4,,,true,Installation,Matched
128077,201698,1,18.2689442,121.6823119,2026-03-10 17:15:20.193 +0900,,607,358,,2026-03-10 17:19:39.686 +0900,2026-08-07 11:05:54.298 +0900,"1773130779441-upload_1749276007706447880.jpg",,,9,false,,FieldSnap,+08:00,1,4,,,true,Installation,Matched
128079,201641,1,18.2681111,121.7101049,2026-03-10 17:18:12.087 +0900,,607,358,,2026-03-10 17:19:40.016 +0900,2026-08-07 11:05:54.298 +0900,"1773130779484-upload_7738489127015627091.jpg",,,9,false,,FieldSnap,+08:00,1,4,,,true,Installation,Matched
127185,204444,1,18.2565709,121.6886018,2026-03-09 10:51:06.072 +0900,,607,358,,2026-03-09 11:38:52.346 +0900,2026-08-07 11:05:54.298 +0900,"1773023932109-upload_1933789254021124187.jpg",,,9,false,,FieldSnap,+08:00,1,4,,,true,Installation,Matched
127186,200772,1,18.2565709,121.6886018,2026-03-09 10:46:41.698 +0900,,607,358,,2026-03-09 11:38:52.894 +0900,2026-08-07 11:05:54.298 +0900,"1773023932638-upload_4307647801732479347.jpg",,,9,false,,FieldSnap,+08:00,1,4,,,true,Installation,Matched
112502,202414,1,18.2872234,121.6687692,2026-02-20 12:33:07.860 +0900,,607,358,,2026-02-20 12:33:44.485 +0900,2026-08-07 11:05:54.298 +0900,"1771558424314-upload_2703231655681366614.jpg",,,9,false,,FieldSnap,+08:00,1,4,,,true,Installation,Matched
112501,204668,1,18.2872234,121.6687692,2026-02-20 12:31:56.593 +0900,,607,358,,2026-02-20 12:33:43.964 +0900,2026-08-07 11:05:54.298 +0900,"1771558423758-upload_4372221863376259649.jpg",,,9,false,,FieldSnap,+08:00,1,4,,,true,Installation,Matched
112738,202259,1,18.2629866,121.718299,2026-02-20 16:05:32.751 +0900,,607,358,,2026-02-20 16:07:45.295 +0900,2026-08-07 11:05:54.298 +0900,"1771571264782-upload_40027509470064571.jpg",,,9,false,,FieldSnap,+08:00,1,4,,,true,Installation,Matched
112739,202257,1,18.2629866,121.718299,2026-02-20 16:06:55.945 +0900,,607,358,,2026-02-20 16:07:45.819 +0900,2026-08-07 11:05:54.298 +0900,"1771571265651-upload_3940966768661983402.jpg",,,9,false,,FieldSnap,+08:00,1,4,,,true,Installation,Matched
113158,201625,1,18.2596097,121.6901517,2026-02-21 10:19:53.757 +0900,,607,358,,2026-02-21 10:20:45.337 +0900,2026-08-07 11:05:54.298 +0900,"1771636845124-upload_1851901094214611019.jpg",,,9,false,,FieldSnap,+08:00,1,4,,,true,Installation,Matched
113179,202315,1,18.2494119,121.6883699,2026-02-21 10:59:19.395 +0900,,607,358,,2026-02-21 11:00:23.197 +0900,2026-08-07 11:05:54.298 +0900,"1771639223029-upload_3924108295027852688.jpg",,,9,false,,FieldSnap,+08:00,1,4,,,true,Installation,Matched
117169,,2,18.2629866,121.718299,2026-02-26 16:48:46.381 +0900,0.0,607,359,,2026-02-26 16:48:55.792 +0900,2026-06-30 16:27:06.394 +0900,"1772092135456-upload_8312046024868387834.jpg","1540D2",,9,false,,FieldSnap,+08:00,2,3,,,false,Drainage,Pending Match
117167,,2,18.2629866,121.718299,2026-02-26 16:43:00.305 +0900,0.0,607,359,,2026-02-26 16:43:07.545 +0900,2026-06-30 16:27:06.394 +0900,"1772091787266-upload_4584424689178246385.jpg","1519/25",,9,false,,FieldSnap,+08:00,2,3,,,false,Drainage,Pending Match
120819,,2,18.2703238,121.6801737,2026-03-02 10:48:28.596 +0900,0.0,607,359,,2026-03-02 10:48:52.482 +0900,2026-06-30 16:27:06.394 +0900,"1772416132267-upload_5826821003967788435.jpg","1542-B",,9,false,,FieldSnap,+08:00,2,3,,,false,Drainage,Pending Match
120817,,2,18.2703238,121.6801737,2026-03-02 10:46:01.650 +0900,0.0,607,359,,2026-03-02 10:46:26.796 +0900,2026-06-30 16:27:06.394 +0900,"1772415986621-upload_6219992045128639252.jpg","1542-A",,9,false,,FieldSnap,+08:00,2,3,,,false,Drainage,Pending Match
117147,,2,18.2709315,121.7251467,2026-02-26 15:57:08.199 +0900,0.0,607,359,,2026-02-26 15:57:15.307 +0900,2026-06-30 16:27:06.394 +0900,"1772089035017-upload_9152831681119825022.jpg","1497D2",,9,false,,FieldSnap,+08:00,2,3,,,false,Drainage,Pending Match
125616,,2,18.2703238,121.6801737,2026-03-06 12:31:27.788 +0900,0.0,607,358,,2026-03-06 15:23:07.394 +0900,2026-06-30 16:27:06.394 +0900,"1772778187040-upload_1275174971897047173.jpg","1514D2",,9,false,,FieldSnap,+08:00,2,3,,,false,Drainage,Pending Match
124393,,2,18.2689442,121.6823119,2026-03-05 10:24:29.489 +0900,0.0,607,359,,2026-03-05 10:25:12.558 +0900,2026-06-30 16:27:06.394 +0900,"1772673912260-upload_2437218254001381839.jpg","1432D2",,9,false,,FieldSnap,+08:00,2,3,,,false,Drainage,Pending Match
109873,,2,18.2665228,121.6972782,2026-02-17 16:16:06.866 +0900,0.0,607,358,,2026-02-17 16:16:28.562 +0900,2026-06-30 16:27:06.394 +0900,"1771312588253-upload_7152101943220484584.jpg","2368-A2",,9,false,,FieldSnap,+08:00,2,3,,,false,Drainage,Pending Match
109885,,2,18.2665228,121.6972782,2026-02-17 16:20:54.927 +0900,0.0,607,358,,2026-02-17 16:21:08.534 +0900,2026-06-30 16:27:06.394 +0900,"1771312868368-upload_6040329582877067221.jpg","2368-C",,9,false,,FieldSnap,+08:00,2,3,,,false,Drainage,Pending Match
126256,,2,18.2548052,121.6876573,2026-03-07 12:02:54.907 +0900,0.0,607,358,,2026-03-07 12:03:38.773 +0900,2026-06-30 16:27:06.394 +0900,"1772852618601-upload_6541220108967034969.jpg","1462D2",,9,false,,FieldSnap,+08:00,2,3,,,false,Drainage,Pending Match
124856,,2,18.2669066,121.6844501,2026-03-05 17:23:15.570 +0900,0.0,607,359,,2026-03-05 17:28:22.215 +0900,2026-06-30 16:27:06.394 +0900,"1772699301348-upload_4944571601377646600.jpg","1462-A",,9,false,,FieldSnap,+08:00,2,3,,,false,Drainage,Pending Match
109938,202219,2,18.2623048,121.6880136,2026-02-17 17:09:40.872 +0900,0.0,607,358,,2026-02-17 17:09:50.230 +0900,2026-08-07 11:05:54.298 +0900,"1771315789821-upload_2514003211795756046.jpg",,,9,false,,FieldSnap,+08:00,2,4,,,true,Drainage,Matched
117172,202442,2,18.2629866,121.718299,2026-02-26 16:54:45.544 +0900,0.0,607,358,,2026-02-26 16:55:27.749 +0900,2026-08-07 11:05:54.298 +0900,"1772092527496-upload_2040042844719066325.jpg",,,9,false,,FieldSnap,+08:00,2,4,,,true,Drainage,Matched
117212,202413,2,18.2757617,121.6910483,2026-02-26 17:49:21.915 +0900,0.0,607,358,,2026-02-26 17:49:34.908 +0900,2026-08-07 11:05:54.298 +0900,"1772095774745-upload_2741892057013584371.jpg",,,9,false,,FieldSnap,+08:00,2,4,,,true,Drainage,Matched
117234,201608,2,18.2757617,121.6910483,2026-02-26 18:02:39.641 +0900,0.0,607,358,,2026-02-26 18:02:47.119 +0900,2026-08-07 11:05:54.298 +0900,"1772096566945-upload_9066398206044383604.jpg",,,9,false,,FieldSnap,+08:00,2,4,,,true,Drainage,Matched
117173,202266,2,18.2629866,121.718299,2026-02-26 16:52:21.834 +0900,0.0,607,358,,2026-02-26 16:55:28.257 +0900,2026-08-07 11:05:54.298 +0900,"1772092527984-upload_7133432047152823437.jpg",,Changed the lot number from 1539-D to 1539-B,9,false,,FieldSnap,+08:00,2,4,,,true,Drainage,Matched
117154,202458,2,18.2703238,121.6801737,2026-02-26 16:10:20.750 +0900,0.0,607,359,,2026-02-26 16:10:41.217 +0900,2026-08-07 11:05:54.298 +0900,"1772089840717-upload_3764063146981859593.jpg",,,9,false,,FieldSnap,+08:00,2,4,,,true,Drainage,Matched
117213,202446,2,18.2757617,121.6910483,2026-02-26 17:48:12.282 +0900,0.0,607,358,,2026-02-26 17:49:35.268 +0900,2026-08-07 11:05:54.298 +0900,"1772095775083-upload_6730799862691975166.jpg",,Changed the lot number from 2457-c to 2452-C,9,false,,FieldSnap,+08:00,2,4,,,true,Drainage,Matched
117030,202269,2,18.2629866,121.718299,2026-02-26 11:28:05.098 +0900,0.0,607,359,,2026-02-26 11:28:22.595 +0900,2026-08-07 11:05:54.298 +0900,"1772072902253-upload_1802006333385235504.jpg",,,9,false,,FieldSnap,+08:00,2,4,,,true,Drainage,Matched
120815,204764,2,18.2703238,121.6801737,2026-03-02 10:42:48.881 +0900,0.0,607,358,,2026-03-02 10:45:00.746 +0900,2026-08-07 11:05:54.298 +0900,"1772415900554-upload_1748485132343722381.jpg",,,9,false,,FieldSnap,+08:00,2,4,,,true,Drainage,Matched
121009,202246,2,18.2696005,121.6805301,2026-03-02 12:05:02.474 +0900,0.0,607,359,,2026-03-02 12:18:04.091 +0900,2026-08-07 11:05:54.298 +0900,"1772421483921-upload_5277907079241235081.jpg",,,9,false,,FieldSnap,+08:00,2,4,,,true,Drainage,Matched
120844,201642,2,18.2703238,121.6801737,2026-03-02 11:11:00.415 +0900,0.0,607,359,,2026-03-02 11:11:27.292 +0900,2026-08-07 11:05:54.298 +0900,"1772417486824-upload_1383422128104387478.jpg",,,9,false,,FieldSnap,+08:00,2,4,,,true,Drainage,Matched
120862,204414,2,18.2641458,121.6869446,2026-03-02 11:23:14.011 +0900,0.0,607,359,,2026-03-02 11:23:46.080 +0900,2026-08-07 11:05:54.298 +0900,"1772418225890-upload_4464929425384988054.jpg",,,9,false,,FieldSnap,+08:00,2,4,,,true,Drainage,Matched
117145,201684,2,18.2709315,121.7251467,2026-02-26 15:49:59.624 +0900,0.0,607,359,,2026-02-26 15:50:29.765 +0900,2026-08-07 11:05:54.298 +0900,"1772088629331-upload_6357689002332482953.jpg",,,9,false,,FieldSnap,+08:00,2,4,,,true,Drainage,Matched
120861,201701,2,18.2696005,121.6805301,2026-03-02 11:15:44.971 +0900,0.0,607,359,,2026-03-02 11:23:45.989 +0900,2026-08-07 11:05:54.298 +0900,"1772418225811-upload_8402603953457703542.jpg",,,9,false,,FieldSnap,+08:00,2,4,,,true,Drainage,Matched
128078,201641,2,18.2681111,121.7101049,2026-03-10 17:18:53.537 +0900,0.0,607,358,,2026-03-10 17:19:39.754 +0900,2026-08-07 11:05:54.298 +0900,"1773130779530-upload_4266845837480627224.jpg",,,9,false,,FieldSnap,+08:00,2,4,,,true,Drainage,Matched
128076,201698,2,18.2689442,121.6823119,2026-03-10 17:16:36.100 +0900,0.0,607,358,,2026-03-10 17:19:39.560 +0900,2026-08-07 11:05:54.298 +0900,"1773130779387-upload_7233235950254091451.jpg",,,9,false,,FieldSnap,+08:00,2,4,,,true,Drainage,Matched
120898,204416,2,18.2696005,121.6805301,2026-03-02 11:39:59.224 +0900,0.0,607,359,,2026-03-02 11:44:15.711 +0900,2026-08-07 11:05:54.298 +0900,"1772419455494-upload_2950620081425893070.jpg",,,9,false,,FieldSnap,+08:00,2,4,,,true,Drainage,Matched
120936,204417,2,18.2696005,121.6805301,2026-03-02 11:50:07.959 +0900,0.0,607,359,,2026-03-02 11:51:00.736 +0900,2026-08-07 11:05:54.298 +0900,"1772419860492-upload_3654152275759033833.jpg",,,9,false,,FieldSnap,+08:00,2,4,,,true,Drainage,Matched
120945,201643,2,18.2696005,121.6805301,2026-03-02 11:57:53.646 +0900,0.0,607,359,,2026-03-02 11:58:18.888 +0900,2026-08-07 11:05:54.298 +0900,"1772420298588-upload_3871627712800702748.jpg",,,9,false,,FieldSnap,+08:00,2,4,,,true,Drainage,Matched
120963,202197,2,18.2696005,121.6805301,2026-03-02 12:02:01.528 +0900,0.0,607,359,,2026-03-02 12:02:10.312 +0900,2026-08-07 11:05:54.298 +0900,"1772420530128-upload_5736120167906309185.jpg",,,9,false,,FieldSnap,+08:00,2,4,,,true,Drainage,Matched
123923,202318,2,18.2681111,121.7101049,2026-03-04 10:07:02.413 +0900,0.0,607,358,,2026-03-04 19:51:11.279 +0900,2026-08-07 11:05:54.298 +0900,"1772621471035-upload_7956992002034341611.jpg",,,9,false,,FieldSnap,+08:00,2,4,,,true,Drainage,Matched
123922,204473,2,18.2681111,121.7101049,2026-03-04 10:03:54.866 +0900,0.0,607,359,,2026-03-04 19:51:03.087 +0900,2026-08-07 11:05:54.298 +0900,"1772621462100-upload_1510874701093613414.jpg",,,9,false,,FieldSnap,+08:00,2,4,,,true,Drainage,Matched
123927,202867,2,18.2681111,121.7101049,2026-03-04 10:31:58.435 +0900,0.0,607,358,,2026-03-04 19:51:12.877 +0900,2026-08-07 11:05:54.298 +0900,"1772621472691-upload_8423208794802547681.jpg",,Changed the lot number from 652D2 to 652,9,false,,FieldSnap,+08:00,2,4,,,true,Drainage,Matched
123928,204462,2,18.2681111,121.7101049,2026-03-04 10:26:43.834 +0900,0.0,607,358,,2026-03-04 19:51:14.802 +0900,2026-08-07 11:05:54.298 +0900,"1772621474608-upload_5224809845444951339.jpg",,Changed the lot number from 652-AD2 to 652-A,9,false,,FieldSnap,+08:00,2,4,,,true,Drainage,Matched
123926,200729,2,18.2681111,121.7101049,2026-03-04 10:22:44.690 +0900,0.0,607,358,,2026-03-04 19:51:12.796 +0900,2026-08-07 11:05:54.298 +0900,"1772621472628-upload_4966155930652837803.jpg",,Changed the lot number from 685-CD2 to 685-C,9,false,,FieldSnap,+08:00,2,4,,,true,Drainage,Matched
121020,202227,2,18.2696005,121.6805301,2026-03-02 12:21:56.331 +0900,0.0,607,359,,2026-03-02 12:22:03.893 +0900,2026-08-07 11:05:54.298 +0900,"1772421723739-upload_397299401707896531.jpg",,,9,false,,FieldSnap,+08:00,2,4,,,true,Drainage,Matched
127194,201664,2,18.2596097,121.6901517,2026-03-09 10:34:03.118 +0900,0.0,607,358,,2026-03-09 11:38:55.547 +0900,2026-08-07 11:05:54.298 +0900,"1773023935360-upload_8163593919541433950.jpg",,,9,false,,FieldSnap,+08:00,2,4,,,true,Drainage,Matched
127193,201689,2,18.2596097,121.6901517,2026-03-09 10:31:57.352 +0900,0.0,607,358,,2026-03-09 11:38:55.507 +0900,2026-08-07 11:05:54.298 +0900,"1773023935254-upload_1612503894230825415.jpg",,,9,false,,FieldSnap,+08:00,2,4,,,true,Drainage,Matched
121010,204427,2,18.2696005,121.6805301,2026-03-02 12:14:43.536 +0900,0.0,607,359,,2026-03-02 12:18:04.438 +0900,2026-08-07 11:05:54.298 +0900,"1772421483918-upload_3184818787266424691.jpg",,,9,false,,FieldSnap,+08:00,2,4,,,true,Drainage,Matched
127189,200772,2,18.2565709,121.6886018,2026-03-09 10:47:33.132 +0900,0.0,607,358,,2026-03-09 11:38:53.257 +0900,2026-08-07 11:05:54.298 +0900,"1773023933090-upload_7969209133244013091.jpg",,,9,false,,FieldSnap,+08:00,2,4,,,true,Drainage,Matched
127184,204444,2,18.2565709,121.6886018,2026-03-09 10:52:36.953 +0900,0.0,607,358,,2026-03-09 11:38:50.982 +0900,2026-08-07 11:05:54.298 +0900,"1773023930828-upload_103100990125969025.jpg",,,9,false,,FieldSnap,+08:00,2,4,,,true,Drainage,Matched
125619,202898,2,18.2669066,121.6844501,2026-03-06 12:19:57.293 +0900,0.0,607,358,,2026-03-06 15:23:12.139 +0900,2026-08-07 11:05:54.298 +0900,"1772778191958-upload_847209800822117101.jpg",,,9,false,,FieldSnap,+08:00,2,4,,,true,Drainage,Matched
125617,202203,2,18.2703238,121.6801737,2026-03-06 12:27:32.489 +0900,0.0,607,358,,2026-03-06 15:23:08.801 +0900,2026-08-07 11:05:54.298 +0900,"1772778188627-upload_8913458173118884924.jpg",,,9,false,,FieldSnap,+08:00,2,4,,,true,Drainage,Matched
125618,202412,2,18.2669066,121.6844501,2026-03-06 12:23:33.308 +0900,0.0,607,358,,2026-03-06 15:23:11.018 +0900,2026-08-07 11:05:54.298 +0900,"1772778190840-upload_5142791090167778777.jpg",,,9,false,,FieldSnap,+08:00,2,4,,,true,Drainage,Matched
117158,206124,2,18.2703238,121.6801737,2026-02-26 16:18:57.366 +0900,0.0,607,358,,2026-02-26 16:25:14.817 +0900,2026-08-07 11:05:54.298 +0900,"1772090714402-upload_7827777031675586113.jpg",,,9,false,,FieldSnap,+08:00,2,4,,,true,Drainage,Matched
114622,206118,2,18.2685849,121.6831974,2026-02-23 17:25:33.610 +0900,0.0,607,358,,2026-02-23 17:25:50.582 +0900,2026-08-07 11:05:54.298 +0900,"1771835150226-upload_7003100637143041592.jpg",,,9,false,,FieldSnap,+08:00,2,4,,,true,Drainage,Matched
109548,202220,2,18.25239,121.6871436,2026-02-17 11:02:36.039 +0900,0.0,607,358,,2026-02-17 11:02:53.568 +0900,2026-08-07 11:05:54.298 +0900,"1771293772842-upload_6336622722272719476.jpg",,,9,false,,FieldSnap,+08:00,2,4,,,true,Drainage,Matched
109549,201704,2,18.2689442,121.6823119,2026-02-17 11:12:16.885 +0900,0.0,607,358,,2026-02-17 11:12:22.750 +0900,2026-08-07 11:05:54.298 +0900,"1771294342447-upload_3616088282316268332.jpg",,,9,false,,FieldSnap,+08:00,2,4,,,true,Drainage,Matched
109933,201596,2,18.2685829,121.6831975,2026-02-17 17:01:28.333 +0900,0.0,607,358,,2026-02-17 17:01:37.476 +0900,2026-08-07 11:05:54.298 +0900,"1771315297054-upload_479878054586713617.jpg",,,9,false,,FieldSnap,+08:00,2,4,,,true,Drainage,Matched
109942,201594,2,18.2623048,121.6880136,2026-02-17 17:15:28.196 +0900,0.0,607,358,,2026-02-17 17:15:49.819 +0900,2026-08-07 11:05:54.298 +0900,"1771316149032-upload_2077621769092381236.jpg",,,9,false,,FieldSnap,+08:00,2,4,,,true,Drainage,Matched
109941,202222,2,18.2623048,121.6880136,2026-02-17 17:14:01.280 +0900,0.0,607,358,,2026-02-17 17:15:49.441 +0900,2026-08-07 11:05:54.298 +0900,"1771316148974-upload_4627751711920548665.jpg",,,9,false,,FieldSnap,+08:00,2,4,,,true,Drainage,Matched
109896,202239,2,18.2652181,121.71153,2026-02-17 16:26:02.056 +0900,0.0,607,358,,2026-02-17 16:26:18.901 +0900,2026-08-07 11:05:54.298 +0900,"1771313178490-upload_5642057044226231087.jpg",,,9,false,,FieldSnap,+08:00,2,4,,,true,Drainage,Matched
124433,206129,2,18.2689442,121.6823119,2026-03-05 10:32:13.364 +0900,0.0,607,358,,2026-03-05 11:10:54.856 +0900,2026-08-07 11:05:54.298 +0900,"1772676654152-upload_6481497148700066509.jpg",,,9,false,,FieldSnap,+08:00,2,4,,,true,Drainage,Matched
129254,201619,2,18.2523788,121.6870943,2026-03-13 09:48:47.815 +0900,0.0,607,358,,2026-03-13 12:58:12.135 +0900,2026-08-07 11:05:54.298 +0900,"1773374291941-upload_8127511469043669942.jpg",,,9,false,,FieldSnap,+08:00,2,4,,,true,Drainage,Matched
124525,202308,2,18.2646057,121.6862319,2026-03-05 12:08:04.560 +0900,0.0,607,359,,2026-03-05 12:08:24.316 +0900,2026-08-07 11:05:54.298 +0900,"1772680104086-upload_7225655627319379282.jpg",,,9,false,,FieldSnap,+08:00,2,4,,,true,Drainage,Matched
126259,202249,2,18.2548052,121.6876573,2026-03-07 11:58:46.541 +0900,0.0,607,358,,2026-03-07 12:03:39.719 +0900,2026-08-07 11:05:54.298 +0900,"1772852619569-upload_4879091328793535228.jpg",,,9,false,,FieldSnap,+08:00,2,4,,,true,Drainage,Matched
126274,202206,2,18.2521068,121.6862319,2026-03-07 12:09:11.376 +0900,0.0,607,358,,2026-03-07 12:09:40.687 +0900,2026-08-07 11:05:54.298 +0900,"1772852979808-upload_7250363748175782487.jpg",,,9,false,,FieldSnap,+08:00,2,4,,,true,Drainage,Matched
126281,202333,2,18.256566,121.6886016,2026-03-07 12:21:15.844 +0900,0.0,607,358,,2026-03-07 12:29:33.258 +0900,2026-08-07 11:05:54.298 +0900,"1772854173084-upload_7480052568364436892.jpg",,,9,false,,FieldSnap,+08:00,2,4,,,true,Drainage,Matched
126282,201670,2,18.256566,121.6886016,2026-03-07 12:28:49.411 +0900,0.0,607,358,,2026-03-07 12:29:33.465 +0900,2026-08-07 11:05:54.298 +0900,"1772854173304-upload_2072482439790818045.jpg",,,9,false,,FieldSnap,+08:00,2,4,,,true,Drainage,Matched
126269,201675,2,18.2548052,121.6876573,2026-03-07 11:08:38.053 +0900,0.0,607,358,,2026-03-07 12:03:44.878 +0900,2026-08-07 11:05:54.298 +0900,"1772852624711-upload_1304513211247316881.jpg",,,9,false,,FieldSnap,+08:00,2,4,,,true,Drainage,Matched
126261,202252,2,18.256577,121.6886112,2026-03-07 11:55:22.460 +0900,0.0,607,358,,2026-03-07 12:03:40.081 +0900,2026-08-07 11:05:54.298 +0900,"1772852619878-upload_5649444674803818935.jpg",,,9,false,,FieldSnap,+08:00,2,4,,,true,Drainage,Matched
126257,202258,2,18.256577,121.6886112,2026-03-07 11:58:01.957 +0900,0.0,607,358,,2026-03-07 12:03:39.453 +0900,2026-08-07 11:05:54.298 +0900,"1772852619265-upload_4577562592437464491.jpg",,,9,false,,FieldSnap,+08:00,2,4,,,true,Drainage,Matched
126255,202248,2,18.256577,121.6886112,2026-03-07 11:57:16.539 +0900,0.0,607,358,,2026-03-07 12:03:38.517 +0900,2026-08-07 11:05:54.298 +0900,"1772852618330-upload_5116111449512581690.jpg",,,9,false,,FieldSnap,+08:00,2,4,,,true,Drainage,Matched
126283,206123,2,18.256566,121.6886016,2026-03-07 12:25:40.736 +0900,0.0,607,358,,2026-03-07 12:29:33.480 +0900,2026-08-07 11:05:54.298 +0900,"1772854173307-upload_7833022318844142965.jpg",,,9,false,,FieldSnap,+08:00,2,4,,,true,Drainage,Matched
113145,201624,2,18.2524129,121.6871472,2026-02-21 10:06:38.830 +0900,0.0,607,358,,2026-02-21 10:06:50.936 +0900,2026-08-07 11:05:54.298 +0900,"1771636010768-upload_5126233369250730018.jpg",,,9,false,,FieldSnap,+08:00,2,4,,,true,Drainage,Matched
113159,201625,2,18.2596097,121.6901517,2026-02-21 10:20:38.854 +0900,0.0,607,358,,2026-02-21 10:20:45.346 +0900,2026-08-07 11:05:54.298 +0900,"1771636845118-upload_8803040709392406544.jpg",,,9,false,,FieldSnap,+08:00,2,4,,,true,Drainage,Matched
113182,202315,2,18.2494119,121.6883699,2026-02-21 11:00:12.935 +0900,0.0,607,358,,2026-02-21 11:00:23.677 +0900,2026-08-07 11:05:54.298 +0900,"1771639223089-upload_2443568427691200931.jpg",,,9,false,,FieldSnap,+08:00,2,4,,,true,Drainage,Matched
114637,202345,2,18.2685754,121.6831998,2026-02-23 17:36:30.577 +0900,0.0,607,358,,2026-02-23 17:36:37.822 +0900,2026-08-07 11:05:54.298 +0900,"1771835797502-upload_362084875830959438.jpg",,,9,false,,FieldSnap,+08:00,2,4,,,true,Drainage,Matched
114590,206128,2,18.2615782,121.6913237,2026-02-23 16:38:06.034 +0900,0.0,607,358,,2026-02-23 16:40:26.050 +0900,2026-08-07 11:05:54.298 +0900,"1771832425537-upload_812314236950804589.jpg",,,9,false,,FieldSnap,+08:00,2,4,,,true,Drainage,Matched
126263,202230,2,18.2548052,121.6876573,2026-03-07 11:34:49.271 +0900,0.0,607,358,,2026-03-07 12:03:43.353 +0900,2026-08-07 11:05:54.298 +0900,"1772852623116-upload_1198018211216584267.jpg",,Changed the lot number from 1454-D2 to 1454,9,false,,FieldSnap,+08:00,2,4,,,true,Drainage,Matched
126273,202231,2,18.2548052,121.6876573,2026-03-07 12:05:36.274 +0900,0.0,607,358,,2026-03-07 12:09:40.524 +0900,2026-08-07 11:05:54.298 +0900,"1772852979730-upload_6749316710858586854.jpg",,,9,false,,FieldSnap,+08:00,2,4,,,true,Drainage,Matched
116918,204412,2,18.2703238,121.6801737,2026-02-26 10:22:37.348 +0900,0.0,607,358,,2026-02-26 10:22:42.249 +0900,2026-08-07 11:05:54.298 +0900,"1772068962056-upload_1180393235182923849.jpg",,,9,false,,FieldSnap,+08:00,2,4,,,true,Drainage,Matched
117008,206456,2,18.2623048,121.6880136,2026-02-26 11:10:57.820 +0900,0.0,607,358,,2026-02-26 11:11:38.362 +0900,2026-08-07 11:05:54.298 +0900,"1772071898204-upload_5068061385963387029.jpg",,Changed the lot number from 1480D2 to 1480,9,false,,FieldSnap,+08:00,2,4,,,true,Drainage,Matched
126271,200770,2,18.2548052,121.6876573,2026-03-07 12:07:58.592 +0900,0.0,607,358,,2026-03-07 12:09:40.289 +0900,2026-08-07 11:05:54.298 +0900,"1772852979752-upload_3160695850581291409.jpg",,,9,false,,FieldSnap,+08:00,2,4,,,true,Drainage,Matched
116899,204456,2,18.2708287,121.7250388,2026-02-26 10:08:02.231 +0900,0.0,607,358,,2026-02-26 10:09:20.692 +0900,2026-08-07 11:05:54.298 +0900,"1772068160484-upload_975653384080367515.jpg",,Changed the lot number from 1455-D2 to 1455-A,9,false,,FieldSnap,+08:00,2,4,,,true,Drainage,Matched
128496,,3,18.2596751,121.6897953,2026-03-11 17:16:44.700 +0900,15.0,607,358,,2026-03-11 18:22:44.002 +0900,2026-06-30 16:27:06.394 +0900,"1773220963373-upload_2479171065355061928.jpg","324-A",,9,false,,FieldSnap,+08:00,3,3,,,false,Flooding,Pending Match
117940,,3,18.2703238,121.6801737,2026-02-27 11:16:44.857 +0900,15.0,607,358,,2026-02-27 11:20:14.363 +0900,2026-06-30 16:27:06.394 +0900,"1772158814019-upload_6646943830688500288.jpg","1540D2",,9,false,,FieldSnap,+08:00,3,3,,,false,Flooding,Pending Match
117932,,3,18.2663859,121.6908643,2026-02-27 11:08:17.861 +0900,17.0,607,358,,2026-02-27 11:09:48.309 +0900,2026-06-30 16:27:06.394 +0900,"1772158188111-upload_7611535779080375962.jpg","1519/25",,9,false,,FieldSnap,+08:00,3,3,,,false,Flooding,Pending Match
125632,,3,18.2703238,121.6801737,2026-03-06 11:27:03.608 +0900,15.0,607,358,,2026-03-06 15:23:24.980 +0900,2026-06-30 16:27:06.394 +0900,"1772778204771-upload_8160503179848777103.jpg","1426-E/F",,9,false,,FieldSnap,+08:00,3,3,,,false,Flooding,Pending Match
125628,,3,18.2691437,121.6848064,2026-03-06 11:40:24.729 +0900,17.0,607,358,,2026-03-06 15:23:20.606 +0900,2026-06-30 16:27:06.394 +0900,"1772778200435-upload_5533154538083741122.jpg","1433-A",,9,false,,FieldSnap,+08:00,3,3,,,false,Flooding,Pending Match
125629,,3,18.2691437,121.6848064,2026-03-06 11:35:18.688 +0900,16.0,607,358,,2026-03-06 15:23:21.503 +0900,2026-06-30 16:27:06.394 +0900,"1772778201317-upload_3893537097121301096.jpg","1432D2",,9,false,,FieldSnap,+08:00,3,3,,,false,Flooding,Pending Match
126533,,3,18.2548052,121.6876573,2026-03-07 17:08:43.587 +0900,16.0,607,358,,2026-03-07 17:36:25.701 +0900,2026-06-30 16:27:06.394 +0900,"1772872585535-upload_159625919285865234.jpg","1547-A",,9,false,,FieldSnap,+08:00,3,3,,,false,Flooding,Pending Match
126522,,3,18.2548052,121.6876573,2026-03-07 17:19:18.868 +0900,18.0,607,358,,2026-03-07 17:36:22.877 +0900,2026-06-30 16:27:06.394 +0900,"1772872581955-upload_4348594715641895761.jpg","1883-2",,9,false,,FieldSnap,+08:00,3,3,,,false,Flooding,Pending Match
110840,,3,18.2629695,121.6876215,2026-02-18 10:37:44.213 +0900,17.0,607,358,,2026-02-18 10:37:53.658 +0900,2026-06-30 16:27:06.394 +0900,"1771378673467-upload_1154922538617276475.jpg","2368-A2",,9,false,,FieldSnap,+08:00,3,3,,,false,Flooding,Pending Match
126264,,3,18.2565757,121.6886127,2026-03-07 11:39:22.132 +0900,19.0,607,358,,2026-03-07 12:03:43.475 +0900,2026-06-30 16:27:06.394 +0900,"1772852623318-upload_7097056293398411946.jpg","1462-A",,9,false,,FieldSnap,+08:00,3,3,,,false,Flooding,Pending Match
122081,,3,18.2689442,121.6823119,2026-03-03 10:56:16.527 +0900,17.0,607,358,,2026-03-03 10:56:45.932 +0900,2026-06-30 16:27:06.394 +0900,"1772503005752-upload_8474421939505035942.jpg","1538D2",,9,false,,FieldSnap,+08:00,3,3,,,false,Flooding,Pending Match
128498,201613,3,18.2596751,121.6897953,2026-03-11 17:14:46.875 +0900,18.0,607,358,,2026-03-11 18:22:44.930 +0900,2026-08-07 11:05:54.298 +0900,"1773220964705-upload_6246654335282897598.jpg",,,9,false,,FieldSnap,+08:00,3,4,,,true,Flooding,Matched
128500,202257,3,18.2596751,121.6897953,2026-03-11 17:05:16.797 +0900,16.0,607,358,,2026-03-11 18:22:46.981 +0900,2026-08-07 11:05:54.298 +0900,"1773220966802-upload_5866661515572346061.jpg",,,9,false,,FieldSnap,+08:00,3,4,,,true,Flooding,Matched
117879,204413,3,18.2703238,121.6801737,2026-02-27 10:38:53.820 +0900,15.0,607,358,,2026-02-27 10:39:00.597 +0900,2026-08-07 11:05:54.298 +0900,"1772156340296-upload_451663757731865524.jpg",,,9,false,,FieldSnap,+08:00,3,4,,,true,Flooding,Matched
117852,201620,3,18.2703238,121.6801737,2026-02-27 10:15:52.529 +0900,15.0,607,358,,2026-02-27 10:16:23.866 +0900,2026-08-07 11:05:54.298 +0900,"1772154983208-upload_7376929650150198545.jpg",,Changed the lot number from 1473D2 to 1473,9,false,,FieldSnap,+08:00,3,4,,,true,Flooding,Matched
117873,202269,3,18.2703238,121.6801737,2026-02-27 10:35:48.072 +0900,16.0,607,358,,2026-02-27 10:36:02.347 +0900,2026-08-07 11:05:54.298 +0900,"1772156162094-upload_6969008296320789278.jpg",,,9,false,,FieldSnap,+08:00,3,4,,,true,Flooding,Matched
117874,201621,3,18.2703238,121.6801737,2026-02-27 10:26:24.630 +0900,13.0,607,358,,2026-02-27 10:36:02.636 +0900,2026-08-07 11:05:54.298 +0900,"1772156162129-upload_6991427912557721940.jpg",,,9,false,,FieldSnap,+08:00,36,4,,,true,Saturated,Matched
117939,202442,3,18.2703238,121.6801737,2026-02-27 11:20:00.932 +0900,13.0,607,358,,2026-02-27 11:20:14.097 +0900,2026-08-07 11:05:54.298 +0900,"1772158813841-upload_5064065772467157029.jpg",,,9,false,,FieldSnap,+08:00,36,4,,,true,Saturated,Matched
117941,202266,3,18.2703238,121.6801737,2026-02-27 11:18:29.946 +0900,11.0,607,358,,2026-02-27 11:20:14.415 +0900,2026-08-07 11:05:54.298 +0900,"1772158814232-upload_2219251661892862342.jpg",,Changed the lot number from 1539-D to 1539-B,9,false,,FieldSnap,+08:00,36,4,,,true,Saturated,Matched
117952,202458,3,18.2689442,121.6823119,2026-02-27 11:36:17.348 +0900,15.0,607,358,,2026-02-27 11:36:36.664 +0900,2026-08-07 11:05:54.298 +0900,"1772159796467-upload_2998990315646048716.jpg",,,9,false,,FieldSnap,+08:00,3,4,,,true,Flooding,Matched
122379,200775,3,18.2669066,121.6844501,2026-03-03 16:57:01.508 +0900,18.0,607,358,,2026-03-03 17:07:13.215 +0900,2026-08-07 11:05:54.298 +0900,"1772525233038-upload_1131761858768413178.jpg",,,9,false,,FieldSnap,+08:00,3,4,,,true,Flooding,Matched
118044,201608,3,18.2669066,121.6844501,2026-02-27 12:11:44.712 +0900,20.0,607,358,,2026-02-27 12:16:05.242 +0900,2026-08-07 11:05:54.298 +0900,"1772162164974-upload_8296467967412935451.jpg",,,9,false,,FieldSnap,+08:00,3,4,,,true,Flooding,Matched
118010,202413,3,18.2646057,121.6862319,2026-02-27 12:04:23.169 +0900,20.0,607,358,,2026-02-27 12:04:31.796 +0900,2026-08-07 11:05:54.298 +0900,"1772161471507-upload_2090411408306527511.jpg",,,9,false,,FieldSnap,+08:00,3,4,,,true,Flooding,Matched
131063,204406,3,18.253357,121.6865882,2026-03-16 16:31:38.936 +0900,15.0,607,358,,2026-03-16 18:12:41.635 +0900,2026-08-07 11:05:54.298 +0900,"1773652361462-upload_7588744417698765256.jpg",,,9,false,,FieldSnap,+08:00,3,4,,,true,Flooding,Matched
117851,204412,3,18.2703238,121.6801737,2026-02-27 10:11:29.758 +0900,13.0,607,358,,2026-02-27 10:16:23.575 +0900,2026-08-07 11:05:54.298 +0900,"1772154983215-upload_6218150279422483770.jpg",,,9,false,,FieldSnap,+08:00,36,4,,,true,Saturated,Matched
128075,200735,3,18.2689442,121.6823119,2026-03-10 17:10:33.738 +0900,18.0,607,358,,2026-03-10 17:19:36.874 +0900,2026-08-07 11:05:54.298 +0900,"1773130776595-upload_9103700313028340891.jpg",,,9,false,,FieldSnap,+08:00,3,4,,,true,Flooding,Matched
125625,200634,3,18.2623048,121.6880136,2026-03-06 11:52:39.100 +0900,18.0,607,358,,2026-03-06 15:23:19.701 +0900,2026-08-07 11:05:54.298 +0900,"1772778199539-upload_2485280568699404852.jpg",,,9,false,,FieldSnap,+08:00,3,4,,,true,Flooding,Matched
125627,202259,3,18.2703238,121.6801737,2026-03-06 11:18:03.766 +0900,18.0,607,358,,2026-03-06 15:23:20.575 +0900,2026-08-07 11:05:54.298 +0900,"1772778200398-upload_7609894578213993850.jpg",,,9,false,,FieldSnap,+08:00,3,4,,,true,Flooding,Matched
125626,200315,3,18.2623048,121.6880136,2026-03-06 11:47:26.833 +0900,16.0,607,358,,2026-03-06 15:23:20.533 +0900,2026-08-07 11:05:54.298 +0900,"1772778200365-upload_137811050246881726.jpg",,,9,false,,FieldSnap,+08:00,3,4,,,true,Flooding,Matched
125624,204473,3,18.2669066,121.6844501,2026-03-06 11:57:23.103 +0900,18.0,607,358,,2026-03-06 15:23:19.144 +0900,2026-08-07 11:05:54.298 +0900,"1772778198926-upload_4368310264270120798.jpg",,change lot number from 653 into 653D2,9,false,,FieldSnap,+08:00,3,4,,,true,Flooding,Matched
122114,204764,3,18.2689442,121.6823119,2026-03-03 11:01:58.778 +0900,18.0,607,358,,2026-03-03 11:02:15.333 +0900,2026-08-07 11:05:54.298 +0900,"1772503335111-upload_4199516950416344097.jpg",,,9,false,,FieldSnap,+08:00,3,4,,,true,Flooding,Matched
127490,200733,3,18.2548052,121.6876573,2026-03-09 16:56:13.223 +0900,16.0,607,358,,2026-03-09 16:57:01.122 +0900,2026-08-07 11:05:54.298 +0900,"1773043020783-upload_3475033067144772333.jpg",,No photo2,9,false,,FieldSnap,+08:00,3,4,,,true,Flooding,Matched
127482,201664,3,18.2575036,121.6890826,2026-03-09 16:51:35.298 +0900,18.0,607,358,,2026-03-09 16:51:45.308 +0900,2026-08-07 11:05:54.298 +0900,"1773042704859-upload_2095125503127395778.jpg",,,9,false,,FieldSnap,+08:00,3,4,,,true,Flooding,Matched
126529,202265,3,18.2548052,121.6876573,2026-03-07 17:09:54.820 +0900,16.0,607,358,,2026-03-07 17:36:24.702 +0900,2026-08-07 11:05:54.298 +0900,"1772872584540-upload_4044517261430665990.jpg",,,9,false,,FieldSnap,+08:00,3,4,,,true,Flooding,Matched
126525,202308,3,18.2548052,121.6876573,2026-03-07 17:23:13.706 +0900,16.0,607,358,,2026-03-07 17:36:23.251 +0900,2026-08-07 11:05:54.298 +0900,"1772872582516-upload_1202757999750734407.jpg",,,9,false,,FieldSnap,+08:00,3,4,,,true,Flooding,Matched
126524,200747,3,18.2548052,121.6876573,2026-03-07 17:24:27.890 +0900,16.0,607,358,,2026-03-07 17:36:23.066 +0900,2026-08-07 11:05:54.298 +0900,"1772872582361-upload_6806538130704526147.jpg",,,9,false,,FieldSnap,+08:00,3,4,,,true,Flooding,Matched
126528,201595,3,18.2548052,121.6876573,2026-03-07 17:36:03.930 +0900,18.0,607,358,,2026-03-07 17:36:24.385 +0900,2026-08-07 11:05:54.298 +0900,"1772872584216-upload_8473904576504681832.jpg",,,9,false,,FieldSnap,+08:00,3,4,,,true,Flooding,Matched
126526,202457,3,18.2548052,121.6876573,2026-03-07 17:21:37.219 +0900,16.0,607,358,,2026-03-07 17:36:23.672 +0900,2026-08-07 11:05:54.298 +0900,"1772872583510-upload_2349217441074733951.jpg",,Changed the lot number from 2393-D2 to 2398D2. Mistakenly wrote 8 as 3,9,false,,FieldSnap,+08:00,3,4,,,true,Flooding,Matched
127483,201689,3,18.2575036,121.6890826,2026-03-09 16:50:08.171 +0900,18.0,607,358,,2026-03-09 16:51:45.652 +0900,2026-08-07 11:05:54.298 +0900,"1773042704929-upload_1694756408966467275.jpg",,,9,false,,FieldSnap,+08:00,3,4,,,true,Flooding,Matched
110810,202250,3,18.2617187,121.694784,2026-02-18 10:06:00.064 +0900,15.0,607,358,,2026-02-18 10:06:11.306 +0900,2026-08-07 11:05:54.298 +0900,"1771376771115-upload_3026226122768110607.jpg",,,9,false,,FieldSnap,+08:00,3,4,,,true,Flooding,Matched
110818,201649,3,18.2700206,121.7038816,2026-02-18 10:19:21.827 +0900,12.0,607,358,,2026-02-18 10:19:39.973 +0900,2026-08-07 11:05:54.298 +0900,"1771377579489-upload_7564357832140823871.jpg",,,9,false,,FieldSnap,+08:00,36,4,,,true,Saturated,Matched
110817,204441,3,18.2700206,121.7038816,2026-02-18 10:14:18.282 +0900,15.0,607,358,,2026-02-18 10:14:30.489 +0900,2026-08-07 11:05:54.298 +0900,"1771377270297-upload_5484439358005835530.jpg",,,9,false,,FieldSnap,+08:00,3,4,,,true,Flooding,Matched
110859,200765,3,18.2703238,121.6801737,2026-02-18 11:05:12.433 +0900,17.0,607,358,,2026-02-18 11:05:18.841 +0900,2026-08-07 11:05:54.298 +0900,"1771380318687-upload_2980640598190981251.jpg",,,9,false,,FieldSnap,+08:00,3,4,,,true,Flooding,Matched
110939,201594,3,18.2666019,121.6932405,2026-02-18 11:16:13.519 +0900,15.0,607,358,,2026-02-18 11:31:34.074 +0900,2026-08-07 11:05:54.298 +0900,"1771381893908-upload_6550513913998969671.jpg",,,9,false,,FieldSnap,+08:00,3,4,,,true,Flooding,Matched
110938,202222,3,18.2666019,121.6932405,2026-02-18 11:17:03.146 +0900,15.0,607,358,,2026-02-18 11:31:33.724 +0900,2026-08-07 11:05:54.298 +0900,"1771381893522-upload_5389889781431357918.jpg",,,9,false,,FieldSnap,+08:00,3,4,,,true,Flooding,Matched
110865,202219,3,18.2666019,121.6932405,2026-02-18 11:13:36.514 +0900,15.0,607,358,,2026-02-18 11:14:01.548 +0900,2026-08-07 11:05:54.298 +0900,"1771380841256-upload_5255040775517221511.jpg",,,9,false,,FieldSnap,+08:00,3,4,,,true,Flooding,Matched
110851,202332,3,18.2703238,121.6801737,2026-02-18 10:55:15.092 +0900,14.0,607,358,,2026-02-18 10:55:27.114 +0900,2026-08-07 11:05:54.298 +0900,"1771379726821-upload_8870897600353393867.jpg",,,9,false,,FieldSnap,+08:00,36,4,,,true,Saturated,Matched
111156,202267,3,18.2703238,121.6801737,2026-02-18 15:39:03.638 +0900,20.0,607,358,,2026-02-18 15:39:22.678 +0900,2026-08-07 11:05:54.298 +0900,"1771396762307-upload_8747577069671485534.jpg",,Changed the lot number from 1469-D2 to 1468,9,false,,FieldSnap,+08:00,3,4,,,true,Flooding,Matched
126262,201631,3,18.2565757,121.6886127,2026-03-07 11:43:07.830 +0900,17.0,607,358,,2026-03-07 12:03:40.374 +0900,2026-08-07 11:05:54.298 +0900,"1772852620199-upload_5400032195129044593.jpg",,,9,false,,FieldSnap,+08:00,3,4,,,true,Flooding,Matched
126258,202412,3,18.256577,121.6886112,2026-03-07 11:49:09.439 +0900,14.0,607,358,,2026-03-07 12:03:39.560 +0900,2026-08-07 11:05:54.298 +0900,"1772852619341-upload_1614866791600478117.jpg",,,9,false,,FieldSnap,+08:00,36,4,,,true,Saturated,Matched
126532,202414,3,18.2548052,121.6876573,2026-03-07 17:18:00.688 +0900,13.0,607,358,,2026-03-07 17:36:25.360 +0900,2026-08-07 11:05:54.298 +0900,"1772872585165-upload_3171847782716575562.jpg",,,9,false,,FieldSnap,+08:00,36,4,,,true,Saturated,Matched
126523,202310,3,18.2548052,121.6876573,2026-03-07 17:31:12.120 +0900,16.0,607,358,,2026-03-07 17:36:23.016 +0900,2026-08-07 11:05:54.298 +0900,"1772872582282-upload_3929448371792530359.jpg",,,9,false,,FieldSnap,+08:00,3,4,,,true,Flooding,Matched
126521,202318,3,18.2548052,121.6876573,2026-03-07 17:34:54.711 +0900,16.0,607,358,,2026-03-07 17:36:22.763 +0900,2026-08-07 11:05:54.298 +0900,"1772872582068-upload_1236550935595773728.jpg",,,9,false,,FieldSnap,+08:00,3,4,,,true,Flooding,Matched
126527,202309,3,18.2548052,121.6876573,2026-03-07 17:29:47.121 +0900,15.0,607,358,,2026-03-07 17:36:23.965 +0900,2026-08-07 11:05:54.298 +0900,"1772872583788-upload_1134425930928724866.jpg",,Changed the lot number from 2431-C to 2431-B.,9,false,,FieldSnap,+08:00,3,4,,,true,Flooding,Matched
126530,202207,3,18.2548052,121.6876573,2026-03-07 17:16:06.184 +0900,18.0,607,358,,2026-03-07 17:36:24.869 +0900,2026-08-07 11:05:54.298 +0900,"1772872584639-upload_5200872636375520394.jpg",,Changed the lot number from 1658-AD2 to 1658-A,9,false,,FieldSnap,+08:00,3,4,,,true,Flooding,Matched
122002,202244,3,18.2709688,121.7252296,2026-03-03 10:28:26.852 +0900,18.0,607,358,,2026-03-03 10:28:36.872 +0900,2026-08-07 11:05:54.298 +0900,"1772501316679-upload_7009173073080865804.jpg",,,9,false,,FieldSnap,+08:00,3,4,,,true,Flooding,Matched
122019,202246,3,18.2669066,121.6844501,2026-03-03 10:39:05.947 +0900,15.0,607,358,,2026-03-03 10:41:18.667 +0900,2026-08-07 11:05:54.298 +0900,"1772502077879-upload_2166669792634815656.jpg",,,9,false,,FieldSnap,+08:00,3,4,,,true,Flooding,Matched
121980,204415,3,18.2709688,121.7252296,2026-03-03 10:15:12.939 +0900,15.0,607,358,,2026-03-03 10:15:42.518 +0900,2026-08-07 11:05:54.298 +0900,"1772500542310-upload_3310939295761609817.jpg",,,9,false,,FieldSnap,+08:00,3,4,,,true,Flooding,Matched
121974,204418,3,18.2709688,121.7252296,2026-03-03 10:11:22.208 +0900,15.0,607,358,,2026-03-03 10:11:38.378 +0900,2026-08-07 11:05:54.298 +0900,"1772500298012-upload_8643073094491409072.jpg",,,9,false,,FieldSnap,+08:00,3,4,,,true,Flooding,Matched
116359,202213,3,18.2664514,121.690508,2026-02-25 17:07:13.880 +0900,18.0,607,358,,2026-02-25 17:07:40.317 +0900,2026-08-07 11:05:54.298 +0900,"1772006859944-upload_4409486520845931806.jpg",,,9,false,,FieldSnap,+08:00,3,4,,,true,Flooding,Matched
122020,202247,3,18.2669066,121.6844501,2026-03-03 10:40:36.649 +0900,17.0,607,358,,2026-03-03 10:41:18.702 +0900,2026-08-07 11:05:54.298 +0900,"1772502077970-upload_9174862212947194536.jpg",,,9,false,,FieldSnap,+08:00,3,4,,,true,Flooding,Matched
117810,204456,3,18.2669066,121.6844501,2026-02-27 10:02:42.848 +0900,22.0,607,358,,2026-02-27 10:02:58.632 +0900,2026-08-07 11:05:54.298 +0900,"1772154178385-upload_8826476387381638126.jpg",,Changed the lot number from 1455-D2 to 1455-A,9,false,,FieldSnap,+08:00,3,4,,,true,Flooding,Matched
122072,204428,3,18.2646057,121.6862319,2026-03-03 10:47:51.042 +0900,16.0,607,358,,2026-03-03 10:51:49.130 +0900,2026-08-07 11:05:54.298 +0900,"1772502708842-upload_3512826547132348222.jpg",,,9,false,,FieldSnap,+08:00,3,4,,,true,Flooding,Matched
126260,202898,3,18.2565757,121.6886127,2026-03-07 11:45:13.033 +0900,15.0,607,358,,2026-03-07 12:03:39.894 +0900,2026-08-07 11:05:54.298 +0900,"1772852619739-upload_5515427866483921362.jpg",,,9,false,,FieldSnap,+08:00,3,4,,,true,Flooding,Matched
121971,204421,3,18.2709688,121.7252296,2026-03-03 10:08:26.507 +0900,17.0,607,358,,2026-03-03 10:09:10.956 +0900,2026-08-07 11:05:54.298 +0900,"1772500150292-upload_5212196877707387635.jpg",,,9,false,,FieldSnap,+08:00,3,4,,,true,Flooding,Matched
121989,204417,3,18.2709688,121.7252296,2026-03-03 10:19:24.247 +0900,17.0,607,358,,2026-03-03 10:19:55.980 +0900,2026-08-07 11:05:54.298 +0900,"1772500795429-upload_4378097207594256846.jpg",,,9,false,,FieldSnap,+08:00,3,4,,,true,Flooding,Matched
117242,,4,18.2757617,121.6910483,2026-02-26 18:08:00.549 +0900,0.0,607,358,,2026-02-26 18:08:07.256 +0900,2026-06-30 16:27:06.394 +0900,"1772096886615-upload_9086138692829979433.jpg","1426-D",,9,false,,FieldSnap,+08:00,2,3,,,false,Drainage,Pending Match
117152,,4,18.2703238,121.6801737,2026-02-26 16:03:48.231 +0900,0.0,607,358,,2026-02-26 16:04:53.953 +0900,2026-06-30 16:27:06.394 +0900,"1772089493588-upload_6214130218824217836.jpg","1493-A",,9,false,,FieldSnap,+08:00,2,3,,,false,Drainage,Pending Match
117162,,4,18.2703238,121.6801737,2026-02-26 16:32:46.149 +0900,0.0,607,359,,2026-02-26 16:33:03.364 +0900,2026-06-30 16:27:06.394 +0900,"1772091182935-upload_3958625375526024096.jpg","1512D2",,9,false,,FieldSnap,+08:00,2,3,,,false,Drainage,Pending Match
128723,,4,18.2661269,121.6958529,2026-03-12 10:37:52.487 +0900,0.0,607,358,,2026-03-12 10:51:46.318 +0900,2026-06-30 16:27:06.394 +0900,"1773280306128-upload_6247373076601532898.jpg","1462-A",,9,false,,FieldSnap,+08:00,2,3,,,false,Drainage,Pending Match
129249,,4,18.2523788,121.6870943,2026-03-13 10:05:20.600 +0900,0.0,607,358,,2026-03-13 12:58:08.566 +0900,2026-06-30 16:27:06.394 +0900,"1773374288383-upload_4239463893566938258.jpg","1462D2",,9,false,,FieldSnap,+08:00,2,3,,,false,Drainage,Pending Match
114627,,4,18.2685754,121.6831998,2026-02-23 17:28:29.787 +0900,0.0,607,358,,2026-02-23 17:28:35.264 +0900,2026-06-30 16:27:06.394 +0900,"1771835315107-upload_5013784077425187066.jpg","2427-A",,9,false,,FieldSnap,+08:00,2,3,,,false,Drainage,Pending Match
115636,,4,18.2685893,121.7022047,2026-02-24 15:59:14.803 +0900,0.0,607,359,,2026-02-24 15:59:48.189 +0900,2026-06-30 16:27:06.394 +0900,"1771916387530-upload_8242720241176925388.jpg","2375-A",,9,false,,FieldSnap,+08:00,2,3,,,false,Drainage,Pending Match
117044,,4,18.2689442,121.6823119,2026-02-26 11:43:45.242 +0900,0.0,607,359,,2026-02-26 11:44:00.707 +0900,2026-06-30 16:27:06.394 +0900,"1772073840185-upload_7131820349547133838.jpg","1482D2",,9,false,,FieldSnap,+08:00,2,3,,,false,Drainage,Pending Match
116036,,4,18.2646088,121.6897953,2026-02-25 10:14:02.413 +0900,0.0,607,358,,2026-02-25 10:14:20.453 +0900,2026-06-30 16:27:06.394 +0900,"1771982056407-upload_6051415185779017163.jpg","2368-C",,9,false,,FieldSnap,+08:00,2,3,,,false,Drainage,Pending Match
117220,200638,4,18.2757617,121.6910483,2026-02-26 17:53:31.598 +0900,0.0,607,358,,2026-02-26 17:53:40.892 +0900,2026-08-07 11:05:54.298 +0900,"1772096020738-upload_8830334992940522758.jpg",,,9,false,,FieldSnap,+08:00,2,4,,,true,Drainage,Matched
117241,206171,4,18.2757617,121.6910483,2026-02-26 18:06:48.191 +0900,0.0,607,358,,2026-02-26 18:08:06.927 +0900,2026-08-07 11:05:54.298 +0900,"1772096886619-upload_2355584320601978210.jpg",,,9,false,,FieldSnap,+08:00,2,4,,,true,Drainage,Matched
117227,202194,4,18.2757617,121.6910483,2026-02-26 17:57:05.704 +0900,0.0,607,358,,2026-02-26 17:57:20.637 +0900,2026-08-07 11:05:54.298 +0900,"1772096240102-upload_4125295904024646122.jpg",,,9,false,,FieldSnap,+08:00,2,4,,,true,Drainage,Matched
117151,204469,4,18.2703238,121.6801737,2026-02-26 16:04:41.574 +0900,0.0,607,358,,2026-02-26 16:04:53.895 +0900,2026-08-07 11:05:54.298 +0900,"1772089493644-upload_6251350320838912007.jpg",,,9,false,,FieldSnap,+08:00,2,4,,,true,Drainage,Matched
117159,200637,4,18.2703238,121.6801737,2026-02-26 16:25:02.683 +0900,0.0,607,359,,2026-02-26 16:25:14.874 +0900,2026-08-07 11:05:54.298 +0900,"1772090714419-upload_7865789691162455085.jpg",,,9,false,,FieldSnap,+08:00,2,4,,,true,Drainage,Matched
117157,201708,4,18.2703238,121.6801737,2026-02-26 16:23:27.119 +0900,0.0,607,359,,2026-02-26 16:25:14.803 +0900,2026-08-07 11:05:54.298 +0900,"1772090714620-upload_2057110718576959842.jpg",,,9,false,,FieldSnap,+08:00,2,4,,,true,Drainage,Matched
124844,206137,4,18.2703238,121.6801737,2026-03-05 17:09:01.552 +0900,0.0,607,358,,2026-03-05 17:10:48.961 +0900,2026-08-07 11:05:54.298 +0900,"1772698248423-upload_5674425365173751208.jpg",,,9,false,,FieldSnap,+08:00,2,4,,,true,Drainage,Matched
131062,200771,4,18.253357,121.6865882,2026-03-16 17:07:32.674 +0900,0.0,607,358,,2026-03-16 18:12:40.726 +0900,2026-08-07 11:05:54.298 +0900,"1773652360449-upload_671858477510064562.jpg",,,9,false,,FieldSnap,+08:00,2,4,,,true,Drainage,Matched
117161,201707,4,18.2703238,121.6801737,2026-02-26 16:31:00.871 +0900,0.0,607,359,,2026-02-26 16:31:14.300 +0900,2026-08-07 11:05:54.298 +0900,"1772091073968-upload_9195497915992868780.jpg",,,9,false,,FieldSnap,+08:00,2,4,,,true,Drainage,Matched
128727,202318,4,18.2661269,121.6958529,2026-03-12 10:35:16.548 +0900,0.0,607,358,,2026-03-12 10:51:46.982 +0900,2026-08-07 11:05:54.298 +0900,"1773280305644-upload_6826128795309686783.jpg",,,9,false,,FieldSnap,+08:00,2,4,,,true,Drainage,Matched
127183,201643,4,18.2565709,121.6886018,2026-03-09 11:00:48.892 +0900,0.0,607,358,,2026-03-09 11:38:50.203 +0900,2026-08-07 11:05:54.298 +0900,"1773023930029-upload_4052314901687120871.jpg",,,9,false,,FieldSnap,+08:00,2,4,,,true,Drainage,Matched
127181,204431,4,18.2565709,121.6886018,2026-03-09 11:05:36.995 +0900,0.0,607,358,,2026-03-09 11:38:49.433 +0900,2026-08-07 11:05:54.298 +0900,"1773023929255-upload_8101333607549980213.jpg",,,9,false,,FieldSnap,+08:00,2,4,,,true,Drainage,Matched
127177,204415,4,18.2565709,121.6886018,2026-03-09 11:16:15.410 +0900,0.0,607,358,,2026-03-09 11:38:48.561 +0900,2026-08-07 11:05:54.298 +0900,"1773023928295-upload_2514005773649884248.jpg",,,9,false,,FieldSnap,+08:00,2,4,,,true,Drainage,Matched
127179,204422,4,18.2565709,121.6886018,2026-03-09 11:19:19.381 +0900,0.0,607,358,,2026-03-09 11:38:48.849 +0900,2026-08-07 11:05:54.298 +0900,"1773023928662-upload_1437851837659276055.jpg",,,9,false,,FieldSnap,+08:00,2,4,,,true,Drainage,Matched
127176,200764,4,18.2565709,121.6886018,2026-03-09 11:26:12.242 +0900,0.0,607,358,,2026-03-09 11:38:48.179 +0900,2026-08-07 11:05:54.298 +0900,"1773023927839-upload_1668472859703224094.jpg",,,9,false,,FieldSnap,+08:00,2,4,,,true,Drainage,Matched
127187,201642,4,18.2565709,121.6886018,2026-03-09 10:56:27.403 +0900,0.0,607,358,,2026-03-09 11:38:53.089 +0900,2026-08-07 11:05:54.298 +0900,"1773023932918-upload_8127274638922899023.jpg",,,9,false,,FieldSnap,+08:00,2,4,,,true,Drainage,Matched
127180,204428,4,18.2565709,121.6886018,2026-03-09 11:10:10.230 +0900,0.0,607,358,,2026-03-09 11:38:49.219 +0900,2026-08-07 11:05:54.298 +0900,"1773023928892-upload_22132161249093310.jpg",,,9,false,,FieldSnap,+08:00,2,4,,,true,Drainage,Matched
127178,201634,4,18.2565709,121.6886018,2026-03-09 11:37:48.089 +0900,0.0,607,358,,2026-03-09 11:38:48.800 +0900,2026-08-07 11:05:54.298 +0900,"1773023928618-upload_5193108662858632566.jpg",,,9,false,,FieldSnap,+08:00,2,4,,,true,Drainage,Matched
127175,202351,4,18.2565709,121.6886018,2026-03-09 11:33:11.601 +0900,0.0,607,358,,2026-03-09 11:38:47.390 +0900,2026-08-07 11:05:54.298 +0900,"1773023927161-upload_5323800269715173603.jpg",,Changed the lot number from 2394D2 to 2394,9,false,,FieldSnap,+08:00,2,4,,,true,Drainage,Matched
127182,206170,4,18.2565709,121.6886018,2026-03-09 11:22:37.391 +0900,0.0,607,358,,2026-03-09 11:38:49.867 +0900,2026-08-07 11:05:54.298 +0900,"1773023929704-upload_6082590659997443923.jpg",,,9,false,,FieldSnap,+08:00,2,4,,,true,Drainage,Matched
127199,202237,4,18.2590617,121.695295,2026-03-09 11:41:41.565 +0900,0.0,607,358,,2026-03-09 11:41:56.574 +0900,2026-08-07 11:05:54.298 +0900,"1773024116384-upload_3687736318033752012.jpg",,,9,false,,FieldSnap,+08:00,2,4,,,true,Drainage,Matched
125620,201621,4,18.2675629,121.6826683,2026-03-06 12:07:26.808 +0900,0.0,607,358,,2026-03-06 15:23:12.973 +0900,2026-08-07 11:05:54.298 +0900,"1772778192778-upload_6912473644982811056.jpg",,,9,false,,FieldSnap,+08:00,2,4,,,true,Drainage,Matched
125623,206456,4,18.2675629,121.6826683,2026-03-06 12:13:12.424 +0900,0.0,607,358,,2026-03-06 15:23:17.401 +0900,2026-08-07 11:05:54.298 +0900,"1772778197217-upload_124708811270532940.jpg",,Changed the lot number from 1480D2 to 1480,9,false,,FieldSnap,+08:00,2,4,,,true,Drainage,Matched
127299,204455,4,18.260004,121.6897953,2026-03-09 11:59:47.721 +0900,0.0,607,358,,2026-03-09 12:39:36.647 +0900,2026-08-07 11:05:54.298 +0900,"1773027576446-upload_4773466552249753673.jpg",,,9,false,,FieldSnap,+08:00,2,4,,,true,Drainage,Matched
121307,200749,4,18.2701741,121.7089104,2026-03-02 16:22:35.732 +0900,0.0,607,359,,2026-03-02 16:23:29.658 +0900,2026-08-07 11:05:54.298 +0900,"1772436209237-upload_6512603090340742319.jpg",,,9,false,,FieldSnap,+08:00,2,4,,,true,Drainage,Matched
121328,202216,4,18.2684858,121.6848064,2026-03-02 17:00:37.419 +0900,0.0,607,359,,2026-03-02 17:00:50.915 +0900,2026-08-07 11:05:54.298 +0900,"1772438450718-upload_5204801629156751413.jpg",,,9,false,,FieldSnap,+08:00,2,4,,,true,Drainage,Matched
121320,200754,4,18.2623048,121.6880136,2026-03-02 16:42:47.276 +0900,0.0,607,359,,2026-03-02 16:43:10.634 +0900,2026-08-07 11:05:54.298 +0900,"1772437390309-upload_3677603774693873186.jpg",,,9,false,,FieldSnap,+08:00,2,4,,,true,Drainage,Matched
121313,202455,4,18.2703238,121.6801737,2026-03-02 16:29:37.181 +0900,0.0,607,359,,2026-03-02 16:30:02.008 +0900,2026-08-07 11:05:54.298 +0900,"1772436601703-upload_3057108542773116105.jpg",,,9,false,,FieldSnap,+08:00,2,4,,,true,Drainage,Matched
121343,202213,4,18.2615815,121.6883699,2026-03-02 17:18:43.436 +0900,0.0,607,359,,2026-03-02 17:18:57.022 +0900,2026-08-07 11:05:54.298 +0900,"1772439536545-upload_4026328640639252378.jpg",,,9,false,,FieldSnap,+08:00,2,4,,,true,Drainage,Matched
126504,201703,4,18.2548052,121.6876573,2026-03-07 16:41:45.553 +0900,0.0,607,358,,2026-03-07 17:02:22.477 +0900,2026-08-07 11:05:54.298 +0900,"1772870542265-upload_2517715543350064788.jpg",,,9,false,,FieldSnap,+08:00,2,4,,,true,Drainage,Matched
126505,201702,4,18.2548052,121.6876573,2026-03-07 16:44:16.107 +0900,0.0,607,358,,2026-03-07 17:02:23.015 +0900,2026-08-07 11:05:54.298 +0900,"1772870542825-upload_3882933498654916099.jpg",,,9,false,,FieldSnap,+08:00,2,4,,,true,Drainage,Matched
116911,202267,4,18.2703238,121.6801737,2026-02-26 10:15:46.473 +0900,0.0,607,358,,2026-02-26 10:15:52.288 +0900,2026-08-07 11:05:54.298 +0900,"1772068552034-upload_4785602097720058304.jpg",,Changed the lot number from 1469-D2 to 1468,9,false,,FieldSnap,+08:00,2,4,,,true,Drainage,Matched
109966,202450,4,18.2613603,121.6932026,2026-02-17 17:43:48.470 +0900,0.0,607,358,,2026-02-17 17:44:02.459 +0900,2026-08-07 11:05:54.298 +0900,"1771317842062-upload_1954150783567782039.jpg",,Changed the lot number from 2378-C2 to 2378-C,9,false,,FieldSnap,+08:00,2,4,,,true,Drainage,Matched
124436,201661,4,18.2703238,121.6801737,2026-03-05 10:49:03.039 +0900,0.0,607,359,,2026-03-05 11:10:55.323 +0900,2026-08-07 11:05:54.298 +0900,"1772676655152-upload_1284932165709295311.jpg",,,9,false,,FieldSnap,+08:00,2,4,,,true,Drainage,Matched
124431,204412,4,18.2703238,121.6801737,2026-03-05 10:46:54.771 +0900,0.0,607,359,,2026-03-05 11:10:54.405 +0900,2026-08-07 11:05:54.298 +0900,"1772676654132-upload_4090527521474408230.jpg",,,9,false,,FieldSnap,+08:00,2,4,,,true,Drainage,Matched
124438,202191,4,18.2646057,121.6862319,2026-03-05 11:15:11.267 +0900,0.0,607,359,,2026-03-05 11:15:38.360 +0900,2026-08-07 11:05:54.298 +0900,"1772676938021-upload_1571849344329187027.jpg",,,9,false,,FieldSnap,+08:00,2,4,,,true,Drainage,Matched
129240,200770,4,18.2669721,121.6840937,2026-03-13 10:35:35.344 +0900,0.0,607,358,,2026-03-13 12:57:56.718 +0900,2026-08-07 11:05:54.298 +0900,"1773374276501-upload_2908091117836476589.jpg",,,9,false,,FieldSnap,+08:00,2,4,,,true,Drainage,Matched
129235,200772,4,18.2669721,121.6840937,2026-03-13 10:36:40.311 +0900,0.0,607,358,,2026-03-13 12:57:50.975 +0900,2026-08-07 11:05:54.298 +0900,"1773374270699-upload_8061185479104687081.jpg",,,9,false,,FieldSnap,+08:00,2,4,,,true,Drainage,Matched
124460,201608,4,18.2640149,121.6876573,2026-03-05 11:30:48.075 +0900,0.0,607,359,,2026-03-05 11:31:23.983 +0900,2026-08-07 11:05:54.298 +0900,"1772677883192-upload_1626209048641173395.jpg",,,9,false,,FieldSnap,+08:00,2,4,,,true,Drainage,Matched
129245,202248,4,18.2523788,121.6870943,2026-03-13 10:14:52.627 +0900,0.0,607,358,,2026-03-13 12:58:02.092 +0900,2026-08-07 11:05:54.298 +0900,"1773374281907-upload_6684218503824030643.jpg",,,9,false,,FieldSnap,+08:00,2,4,,,true,Drainage,Matched
129243,202249,4,18.2523788,121.6870943,2026-03-13 10:20:32.138 +0900,0.0,607,358,,2026-03-13 12:58:01.274 +0900,2026-08-07 11:05:54.298 +0900,"1773374281072-upload_4424037791422946079.jpg",,,9,false,,FieldSnap,+08:00,2,4,,,true,Drainage,Matched
129242,202252,4,18.2689442,121.6823119,2026-03-13 10:23:43.424 +0900,0.0,607,358,,2026-03-13 12:57:59.682 +0900,2026-08-07 11:05:54.298 +0900,"1773374279513-upload_7088025970858059401.jpg",,,9,false,,FieldSnap,+08:00,2,4,,,true,Drainage,Matched
129248,201664,4,18.2689442,121.6823119,2026-03-13 10:31:04.497 +0900,0.0,607,358,,2026-03-13 12:58:07.643 +0900,2026-08-07 11:05:54.298 +0900,"1773374287473-upload_8290788577228048810.jpg",,,9,false,,FieldSnap,+08:00,2,4,,,true,Drainage,Matched
129239,202231,4,18.2689442,121.6823119,2026-03-13 10:32:14.345 +0900,0.0,607,358,,2026-03-13 12:57:56.470 +0900,2026-08-07 11:05:54.298 +0900,"1773374276225-upload_1491602679957853969.jpg",,,9,false,,FieldSnap,+08:00,2,4,,,true,Drainage,Matched
129237,202456,4,18.2669721,121.6840937,2026-03-13 10:41:01.034 +0900,0.0,607,358,,2026-03-13 12:57:56.103 +0900,2026-08-07 11:05:54.298 +0900,"1773374275260-upload_1194725285297257151.jpg","2417",,9,false,,FieldSnap,+08:00,2,4,,,true,Drainage,Matched
129253,204444,4,18.2523788,121.6870943,2026-03-13 09:52:21.583 +0900,0.0,607,358,,2026-03-13 12:58:12.082 +0900,2026-08-07 11:05:54.298 +0900,"1773374291889-upload_4287821332097797906.jpg",,,9,false,,FieldSnap,+08:00,2,4,,,true,Drainage,Matched
124486,202899,4,18.2669066,121.6844501,2026-03-05 11:48:43.946 +0900,0.0,607,359,,2026-03-05 11:49:10.596 +0900,2026-08-07 11:05:54.298 +0900,"1772678950113-upload_17453072076703443.jpg",,,9,false,,FieldSnap,+08:00,2,4,,,true,Drainage,Matched
129246,202258,4,18.2523788,121.6870943,2026-03-13 10:08:42.227 +0900,0.0,607,358,,2026-03-13 12:58:02.504 +0900,2026-08-07 11:05:54.298 +0900,"1773374282264-upload_2116803753156859341.jpg",,,9,false,,FieldSnap,+08:00,2,4,,,true,Drainage,Matched
129247,202253,4,18.2689442,121.6823119,2026-03-13 10:27:09.443 +0900,0.0,607,358,,2026-03-13 12:58:02.656 +0900,2026-08-07 11:05:54.298 +0900,"1773374281888-upload_1574202491617734181.jpg",,,9,false,,FieldSnap,+08:00,2,4,,,true,Drainage,Matched
129244,202256,4,18.2689442,121.6823119,2026-03-13 10:27:59.655 +0900,0.0,607,358,,2026-03-13 12:58:01.954 +0900,2026-08-07 11:05:54.298 +0900,"1773374281748-upload_2105960077414234272.jpg",,,9,false,,FieldSnap,+08:00,2,4,,,true,Drainage,Matched
129251,200733,4,18.2523788,121.6870943,2026-03-13 09:56:08.027 +0900,0.0,607,358,,2026-03-13 12:58:10.930 +0900,2026-08-07 11:05:54.298 +0900,"1773374290741-upload_8868850269025337812.jpg",,,9,false,,FieldSnap,+08:00,2,4,,,true,Drainage,Matched
129252,200760,4,18.2523788,121.6870943,2026-03-13 10:02:00.112 +0900,0.0,607,358,,2026-03-13 12:58:11.513 +0900,2026-08-07 11:05:54.298 +0900,"1773374291289-upload_2024051659590308855.jpg","1455-BD2",,9,false,,FieldSnap,+08:00,2,4,,,true,Drainage,Matched
129250,202230,4,18.2523788,121.6870943,2026-03-13 09:59:26.836 +0900,0.0,607,358,,2026-03-13 12:58:10.273 +0900,2026-08-07 11:05:54.298 +0900,"1773374290074-upload_3754620339338681517.jpg",,Changed the lot number from 1454-D2 to 1454,9,false,,FieldSnap,+08:00,2,4,,,true,Drainage,Matched
124514,204583,4,18.2669066,121.6844501,2026-03-05 11:53:06.860 +0900,0.0,607,359,,2026-03-05 12:00:12.933 +0900,2026-08-07 11:05:54.298 +0900,"1772679612587-upload_8846553707058973157.jpg",,,9,false,,FieldSnap,+08:00,2,4,,,true,Drainage,Matched
124515,201630,4,18.2703238,121.6801737,2026-03-05 11:58:23.614 +0900,0.0,607,358,,2026-03-05 12:00:13.318 +0900,2026-08-07 11:05:54.298 +0900,"1772679612601-upload_2242227585622024176.jpg",,,9,false,,FieldSnap,+08:00,2,4,,,true,Drainage,Matched
126268,202221,4,18.2565759,121.6886083,2026-03-07 11:24:14.071 +0900,0.0,607,358,,2026-03-07 12:03:44.596 +0900,2026-08-07 11:05:54.298 +0900,"1772852624400-upload_514405100279717995.jpg",,,9,false,,FieldSnap,+08:00,2,4,,,true,Drainage,Matched
126295,202406,4,18.2521068,121.6862319,2026-03-07 12:41:27.739 +0900,0.0,607,358,,2026-03-07 12:41:42.278 +0900,2026-08-07 11:05:54.298 +0900,"1772854902072-upload_3723408545336877336.jpg",,,9,false,,FieldSnap,+08:00,2,4,,,true,Drainage,Matched
126265,202244,4,18.2548052,121.6876573,2026-03-07 11:10:25.380 +0900,0.0,607,358,,2026-03-07 12:03:44.215 +0900,2026-08-07 11:05:54.298 +0900,"1772852624029-upload_516588818662783763.jpg",,,9,false,,FieldSnap,+08:00,2,4,,,true,Drainage,Matched
126296,201653,4,18.2521068,121.6862319,2026-03-07 12:35:34.263 +0900,0.0,607,358,,2026-03-07 12:41:43.011 +0900,2026-08-07 11:05:54.298 +0900,"1772854902141-upload_5636277181100907127.jpg",,,9,false,,FieldSnap,+08:00,2,4,,,true,Drainage,Matched
112252,202451,4,18.2703651,121.7090521,2026-02-20 09:00:09.949 +0900,0.0,607,358,,2026-02-20 09:10:40.933 +0900,2026-08-07 11:05:54.298 +0900,"1771546240052-upload_782019900801919004.jpg",,,9,false,,FieldSnap,+08:00,2,4,,,true,Drainage,Matched
113162,204472,4,18.2576345,121.6883699,2026-02-21 10:27:57.264 +0900,0.0,607,359,,2026-02-21 10:28:09.443 +0900,2026-08-07 11:05:54.298 +0900,"1771637289032-upload_6806197795022818603.jpg",,,9,false,,FieldSnap,+08:00,2,4,,,true,Drainage,Matched
113180,202261,4,18.25355,121.6929907,2026-02-21 10:45:23.587 +0900,0.0,607,358,,2026-02-21 11:00:23.338 +0900,2026-08-07 11:05:54.298 +0900,"1771639223116-upload_4830377629055662201.jpg",,,9,false,,FieldSnap,+08:00,2,4,,,true,Drainage,Matched
113181,201646,4,18.25355,121.6929907,2026-02-21 10:46:09.826 +0900,0.0,607,358,,2026-02-21 11:00:23.660 +0900,2026-08-07 11:05:54.298 +0900,"1771639223014-upload_7478520761085799768.jpg",,,9,false,,FieldSnap,+08:00,2,4,,,true,Drainage,Matched
113355,202574,4,18.2562442,121.688469,2026-02-21 17:38:01.879 +0900,0.0,607,358,,2026-02-21 17:38:18.172 +0900,2026-08-07 11:05:54.298 +0900,"1771663098019-upload_1278559412058130515.jpg",,,9,false,,FieldSnap,+08:00,2,4,,,true,Drainage,Matched
114608,200724,4,18.2648211,121.7083235,2026-02-23 17:11:24.690 +0900,0.0,607,358,,2026-02-23 17:11:44.891 +0900,2026-08-07 11:05:54.298 +0900,"1771834304733-upload_2860523305464581793.jpg",,,9,false,,FieldSnap,+08:00,2,4,,,true,Drainage,Matched
114611,200725,4,18.2648211,121.7083235,2026-02-23 17:16:05.891 +0900,0.0,607,358,,2026-02-23 17:16:15.299 +0900,2026-08-07 11:05:54.298 +0900,"1771834575120-upload_7010405270517028663.jpg",,,9,false,,FieldSnap,+08:00,2,4,,,true,Drainage,Matched
130572,202257,4,18.262068,121.7215052,2026-03-16 10:44:59.572 +0900,0.0,607,358,,2026-03-16 11:01:37.693 +0900,2026-08-07 11:05:54.298 +0900,"1773626497384-upload_8467802509029195033.jpg",,,9,false,,FieldSnap,+08:00,2,4,,,true,Drainage,Matched
130576,204411,4,18.261662,121.7058295,2026-03-16 10:36:09.704 +0900,0.0,607,358,,2026-03-16 11:01:39.477 +0900,2026-08-07 11:05:54.298 +0900,"1773626498904-upload_6732483233215238546.jpg",,Changed the lot number from 1645-BD2 to 1645-B,9,false,,FieldSnap,+08:00,2,4,,,true,Drainage,Matched
126506,206146,4,18.2548052,121.6876573,2026-03-07 16:40:45.314 +0900,0.0,607,358,,2026-03-07 17:02:23.286 +0900,2026-08-07 11:05:54.298 +0900,"1772870543111-upload_6036926068457293611.jpg",,,9,false,,FieldSnap,+08:00,2,4,,,true,Drainage,Matched
124840,204461,4,18.2669066,121.6844501,2026-03-05 16:58:59.243 +0900,0.0,607,359,,2026-03-05 17:04:42.352 +0900,2026-08-07 11:05:54.298 +0900,"1772697881256-upload_8972315348005175644.jpg",,,9,false,,FieldSnap,+08:00,2,4,,,true,Drainage,Matched
115667,206169,4,18.265798,121.6958529,2026-02-24 16:14:14.837 +0900,0.0,607,358,,2026-02-24 16:18:38.927 +0900,2026-08-07 11:05:54.298 +0900,"1771917518577-upload_3292055831711950170.jpg",,,9,false,,FieldSnap,+08:00,2,4,,,true,Drainage,Matched
115668,204439,4,18.2703238,121.6801737,2026-02-24 16:17:43.536 +0900,0.0,607,359,,2026-02-24 16:18:39.107 +0900,2026-08-07 11:05:54.298 +0900,"1771917518877-upload_7430549209672602126.jpg",,,9,false,,FieldSnap,+08:00,2,4,,,true,Drainage,Matched
124838,204602,4,18.2669066,121.6844501,2026-03-05 16:52:08.102 +0900,0.0,607,359,,2026-03-05 17:04:42.128 +0900,2026-08-07 11:05:54.298 +0900,"1772697881384-upload_7614648239449280619.jpg",,,9,false,,FieldSnap,+08:00,2,4,,,true,Drainage,Matched
116105,202219,4,18.2703238,121.6801737,2026-02-25 11:12:29.325 +0900,0.0,607,358,,2026-02-25 11:13:13.441 +0900,2026-08-07 11:05:54.298 +0900,"1771985593247-upload_4819481540653051715.jpg",,,9,false,,FieldSnap,+08:00,2,4,,,true,Drainage,Matched
116058,200765,4,18.262981,121.6876271,2026-02-25 10:51:46.564 +0900,0.0,607,358,,2026-02-25 10:51:51.895 +0900,2026-08-07 11:05:54.298 +0900,"1771984311716-upload_1977681511038753234.jpg",,,9,false,,FieldSnap,+08:00,2,4,,,true,Drainage,Matched
116926,204410,4,18.2703238,121.6801737,2026-02-26 10:35:57.051 +0900,0.0,607,358,,2026-02-26 10:36:08.124 +0900,2026-08-07 11:05:54.298 +0900,"1772069767857-upload_6973302161565199240.jpg",,Changed the lot number from 1472D2 to 1472,9,false,,FieldSnap,+08:00,2,4,,,true,Drainage,Matched
130573,204454,4,18.261662,121.7058295,2026-03-16 10:31:16.941 +0900,0.0,607,358,,2026-03-16 11:01:39.037 +0900,2026-08-07 11:05:54.298 +0900,"1773626498725-upload_2654897949144626392.jpg",,,9,false,,FieldSnap,+08:00,2,4,,,true,Drainage,Matched
130575,201641,4,18.262068,121.7215052,2026-03-16 10:46:13.064 +0900,0.0,607,358,,2026-03-16 11:01:39.287 +0900,2026-08-07 11:05:54.298 +0900,"1773626498952-upload_3018724542440313931.jpg",,,9,false,,FieldSnap,+08:00,2,4,,,true,Drainage,Matched
127803,200634,4,18.2702584,121.6805301,2026-03-10 10:06:18.031 +0900,0.0,607,358,,2026-03-10 10:09:24.710 +0900,2026-08-07 11:05:54.298 +0900,"1773104964268-upload_9069816807657175644.jpg",,,9,false,,FieldSnap,+08:00,2,4,,,true,Drainage,Matched
127804,202236,4,18.2702584,121.6805301,2026-03-10 10:08:33.430 +0900,0.0,607,358,,2026-03-10 10:09:24.727 +0900,2026-08-07 11:05:54.298 +0900,"1773104964261-upload_4187128004643265707.jpg",,,9,false,,FieldSnap,+08:00,2,4,,,true,Drainage,Matched
128515,,5,18.260004,121.6897953,2026-03-11 16:41:30.206 +0900,16.0,607,358,,2026-03-11 18:23:04.398 +0900,2026-06-30 16:27:06.394 +0900,"1773220984226-upload_7103172416849679751.jpg","1432D2",,9,false,,FieldSnap,+08:00,3,3,,,false,Flooding,Pending Match
128521,,5,18.260004,121.6897953,2026-03-11 16:38:18.680 +0900,13.0,607,358,,2026-03-11 18:23:10.577 +0900,2026-06-30 16:27:06.394 +0900,"1773220990390-upload_8773732814418361291.jpg","1426-E/F",,9,false,,FieldSnap,+08:00,36,3,,,false,Saturated,Pending Match
128502,,5,18.2596751,121.6897953,2026-03-11 16:56:05.774 +0900,16.0,607,358,,2026-03-11 18:22:50.453 +0900,2026-06-30 16:27:06.394 +0900,"1773220970230-upload_1917757343624500880.jpg","1514D2",,9,false,,FieldSnap,+08:00,3,3,,,false,Flooding,Pending Match
128517,,5,18.260004,121.6897953,2026-03-11 16:39:23.848 +0900,15.0,607,358,,2026-03-11 18:23:06.839 +0900,2026-06-30 16:27:06.394 +0900,"1773220986672-upload_9034714171481662540.jpg","1433-A",,9,false,,FieldSnap,+08:00,3,3,,,false,Flooding,Pending Match
117885,,5,18.2615161,121.6887263,2026-02-27 10:42:43.018 +0900,17.0,607,358,,2026-02-27 10:42:50.029 +0900,2026-06-30 16:27:06.394 +0900,"1772156569613-upload_1608956350626901805.jpg","1515-C",,9,false,,FieldSnap,+08:00,3,3,,,false,Flooding,Pending Match
117972,,5,18.2684858,121.6848064,2026-02-27 11:41:08.396 +0900,12.0,607,358,,2026-02-27 11:42:06.490 +0900,2026-06-30 16:27:06.394 +0900,"1772160126293-upload_6723190814161139047.jpg","1493-A",,9,false,,FieldSnap,+08:00,36,3,,,false,Saturated,Pending Match
122350,,5,18.2669066,121.6844501,2026-03-03 16:39:21.004 +0900,15.0,607,358,,2026-03-03 16:46:30.348 +0900,2026-06-30 16:27:06.394 +0900,"1772523990081-upload_8976613493108315032.jpg","2422-B",,9,false,,FieldSnap,+08:00,3,3,,,false,Flooding,Pending Match
127468,,5,18.2553322,121.6883699,2026-03-09 16:39:42.173 +0900,16.0,607,358,,2026-03-09 16:43:54.587 +0900,2026-06-30 16:27:06.394 +0900,"1773042234017-upload_1077720502590902998.jpg","1542-B",,9,false,,FieldSnap,+08:00,3,3,,,false,Flooding,Pending Match
126534,,5,18.2548052,121.6876573,2026-03-07 17:07:07.619 +0900,16.0,607,358,,2026-03-07 17:36:26.340 +0900,2026-06-30 16:27:06.394 +0900,"1772872586158-upload_4763482666380276242.jpg","1540D2",,9,false,,FieldSnap,+08:00,3,3,,,false,Flooding,Pending Match
129241,,5,18.2669721,121.6840937,2026-03-13 10:43:07.299 +0900,19.0,607,358,,2026-03-13 12:57:57.976 +0900,2026-06-30 16:27:06.394 +0900,"1773374277809-upload_4653400603736241024.jpg","1462-A",,9,false,,FieldSnap,+08:00,3,3,,,false,Flooding,Pending Match
116023,,5,18.2703238,121.6801737,2026-02-25 09:55:06.312 +0900,13.0,607,358,,2026-02-25 09:55:36.148 +0900,2026-06-30 16:27:06.394 +0900,"1771980935878-upload_891289857150352668.jpg","2375-A",,9,false,,FieldSnap,+08:00,36,3,,,false,Saturated,Pending Match
116026,,5,18.2703238,121.6801737,2026-02-25 10:01:05.513 +0900,19.0,607,358,,2026-02-25 10:01:11.220 +0900,2026-06-30 16:27:06.394 +0900,"1771981271017-upload_4520068119579824190.jpg","2370",,9,false,,FieldSnap,+08:00,3,3,,,false,Flooding,Pending Match
128493,,5,18.2596751,121.6897953,2026-03-11 17:06:19.862 +0900,16.0,607,358,,2026-03-11 18:22:40.567 +0900,2026-06-30 16:27:06.394 +0900,"1773220960408-upload_7216250248355330748.jpg","2366-A",,9,false,,FieldSnap,+08:00,3,3,,,false,Flooding,Pending Match
128492,204459,5,18.2596751,121.6897953,2026-03-11 17:08:05.523 +0900,15.0,607,358,,2026-03-11 18:22:38.493 +0900,2026-08-07 11:05:54.298 +0900,"1773220958137-upload_3872502841491606915.jpg",,,9,false,,FieldSnap,+08:00,3,4,,,true,Flooding,Matched
128497,201595,5,18.2596751,121.6897953,2026-03-11 17:11:52.240 +0900,16.0,607,358,,2026-03-11 18:22:44.508 +0900,2026-08-07 11:05:54.298 +0900,"1773220964308-upload_7107886659826017707.jpg",,,9,false,,FieldSnap,+08:00,3,4,,,true,Flooding,Matched
128510,202412,5,18.2596751,121.6897953,2026-03-11 16:51:42.347 +0900,15.0,607,358,,2026-03-11 18:22:58.587 +0900,2026-08-07 11:05:54.298 +0900,"1773220978396-upload_6299611865104934022.jpg",,,9,false,,FieldSnap,+08:00,3,4,,,true,Flooding,Matched
128506,202232,5,18.2596751,121.6897953,2026-03-11 16:59:15.074 +0900,15.0,607,358,,2026-03-11 18:22:52.056 +0900,2026-08-07 11:05:54.298 +0900,"1773220971862-upload_7464449813425226904.jpg",,,9,false,,FieldSnap,+08:00,3,4,,,true,Flooding,Matched
128505,202265,5,18.2596751,121.6897953,2026-03-11 16:57:26.292 +0900,15.0,607,358,,2026-03-11 18:22:51.433 +0900,2026-08-07 11:05:54.298 +0900,"1773220971177-upload_6574001118772503397.jpg",,,9,false,,FieldSnap,+08:00,3,4,,,true,Flooding,Matched
128499,202207,5,18.2596751,121.6897953,2026-03-11 17:03:42.985 +0900,17.0,607,358,,2026-03-11 18:22:45.102 +0900,2026-08-07 11:05:54.298 +0900,"1773220964918-upload_5223949702244349604.jpg",,Changed the lot number from 1658-AD2 to 1658-A,9,false,,FieldSnap,+08:00,3,4,,,true,Flooding,Matched
128494,202464,5,18.2596751,121.6897953,2026-03-11 17:10:58.792 +0900,15.0,607,358,,2026-03-11 18:22:40.742 +0900,2026-08-07 11:05:54.298 +0900,"1773220960577-upload_2467870398882726195.jpg",,,9,false,,FieldSnap,+08:00,3,4,,,true,Flooding,Matched
128514,202209,5,18.2596751,121.6897953,2026-03-11 16:50:48.968 +0900,16.0,607,358,,2026-03-11 18:23:04.164 +0900,2026-08-07 11:05:54.298 +0900,"1773220984004-upload_5325206160869248658.jpg",,Changed the lot number from 1488-ED2 to 1488-E1,9,false,,FieldSnap,+08:00,3,4,,,true,Flooding,Matched
128513,202264,5,18.2596751,121.6897953,2026-03-11 16:48:52.624 +0900,17.0,607,358,,2026-03-11 18:23:03.355 +0900,2026-08-07 11:05:54.298 +0900,"1773220983092-upload_6304168067605667765.jpg",,,9,false,,FieldSnap,+08:00,3,4,,,true,Flooding,Matched
128522,201675,5,18.260004,121.6897953,2026-03-11 16:36:46.273 +0900,16.0,607,358,,2026-03-11 18:23:10.958 +0900,2026-08-07 11:05:54.298 +0900,"1773220990777-upload_3379687308554537808.jpg",,,9,false,,FieldSnap,+08:00,3,4,,,true,Flooding,Matched
128507,202203,5,18.2596751,121.6897953,2026-03-11 16:53:07.884 +0900,15.0,607,358,,2026-03-11 18:22:53.379 +0900,2026-08-07 11:05:54.298 +0900,"1773220973179-upload_5489935243240463487.jpg",,,9,false,,FieldSnap,+08:00,3,4,,,true,Flooding,Matched
128504,201662,5,18.2596751,121.6897953,2026-03-11 17:00:43.764 +0900,15.0,607,358,,2026-03-11 18:22:51.352 +0900,2026-08-07 11:05:54.298 +0900,"1773220971208-upload_776409456498035980.jpg",,,9,false,,FieldSnap,+08:00,3,4,,,true,Flooding,Matched
128503,204405,5,18.2596751,121.6897953,2026-03-11 17:01:43.191 +0900,16.0,607,358,,2026-03-11 18:22:50.749 +0900,2026-08-07 11:05:54.298 +0900,"1773220970564-upload_4567207636195288116.jpg",,,9,false,,FieldSnap,+08:00,3,4,,,true,Flooding,Matched
128501,201602,5,18.2596751,121.6897953,2026-03-11 16:54:58.261 +0900,15.0,607,358,,2026-03-11 18:22:48.974 +0900,2026-08-07 11:05:54.298 +0900,"1773220968588-upload_8159581988669303864.jpg",,,9,false,,FieldSnap,+08:00,3,4,,,true,Flooding,Matched
128509,202898,5,18.2596751,121.6897953,2026-03-11 16:49:45.914 +0900,15.0,607,358,,2026-03-11 18:22:57.660 +0900,2026-08-07 11:05:54.298 +0900,"1773220977510-upload_5759618944187356056.jpg",,,9,false,,FieldSnap,+08:00,3,4,,,true,Flooding,Matched
128508,204453,5,18.2596751,121.6897953,2026-03-11 16:47:51.826 +0900,15.0,607,358,,2026-03-11 18:22:57.062 +0900,2026-08-07 11:05:54.298 +0900,"1773220976870-upload_1136646271771764303.jpg",,,9,false,,FieldSnap,+08:00,3,4,,,true,Flooding,Matched
128516,200315,5,18.260004,121.6897953,2026-03-11 16:40:13.773 +0900,16.0,607,358,,2026-03-11 18:23:06.718 +0900,2026-08-07 11:05:54.298 +0900,"1773220986563-upload_1407923886436273968.jpg",,,9,false,,FieldSnap,+08:00,3,4,,,true,Flooding,Matched
128520,202259,5,18.260004,121.6897953,2026-03-11 16:35:32.157 +0900,15.0,607,358,,2026-03-11 18:23:10.240 +0900,2026-08-07 11:05:54.298 +0900,"1773220990064-upload_8188763758874583375.jpg",,,9,false,,FieldSnap,+08:00,3,4,,,true,Flooding,Matched
117825,202267,5,18.2669066,121.6844501,2026-02-27 10:07:39.438 +0900,18.0,607,358,,2026-02-27 10:07:49.311 +0900,2026-08-07 11:05:54.298 +0900,"1772154469132-upload_4881079011465509288.jpg",,Changed the lot number from 1469-D2 to 1468,9,false,,FieldSnap,+08:00,3,4,,,true,Flooding,Matched
117850,204410,5,18.2703238,121.6801737,2026-02-27 10:13:56.087 +0900,16.0,607,358,,2026-02-27 10:16:23.513 +0900,2026-08-07 11:05:54.298 +0900,"1772154983198-upload_1321875201449845564.jpg",,Changed the lot number from 1472D2 to 1472,9,false,,FieldSnap,+08:00,3,4,,,true,Flooding,Matched
117889,202200,5,18.2615161,121.6887263,2026-02-27 10:47:35.057 +0900,16.0,607,358,,2026-02-27 10:47:41.503 +0900,2026-08-07 11:05:54.298 +0900,"1772156861065-upload_2022662957374909603.jpg",,,9,false,,FieldSnap,+08:00,3,4,,,true,Flooding,Matched
117916,200637,5,18.2689442,121.6823119,2026-02-27 11:01:43.827 +0900,15.0,607,358,,2026-02-27 11:01:55.297 +0900,2026-08-07 11:05:54.298 +0900,"1772157715089-upload_5389673026661782445.jpg",,,9,false,,FieldSnap,+08:00,3,4,,,true,Flooding,Matched
117917,201708,5,18.2689442,121.6823119,2026-02-27 11:00:49.776 +0900,13.0,607,358,,2026-02-27 11:01:57.781 +0900,2026-08-07 11:05:54.298 +0900,"1772157717411-upload_2392657299474996028.jpg",,,9,false,,FieldSnap,+08:00,36,4,,,true,Saturated,Matched
122377,202213,5,18.2669066,121.6844501,2026-03-03 17:04:28.791 +0900,19.0,607,358,,2026-03-03 17:07:13.033 +0900,2026-08-07 11:05:54.298 +0900,"1772525232861-upload_208618778479582351.jpg",,,9,false,,FieldSnap,+08:00,3,4,,,true,Flooding,Matched
122353,206125,5,18.2669066,121.6844501,2026-03-03 16:41:26.621 +0900,13.0,607,358,,2026-03-03 16:46:30.758 +0900,2026-08-07 11:05:54.298 +0900,"1772523990510-upload_6160730133871847765.jpg",,,9,false,,FieldSnap,+08:00,36,4,,,true,Saturated,Matched
117971,204469,5,18.2684858,121.6848064,2026-02-27 11:41:58.055 +0900,19.0,607,358,,2026-02-27 11:42:06.404 +0900,2026-08-07 11:05:54.298 +0900,"1772160126214-upload_3804444187857854588.jpg","1493-B",,9,false,,FieldSnap,+08:00,3,4,,,true,Flooding,Matched
122351,202455,5,18.2669066,121.6844501,2026-03-03 16:35:50.156 +0900,18.0,607,358,,2026-03-03 16:46:30.663 +0900,2026-08-07 11:05:54.298 +0900,"1772523990307-upload_5149496248223056978.jpg",,,9,false,,FieldSnap,+08:00,3,4,,,true,Flooding,Matched
122352,202454,5,18.2669066,121.6844501,2026-03-03 16:31:36.567 +0900,15.0,607,358,,2026-03-03 16:46:30.689 +0900,2026-08-07 11:05:54.298 +0900,"1772523990076-upload_6774794178863362545.jpg",,,9,false,,FieldSnap,+08:00,3,4,,,true,Flooding,Matched
122378,200749,5,18.2669066,121.6844501,2026-03-03 16:59:14.471 +0900,17.0,607,358,,2026-03-03 17:07:13.082 +0900,2026-08-07 11:05:54.298 +0900,"1772525232700-upload_6140839953068055024.jpg",,,9,false,,FieldSnap,+08:00,3,4,,,true,Flooding,Matched
118043,200638,5,18.2646057,121.6862319,2026-02-27 12:07:11.877 +0900,16.0,607,358,,2026-02-27 12:16:04.768 +0900,2026-08-07 11:05:54.298 +0900,"1772162164585-upload_1906284430681431681.jpg",,,9,false,,FieldSnap,+08:00,3,4,,,true,Flooding,Matched
131060,201663,5,18.253357,121.6865882,2026-03-16 16:51:12.519 +0900,17.0,607,358,,2026-03-16 18:12:37.060 +0900,2026-08-07 11:05:54.298 +0900,"1773652356352-upload_405648463982522069.jpg",,,9,false,,FieldSnap,+08:00,3,4,,,true,Flooding,Matched
131064,201641,5,18.253357,121.6865882,2026-03-16 16:49:03.778 +0900,18.0,607,358,,2026-03-16 18:12:41.869 +0900,2026-08-07 11:05:54.298 +0900,"1773652361690-upload_3752286627335397023.jpg",,,9,false,,FieldSnap,+08:00,3,4,,,true,Flooding,Matched
131065,201698,5,18.253357,121.6865882,2026-03-16 16:36:51.510 +0900,12.0,607,358,,2026-03-16 18:12:41.871 +0900,2026-08-07 11:05:54.298 +0900,"1773652361710-upload_3842353494757838164.jpg",,,9,false,,FieldSnap,+08:00,36,4,,,true,Saturated,Matched
131061,202257,5,18.253357,121.6865882,2026-03-16 16:45:59.352 +0900,16.0,607,358,,2026-03-16 18:12:39.854 +0900,2026-08-07 11:05:54.298 +0900,"1773652359657-upload_5562954697018729127.jpg",,,9,false,,FieldSnap,+08:00,3,4,,,true,Flooding,Matched
128722,201631,5,18.2669721,121.6840937,2026-03-12 10:00:35.372 +0900,18.0,607,358,,2026-03-12 10:51:45.925 +0900,2026-08-07 11:05:54.298 +0900,"1773280305730-upload_1994078200103059321.jpg",,,9,false,,FieldSnap,+08:00,3,4,,,true,Flooding,Matched
128725,201640,5,18.2669721,121.6840937,2026-03-12 10:03:08.450 +0900,16.0,607,358,,2026-03-12 10:51:46.824 +0900,2026-08-07 11:05:54.298 +0900,"1773280306632-upload_344270947351630146.jpg",,,9,false,,FieldSnap,+08:00,3,4,,,true,Flooding,Matched
128726,201639,5,18.2702584,121.6805301,2026-03-12 10:05:16.140 +0900,17.0,607,358,,2026-03-12 10:51:46.981 +0900,2026-08-07 11:05:54.298 +0900,"1773280305975-upload_2361059501043581610.jpg",,,9,false,,FieldSnap,+08:00,3,4,,,true,Flooding,Matched
128050,202236,5,18.2646743,121.689439,2026-03-10 17:04:12.566 +0900,15.0,607,358,,2026-03-10 17:09:01.445 +0900,2026-08-07 11:05:54.298 +0900,"1773130141130-upload_8253754316258982391.jpg",,,9,false,,FieldSnap,+08:00,3,4,,,true,Flooding,Matched
128721,202309,5,18.2702584,121.6805301,2026-03-12 10:10:09.327 +0900,16.0,607,358,,2026-03-12 10:51:44.749 +0900,2026-08-07 11:05:54.298 +0900,"1773280304433-upload_7944699341552053975.jpg",,Changed the lot number from 2431-C to 2431-B.,9,false,,FieldSnap,+08:00,3,4,,,true,Flooding,Matched
128051,204473,5,18.2689442,121.6823119,2026-03-10 17:07:32.060 +0900,17.0,607,358,,2026-03-10 17:09:03.711 +0900,2026-08-07 11:05:54.298 +0900,"1773130143536-upload_3365999219395580512.jpg",,,9,false,,FieldSnap,+08:00,3,4,,,true,Flooding,Matched
128053,200634,5,18.2646743,121.689439,2026-03-10 17:02:01.837 +0900,18.0,607,358,,2026-03-10 17:09:04.315 +0900,2026-08-07 11:05:54.298 +0900,"1773130144137-upload_7470086487206428905.jpg",,,9,false,,FieldSnap,+08:00,3,4,,,true,Flooding,Matched
128052,202867,5,18.2689442,121.6823119,2026-03-10 17:06:08.449 +0900,17.0,607,358,,2026-03-10 17:09:04.063 +0900,2026-08-07 11:05:54.298 +0900,"1773130143547-upload_4930285395632850640.jpg",,Changed the lot number from 652D2 to 652,9,false,,FieldSnap,+08:00,3,4,,,true,Flooding,Matched
123924,204446,5,18.2681111,121.7101049,2026-03-04 09:58:26.444 +0900,18.0,607,358,,2026-03-04 19:51:12.116 +0900,2026-08-07 11:05:54.298 +0900,"1772621471234-upload_838916221197268173.jpg",,,9,false,,FieldSnap,+08:00,3,4,,,true,Flooding,Matched
127210,202316,5,18.2590617,121.695295,2026-03-09 11:46:37.286 +0900,12.0,607,358,,2026-03-09 11:47:10.481 +0900,2026-08-07 11:05:54.298 +0900,"1773024430232-upload_7791662074925346220.jpg",,,9,false,,FieldSnap,+08:00,36,4,,,true,Saturated,Matched
127219,202244,5,18.2590617,121.695295,2026-03-09 11:50:09.943 +0900,15.0,607,358,,2026-03-09 11:53:28.397 +0900,2026-08-07 11:05:54.298 +0900,"1773024808134-upload_684995526918487629.jpg",,,9,false,,FieldSnap,+08:00,3,4,,,true,Flooding,Matched
127220,201667,5,18.2590617,121.695295,2026-03-09 11:53:17.472 +0900,14.0,607,358,,2026-03-09 11:53:28.721 +0900,2026-08-07 11:05:54.298 +0900,"1773024808542-upload_8868434500334580882.jpg",,Changed the lot number from 1484-1 to 1484,9,false,,FieldSnap,+08:00,36,4,,,true,Saturated,Matched
125621,201608,5,18.2669066,121.6844501,2026-03-06 11:58:20.772 +0900,17.0,607,358,,2026-03-06 15:23:14.014 +0900,2026-08-07 11:05:54.298 +0900,"1772778193825-upload_6964231879083499951.jpg",,,9,false,,FieldSnap,+08:00,3,4,,,true,Flooding,Matched
125622,204403,5,18.2669066,121.6844501,2026-03-06 12:03:03.614 +0900,19.0,607,358,,2026-03-06 15:23:14.853 +0900,2026-08-07 11:05:54.298 +0900,"1772778194681-upload_8636679952888530616.jpg",,,9,false,,FieldSnap,+08:00,3,4,,,true,Flooding,Matched
125633,202443,5,18.2665122,121.6848064,2026-03-06 11:08:58.525 +0900,17.0,607,358,,2026-03-06 15:23:25.048 +0900,2026-08-07 11:05:54.298 +0900,"1772778204896-upload_1734135596382888794.jpg",,Changed the lot number from 2444 to 2449,9,false,,FieldSnap,+08:00,3,4,,,true,Flooding,Matched
125630,206137,5,18.2669066,121.6844501,2026-03-06 10:35:31.246 +0900,17.0,607,358,,2026-03-06 15:23:23.271 +0900,2026-08-07 11:05:54.298 +0900,"1772778203099-upload_7267761710734575061.jpg",,,9,false,,FieldSnap,+08:00,3,4,,,true,Flooding,Matched
127455,206129,5,18.2548052,121.6876573,2026-03-09 16:31:53.802 +0900,17.0,607,358,,2026-03-09 16:33:01.272 +0900,2026-08-07 11:05:54.298 +0900,"1773041580889-upload_2227331692626277286.jpg",,,9,false,,FieldSnap,+08:00,3,4,,,true,Flooding,Matched
116031,206169,5,18.2703238,121.6801737,2026-02-25 10:04:42.004 +0900,17.0,607,358,,2026-02-25 10:04:50.053 +0900,2026-08-07 11:05:54.298 +0900,"1771981489881-upload_2912070114485061323.jpg",,,9,false,,FieldSnap,+08:00,3,4,,,true,Flooding,Matched
127456,204434,5,18.2553322,121.6883699,2026-03-09 16:32:37.153 +0900,17.0,607,358,,2026-03-09 16:33:01.619 +0900,2026-08-07 11:05:54.298 +0900,"1773041580788-upload_205025405027423298.jpg",,,9,false,,FieldSnap,+08:00,3,4,,,true,Flooding,Matched
127461,200639,5,18.2553322,121.6883699,2026-03-09 16:35:57.640 +0900,14.0,607,358,,2026-03-09 16:37:34.483 +0900,2026-08-07 11:05:54.298 +0900,"1773041854300-upload_2103665647822900318.jpg",,,9,false,,FieldSnap,+08:00,36,4,,,true,Saturated,Matched
127467,201642,5,18.2553322,121.6883699,2026-03-09 16:42:13.952 +0900,16.0,607,358,,2026-03-09 16:43:54.537 +0900,2026-08-07 11:05:54.298 +0900,"1773042233961-upload_4018045572415544207.jpg",,,9,false,,FieldSnap,+08:00,3,4,,,true,Flooding,Matched
127478,201701,5,18.2575036,121.6890826,2026-03-09 16:46:00.333 +0900,16.0,607,358,,2026-03-09 16:48:09.496 +0900,2026-08-07 11:05:54.298 +0900,"1773042489311-upload_4578451616079981870.jpg",,,9,false,,FieldSnap,+08:00,3,4,,,true,Flooding,Matched
127477,202197,5,18.2575036,121.6890826,2026-03-09 16:47:02.330 +0900,15.0,607,358,,2026-03-09 16:48:09.260 +0900,2026-08-07 11:05:54.298 +0900,"1773042489085-upload_2072488747748320629.jpg",,,9,false,,FieldSnap,+08:00,3,4,,,true,Flooding,Matched
126512,202214,5,18.2548052,121.6876573,2026-03-07 16:02:08.445 +0900,18.0,607,358,,2026-03-07 17:02:24.402 +0900,2026-08-07 11:05:54.298 +0900,"1772870544224-upload_8719049207314985801.jpg",,,9,false,,FieldSnap,+08:00,3,4,,,true,Flooding,Matched
126510,202238,5,18.2548052,121.6876573,2026-03-07 16:09:21.615 +0900,18.0,607,358,,2026-03-07 17:02:24.082 +0900,2026-08-07 11:05:54.298 +0900,"1772870543865-upload_737491065498733941.jpg",,,9,false,,FieldSnap,+08:00,3,4,,,true,Flooding,Matched
126518,200768,5,18.2548052,121.6876573,2026-03-07 15:56:02.099 +0900,15.0,607,358,,2026-03-07 17:02:25.969 +0900,2026-08-07 11:05:54.298 +0900,"1772870545799-upload_6193542174070560528.jpg",,,9,false,,FieldSnap,+08:00,3,4,,,true,Flooding,Matched
126516,204460,5,18.2548052,121.6876573,2026-03-07 15:57:18.477 +0900,15.0,607,358,,2026-03-07 17:02:25.832 +0900,2026-08-07 11:05:54.298 +0900,"1772870545649-upload_4192760263873417432.jpg",,,9,false,,FieldSnap,+08:00,3,4,,,true,Flooding,Matched
126513,201684,5,18.2548052,121.6876573,2026-03-07 16:07:57.450 +0900,17.0,607,358,,2026-03-07 17:02:24.724 +0900,2026-08-07 11:05:54.298 +0900,"1772870544539-upload_6612557915100053556.jpg",,,9,false,,FieldSnap,+08:00,3,4,,,true,Flooding,Matched
126501,200743,5,18.2565728,121.6886111,2026-03-07 16:24:47.513 +0900,15.0,607,358,,2026-03-07 17:02:22.008 +0900,2026-08-07 11:05:54.298 +0900,"1772870541334-upload_6911759209241171218.jpg","1507/1507-B",Changed the lot number from 1507/1507-B to 1520/1507-A,9,false,,FieldSnap,+08:00,3,4,,,true,Flooding,Matched
127504,202220,5,18.261086,121.6927754,2026-03-09 17:09:20.675 +0900,16.0,607,358,,2026-03-09 17:09:39.859 +0900,2026-08-07 11:05:54.298 +0900,"1773043779681-upload_2453826134095213753.jpg",,,9,false,,FieldSnap,+08:00,3,4,,,true,Flooding,Matched
127498,204414,5,18.261086,121.6927754,2026-03-09 17:03:52.236 +0900,17.0,607,358,,2026-03-09 17:05:12.730 +0900,2026-08-07 11:05:54.298 +0900,"1773043512025-upload_2669871419915628354.jpg",,,9,false,,FieldSnap,+08:00,3,4,,,true,Flooding,Matched
127495,204422,5,18.2548052,121.6876573,2026-03-09 17:00:03.950 +0900,16.0,607,358,,2026-03-09 17:01:10.041 +0900,2026-08-07 11:05:54.298 +0900,"1773043269852-upload_2488743024500676672.jpg",,,9,false,,FieldSnap,+08:00,3,4,,,true,Flooding,Matched
127496,204415,5,18.2548052,121.6876573,2026-03-09 16:58:52.050 +0900,17.0,607,358,,2026-03-09 17:01:11.841 +0900,2026-08-07 11:05:54.298 +0900,"1773043271615-upload_1430574985808422207.jpg",,,9,false,,FieldSnap,+08:00,3,4,,,true,Flooding,Matched
127503,202896,5,18.261086,121.6927754,2026-03-09 17:08:22.897 +0900,17.0,607,358,,2026-03-09 17:09:39.631 +0900,2026-08-07 11:05:54.298 +0900,"1773043779415-upload_1707313090403295762.jpg",,,9,false,,FieldSnap,+08:00,3,4,,,true,Flooding,Matched
127497,200775,5,18.261086,121.6927754,2026-03-09 17:04:44.747 +0900,16.0,607,358,,2026-03-09 17:05:12.410 +0900,2026-08-07 11:05:54.298 +0900,"1773043512026-upload_7614432415505234641.jpg",,,9,false,,FieldSnap,+08:00,3,4,,,true,Flooding,Matched
127528,202237,5,18.2579803,121.6886579,2026-03-09 17:26:09.639 +0900,16.0,607,358,,2026-03-09 17:27:54.834 +0900,2026-08-07 11:05:54.298 +0900,"1773044873780-upload_2265984474906888231.jpg",,,9,false,,FieldSnap,+08:00,3,4,,,true,Flooding,Matched
127511,202462,5,18.2553112,121.6914739,2026-03-09 17:13:57.502 +0900,17.0,607,358,,2026-03-09 17:14:30.079 +0900,2026-08-07 11:05:54.298 +0900,"1773044069924-upload_6419194809293149227.jpg",,,9,false,,FieldSnap,+08:00,3,4,,,true,Flooding,Matched
127529,204455,5,18.2579803,121.6886579,2026-03-09 17:27:46.439 +0900,18.0,607,358,,2026-03-09 17:27:54.854 +0900,2026-08-07 11:05:54.298 +0900,"1773044873854-upload_8544208649740784107.jpg",,,9,false,,FieldSnap,+08:00,3,4,,,true,Flooding,Matched
127523,202345,5,18.2553112,121.6914739,2026-03-09 17:22:02.116 +0900,18.0,607,358,,2026-03-09 17:23:09.944 +0900,2026-08-07 11:05:54.298 +0900,"1773044589742-upload_2926289000353198733.jpg",,,9,false,,FieldSnap,+08:00,3,4,,,true,Flooding,Matched
127512,202317,5,18.2553267,121.6914867,2026-03-09 17:12:42.182 +0900,16.0,607,358,,2026-03-09 17:14:30.121 +0900,2026-08-07 11:05:54.298 +0900,"1773044069959-upload_5354461206862678906.jpg",,,9,false,,FieldSnap,+08:00,3,4,,,true,Flooding,Matched
127524,206118,5,18.2553112,121.6914739,2026-03-09 17:23:00.940 +0900,19.0,607,358,,2026-03-09 17:23:10.013 +0900,2026-08-07 11:05:54.298 +0900,"1773044589823-upload_427532445295694646.jpg",,,9,false,,FieldSnap,+08:00,3,4,,,true,Flooding,Matched
129236,202318,5,18.2752017,121.6892017,2026-03-13 10:52:07.708 +0900,16.0,607,358,,2026-03-13 12:57:55.047 +0900,2026-08-07 11:05:54.298 +0900,"1773374274870-upload_5085030807284173730.jpg",,,9,false,,FieldSnap,+08:00,3,4,,,true,Flooding,Matched
110968,202450,5,18.267835,121.69833,2026-02-18 11:46:21.427 +0900,12.0,607,358,,2026-02-18 11:46:35.531 +0900,2026-08-07 11:05:54.298 +0900,"1771382795361-upload_3247196911220085519.jpg",,Changed the lot number from 2378-C2 to 2378-C,9,false,,FieldSnap,+08:00,36,4,,,true,Saturated,Matched
126266,204408,5,18.2565759,121.6886083,2026-03-07 11:21:12.467 +0900,15.0,607,358,,2026-03-07 12:03:44.303 +0900,2026-08-07 11:05:54.298 +0900,"1772852624121-upload_4708974511439773419.jpg",,,9,false,,FieldSnap,+08:00,3,4,,,true,Flooding,Matched
113296,201622,5,18.2547937,121.6880439,2026-02-21 16:15:36.567 +0900,12.0,607,358,,2026-02-21 16:16:15.475 +0900,2026-08-07 11:05:54.298 +0900,"1771658174751-upload_1878738736527278671.jpg",,,9,false,,FieldSnap,+08:00,36,4,,,true,Saturated,Matched
127460,204436,5,18.2553322,121.6883699,2026-03-09 16:36:49.460 +0900,13.0,607,358,,2026-03-09 16:37:34.166 +0900,2026-08-07 11:05:54.298 +0900,"1773041854007-upload_1065118727371383910.jpg",,,9,false,,FieldSnap,+08:00,36,4,,,true,Saturated,Matched
126500,202211,5,18.2565728,121.6886111,2026-03-07 16:26:05.254 +0900,16.0,607,358,,2026-03-07 17:02:22.005 +0900,2026-08-07 11:05:54.298 +0900,"1772870541231-upload_2669160829343718136.jpg",,,9,false,,FieldSnap,+08:00,3,4,,,true,Flooding,Matched
126514,202458,5,18.2548052,121.6876573,2026-03-07 16:01:05.760 +0900,15.0,607,358,,2026-03-07 17:02:24.900 +0900,2026-08-07 11:05:54.298 +0900,"1772870544689-upload_8103265421612259282.jpg",,,9,false,,FieldSnap,+08:00,3,4,,,true,Flooding,Matched
126515,202413,5,18.252402,121.6871313,2026-03-07 15:52:17.293 +0900,16.0,607,358,,2026-03-07 17:02:25.348 +0900,2026-08-07 11:05:54.298 +0900,"1772870545190-upload_7103373178514923112.jpg",,,9,false,,FieldSnap,+08:00,3,4,,,true,Flooding,Matched
126499,202268,5,18.2548052,121.6876573,2026-03-07 17:01:04.824 +0900,17.0,607,358,,2026-03-07 17:02:21.715 +0900,2026-08-07 11:05:54.298 +0900,"1772870541243-upload_2357128150492181239.jpg",,,9,false,,FieldSnap,+08:00,3,4,,,true,Flooding,Matched
126502,202269,5,18.2548052,121.6876573,2026-03-07 16:52:10.681 +0900,15.0,607,358,,2026-03-07 17:02:22.052 +0900,2026-08-07 11:05:54.298 +0900,"1772870541117-upload_5130304411621174271.jpg",,,9,false,,FieldSnap,+08:00,3,4,,,true,Flooding,Matched
126503,202202,5,18.2548052,121.6876573,2026-03-07 16:56:13.806 +0900,17.0,607,358,,2026-03-07 17:02:22.171 +0900,2026-08-07 11:05:54.298 +0900,"1772870541181-upload_7082415795654565261.jpg",,,9,false,,FieldSnap,+08:00,3,4,,,true,Flooding,Matched
126511,206122,5,18.2565728,121.6886111,2026-03-07 16:20:29.490 +0900,15.0,607,358,,2026-03-07 17:02:24.200 +0900,2026-08-07 11:05:54.298 +0900,"1772870544033-upload_1812745750839303674.jpg",,,9,false,,FieldSnap,+08:00,3,4,,,true,Flooding,Matched
126517,206456,5,18.252402,121.6871313,2026-03-07 15:47:16.180 +0900,18.0,607,358,,2026-03-07 17:02:25.954 +0900,2026-08-07 11:05:54.298 +0900,"1772870545792-upload_2624579759486890707.jpg",,Changed the lot number from 1480D2 to 1480,9,false,,FieldSnap,+08:00,3,4,,,true,Flooding,Matched
126535,202266,5,18.2548052,121.6876573,2026-03-07 17:06:06.821 +0900,15.0,607,358,,2026-03-07 17:36:26.453 +0900,2026-08-07 11:05:54.298 +0900,"1772872586257-upload_3913510811603963870.jpg",,Changed the lot number from 1539-D to 1539-B,9,false,,FieldSnap,+08:00,3,4,,,true,Flooding,Matched
116360,200765,5,18.2629718,121.6876354,2026-02-25 16:51:46.685 +0900,18.0,607,358,,2026-02-25 17:07:40.320 +0900,2026-08-07 11:05:54.298 +0900,"1772006859653-upload_8290069829842061273.jpg",,,9,false,,FieldSnap,+08:00,3,4,,,true,Flooding,Matched
116383,202222,5,18.2685862,121.6831972,2026-02-25 17:17:27.809 +0900,18.0,607,358,,2026-02-25 17:17:51.657 +0900,2026-08-07 11:05:54.298 +0900,"1772007471480-upload_4105622702192093862.jpg",,,9,false,,FieldSnap,+08:00,3,4,,,true,Flooding,Matched
128491,200747,5,18.2596751,121.6897953,2026-03-11 17:09:02.787 +0900,17.0,607,358,,2026-03-11 18:22:37.172 +0900,2026-08-07 11:05:54.298 +0900,"1773220956345-upload_4786667352025231794.jpg",,,9,false,,FieldSnap,+08:00,3,4,,,true,Flooding,Matched
130574,202230,5,18.262068,121.7215052,2026-03-16 10:51:11.354 +0900,16.0,607,358,,2026-03-16 11:01:39.254 +0900,2026-08-07 11:05:54.298 +0900,"1773626498703-upload_5565640701628670426.jpg",,Changed the lot number from 1454-D2 to 1454,9,false,,FieldSnap,+08:00,3,4,,,true,Flooding,Matched
122346,,0,18.2666432,121.6840937,2026-03-03 16:32:13.644 +0900,15.0,610,358,,2026-03-03 16:38:16.579 +0900,2026-06-30 16:27:06.394 +0900,"1772523496419-upload_8508298699906414731.jpg","2410-A",,9,false,,FieldSnap,+08:00,3,3,,,false,Flooding,Pending Match
126553,,0,18.2608582,121.6887263,2026-03-07 16:12:37.326 +0900,17.0,610,358,,2026-03-07 17:57:29.900 +0900,2026-06-30 16:27:06.394 +0900,"1772873849688-upload_5465536987076566316.jpg","1542-A",Duplicate,9,false,,FieldSnap,+08:00,3,3,,,false,Flooding,Pending Match
126556,204764,0,18.2608582,121.6887263,2026-03-07 16:11:04.290 +0900,15.0,610,358,,2026-03-07 17:57:31.428 +0900,2026-08-07 11:05:54.298 +0900,"1772873851243-upload_1963485523405156230.jpg",,Duplicate,9,false,,FieldSnap,+08:00,3,4,,,true,Flooding,Matched
122370,202216,0,18.2666432,121.6840937,2026-03-03 17:01:06.556 +0900,17.0,610,358,,2026-03-03 17:04:22.719 +0900,2026-08-07 11:05:54.298 +0900,"1772525062337-upload_3405720141086661068.jpg",,,9,false,,FieldSnap,+08:00,3,4,,,true,Flooding,Matched
122347,202342,0,18.2666432,121.6840937,2026-03-03 16:35:52.677 +0900,16.0,610,358,,2026-03-03 16:38:16.756 +0900,2026-08-07 11:05:54.298 +0900,"1772523496569-upload_1043316587433938176.jpg",,,9,false,,FieldSnap,+08:00,3,4,,,true,Flooding,Matched
124303,202456,0,18.2635566,121.6901517,2026-03-04 11:28:57.355 +0900,17.0,610,358,,2026-03-05 09:31:35.056 +0900,2026-08-07 11:05:54.298 +0900,"1772670694335-upload_1325675656706717855.jpg",,,9,false,,FieldSnap,+08:00,3,4,,,true,Flooding,Matched
126208,204402,0,18.2565781,121.6886172,2026-03-06 17:09:11.883 +0900,15.0,610,358,,2026-03-07 09:50:34.012 +0900,2026-08-07 11:05:54.298 +0900,"1772844633780-upload_8484025445256053680.jpg","1458",Duplicate,9,false,,FieldSnap,+08:00,3,4,,,true,Flooding,Matched
126197,202240,0,18.2598715,121.6887263,2026-03-06 18:18:16.175 +0900,16.0,610,358,,2026-03-07 09:50:31.490 +0900,2026-08-07 11:05:54.298 +0900,"1772844630611-upload_4964216001101087224.jpg","1487",duplicate,9,false,,FieldSnap,+08:00,3,4,,,true,Flooding,Matched
108797,202892,0,18.2641474,121.6887263,2026-02-16 18:09:23.615 +0900,12.0,610,358,,2026-02-16 18:09:51.133 +0900,2026-08-07 11:05:54.298 +0900,"1771232990798-upload_5461916658073778865.jpg","2397-C",Duplicate,9,false,,FieldSnap,+08:00,36,4,,,true,Saturated,Matched
126554,202447,0,18.2582924,121.6883699,2026-03-07 16:19:44.061 +0900,18.0,610,358,,2026-03-07 17:57:30.070 +0900,2026-08-07 11:05:54.298 +0900,"1772873849862-upload_9031583901671493588.jpg",,Duplicate,9,false,,FieldSnap,+08:00,3,4,,,true,Flooding,Matched
122389,201662,1,18.2666432,121.6840937,2026-03-03 17:10:50.640 +0900,,610,358,,2026-03-03 17:14:45.642 +0900,2026-08-07 11:05:54.298 +0900,"1772525685277-upload_5793645117860578415.jpg",,,9,false,,FieldSnap,+08:00,1,4,,,true,Installation,Matched
122387,202253,1,18.2666432,121.6840937,2026-03-03 17:14:00.185 +0900,,610,358,,2026-03-03 17:14:45.247 +0900,2026-08-07 11:05:54.298 +0900,"1772525685078-upload_6612574086986393759.jpg",,,9,false,,FieldSnap,+08:00,1,4,,,true,Installation,Matched
114683,,2,18.2634257,121.6908643,2026-02-23 10:35:51.736 +0900,0.0,610,358,,2026-02-23 17:52:04.334 +0900,2026-06-30 16:27:06.394 +0900,"1771836724145-upload_9027992000028482979.jpg","2416-A",,9,false,,FieldSnap,+08:00,2,3,,,false,Drainage,Pending Match
125142,202259,2,18.2666432,121.6840937,2026-03-05 16:36:29.111 +0900,0.0,610,359,,2026-03-06 09:32:53.439 +0900,2026-08-07 11:05:54.298 +0900,"1772757173271-upload_1031868121198876066.jpg",,,9,false,,FieldSnap,+08:00,2,4,,,true,Drainage,Matched
108891,200638,2,18.2750757,121.6889389,2026-02-16 18:35:47.886 +0900,0.0,610,358,,2026-02-16 20:18:21.877 +0900,2026-08-07 11:05:54.298 +0900,"1771240700919-upload_7887651644282073801.jpg",,,9,false,,FieldSnap,+08:00,2,4,,,true,Drainage,Matched
126215,202265,2,18.2565781,121.6886172,2026-03-06 16:12:30.481 +0900,0.0,610,358,,2026-03-07 09:50:36.219 +0900,2026-08-07 11:05:54.298 +0900,"1772844636012-upload_4014118806500167856.jpg",,,9,false,,FieldSnap,+08:00,2,4,,,true,Drainage,Matched
127783,200733,2,18.2565654,121.6875087,2026-03-09 10:31:27.720 +0900,0.0,610,358,,2026-03-09 22:58:21.147 +0900,2026-08-07 11:05:54.298 +0900,"1773064700948-upload_8997284466672927152.jpg",,,9,false,,FieldSnap,+08:00,2,4,,,true,Drainage,Matched
114687,204460,2,18.2632326,121.6879458,2026-02-23 11:06:45.949 +0900,0.0,610,358,,2026-02-23 17:52:05.987 +0900,2026-08-07 11:05:54.298 +0900,"1771836725798-upload_4657274667190581034.jpg",,,9,false,,FieldSnap,+08:00,2,4,,,true,Drainage,Matched
114686,200768,2,18.2634257,121.6908643,2026-02-23 11:12:22.766 +0900,0.0,610,358,,2026-02-23 17:52:05.912 +0900,2026-08-07 11:05:54.298 +0900,"1771836725702-upload_4640648549274581157.jpg",,,9,false,,FieldSnap,+08:00,2,4,,,true,Drainage,Matched
114684,206122,2,18.2655969,121.6900053,2026-02-23 10:57:18.154 +0900,0.0,610,358,,2026-02-23 17:52:05.542 +0900,2026-08-07 11:05:54.298 +0900,"1771836725373-upload_6318869440546521637.jpg",,,9,false,,FieldSnap,+08:00,2,4,,,true,Drainage,Matched
124763,204436,2,18.2734122,121.6758972,2026-03-05 10:27:29.261 +0900,0.0,610,358,,2026-03-05 15:34:46.053 +0900,2026-08-07 11:05:54.298 +0900,"1772692485842-upload_1980807501201280344.jpg","2436",,9,false,,FieldSnap,+08:00,2,4,,,true,Drainage,Matched
124764,200639,2,18.2734122,121.6758972,2026-03-05 10:25:00.539 +0900,0.0,610,358,,2026-03-05 15:34:46.070 +0900,2026-08-07 11:05:54.298 +0900,"1772692485901-upload_2136594912057723481.jpg",,,9,false,,FieldSnap,+08:00,2,4,,,true,Drainage,Matched
116157,202260,2,18.2614506,121.6890826,2026-02-25 11:19:42.305 +0900,0.0,610,358,,2026-02-25 11:58:56.277 +0900,2026-08-07 11:05:54.298 +0900,"1771988336117-upload_4111156827158917439.jpg",,,9,false,,FieldSnap,+08:00,2,4,,,true,Drainage,Matched
116169,201693,2,18.2595426,121.6887263,2026-02-25 10:08:03.783 +0900,0.0,610,358,,2026-02-25 11:59:06.346 +0900,2026-08-07 11:05:54.298 +0900,"1771988346157-upload_1294294596039900265.jpg",,,9,false,,FieldSnap,+08:00,2,4,,,true,Drainage,Matched
130754,204406,2,18.2614506,121.6890826,2026-03-16 10:30:47.646 +0900,0.0,610,358,,2026-03-16 12:31:40.343 +0900,2026-08-07 11:05:54.298 +0900,"1773631900107-upload_7809942662064654170.jpg",,,9,false,,FieldSnap,+08:00,2,4,,,true,Drainage,Matched
127786,202456,2,18.2565654,121.6875087,2026-03-09 10:23:30.336 +0900,0.0,610,358,,2026-03-09 22:58:21.357 +0900,2026-08-07 11:05:54.298 +0900,"1773064701189-upload_8554573389535345855.jpg",,,9,false,,FieldSnap,+08:00,2,4,,,true,Drainage,Matched
108793,,3,18.2641474,121.6887263,2026-02-16 18:03:43.702 +0900,15.0,610,358,,2026-02-16 18:04:50.791 +0900,2026-06-30 16:27:06.394 +0900,"1771232690632-upload_4026394950948017418.jpg","2363D2",,9,false,,FieldSnap,+08:00,3,3,,,false,Flooding,Pending Match
108666,,3,18.2718345,121.6773227,2026-02-16 17:27:47.106 +0900,13.0,610,358,,2026-02-16 17:28:11.516 +0900,2026-06-30 16:27:06.394 +0900,"1771230491050-upload_1867963811002712871.jpg","2428",,9,false,,FieldSnap,+08:00,36,3,,,false,Saturated,Pending Match
127776,,3,18.2588975,121.695329,2026-03-09 10:51:34.049 +0900,17.0,610,358,,2026-03-09 22:58:17.632 +0900,2026-06-30 16:27:06.394 +0900,"1773064697448-upload_6629363596010373476.jpg","1462D2",,9,false,,FieldSnap,+08:00,3,3,,,false,Flooding,Pending Match
126541,,3,18.2598715,121.6887263,2026-03-07 17:23:11.515 +0900,15.0,610,358,,2026-03-07 17:57:24.877 +0900,2026-06-30 16:27:06.394 +0900,"1772873844690-upload_5701373820249843358.jpg","2367-B",,9,false,,FieldSnap,+08:00,3,3,,,false,Flooding,Pending Match
126310,,3,18.2565781,121.6886172,2026-03-07 11:54:46.161 +0900,15.0,610,358,,2026-03-07 12:46:31.861 +0900,2026-06-30 16:27:06.394 +0900,"1772855191315-upload_8889439601074069736.jpg","1514D2",,9,false,,FieldSnap,+08:00,3,3,,,false,Flooding,Pending Match
115258,,3,18.2635566,121.6901517,2026-02-24 09:54:19.558 +0900,13.0,610,358,,2026-02-24 11:19:50.673 +0900,2026-06-30 16:27:06.394 +0900,"1771899590517-upload_535496811564977184.jpg","2420-A",,9,false,,FieldSnap,+08:00,36,3,,,false,Saturated,Pending Match
122006,,3,18.2666432,121.6840937,2026-03-03 10:19:53.949 +0900,17.0,610,358,,2026-03-03 10:31:10.464 +0900,2026-06-30 16:27:06.394 +0900,"1772501470198-upload_3439480236836579952.jpg","1542-B",,9,false,,FieldSnap,+08:00,3,3,,,false,Flooding,Pending Match
121985,,3,18.2666432,121.6840937,2026-03-03 10:15:34.031 +0900,15.0,610,358,,2026-03-03 10:17:06.764 +0900,2026-06-30 16:27:06.394 +0900,"1772500626522-upload_6505606473806928792.jpg","1542-A",,9,false,,FieldSnap,+08:00,3,3,,,false,Flooding,Pending Match
122115,202197,3,18.2666432,121.6840937,2026-03-03 10:54:47.274 +0900,17.0,610,358,,2026-03-03 11:03:25.337 +0900,2026-08-07 11:05:54.298 +0900,"1772503405084-upload_6891285221525639306.jpg",,,9,false,,FieldSnap,+08:00,3,4,,,true,Flooding,Matched
122116,202227,3,18.2666432,121.6840937,2026-03-03 11:02:36.889 +0900,17.0,610,358,,2026-03-03 11:03:25.657 +0900,2026-08-07 11:05:54.298 +0900,"1772503405477-upload_1560087120560681779.jpg",,,9,false,,FieldSnap,+08:00,3,4,,,true,Flooding,Matched
126540,204462,3,18.2598715,121.6887263,2026-03-07 17:30:45.038 +0900,15.0,610,358,,2026-03-07 17:57:24.729 +0900,2026-08-07 11:05:54.298 +0900,"1772873844556-upload_7320789521161660280.jpg",,Changed the lot number from 652-AD2 to 652-A,9,false,,FieldSnap,+08:00,3,4,,,true,Flooding,Matched
125135,204436,3,18.2718345,121.6773227,2026-03-05 16:57:53.112 +0900,15.0,610,358,,2026-03-06 09:32:52.426 +0900,2026-08-07 11:05:54.298 +0900,"1772757172129-upload_6523314990622940266.jpg",,,9,false,,FieldSnap,+08:00,3,4,,,true,Flooding,Matched
125140,200639,3,18.2718345,121.6773227,2026-03-05 16:53:56.376 +0900,15.0,610,358,,2026-03-06 09:32:53.165 +0900,2026-08-07 11:05:54.298 +0900,"1772757172999-upload_3547327201237826952.jpg",,,9,false,,FieldSnap,+08:00,3,4,,,true,Flooding,Matched
125134,204434,3,18.2718345,121.6773227,2026-03-05 17:03:12.417 +0900,17.0,610,358,,2026-03-06 09:32:52.383 +0900,2026-08-07 11:05:54.298 +0900,"1772757172195-upload_4566849048277855723.jpg",,,9,false,,FieldSnap,+08:00,3,4,,,true,Flooding,Matched
125138,206129,3,18.2699294,121.6805301,2026-03-05 17:09:38.271 +0900,16.0,610,358,,2026-03-06 09:32:52.941 +0900,2026-08-07 11:05:54.298 +0900,"1772757172245-upload_9031988377637024201.jpg",,,9,false,,FieldSnap,+08:00,3,4,,,true,Flooding,Matched
117957,201693,3,18.2617795,121.6890826,2026-02-26 10:12:04.605 +0900,16.0,610,358,,2026-02-27 11:41:14.597 +0900,2026-08-07 11:05:54.298 +0900,"1772160074356-upload_1890973062780237537.jpg",,,9,false,,FieldSnap,+08:00,3,4,,,true,Flooding,Matched
117962,202260,3,18.2598715,121.6887263,2026-02-26 10:04:31.440 +0900,11.0,610,358,,2026-02-27 11:41:18.780 +0900,2026-08-07 11:05:54.298 +0900,"1772160078586-upload_4275156491062997238.jpg",,,9,false,,FieldSnap,+08:00,36,4,,,true,Saturated,Matched
108675,202899,3,18.2718345,121.6773227,2026-02-16 17:30:38.631 +0900,18.0,610,358,,2026-02-16 17:30:43.910 +0900,2026-08-07 11:05:54.298 +0900,"1771230643598-upload_2808604767617518808.jpg",,,9,false,,FieldSnap,+08:00,3,4,,,true,Flooding,Matched
108651,201632,3,18.2718345,121.6773227,2026-02-16 17:17:08.189 +0900,12.0,610,358,,2026-02-16 17:18:52.973 +0900,2026-08-07 11:05:54.298 +0900,"1771229932767-upload_3403482427147440644.jpg",,,9,false,,FieldSnap,+08:00,36,4,,,true,Saturated,Matched
108683,201634,3,18.2670376,121.6837374,2026-02-16 17:33:33.936 +0900,15.0,610,27,,2026-02-16 17:33:54.815 +0900,2026-08-07 11:05:54.298 +0900,"1771230834645-upload_766126538247564206.jpg","2406D2",,9,false,,FieldSnap,+08:00,3,4,,,true,Flooding,Matched
108796,201630,3,18.2641474,121.6887263,2026-02-16 18:07:01.474 +0900,15.0,610,358,,2026-02-16 18:07:16.284 +0900,2026-08-07 11:05:54.298 +0900,"1771232836116-upload_8546022819711538612.jpg",,,9,false,,FieldSnap,+08:00,3,4,,,true,Flooding,Matched
108776,206120,3,18.2634257,121.6908643,2026-02-16 17:49:56.000 +0900,17.0,610,358,,2026-02-16 17:50:04.898 +0900,2026-08-07 11:05:54.298 +0900,"1771231804720-upload_6269989721615444573.jpg",,,9,false,,FieldSnap,+08:00,3,4,,,true,Flooding,Matched
108747,202351,3,18.2730832,121.6758972,2026-02-16 17:42:07.211 +0900,15.0,610,358,,2026-02-16 17:42:23.858 +0900,2026-08-07 11:05:54.298 +0900,"1771231343690-upload_7929873565839113552.jpg",,Changed the lot number from 2394D2 to 2394,9,false,,FieldSnap,+08:00,3,4,,,true,Flooding,Matched
108753,206137,3,18.2730832,121.6758972,2026-02-16 17:45:27.192 +0900,19.0,610,358,,2026-02-16 17:45:47.166 +0900,2026-08-07 11:05:54.298 +0900,"1771231546994-upload_6685857236648708026.jpg",,,9,false,,FieldSnap,+08:00,3,4,,,true,Flooding,Matched
108890,202191,3,18.2677128,121.7051169,2026-02-16 18:56:07.314 +0900,15.0,610,358,,2026-02-16 20:18:20.567 +0900,2026-08-07 11:05:54.298 +0900,"1771240700064-upload_3293125714798085520.jpg",,,9,false,,FieldSnap,+08:00,3,4,,,true,Flooding,Matched
126545,202263,3,18.2598715,121.6887263,2026-03-07 17:12:07.154 +0900,16.0,610,358,,2026-03-07 17:57:26.970 +0900,2026-08-07 11:05:54.298 +0900,"1772873846775-upload_1826473413183783418.jpg",,,9,false,,FieldSnap,+08:00,3,4,,,true,Flooding,Matched
126538,204459,3,18.2598715,121.6887263,2026-03-07 17:23:58.705 +0900,13.0,610,358,,2026-03-07 17:57:24.251 +0900,2026-08-07 11:05:54.298 +0900,"1772873844056-upload_7698909500741359761.jpg",,,9,false,,FieldSnap,+08:00,36,4,,,true,Saturated,Matched
126537,202464,3,18.2598715,121.6887263,2026-03-07 17:31:42.495 +0900,16.0,610,358,,2026-03-07 17:57:23.473 +0900,2026-08-07 11:05:54.298 +0900,"1772873843292-upload_6740130712108668370.jpg",,,9,false,,FieldSnap,+08:00,3,4,,,true,Flooding,Matched
126536,200729,3,18.2598715,121.6887263,2026-03-07 17:34:55.330 +0900,15.0,610,358,,2026-03-07 17:57:22.801 +0900,2026-08-07 11:05:54.298 +0900,"1772873842016-upload_8572999612611437509.jpg",,Changed the lot number from 685-CD2 to 685-C,9,false,,FieldSnap,+08:00,3,4,,,true,Flooding,Matched
126202,202867,3,18.2598715,121.6887263,2026-03-06 17:45:04.894 +0900,16.0,610,358,,2026-03-07 09:50:32.867 +0900,2026-08-07 11:05:54.298 +0900,"1772844632666-upload_6111895283700296092.jpg",,Changed the lot number from 652D2 to 652,9,false,,FieldSnap,+08:00,3,4,,,true,Flooding,Matched
127768,201670,3,18.2588975,121.695329,2026-03-09 11:38:13.707 +0900,19.0,610,358,,2026-03-09 22:58:11.849 +0900,2026-08-07 11:05:54.298 +0900,"1773064691686-upload_7911120124939234427.jpg",,,9,false,,FieldSnap,+08:00,3,4,,,true,Flooding,Matched
127778,202252,3,18.2588975,121.695329,2026-03-09 11:08:43.889 +0900,15.0,610,358,,2026-03-09 22:58:18.305 +0900,2026-08-07 11:05:54.298 +0900,"1773064698134-upload_7704126904441030321.jpg",,,9,false,,FieldSnap,+08:00,3,4,,,true,Flooding,Matched
127769,202231,3,18.2588975,121.695329,2026-03-09 11:23:15.718 +0900,17.0,610,358,,2026-03-09 22:58:12.336 +0900,2026-08-07 11:05:54.298 +0900,"1773064692088-upload_6926923142740329475.jpg",,,9,false,,FieldSnap,+08:00,3,4,,,true,Flooding,Matched
127767,206123,3,18.2588975,121.695329,2026-03-09 11:37:04.010 +0900,21.0,610,358,,2026-03-09 22:58:11.418 +0900,2026-08-07 11:05:54.298 +0900,"1773064691265-upload_6081922196045984688.jpg",,,9,false,,FieldSnap,+08:00,3,4,,,true,Flooding,Matched
127765,202333,3,18.2588975,121.695329,2026-03-09 11:41:44.400 +0900,18.0,610,358,,2026-03-09 22:58:10.566 +0900,2026-08-07 11:05:54.298 +0900,"1773064690409-upload_5722817488650959422.jpg",,,9,false,,FieldSnap,+08:00,3,4,,,true,Flooding,Matched
127779,200760,3,18.2588975,121.695329,2026-03-09 10:50:30.493 +0900,15.0,610,358,,2026-03-09 22:58:18.496 +0900,2026-08-07 11:05:54.298 +0900,"1773064698330-upload_2796909201616902912.jpg",,,9,false,,FieldSnap,+08:00,3,4,,,true,Flooding,Matched
127775,202248,3,18.2588975,121.695329,2026-03-09 10:55:17.037 +0900,15.0,610,358,,2026-03-09 22:58:17.061 +0900,2026-08-07 11:05:54.298 +0900,"1773064696890-upload_457759163709030211.jpg",,,9,false,,FieldSnap,+08:00,3,4,,,true,Flooding,Matched
127773,202249,3,18.2588975,121.695329,2026-03-09 11:09:30.729 +0900,15.0,610,358,,2026-03-09 22:58:14.883 +0900,2026-08-07 11:05:54.298 +0900,"1773064694637-upload_3282534527978297235.jpg",,,9,false,,FieldSnap,+08:00,3,4,,,true,Flooding,Matched
127780,202258,3,18.2588975,121.695329,2026-03-09 10:54:18.859 +0900,15.0,610,358,,2026-03-09 22:58:18.768 +0900,2026-08-07 11:05:54.298 +0900,"1773064698567-upload_480478266982380243.jpg",,,9,false,,FieldSnap,+08:00,3,4,,,true,Flooding,Matched
127774,200770,3,18.2588975,121.695329,2026-03-09 11:16:02.008 +0900,14.0,610,358,,2026-03-09 22:58:16.581 +0900,2026-08-07 11:05:54.298 +0900,"1773064696398-upload_238653804729739879.jpg",,,9,false,,FieldSnap,+08:00,36,4,,,true,Saturated,Matched
127772,202256,3,18.2588975,121.695329,2026-03-09 11:17:00.738 +0900,15.0,610,358,,2026-03-09 22:58:13.542 +0900,2026-08-07 11:05:54.298 +0900,"1773064693352-upload_8102522384803995956.jpg",,,9,false,,FieldSnap,+08:00,3,4,,,true,Flooding,Matched
127782,202230,3,18.2565654,121.6875087,2026-03-09 10:39:07.511 +0900,15.0,610,358,,2026-03-09 22:58:20.057 +0900,2026-08-07 11:05:54.298 +0900,"1773064699900-upload_239688430749345512.jpg",,Changed the lot number from 1454-D2 to 1454,9,false,,FieldSnap,+08:00,3,4,,,true,Flooding,Matched
126546,201662,3,18.2598715,121.6887263,2026-03-07 17:10:55.010 +0900,15.0,610,358,,2026-03-07 17:57:27.122 +0900,2026-08-07 11:05:54.298 +0900,"1772873846940-upload_5468926183561557311.jpg",,,9,false,,FieldSnap,+08:00,3,4,,,true,Flooding,Matched
126539,201700,3,18.2598715,121.6887263,2026-03-07 17:12:59.796 +0900,17.0,610,358,,2026-03-07 17:57:24.681 +0900,2026-08-07 11:05:54.298 +0900,"1772873843968-upload_3029622315951077639.jpg",,,9,false,,FieldSnap,+08:00,3,4,,,true,Flooding,Matched
126543,204405,3,18.2598715,121.6887263,2026-03-07 17:17:11.425 +0900,14.0,610,358,,2026-03-07 17:57:25.462 +0900,2026-08-07 11:05:54.298 +0900,"1772873845280-upload_3922027108279646975.jpg",,,9,false,,FieldSnap,+08:00,36,4,,,true,Saturated,Matched
126542,204668,3,18.2598715,121.6887263,2026-03-07 17:16:04.835 +0900,18.0,610,358,,2026-03-07 17:57:24.951 +0900,2026-08-07 11:05:54.298 +0900,"1772873844060-upload_1874836077091510738.jpg",,,9,false,,FieldSnap,+08:00,3,4,,,true,Flooding,Matched
126309,204453,3,18.2598715,121.6887263,2026-03-07 11:46:09.739 +0900,19.0,610,358,,2026-03-07 12:46:31.833 +0900,2026-08-07 11:05:54.298 +0900,"1772855191531-upload_5296916420095471022.jpg",,,9,false,,FieldSnap,+08:00,3,4,,,true,Flooding,Matched
126308,202203,3,18.2598715,121.6887263,2026-03-07 11:48:10.740 +0900,16.0,610,358,,2026-03-07 12:46:31.477 +0900,2026-08-07 11:05:54.298 +0900,"1772855191253-upload_3866634648174923404.jpg",,,9,false,,FieldSnap,+08:00,3,4,,,true,Flooding,Matched
126306,204474,3,18.2565781,121.6886172,2026-03-07 11:51:53.645 +0900,14.0,610,358,,2026-03-07 12:46:31.350 +0900,2026-08-07 11:05:54.298 +0900,"1772855191196-upload_1290901268589766489.jpg",,Changed the lot number from 1516D2 to 1516,9,false,,FieldSnap,+08:00,36,4,,,true,Saturated,Matched
126311,201614,3,18.2598715,121.6887263,2026-03-07 11:44:09.103 +0900,16.0,610,358,,2026-03-07 12:46:32.270 +0900,2026-08-07 11:05:54.298 +0900,"1772855192036-upload_6348405957928071029.jpg",,,9,false,,FieldSnap,+08:00,3,4,,,true,Flooding,Matched
115248,202345,3,18.2658544,121.6848064,2026-02-24 10:28:14.872 +0900,17.0,610,358,,2026-02-24 11:19:47.066 +0900,2026-08-07 11:05:54.298 +0900,"1771899586890-upload_3393708490095693533.jpg",,,9,false,,FieldSnap,+08:00,3,4,,,true,Flooding,Matched
115246,206144,3,18.2615208,121.6940713,2026-02-24 10:57:29.151 +0900,15.0,610,358,,2026-02-24 11:19:45.975 +0900,2026-08-07 11:05:54.298 +0900,"1771899585329-upload_4385431353708473420.jpg",,,9,false,,FieldSnap,+08:00,3,4,,,true,Flooding,Matched
115254,206118,3,18.2686181,121.6831883,2026-02-24 10:22:48.223 +0900,14.0,610,358,,2026-02-24 11:19:49.601 +0900,2026-08-07 11:05:54.298 +0900,"1771899589411-upload_3465209276943092176.jpg",,,9,false,,FieldSnap,+08:00,36,4,,,true,Saturated,Matched
115253,206122,3,18.2640518,121.6891305,2026-02-24 09:56:01.320 +0900,16.0,610,358,,2026-02-24 11:19:49.543 +0900,2026-08-07 11:05:54.298 +0900,"1771899589341-upload_1692007010860830172.jpg",,,9,false,,FieldSnap,+08:00,3,4,,,true,Flooding,Matched
115256,204460,3,18.2640518,121.6891305,2026-02-24 09:57:49.213 +0900,13.0,610,358,,2026-02-24 11:19:49.646 +0900,2026-08-07 11:05:54.298 +0900,"1771899589457-upload_6661680169648031976.jpg",,,9,false,,FieldSnap,+08:00,36,4,,,true,Saturated,Matched
115257,200768,3,18.2640579,121.6891204,2026-02-24 10:00:33.959 +0900,15.0,610,358,,2026-02-24 11:19:49.730 +0900,2026-08-07 11:05:54.298 +0900,"1771899589569-upload_435929794561786389.jpg",,,9,false,,FieldSnap,+08:00,3,4,,,true,Flooding,Matched
115252,202870,3,18.2615208,121.6940713,2026-02-24 10:58:15.991 +0900,15.0,610,358,,2026-02-24 11:19:48.287 +0900,2026-08-07 11:05:54.298 +0900,"1771899588114-upload_7211509763859847068.jpg",,,9,false,,FieldSnap,+08:00,3,4,,,true,Flooding,Matched
126317,201675,3,18.2598715,121.6887263,2026-03-07 11:20:42.474 +0900,16.0,610,358,,2026-03-07 12:46:34.569 +0900,2026-08-07 11:05:54.298 +0900,"1772855194406-upload_3102356701445839189.jpg",,,9,false,,FieldSnap,+08:00,3,4,,,true,Flooding,Matched
122005,201642,3,18.2666432,121.6840937,2026-03-03 10:29:48.944 +0900,17.0,610,358,,2026-03-03 10:31:10.125 +0900,2026-08-07 11:05:54.298 +0900,"1772501469933-upload_331665242224754435.jpg",,,9,false,,FieldSnap,+08:00,3,4,,,true,Flooding,Matched
122007,202447,3,18.2666432,121.6840937,2026-03-03 10:28:20.869 +0900,16.0,610,358,,2026-03-03 10:31:10.761 +0900,2026-08-07 11:05:54.298 +0900,"1772501470593-upload_8846227344070493982.jpg",,,9,false,,FieldSnap,+08:00,3,4,,,true,Flooding,Matched
121984,202212,3,18.2666432,121.6840937,2026-03-03 10:10:26.490 +0900,15.0,610,358,,2026-03-03 10:17:06.017 +0900,2026-08-07 11:05:54.298 +0900,"1772500625815-upload_1596264587081849120.jpg",,,9,false,,FieldSnap,+08:00,3,4,,,true,Flooding,Matched
108670,204583,3,18.2718345,121.6773227,2026-02-16 17:24:15.269 +0900,16.0,610,358,,2026-02-16 17:28:40.570 +0900,2026-08-07 11:05:54.298 +0900,"1771230520392-upload_4642233246590715155.jpg",,,9,false,,FieldSnap,+08:00,3,4,,,true,Flooding,Matched
122027,201643,3,18.2670376,121.6837374,2026-03-03 10:45:40.282 +0900,18.0,610,358,,2026-03-03 10:50:14.332 +0900,2026-08-07 11:05:54.298 +0900,"1772502613954-upload_3925103768992631265.jpg",,,9,false,,FieldSnap,+08:00,3,4,,,true,Flooding,Matched
121986,202211,3,18.2666432,121.6840937,2026-03-03 10:07:21.242 +0900,15.0,610,358,,2026-03-03 10:17:06.965 +0900,2026-08-07 11:05:54.298 +0900,"1772500626691-upload_5639160024852452948.jpg",,,9,false,,FieldSnap,+08:00,3,4,,,true,Flooding,Matched
122028,204429,3,18.2670376,121.6837374,2026-03-03 10:47:44.430 +0900,17.0,610,358,,2026-03-03 10:50:15.041 +0900,2026-08-07 11:05:54.298 +0900,"1772502614524-upload_9084771925513153507.jpg",,Changed the lot number from 1545-AB to 1545-A,9,false,,FieldSnap,+08:00,3,4,,,true,Flooding,Matched
131045,,4,18.2602004,121.6887263,2026-03-16 17:06:35.916 +0900,0.0,610,358,,2026-03-16 17:46:23.720 +0900,2026-06-30 16:27:06.394 +0900,"1773650782992-upload_3081425624173478567.jpg","324-A",,9,false,,FieldSnap,+08:00,2,3,,,false,Drainage,Pending Match
126214,,4,18.2542536,121.6893982,2026-03-06 16:38:55.552 +0900,0.0,610,358,,2026-03-07 09:50:35.985 +0900,2026-06-30 16:27:06.394 +0900,"1772844635797-upload_7470441606755609833.jpg","1497D2",,9,false,,FieldSnap,+08:00,2,3,,,false,Drainage,Pending Match
124758,,4,18.2730832,121.6758972,2026-03-05 11:26:51.833 +0900,0.0,610,359,,2026-03-05 15:34:45.494 +0900,2026-06-30 16:27:06.394 +0900,"1772692485329-upload_5423268208827940490.jpg","1413D2",,9,false,,FieldSnap,+08:00,2,3,,,false,Drainage,Pending Match
124755,,4,18.2730832,121.6758972,2026-03-05 11:25:59.762 +0900,0.0,610,359,,2026-03-05 15:34:44.871 +0900,2026-06-30 16:27:06.394 +0900,"1772692484495-upload_222887343011597694.jpg","1426-B",,9,false,,FieldSnap,+08:00,2,3,,,false,Drainage,Pending Match
116158,,4,18.2599004,121.6939782,2026-02-25 11:32:03.313 +0900,0.0,610,358,,2026-02-25 11:58:57.635 +0900,2026-06-30 16:27:06.394 +0900,"1771988337082-upload_4462778876759050058.jpg","331-E",,9,false,,FieldSnap,+08:00,2,3,,,false,Drainage,Pending Match
116161,,4,18.2608574,121.6958828,2026-02-25 11:01:40.523 +0900,0.0,610,359,,2026-02-25 11:59:00.841 +0900,2026-06-30 16:27:06.394 +0900,"1771988340674-upload_5702657612140150702.jpg","1618-A",,9,false,,FieldSnap,+08:00,2,3,,,false,Drainage,Pending Match
116440,,4,18.2595426,121.6887263,2026-02-25 17:38:53.028 +0900,0.0,610,358,,2026-02-25 18:21:06.099 +0900,2026-06-30 16:27:06.394 +0900,"1772011265589-upload_1284015498616846090.jpg","330",,9,false,,FieldSnap,+08:00,2,3,,,false,Drainage,Pending Match
124756,202443,4,18.2736757,121.6762536,2026-03-05 12:01:06.126 +0900,0.0,610,358,,2026-03-05 15:34:44.983 +0900,2026-08-07 11:05:54.298 +0900,"1772692484110-upload_3789723442562919355.jpg",,Changed the lot number from 2444 to 2449,9,false,,FieldSnap,+08:00,2,4,,,true,Drainage,Matched
117969,201604,4,18.2552013,121.6890826,2026-02-26 09:45:58.092 +0900,0.0,610,359,,2026-02-27 11:41:22.784 +0900,2026-08-07 11:05:54.298 +0900,"1772160082620-upload_578953266274879325.jpg",,,9,false,,FieldSnap,+08:00,2,4,,,true,Drainage,Matched
117965,202325,4,18.2617795,121.6890826,2026-02-26 09:58:44.759 +0900,0.0,610,359,,2026-02-27 11:41:20.413 +0900,2026-08-07 11:05:54.298 +0900,"1772160080104-upload_4914248023953817000.jpg",,,9,false,,FieldSnap,+08:00,2,4,,,true,Drainage,Matched
125139,206122,4,18.2666432,121.6840937,2026-03-05 16:46:57.608 +0900,0.0,610,358,,2026-03-06 09:32:53.154 +0900,2026-08-07 11:05:54.298 +0900,"1772757172984-upload_6497819007634794817.jpg",,,9,false,,FieldSnap,+08:00,2,4,,,true,Drainage,Matched
124305,204403,4,18.2635566,121.6901517,2026-03-04 11:00:02.506 +0900,0.0,610,359,,2026-03-05 09:31:35.981 +0900,2026-08-07 11:05:54.298 +0900,"1772670695797-upload_1129733601414271908.jpg",,,9,false,,FieldSnap,+08:00,2,4,,,true,Drainage,Matched
124298,202866,4,18.2634257,121.6908643,2026-03-04 10:48:23.108 +0900,0.0,610,359,,2026-03-05 09:31:30.530 +0900,2026-08-07 11:05:54.298 +0900,"1772670690215-upload_2140425231246352692.jpg",,,9,false,,FieldSnap,+08:00,2,4,,,true,Drainage,Matched
124306,200769,4,18.2635566,121.6901517,2026-03-04 11:05:35.316 +0900,0.0,610,358,,2026-03-05 09:31:36.769 +0900,2026-08-07 11:05:54.298 +0900,"1772670696570-upload_6952996049824503943.jpg",,,9,false,,FieldSnap,+08:00,2,4,,,true,Drainage,Matched
124301,202448,4,18.2634257,121.6908643,2026-03-04 10:51:17.510 +0900,0.0,610,358,,2026-03-05 09:31:34.768 +0900,2026-08-07 11:05:54.298 +0900,"1772670694567-upload_4526723157675854532.jpg",,,9,false,,FieldSnap,+08:00,2,4,,,true,Drainage,Matched
124304,202251,4,18.2635566,121.6901517,2026-03-04 11:07:46.624 +0900,0.0,610,359,,2026-03-05 09:31:35.070 +0900,2026-08-07 11:05:54.298 +0900,"1772670694887-upload_3793525130878056717.jpg",,,9,false,,FieldSnap,+08:00,2,4,,,true,Drainage,Matched
124302,202334,4,18.2634257,121.6908643,2026-03-04 10:57:03.299 +0900,0.0,610,359,,2026-03-05 09:31:34.978 +0900,2026-08-07 11:05:54.298 +0900,"1772670694757-upload_7799719198932349517.jpg",,,9,false,,FieldSnap,+08:00,2,4,,,true,Drainage,Matched
126216,202339,4,18.2666432,121.6840937,2026-03-06 12:17:43.136 +0900,0.0,610,358,,2026-03-07 09:50:36.336 +0900,2026-08-07 11:05:54.298 +0900,"1772844636146-upload_9209009027712861003.jpg",,,9,false,,FieldSnap,+08:00,2,4,,,true,Drainage,Matched
126218,201669,4,18.267384,121.7051169,2026-03-06 11:31:08.893 +0900,0.0,610,359,,2026-03-07 09:50:37.988 +0900,2026-08-07 11:05:54.298 +0900,"1772844637816-upload_8002099201794711508.jpg",,,9,false,,FieldSnap,+08:00,2,4,,,true,Drainage,Matched
108652,204435,4,18.2641474,121.6887263,2026-02-16 16:34:49.855 +0900,0.0,610,358,,2026-02-16 17:18:53.368 +0900,2026-08-07 11:05:54.298 +0900,"1771229933149-upload_8540574733049109959.jpg",,,9,false,,FieldSnap,+08:00,2,4,,,true,Drainage,Matched
126217,201678,4,18.267384,121.7051169,2026-03-06 11:12:59.520 +0900,0.0,610,358,,2026-03-07 09:50:37.740 +0900,2026-08-07 11:05:54.298 +0900,"1772844637577-upload_2965276409754507693.jpg",,,9,false,,FieldSnap,+08:00,2,4,,,true,Drainage,Matched
126220,204490,4,18.2670376,121.6837374,2026-03-06 11:44:14.742 +0900,0.0,610,358,,2026-03-07 09:50:38.037 +0900,2026-08-07 11:05:54.298 +0900,"1772844637859-upload_3635609459572453510.jpg",,,9,false,,FieldSnap,+08:00,2,4,,,true,Drainage,Matched
126225,201610,4,18.2718345,121.6773227,2026-03-06 10:31:47.189 +0900,0.0,610,358,,2026-03-07 09:50:38.996 +0900,2026-08-07 11:05:54.298 +0900,"1772844638838-upload_223016124992020721.jpg",,,9,false,,FieldSnap,+08:00,2,4,,,true,Drainage,Matched
126219,202463,4,18.2718345,121.6773227,2026-03-06 11:55:50.024 +0900,0.0,610,358,,2026-03-07 09:50:38.012 +0900,2026-08-07 11:05:54.298 +0900,"1772844637859-upload_3052006054555331903.jpg",,,9,false,,FieldSnap,+08:00,2,4,,,true,Drainage,Matched
126224,204581,4,18.2718345,121.6773227,2026-03-06 10:33:01.033 +0900,0.0,610,358,,2026-03-07 09:50:38.583 +0900,2026-08-07 11:05:54.298 +0900,"1772844638369-upload_5064230291542032169.jpg",,Changed the lot number from 1452-2 to 1452-A,9,false,,FieldSnap,+08:00,2,4,,,true,Drainage,Matched
126223,204423,4,18.2718345,121.6773227,2026-03-06 10:42:08.078 +0900,0.0,610,358,,2026-03-07 09:50:38.571 +0900,2026-08-07 11:05:54.298 +0900,"1772844638415-upload_6541186525004492789.jpg",,,9,false,,FieldSnap,+08:00,2,4,,,true,Drainage,Matched
126222,201620,4,18.2666432,121.6840937,2026-03-06 10:58:33.499 +0900,0.0,610,358,,2026-03-07 09:50:38.224 +0900,2026-08-07 11:05:54.298 +0900,"1772844638051-upload_1178141726228393363.jpg",,Changed the lot number from 1473D2 to 1473,9,false,,FieldSnap,+08:00,2,4,,,true,Drainage,Matched
126316,202246,4,18.2565748,121.6886094,2026-03-07 11:09:17.107 +0900,0.0,610,358,,2026-03-07 12:46:34.445 +0900,2026-08-07 11:05:54.298 +0900,"1772855194257-upload_4011430799181651217.jpg",,,9,false,,FieldSnap,+08:00,2,4,,,true,Drainage,Matched
126318,204402,4,18.2565748,121.6886094,2026-03-07 11:12:14.506 +0900,0.0,610,358,,2026-03-07 12:46:34.724 +0900,2026-08-07 11:05:54.298 +0900,"1772855194538-upload_7916142778866047090.jpg",,,9,false,,FieldSnap,+08:00,2,4,,,true,Drainage,Matched
124753,201611,4,18.2670376,121.6837374,2026-03-05 11:06:41.058 +0900,0.0,610,359,,2026-03-05 15:34:44.719 +0900,2026-08-07 11:05:54.298 +0900,"1772692484385-upload_1024552291476529516.jpg",,,9,false,,FieldSnap,+08:00,2,4,,,true,Drainage,Matched
124760,200768,4,18.2736757,121.6762536,2026-03-05 12:05:24.709 +0900,0.0,610,359,,2026-03-05 15:34:45.634 +0900,2026-08-07 11:05:54.298 +0900,"1772692485290-upload_1897691906865182546.jpg",,,9,false,,FieldSnap,+08:00,2,4,,,true,Drainage,Matched
116159,202262,4,18.2608535,121.6958833,2026-02-25 11:13:18.225 +0900,0.0,610,358,,2026-02-25 11:58:57.780 +0900,2026-08-07 11:05:54.298 +0900,"1771988337594-upload_3331104189184344875.jpg",,,9,false,,FieldSnap,+08:00,2,4,,,true,Drainage,Matched
116167,202314,4,18.2595426,121.6887263,2026-02-25 10:15:32.884 +0900,0.0,610,358,,2026-02-25 11:59:05.917 +0900,2026-08-07 11:05:54.298 +0900,"1771988345703-upload_2667048634894221868.jpg",,,9,false,,FieldSnap,+08:00,2,4,,,true,Drainage,Matched
116165,201633,4,18.2614506,121.6890826,2026-02-25 10:19:58.307 +0900,0.0,610,358,,2026-02-25 11:59:05.549 +0900,2026-08-07 11:05:54.298 +0900,"1771988345385-upload_2680289001718245975.jpg",,,9,false,,FieldSnap,+08:00,2,4,,,true,Drainage,Matched
116166,202341,4,18.2608574,121.6958828,2026-02-25 10:57:02.731 +0900,0.0,610,358,,2026-02-25 11:59:05.586 +0900,2026-08-07 11:05:54.298 +0900,"1771988345390-upload_5858095431008413559.jpg","1619-A/B",,9,false,,FieldSnap,+08:00,2,4,,,true,Drainage,Matched
116437,201624,4,18.2595426,121.6887263,2026-02-25 17:41:41.423 +0900,0.0,610,358,,2026-02-25 18:21:04.419 +0900,2026-08-07 11:05:54.298 +0900,"1772011264123-upload_1711470031580347939.jpg",,,9,false,,FieldSnap,+08:00,2,4,,,true,Drainage,Matched
116438,201625,4,18.2595426,121.6887263,2026-02-25 17:50:00.835 +0900,0.0,610,358,,2026-02-25 18:21:05.967 +0900,2026-08-07 11:05:54.298 +0900,"1772011265738-upload_720208822074032526.jpg",,,9,false,,FieldSnap,+08:00,2,4,,,true,Drainage,Matched
116441,202315,4,18.2595426,121.6887263,2026-02-25 17:51:51.160 +0900,0.0,610,358,,2026-02-25 18:21:06.132 +0900,2026-08-07 11:05:54.298 +0900,"1772011265797-upload_7317769079653815082.jpg","1616-A",,9,false,,FieldSnap,+08:00,2,4,,,true,Drainage,Matched
130753,201613,4,18.2614506,121.6890826,2026-03-16 10:46:21.535 +0900,0.0,610,358,,2026-03-16 12:31:40.325 +0900,2026-08-07 11:05:54.298 +0900,"1773631900091-upload_4121159451191413964.jpg",,,9,false,,FieldSnap,+08:00,2,4,,,true,Drainage,Matched
116162,202255,4,18.2614506,121.6890826,2026-02-25 11:21:44.563 +0900,0.0,610,358,,2026-02-25 11:59:01.574 +0900,2026-08-07 11:05:54.298 +0900,"1771988341402-upload_5646387522429346256.jpg","401-A",,9,false,,FieldSnap,+08:00,2,4,,,true,Drainage,Matched
116164,202445,4,18.2599004,121.6939782,2026-02-25 11:28:24.348 +0900,0.0,610,358,,2026-02-25 11:59:02.321 +0900,2026-08-07 11:05:54.298 +0900,"1771988342179-upload_2239695487714725102.jpg",,,9,false,,FieldSnap,+08:00,2,4,,,true,Drainage,Matched
116170,201603,4,18.2617795,121.6890826,2026-02-25 09:56:57.011 +0900,0.0,610,359,,2026-02-25 11:59:07.681 +0900,2026-08-07 11:05:54.298 +0900,"1771988347516-upload_5319164845629028405.jpg",,,9,false,,FieldSnap,+08:00,2,4,,,true,Drainage,Matched
116160,204400,4,18.2611178,121.6929577,2026-02-25 11:46:38.747 +0900,0.0,610,358,,2026-02-25 11:59:00.548 +0900,2026-08-07 11:05:54.298 +0900,"1771988340370-upload_3244270011033876355.jpg",,Changed the lot number from 1225 to 1255,9,false,,FieldSnap,+08:00,2,4,,,true,Drainage,Matched
116439,201644,4,18.2595426,121.6887263,2026-02-25 18:07:19.557 +0900,0.0,610,358,,2026-02-25 18:21:06.082 +0900,2026-08-07 11:05:54.298 +0900,"1772011265635-upload_7299710070999197776.jpg",,,9,false,,FieldSnap,+08:00,2,4,,,true,Drainage,Matched
125133,,5,18.2730832,121.6758972,2026-03-05 17:23:27.404 +0900,15.0,610,358,,2026-03-06 09:32:52.195 +0900,2026-06-30 16:27:06.394 +0900,"1772757171850-upload_6161866775845910064.jpg","2390",,9,false,,FieldSnap,+08:00,3,3,,,false,Flooding,Pending Match
117963,,5,18.2614506,121.6890826,2026-02-26 09:51:03.512 +0900,15.0,610,358,,2026-02-27 11:41:19.167 +0900,2026-06-30 16:27:06.394 +0900,"1772160078824-upload_5852767093966712548.jpg","331-E",,9,false,,FieldSnap,+08:00,3,3,,,false,Flooding,Pending Match
117968,,5,18.2625818,121.7044043,2026-02-26 09:41:15.054 +0900,15.0,610,358,,2026-02-27 11:41:22.426 +0900,2026-06-30 16:27:06.394 +0900,"1772160082230-upload_7327599219251365070.jpg","1618-A",,9,false,,FieldSnap,+08:00,3,3,,,false,Flooding,Pending Match
122371,,5,18.2666432,121.6840937,2026-03-03 16:56:39.306 +0900,18.0,610,358,,2026-03-03 17:04:23.995 +0900,2026-06-30 16:27:06.394 +0900,"1772525063689-upload_9126865710332313933.jpg","2416-A",,9,false,,FieldSnap,+08:00,3,3,,,false,Flooding,Pending Match
126549,,5,18.2608582,121.6887263,2026-03-07 16:30:08.501 +0900,15.0,610,358,,2026-03-07 17:57:27.719 +0900,2026-06-30 16:27:06.394 +0900,"1772873847555-upload_5338342001971690795.jpg","1497D2",,9,false,,FieldSnap,+08:00,3,3,,,false,Flooding,Pending Match
126547,,5,18.2608582,121.6887263,2026-03-07 16:54:58.928 +0900,20.0,610,358,,2026-03-07 17:57:27.266 +0900,2026-06-30 16:27:06.394 +0900,"1772873847038-upload_6226207367791486970.jpg","1519/25",,9,false,,FieldSnap,+08:00,3,3,,,false,Flooding,Pending Match
126193,,5,18.2565773,121.6886172,2026-03-06 18:12:04.288 +0900,15.0,610,358,,2026-03-07 09:50:30.888 +0900,2026-06-30 16:27:06.394 +0900,"1772844630294-upload_425970221980114620.jpg","1456-D2",,9,false,,FieldSnap,+08:00,3,3,,,false,Flooding,Pending Match
126320,,5,18.2565781,121.6886172,2026-03-07 10:48:53.214 +0900,19.0,610,358,,2026-03-07 12:46:35.480 +0900,2026-06-30 16:27:06.394 +0900,"1772855195311-upload_1238582194430927358.jpg","1449D2",,9,false,,FieldSnap,+08:00,3,3,,,false,Flooding,Pending Match
126299,,5,18.2565781,121.6886172,2026-03-07 12:35:22.967 +0900,16.0,610,358,,2026-03-07 12:46:26.364 +0900,2026-06-30 16:27:06.394 +0900,"1772855186186-upload_4581454852810930499.jpg","2420-A",,9,false,,FieldSnap,+08:00,3,3,,,false,Flooding,Pending Match
126558,,5,18.2608582,121.6887263,2026-03-07 16:05:44.381 +0900,18.0,610,358,,2026-03-07 17:57:31.834 +0900,2026-06-30 16:27:06.394 +0900,"1772873851607-upload_6295191976005046198.jpg","1490-A/B",,9,false,,FieldSnap,+08:00,3,3,,,false,Flooding,Pending Match
115251,,5,18.2686181,121.6831883,2026-02-24 10:24:33.963 +0900,19.0,610,358,,2026-02-24 11:19:47.656 +0900,2026-06-30 16:27:06.394 +0900,"1771899587500-upload_3985522046269204462.jpg","2427-A",,9,false,,FieldSnap,+08:00,3,3,,,false,Flooding,Pending Match
127784,,5,18.2565654,121.6875087,2026-03-09 10:40:29.873 +0900,16.0,610,358,,2026-03-09 22:58:21.266 +0900,2026-06-30 16:27:06.394 +0900,"1773064701056-upload_2655874879486910412.jpg","676",,9,false,,FieldSnap,+08:00,3,3,,,false,Flooding,Pending Match
126548,206124,5,18.2608582,121.6887263,2026-03-07 16:50:55.308 +0900,17.0,610,358,,2026-03-07 17:57:27.538 +0900,2026-08-07 11:05:54.298 +0900,"1772873847319-upload_5823247649770799683.jpg",,,9,false,,FieldSnap,+08:00,3,4,,,true,Flooding,Matched
125137,202193,5,18.2730832,121.6758972,2026-03-05 17:29:03.120 +0900,16.0,610,358,,2026-03-06 09:32:52.904 +0900,2026-08-07 11:05:54.298 +0900,"1772757172225-upload_5597101918178406324.jpg",,,9,false,,FieldSnap,+08:00,3,4,,,true,Flooding,Matched
125136,202196,5,18.2730832,121.6758972,2026-03-05 17:24:46.593 +0900,16.0,610,358,,2026-03-06 09:32:52.723 +0900,2026-08-07 11:05:54.298 +0900,"1772757172560-upload_6263873334336895797.jpg",,Changed the lot number from 2433 to 2433/34,9,false,,FieldSnap,+08:00,3,4,,,true,Flooding,Matched
122345,202344,5,18.2666432,121.6840937,2026-03-03 16:29:59.041 +0900,16.0,610,358,,2026-03-03 16:38:16.519 +0900,2026-08-07 11:05:54.298 +0900,"1772523496266-upload_7027090338757354349.jpg",,,9,false,,FieldSnap,+08:00,3,4,,,true,Flooding,Matched
122373,200754,5,18.2666432,121.6840937,2026-03-03 16:59:10.410 +0900,19.0,610,358,,2026-03-03 17:04:25.172 +0900,2026-08-07 11:05:54.298 +0900,"1772525064969-upload_911600517056798719.jpg",,,9,false,,FieldSnap,+08:00,3,4,,,true,Flooding,Matched
122344,202346,5,18.2666432,121.6840937,2026-03-03 16:34:18.275 +0900,15.0,610,358,,2026-03-03 16:38:16.064 +0900,2026-08-07 11:05:54.298 +0900,"1772523495681-upload_2616269964744404455.jpg",,,9,false,,FieldSnap,+08:00,3,4,,,true,Flooding,Matched
117964,201633,5,18.2608582,121.6887263,2026-02-26 09:30:53.490 +0900,16.0,610,359,,2026-02-27 11:41:20.173 +0900,2026-08-07 11:05:54.298 +0900,"1772160079991-upload_7508885836373257520.jpg",,,9,false,,FieldSnap,+08:00,3,4,,,true,Flooding,Matched
117966,202341,5,18.2625818,121.7044043,2026-02-26 09:35:06.348 +0900,15.0,610,358,,2026-02-27 11:41:20.567 +0900,2026-08-07 11:05:54.298 +0900,"1772160080380-upload_8197482890650803508.jpg",,,9,false,,FieldSnap,+08:00,3,4,,,true,Flooding,Matched
117956,201603,5,18.2617795,121.6890826,2026-02-26 10:24:56.124 +0900,16.0,610,358,,2026-02-27 11:41:14.100 +0900,2026-08-07 11:05:54.298 +0900,"1772160073919-upload_4840830390882591262.jpg",,,9,false,,FieldSnap,+08:00,3,4,,,true,Flooding,Matched
117958,202262,5,18.2617795,121.6890826,2026-02-26 10:16:34.449 +0900,16.0,610,358,,2026-02-27 11:41:14.637 +0900,2026-08-07 11:05:54.298 +0900,"1772160074445-upload_4786214006296512032.jpg",,,9,false,,FieldSnap,+08:00,3,4,,,true,Flooding,Matched
117959,202445,5,18.2617795,121.6890826,2026-02-26 10:20:14.409 +0900,20.0,610,358,,2026-02-27 11:41:15.380 +0900,2026-08-07 11:05:54.298 +0900,"1772160075160-upload_7125456378462901379.jpg","331-C",,9,false,,FieldSnap,+08:00,3,4,,,true,Flooding,Matched
117961,201644,5,18.2565658,121.6886206,2026-02-26 10:22:48.955 +0900,18.0,610,358,,2026-02-27 11:41:17.961 +0900,2026-08-07 11:05:54.298 +0900,"1772160077738-upload_253459879012855342.jpg",,,9,false,,FieldSnap,+08:00,3,4,,,true,Flooding,Matched
117960,202255,5,18.2598715,121.6887263,2026-02-26 10:08:46.338 +0900,18.0,610,358,,2026-02-27 11:41:15.541 +0900,2026-08-07 11:05:54.298 +0900,"1772160075277-upload_2577512713963642540.jpg",,,9,false,,FieldSnap,+08:00,3,4,,,true,Flooding,Matched
117967,202314,5,18.2625818,121.7044043,2026-02-26 09:39:05.896 +0900,17.0,610,358,,2026-02-27 11:41:22.413 +0900,2026-08-07 11:05:54.298 +0900,"1772160082227-upload_736269315595804887.jpg",,,9,false,,FieldSnap,+08:00,3,4,,,true,Flooding,Matched
122372,201601,5,18.2666432,121.6840937,2026-03-03 17:03:06.486 +0900,18.0,610,358,,2026-03-03 17:04:24.319 +0900,2026-08-07 11:05:54.298 +0900,"1772525064105-upload_4040032249638966428.jpg","2423-A",,9,false,,FieldSnap,+08:00,3,4,,,true,Flooding,Matched
131042,204454,5,18.2595426,121.6887263,2026-03-16 16:31:39.847 +0900,15.0,610,358,,2026-03-16 17:46:22.907 +0900,2026-08-07 11:05:54.298 +0900,"1773650782666-upload_1817338751516353622.jpg",,,9,false,,FieldSnap,+08:00,3,4,,,true,Flooding,Matched
131044,201670,5,18.2595426,121.6887263,2026-03-16 16:36:12.191 +0900,15.0,610,358,,2026-03-16 17:46:23.309 +0900,2026-08-07 11:05:54.298 +0900,"1773650783132-upload_8901623208885265541.jpg",,,9,false,,FieldSnap,+08:00,3,4,,,true,Flooding,Matched
131041,201613,5,18.2602004,121.6887263,2026-03-16 16:49:39.274 +0900,16.0,610,358,,2026-03-16 17:46:20.712 +0900,2026-08-07 11:05:54.298 +0900,"1773650780476-upload_1199529929715827962.jpg",,,9,false,,FieldSnap,+08:00,3,4,,,true,Flooding,Matched
131043,200735,5,18.2565106,121.688613,2026-03-16 16:46:38.744 +0900,13.0,610,358,,2026-03-16 17:46:23.095 +0900,2026-08-07 11:05:54.298 +0900,"1773650782934-upload_9187864383836427254.jpg",,,9,false,,FieldSnap,+08:00,36,4,,,true,Saturated,Matched
117954,204400,5,18.2612589,121.6954966,2026-02-26 10:58:52.654 +0900,17.0,610,358,,2026-02-27 11:41:11.354 +0900,2026-08-07 11:05:54.298 +0900,"1772160071018-upload_7494571400123843315.jpg",,Changed the lot number from 1225 to 1255,9,false,,FieldSnap,+08:00,3,4,,,true,Flooding,Matched
124300,202216,5,18.2635566,121.6901517,2026-03-04 11:27:19.685 +0900,17.0,610,358,,2026-03-05 09:31:34.370 +0900,2026-08-07 11:05:54.298 +0900,"1772670693914-upload_1085966131330084602.jpg",,,9,false,,FieldSnap,+08:00,3,4,,,true,Flooding,Matched
126211,200769,5,18.2598715,121.6887263,2026-03-06 16:54:18.447 +0900,15.0,610,358,,2026-03-07 09:50:35.644 +0900,2026-08-07 11:05:54.298 +0900,"1772844635489-upload_4672886923881626390.jpg",,,9,false,,FieldSnap,+08:00,3,4,,,true,Flooding,Matched
126212,204464,5,18.2565781,121.6886172,2026-03-06 17:05:53.274 +0900,16.0,610,358,,2026-03-07 09:50:35.735 +0900,2026-08-07 11:05:54.298 +0900,"1772844635506-upload_9158547467322717781.jpg",,,9,false,,FieldSnap,+08:00,3,4,,,true,Flooding,Matched
126206,202331,5,18.256578,121.6886172,2026-03-06 17:19:31.044 +0900,15.0,610,358,,2026-03-07 09:50:33.315 +0900,2026-08-07 11:05:54.298 +0900,"1772844633134-upload_2498902158377458652.jpg",,,9,false,,FieldSnap,+08:00,3,4,,,true,Flooding,Matched
126205,204412,5,18.256578,121.6886172,2026-03-06 17:21:28.403 +0900,16.0,610,358,,2026-03-07 09:50:33.076 +0900,2026-08-07 11:05:54.298 +0900,"1772844632922-upload_5561426937090718826.jpg",,,9,false,,FieldSnap,+08:00,3,4,,,true,Flooding,Matched
126200,202448,5,18.2565781,121.6886172,2026-03-06 17:58:00.429 +0900,16.0,610,358,,2026-03-07 09:50:32.031 +0900,2026-08-07 11:05:54.298 +0900,"1772844631835-upload_2672371038188737203.jpg",,,9,false,,FieldSnap,+08:00,3,4,,,true,Flooding,Matched
126204,204582,5,18.2598715,121.6887263,2026-03-06 17:30:01.893 +0900,14.0,610,358,,2026-03-07 09:50:32.971 +0900,2026-08-07 11:05:54.298 +0900,"1772844632782-upload_7816015454984046026.jpg",,,9,false,,FieldSnap,+08:00,36,4,,,true,Saturated,Matched
108745,201617,5,18.2730832,121.6758972,2026-02-16 17:38:57.467 +0900,16.0,610,27,,2026-02-16 17:39:19.733 +0900,2026-08-07 11:05:54.298 +0900,"1771231159555-upload_7804341323156680904.jpg",,,9,false,,FieldSnap,+08:00,3,4,,,true,Flooding,Matched
126555,200635,5,18.2608582,121.6887263,2026-03-07 16:07:30.071 +0900,15.0,610,358,,2026-03-07 17:57:30.801 +0900,2026-08-07 11:05:54.298 +0900,"1772873850602-upload_2082515171513339205.jpg",,,9,false,,FieldSnap,+08:00,3,4,,,true,Flooding,Matched
126209,202334,5,18.2598715,121.6887263,2026-03-06 16:48:21.944 +0900,15.0,610,358,,2026-03-07 09:50:35.334 +0900,2026-08-07 11:05:54.298 +0900,"1772844635129-upload_8333848717619989178.jpg",,,9,false,,FieldSnap,+08:00,3,4,,,true,Flooding,Matched
126210,202251,5,18.2598715,121.6887263,2026-03-06 16:50:37.380 +0900,16.0,610,358,,2026-03-07 09:50:35.636 +0900,2026-08-07 11:05:54.298 +0900,"1772844635473-upload_4774700143459179849.jpg",,,9,false,,FieldSnap,+08:00,3,4,,,true,Flooding,Matched
126207,200636,5,18.2565781,121.6886172,2026-03-06 17:13:35.733 +0900,17.0,610,358,,2026-03-07 09:50:33.426 +0900,2026-08-07 11:05:54.298 +0900,"1772844633264-upload_8865388183822498143.jpg",,,9,false,,FieldSnap,+08:00,3,4,,,true,Flooding,Matched
126199,202866,5,18.2565781,121.6886172,2026-03-06 17:56:32.982 +0900,16.0,610,358,,2026-03-07 09:50:31.928 +0900,2026-08-07 11:05:54.298 +0900,"1772844631702-upload_2035013208042780360.jpg",,,9,false,,FieldSnap,+08:00,3,4,,,true,Flooding,Matched
126198,204461,5,18.2565773,121.6886172,2026-03-06 18:09:11.352 +0900,14.0,610,358,,2026-03-07 09:50:31.722 +0900,2026-08-07 11:05:54.298 +0900,"1772844631530-upload_279659279616479592.jpg",,,9,false,,FieldSnap,+08:00,36,4,,,true,Saturated,Matched
126195,202869,5,18.2565773,121.6886172,2026-03-06 18:14:42.256 +0900,15.0,610,358,,2026-03-07 09:50:31.293 +0900,2026-08-07 11:05:54.298 +0900,"1772844630601-upload_9153542872648201194.jpg",,,9,false,,FieldSnap,+08:00,3,4,,,true,Flooding,Matched
126194,204432,5,18.2565773,121.6886172,2026-03-06 18:17:13.668 +0900,17.0,610,358,,2026-03-07 09:50:31.154 +0900,2026-08-07 11:05:54.298 +0900,"1772844630621-upload_4339629067767002232.jpg",,Changed the lot number from 1655 to 1654,9,false,,FieldSnap,+08:00,3,4,,,true,Flooding,Matched
127764,202406,5,18.2588975,121.695329,2026-03-09 11:56:05.181 +0900,18.0,610,358,,2026-03-09 22:58:10.157 +0900,2026-08-07 11:05:54.298 +0900,"1773064689995-upload_2041792210452757663.jpg",,,9,false,,FieldSnap,+08:00,3,4,,,true,Flooding,Matched
127759,201653,5,18.2588975,121.695329,2026-03-09 11:55:00.108 +0900,22.0,610,358,,2026-03-09 22:58:08.795 +0900,2026-08-07 11:05:54.298 +0900,"1773064688551-upload_7542663545200669388.jpg",,,9,false,,FieldSnap,+08:00,3,4,,,true,Flooding,Matched
127758,202247,5,18.2588975,121.695329,2026-03-09 11:50:02.332 +0900,18.0,610,358,,2026-03-09 22:58:08.731 +0900,2026-08-07 11:05:54.298 +0900,"1773064688535-upload_8914452510973002772.jpg",,,9,false,,FieldSnap,+08:00,3,4,,,true,Flooding,Matched
127761,202227,5,18.2588975,121.695329,2026-03-09 11:47:30.567 +0900,17.0,610,358,,2026-03-09 22:58:08.963 +0900,2026-08-07 11:05:54.298 +0900,"1773064688752-upload_6892958474130522310.jpg",,,9,false,,FieldSnap,+08:00,3,4,,,true,Flooding,Matched
127781,204402,5,18.2588975,121.695329,2026-03-09 10:45:20.322 +0900,16.0,610,358,,2026-03-09 22:58:18.915 +0900,2026-08-07 11:05:54.298 +0900,"1773064698711-upload_8092596423179790551.jpg",,,9,false,,FieldSnap,+08:00,3,4,,,true,Flooding,Matched
127770,201703,5,18.2588975,121.695329,2026-03-09 11:32:11.794 +0900,20.0,610,358,,2026-03-09 22:58:13.247 +0900,2026-08-07 11:05:54.298 +0900,"1773064693029-upload_3392962090456949183.jpg",,,9,false,,FieldSnap,+08:00,3,4,,,true,Flooding,Matched
127760,206146,5,18.2588975,121.695329,2026-03-09 11:42:35.328 +0900,18.0,610,358,,2026-03-09 22:58:08.826 +0900,2026-08-07 11:05:54.298 +0900,"1773064688654-upload_3850958241380708091.jpg","1547-E",,9,false,,FieldSnap,+08:00,3,4,,,true,Flooding,Matched
127763,202442,5,18.2588975,121.695329,2026-03-09 11:59:22.097 +0900,15.0,610,358,,2026-03-09 22:58:10.016 +0900,2026-08-07 11:05:54.298 +0900,"1773064689815-upload_3300158089830303540.jpg",,,9,false,,FieldSnap,+08:00,3,4,,,true,Flooding,Matched
127762,204427,5,18.2588975,121.695329,2026-03-09 11:46:11.280 +0900,16.0,610,358,,2026-03-09 22:58:10.000 +0900,2026-08-07 11:05:54.298 +0900,"1773064689162-upload_8609058415573951676.jpg",,,9,false,,FieldSnap,+08:00,3,4,,,true,Flooding,Matched
127777,202868,5,18.2588975,121.695329,2026-03-09 10:46:02.224 +0900,17.0,610,358,,2026-03-09 22:58:18.011 +0900,2026-08-07 11:05:54.298 +0900,"1773064697836-upload_2684196510209139330.jpg",,,9,false,,FieldSnap,+08:00,3,4,,,true,Flooding,Matched
127771,201702,5,18.2588975,121.695329,2026-03-09 11:25:23.263 +0900,15.0,610,358,,2026-03-09 22:58:13.316 +0900,2026-08-07 11:05:54.298 +0900,"1773064693143-upload_37802317629363813.jpg",,,9,false,,FieldSnap,+08:00,3,4,,,true,Flooding,Matched
126297,204490,5,18.2598715,121.6887263,2026-03-07 12:22:35.354 +0900,17.0,610,358,,2026-03-07 12:46:25.768 +0900,2026-08-07 11:05:54.298 +0900,"1772855185589-upload_6511090946099357797.jpg",,,9,false,,FieldSnap,+08:00,3,4,,,true,Flooding,Matched
126307,204423,5,18.2565748,121.6886094,2026-03-07 12:00:36.705 +0900,15.0,610,358,,2026-03-07 12:46:31.436 +0900,2026-08-07 11:05:54.298 +0900,"1772855191239-upload_2605718549330370988.jpg",,,9,false,,FieldSnap,+08:00,3,4,,,true,Flooding,Matched
126302,201669,5,18.2598715,121.6887263,2026-03-07 12:24:12.710 +0900,18.0,610,358,,2026-03-07 12:46:27.338 +0900,2026-08-07 11:05:54.298 +0900,"1772855187162-upload_4550997003317405903.jpg",,,9,false,,FieldSnap,+08:00,3,4,,,true,Flooding,Matched
126298,204602,5,18.2565781,121.6886172,2026-03-07 12:32:35.308 +0900,19.0,610,359,,2026-03-07 12:46:26.352 +0900,2026-08-07 11:05:54.298 +0900,"1772855185986-upload_5412178217908734416.jpg",,,9,false,,FieldSnap,+08:00,3,4,,,true,Flooding,Matched
126315,202250,5,18.2598715,121.6887263,2026-03-07 11:19:02.853 +0900,16.0,610,358,,2026-03-07 12:46:34.315 +0900,2026-08-07 11:05:54.298 +0900,"1772855194077-upload_7679854548779934842.jpg",,,9,false,,FieldSnap,+08:00,3,4,,,true,Flooding,Matched
126301,201678,5,18.2611871,121.6887263,2026-03-07 12:11:59.050 +0900,19.0,610,358,,2026-03-07 12:46:26.748 +0900,2026-08-07 11:05:54.298 +0900,"1772855186541-upload_585174063805900160.jpg",,,9,false,,FieldSnap,+08:00,3,4,,,true,Flooding,Matched
126303,202463,5,18.2598715,121.6887263,2026-03-07 12:41:55.973 +0900,15.0,610,358,,2026-03-07 12:46:27.822 +0900,2026-08-07 11:05:54.298 +0900,"1772855187611-upload_7538152443253314796.jpg",,,9,false,,FieldSnap,+08:00,3,4,,,true,Flooding,Matched
126304,201621,5,18.2598715,121.6887263,2026-03-07 12:43:08.127 +0900,19.0,610,358,,2026-03-07 12:46:28.270 +0900,2026-08-07 11:05:54.298 +0900,"1772855187685-upload_5836148026795047546.jpg",,,9,false,,FieldSnap,+08:00,3,4,,,true,Flooding,Matched
126305,202338,5,18.2565748,121.6886094,2026-03-07 12:03:46.384 +0900,16.0,610,358,,2026-03-07 12:46:30.646 +0900,2026-08-07 11:05:54.298 +0900,"1772855190472-upload_5154424229319416554.jpg",,,9,false,,FieldSnap,+08:00,3,4,,,true,Flooding,Matched
126324,206135,5,18.2598715,121.6887263,2026-03-07 10:33:32.573 +0900,16.0,610,358,,2026-03-07 12:46:37.479 +0900,2026-08-07 11:05:54.298 +0900,"1772855197253-upload_4958789118178234893.jpg",,,9,false,,FieldSnap,+08:00,3,4,,,true,Flooding,Matched
126319,201610,5,18.2565781,121.6886172,2026-03-07 10:52:51.066 +0900,15.0,610,358,,2026-03-07 12:46:35.001 +0900,2026-08-07 11:05:54.298 +0900,"1772855194832-upload_4078063503158704420.jpg",,,9,false,,FieldSnap,+08:00,3,4,,,true,Flooding,Matched
126314,202899,5,18.2598715,121.6887263,2026-03-07 11:27:51.236 +0900,18.0,610,358,,2026-03-07 12:46:33.828 +0900,2026-08-07 11:05:54.298 +0900,"1772855193646-upload_6134556254777518593.jpg",,,9,false,,FieldSnap,+08:00,3,4,,,true,Flooding,Matched
127757,202221,5,18.2588975,121.695329,2026-03-09 11:50:33.591 +0900,17.0,610,358,,2026-03-09 22:58:07.875 +0900,2026-08-07 11:05:54.298 +0900,"1773064687247-upload_2026443707510800221.jpg",,,9,false,,FieldSnap,+08:00,3,4,,,true,Flooding,Matched
126559,201654,5,18.2608582,121.6887263,2026-03-07 16:01:40.846 +0900,17.0,610,358,,2026-03-07 17:57:32.079 +0900,2026-08-07 11:05:54.298 +0900,"1772873851901-upload_5871476961054151261.jpg",,,9,false,,FieldSnap,+08:00,3,4,,,true,Flooding,Matched
126562,201609,5,18.2608582,121.6887263,2026-03-07 16:00:31.640 +0900,16.0,610,358,,2026-03-07 17:57:33.275 +0900,2026-08-07 11:05:54.298 +0900,"1772873853114-upload_3453812332290435132.jpg",,,9,false,,FieldSnap,+08:00,3,4,,,true,Flooding,Matched
126552,201693,5,18.2608582,121.6887263,2026-03-07 16:24:16.081 +0900,16.0,610,358,,2026-03-07 17:57:29.657 +0900,2026-08-07 11:05:54.298 +0900,"1772873849501-upload_1951539706025187958.jpg",,,9,false,,FieldSnap,+08:00,3,4,,,true,Flooding,Matched
126551,201706,5,18.2608582,121.6887263,2026-03-07 16:27:16.876 +0900,14.0,610,358,,2026-03-07 17:57:29.404 +0900,2026-08-07 11:05:54.298 +0900,"1772873849231-upload_4729776553687433365.jpg",,,9,false,,FieldSnap,+08:00,36,4,,,true,Saturated,Matched
126550,202208,5,18.2608582,121.6887263,2026-03-07 16:55:30.423 +0900,18.0,610,358,,2026-03-07 17:57:29.225 +0900,2026-08-07 11:05:54.298 +0900,"1772873849051-upload_2147699638748371372.jpg",,,9,false,,FieldSnap,+08:00,3,4,,,true,Flooding,Matched
126561,202339,5,18.2608582,121.6887263,2026-03-07 15:49:45.897 +0900,18.0,610,358,,2026-03-07 17:57:33.185 +0900,2026-08-07 11:05:54.298 +0900,"1772873853026-upload_9041596701591952565.jpg",,,9,false,,FieldSnap,+08:00,3,4,,,true,Flooding,Matched
126564,201630,5,18.2608582,121.6887263,2026-03-07 15:55:00.159 +0900,20.0,610,358,,2026-03-07 17:57:33.553 +0900,2026-08-07 11:05:54.298 +0900,"1772873853379-upload_7214465500137855600.jpg",,,9,false,,FieldSnap,+08:00,3,4,,,true,Flooding,Matched
126560,202446,5,18.2608582,121.6887263,2026-03-07 15:55:38.926 +0900,17.0,610,358,,2026-03-07 17:57:32.333 +0900,2026-08-07 11:05:54.298 +0900,"1772873852162-upload_2069875698316140682.jpg",,Changed the lot number from 2457-c to 2452-C,9,false,,FieldSnap,+08:00,3,4,,,true,Flooding,Matched
115249,200724,5,18.2666432,121.6840937,2026-02-24 10:10:00.367 +0900,16.0,610,358,,2026-02-24 11:19:47.161 +0900,2026-08-07 11:05:54.298 +0900,"1771899586754-upload_3122663530259811316.jpg",,,9,false,,FieldSnap,+08:00,3,4,,,true,Flooding,Matched
115247,200725,5,18.2666432,121.6840937,2026-02-24 10:13:09.003 +0900,12.0,610,358,,2026-02-24 11:19:47.063 +0900,2026-08-07 11:05:54.298 +0900,"1771899586549-upload_654140391138729593.jpg",,,9,false,,FieldSnap,+08:00,36,4,,,true,Saturated,Matched
115250,201696,5,18.2666432,121.6840937,2026-02-24 10:11:56.818 +0900,16.0,610,358,,2026-02-24 11:19:47.218 +0900,2026-08-07 11:05:54.298 +0900,"1771899587062-upload_1445784760031206582.jpg",,,9,false,,FieldSnap,+08:00,3,4,,,true,Flooding,Matched
115255,204471,5,18.2640579,121.6891204,2026-02-24 10:04:23.263 +0900,12.0,610,358,,2026-02-24 11:19:49.607 +0900,2026-08-07 11:05:54.298 +0900,"1771899589433-upload_5447699971572091151.jpg",,Changed the lot number from 2438 to 2437,9,false,,FieldSnap,+08:00,36,4,,,true,Saturated,Matched
115259,201623,5,18.2612261,121.692244,2026-02-24 09:37:00.785 +0900,12.0,610,358,,2026-02-24 11:19:51.129 +0900,2026-08-07 11:05:54.298 +0900,"1771899590961-upload_2861947266479172979.jpg",,,9,false,,FieldSnap,+08:00,36,4,,,true,Saturated,Matched
115260,202864,5,18.2612261,121.692244,2026-02-24 09:41:44.763 +0900,14.0,610,358,,2026-02-24 11:19:51.303 +0900,2026-08-07 11:05:54.298 +0900,"1771899591146-upload_6580342571722263845.jpg",,,9,false,,FieldSnap,+08:00,36,4,,,true,Saturated,Matched
130752,202231,5,18.2580471,121.698748,2026-03-16 10:51:14.927 +0900,15.0,610,358,,2026-03-16 12:31:38.227 +0900,2026-08-07 11:05:54.298 +0900,"1773631897880-upload_4614914404600471021.jpg",,,9,false,,FieldSnap,+08:00,3,4,,,true,Flooding,Matched
126300,201620,5,18.2611871,121.6887263,2026-03-07 12:10:23.677 +0900,16.0,610,358,,2026-03-07 12:46:26.705 +0900,2026-08-07 11:05:54.298 +0900,"1772855186523-upload_542096086734979434.jpg",,Changed the lot number from 1473D2 to 1473,9,false,,FieldSnap,+08:00,3,4,,,true,Flooding,Matched
127615,201641,0,18.2635534,121.6865882,2026-03-09 16:31:39.977 +0900,17.0,653,358,,2026-03-09 18:07:13.652 +0900,2026-08-07 11:05:54.298 +0900,"1773047233484-upload_1607974602747940015.jpg",,No photo 1,9,false,,FieldSnap,+08:00,3,4,,,true,Flooding,Matched
129202,201639,0,18.2669737,121.6858755,2026-03-13 10:22:35.126 +0900,16.0,653,358,,2026-03-13 11:36:01.841 +0900,2026-08-07 11:05:54.298 +0900,"1773369361302-upload_2880693414091823676.jpg",,Duplicate,9,false,,FieldSnap,+08:00,3,4,,,true,Flooding,Matched
129191,201670,0,18.2669737,121.6858755,2026-03-13 10:41:26.332 +0900,0.0,653,358,,2026-03-13 11:35:49.139 +0900,2026-08-07 11:05:54.298 +0900,"1773369348274-upload_8082813029903548712.jpg",,Too fast to drain the water,9,false,,FieldSnap,+08:00,2,4,,,true,Drainage,Matched
127585,201698,0,18.2635534,121.6865882,2026-03-09 16:30:53.074 +0900,18.0,653,358,,2026-03-09 18:06:22.955 +0900,2026-08-07 11:05:54.298 +0900,"1773047182777-upload_8698159186471188909.jpg",,No photo 1,9,false,,FieldSnap,+08:00,3,4,,,true,Flooding,Matched
127616,204406,0,18.2622394,121.6883699,2026-03-09 16:16:33.040 +0900,0.0,653,358,,2026-03-09 18:07:13.694 +0900,2026-08-07 11:05:54.298 +0900,"1773047233516-upload_3167598196281122211.jpg",,Duplicate,9,false,,FieldSnap,+08:00,2,4,,,true,Drainage,Matched
128337,204411,0,18.2649346,121.6862319,2026-03-11 11:26:06.513 +0900,15.0,653,358,,2026-03-11 12:25:21.025 +0900,2026-08-07 11:05:54.298 +0900,"1773199520388-upload_6184312569253451858.jpg",,No photo2,9,false,,FieldSnap,+08:00,3,4,,,true,Flooding,Matched
128345,202318,0,18.2649346,121.6862319,2026-03-11 11:13:59.258 +0900,0.0,653,358,,2026-03-11 12:25:28.812 +0900,2026-08-07 11:05:54.298 +0900,"1773199528648-upload_8181524326915824128.jpg",,Improper installation of OW,9,false,,FieldSnap,+08:00,2,4,,,true,Drainage,Matched
129199,201640,0,18.2669737,121.6858755,2026-03-13 10:23:47.656 +0900,15.0,653,358,,2026-03-13 11:36:00.976 +0900,2026-08-07 11:05:54.298 +0900,"1773369360801-upload_8386090728387020378.jpg",,,9,false,,FieldSnap,+08:00,3,4,,,true,Flooding,Matched
129198,201663,1,18.2669737,121.6858755,2026-03-13 10:58:39.273 +0900,,653,358,,2026-03-13 11:35:57.104 +0900,2026-08-07 11:05:54.298 +0900,"1773369356902-upload_1941865346698692820.jpg",,,9,false,,FieldSnap,+08:00,1,4,,,true,Installation,Matched
129197,204454,1,18.2669737,121.6858755,2026-03-13 10:55:14.885 +0900,,653,358,,2026-03-13 11:35:56.367 +0900,2026-08-07 11:05:54.298 +0900,"1773369356193-upload_5036418713197158179.jpg",,,9,false,,FieldSnap,+08:00,1,4,,,true,Installation,Matched
127617,204406,1,18.2622394,121.6883699,2026-03-09 16:15:55.229 +0900,,653,358,,2026-03-09 18:07:13.830 +0900,2026-08-07 11:05:54.298 +0900,"1773047233668-upload_309739416382981770.jpg",,,9,false,,FieldSnap,+08:00,1,4,,,true,Installation,Matched
128343,201613,1,18.2649346,121.6862319,2026-03-11 11:16:47.918 +0900,,653,358,,2026-03-11 12:25:25.786 +0900,2026-08-07 11:05:54.298 +0900,"1773199525605-upload_6638496879014815802.jpg",,,9,false,,FieldSnap,+08:00,1,4,,,true,Installation,Matched
128338,200771,1,18.2649346,121.6862319,2026-03-11 11:21:41.672 +0900,,653,358,,2026-03-11 12:25:21.833 +0900,2026-08-07 11:05:54.298 +0900,"1773199521685-upload_8526478213299240904.jpg",,,9,false,,FieldSnap,+08:00,1,4,,,true,Installation,Matched
128344,202449,1,18.2649346,121.6862319,2026-03-11 11:19:12.533 +0900,,653,358,,2026-03-11 12:25:26.261 +0900,2026-08-07 11:05:54.298 +0900,"1773199526104-upload_8032580265925105880.jpg",,,9,false,,FieldSnap,+08:00,1,4,,,true,Installation,Matched
130724,202313,1,18.2540199,121.6919333,2026-03-16 10:52:53.899 +0900,,653,358,,2026-03-16 12:10:09.613 +0900,2026-08-07 11:05:54.298 +0900,"1773630609445-upload_6847160716013171857.jpg",,,9,false,,FieldSnap,+08:00,1,4,,,true,Installation,Matched
128336,,2,18.2649346,121.6862319,2026-03-11 11:24:36.099 +0900,0.0,653,358,,2026-03-11 12:25:18.740 +0900,2026-06-30 16:27:06.394 +0900,"1773199518575-upload_8894710673603057069.jpg","324-A",,9,false,,FieldSnap,+08:00,2,3,,,false,Drainage,Pending Match
127343,200735,2,18.2587538,121.689439,2026-03-09 10:35:11.243 +0900,0.0,653,358,,2026-03-09 12:43:56.234 +0900,2026-08-07 11:05:54.298 +0900,"1773027836067-upload_834313935037172451.jpg",,,9,false,,FieldSnap,+08:00,2,4,,,true,Drainage,Matched
127342,202253,2,18.2587538,121.689439,2026-03-09 10:27:57.022 +0900,0.0,653,358,,2026-03-09 12:43:56.230 +0900,2026-08-07 11:05:54.298 +0900,"1773027836073-upload_851915342383812644.jpg",,,9,false,,FieldSnap,+08:00,2,4,,,true,Drainage,Matched
129193,204454,2,18.2669737,121.6858755,2026-03-13 10:56:20.520 +0900,0.0,653,358,,2026-03-13 11:35:53.518 +0900,2026-08-07 11:05:54.298 +0900,"1773369352916-upload_5958040863296635090.jpg",,,9,false,,FieldSnap,+08:00,2,4,,,true,Drainage,Matched
129192,201663,2,18.2669737,121.6858755,2026-03-13 11:00:25.403 +0900,0.0,653,358,,2026-03-13 11:35:53.221 +0900,2026-08-07 11:05:54.298 +0900,"1773369352990-upload_8539915576088655319.jpg",,,9,false,,FieldSnap,+08:00,2,4,,,true,Drainage,Matched
129195,204411,2,18.2669737,121.6858755,2026-03-13 10:34:16.573 +0900,0.0,653,358,,2026-03-13 11:35:54.629 +0900,2026-08-07 11:05:54.298 +0900,"1773369354434-upload_2386478032123220069.jpg",,Changed the lot number from 1645-BD2 to 1645-B,9,false,,FieldSnap,+08:00,2,4,,,true,Drainage,Matched
128357,202257,2,18.2649346,121.6862319,2026-03-11 10:56:46.824 +0900,0.0,653,358,,2026-03-11 12:25:42.528 +0900,2026-08-07 11:05:54.298 +0900,"1773199542311-upload_4245437567606370718.jpg",,,9,false,,FieldSnap,+08:00,2,4,,,true,Drainage,Matched
128342,201613,2,18.2649346,121.6862319,2026-03-11 11:17:51.003 +0900,0.0,653,358,,2026-03-11 12:25:25.676 +0900,2026-08-07 11:05:54.298 +0900,"1773199525503-upload_7327367891302505258.jpg",,,9,false,,FieldSnap,+08:00,2,4,,,true,Drainage,Matched
128339,200771,2,18.2649346,121.6862319,2026-03-11 11:22:46.380 +0900,0.0,653,358,,2026-03-11 12:25:24.144 +0900,2026-08-07 11:05:54.298 +0900,"1773199523961-upload_3215909066158033588.jpg",,,9,false,,FieldSnap,+08:00,2,4,,,true,Drainage,Matched
128340,202449,2,18.2649346,121.6862319,2026-03-11 11:20:02.109 +0900,0.0,653,358,,2026-03-11 12:25:25.016 +0900,2026-08-07 11:05:54.298 +0900,"1773199524766-upload_5967193277575403996.jpg",,,9,false,,FieldSnap,+08:00,2,4,,,true,Drainage,Matched
130723,202313,2,18.2540199,121.6919333,2026-03-16 10:55:08.599 +0900,0.0,653,358,,2026-03-16 12:10:09.229 +0900,2026-08-07 11:05:54.298 +0900,"1773630609031-upload_8147930706294239437.jpg",,,9,false,,FieldSnap,+08:00,2,4,,,true,Drainage,Matched
128531,202449,3,18.2669737,121.6858755,2026-03-11 17:15:34.677 +0900,15.0,653,358,,2026-03-11 19:23:52.061 +0900,2026-08-07 11:05:54.298 +0900,"1773224631798-upload_9084926950341752230.jpg",,,9,false,,FieldSnap,+08:00,3,4,,,true,Flooding,Matched
128525,200771,3,18.2669737,121.6858755,2026-03-11 17:16:21.286 +0900,15.0,653,358,,2026-03-11 19:23:46.298 +0900,2026-08-07 11:05:54.298 +0900,"1773224626043-upload_6030326660505327064.jpg",,,9,false,,FieldSnap,+08:00,3,4,,,true,Flooding,Matched
131034,202313,3,18.2587538,121.689439,2026-03-16 16:54:45.266 +0900,17.0,653,358,,2026-03-16 17:34:14.831 +0900,2026-08-07 11:05:54.298 +0900,"1773650054243-upload_740173694327500265.jpg",,,9,false,,FieldSnap,+08:00,3,4,,,true,Flooding,Matched
127580,204444,3,18.2635534,121.6865882,2026-03-09 16:35:32.014 +0900,18.0,653,358,,2026-03-09 18:06:18.965 +0900,2026-08-07 11:05:54.298 +0900,"1773047178774-upload_6114054171334425988.jpg",,,9,false,,FieldSnap,+08:00,3,4,,,true,Flooding,Matched
127613,200772,3,18.2635534,121.6865882,2026-03-09 16:34:53.404 +0900,18.0,653,358,,2026-03-09 18:07:11.492 +0900,2026-08-07 11:05:54.298 +0900,"1773047231302-upload_2746731761001026288.jpg",,,9,false,,FieldSnap,+08:00,3,4,,,true,Flooding,Matched
127606,202456,3,18.2635534,121.6865882,2026-03-09 16:49:37.518 +0900,17.0,653,358,,2026-03-09 18:07:05.917 +0900,2026-08-07 11:05:54.298 +0900,"1773047225740-upload_3205597382986957696.jpg",,,9,false,,FieldSnap,+08:00,3,4,,,true,Flooding,Matched
127605,202253,3,18.2635534,121.6865882,2026-03-09 16:50:23.120 +0900,18.0,653,358,,2026-03-09 18:07:05.237 +0900,2026-08-07 11:05:54.298 +0900,"1773047225058-upload_8443788296774453014.jpg",,,9,false,,FieldSnap,+08:00,3,4,,,true,Flooding,Matched
128332,201698,3,18.2649346,121.6862319,2026-03-11 11:26:46.040 +0900,16.0,653,358,,2026-03-11 12:25:15.232 +0900,2026-08-07 11:05:54.298 +0900,"1773199514575-upload_3343291286558087026.jpg",,,9,false,,FieldSnap,+08:00,3,4,,,true,Flooding,Matched
128334,201641,3,18.2649346,121.6862319,2026-03-11 11:28:17.570 +0900,15.0,653,358,,2026-03-11 12:25:18.145 +0900,2026-08-07 11:05:54.298 +0900,"1773199517977-upload_7744049076606601639.jpg",,,9,false,,FieldSnap,+08:00,3,4,,,true,Flooding,Matched
128335,202206,3,18.2649346,121.6862319,2026-03-11 11:29:31.528 +0900,14.0,653,358,,2026-03-11 12:25:18.176 +0900,2026-08-07 11:05:54.298 +0900,"1773199517957-upload_3263079150472773734.jpg",,,9,false,,FieldSnap,+08:00,36,4,,,true,Saturated,Matched
127323,,4,18.2587538,121.689439,2026-03-09 11:24:00.499 +0900,0.0,653,358,,2026-03-09 12:43:36.318 +0900,2026-06-30 16:27:06.394 +0900,"1773027816122-upload_3839110561046878499.jpg","2363D2",,9,false,,FieldSnap,+08:00,2,3,,,false,Drainage,Pending Match
127334,,4,18.2587538,121.689439,2026-03-09 10:53:49.831 +0900,0.0,653,358,,2026-03-09 12:43:41.897 +0900,2026-06-30 16:27:06.394 +0900,"1773027821719-upload_1315589621595998254.jpg","1542-A",,9,false,,FieldSnap,+08:00,2,3,,,false,Drainage,Pending Match
127338,,4,18.2587538,121.689439,2026-03-09 10:52:47.443 +0900,0.0,653,358,,2026-03-09 12:43:44.443 +0900,2026-06-30 16:27:06.394 +0900,"1773027824259-upload_6101345231890976648.jpg","1542-B",,9,false,,FieldSnap,+08:00,2,3,,,false,Drainage,Pending Match
128381,,4,18.2635534,121.6865882,2026-03-11 10:27:59.789 +0900,0.0,653,358,,2026-03-11 12:26:59.060 +0900,2026-06-30 16:27:06.394 +0900,"1773199618900-upload_1508558873105231901.jpg","1432D2",,9,false,,FieldSnap,+08:00,2,3,,,false,Drainage,Pending Match
128373,,4,18.2649346,121.6862319,2026-03-11 10:39:32.229 +0900,0.0,653,358,,2026-03-11 12:26:52.041 +0900,2026-06-30 16:27:06.394 +0900,"1773199611887-upload_4922793708642575482.jpg","1514D2",,9,false,,FieldSnap,+08:00,2,3,,,false,Drainage,Pending Match
128386,,4,18.2635534,121.6865882,2026-03-11 10:24:26.683 +0900,0.0,653,358,,2026-03-11 12:27:03.092 +0900,2026-06-30 16:27:06.394 +0900,"1773199622900-upload_4130451742044693024.jpg","1426-E/F",,9,false,,FieldSnap,+08:00,2,3,,,false,Drainage,Pending Match
128363,,4,18.2649346,121.6862319,2026-03-11 10:54:13.140 +0900,0.0,653,358,,2026-03-11 12:25:54.505 +0900,2026-06-30 16:27:06.394 +0900,"1773199554342-upload_3704783264831950126.jpg","1883-2",,9,false,,FieldSnap,+08:00,2,3,,,false,Drainage,Pending Match
128354,,4,18.2649346,121.6862319,2026-03-11 11:01:54.441 +0900,0.0,653,358,,2026-03-11 12:25:35.809 +0900,2026-06-30 16:27:06.394 +0900,"1773199535664-upload_1715778221037118895.jpg","2366-A",,9,false,,FieldSnap,+08:00,2,3,,,false,Drainage,Pending Match
128352,,4,18.2649346,121.6862319,2026-03-11 11:05:11.773 +0900,0.0,653,358,,2026-03-11 12:25:34.664 +0900,2026-06-30 16:27:06.394 +0900,"1773199534513-upload_7282177362000813190.jpg","2367-B",,9,false,,FieldSnap,+08:00,2,3,,,false,Drainage,Pending Match
128366,,4,18.2649346,121.6862319,2026-03-11 10:42:48.609 +0900,0.0,653,358,,2026-03-11 12:26:12.481 +0900,2026-06-30 16:27:06.394 +0900,"1773199572327-upload_3555977549450028862.jpg","1547-A",,9,false,,FieldSnap,+08:00,2,3,,,false,Drainage,Pending Match
128383,,4,18.2635534,121.6865882,2026-03-11 10:26:56.839 +0900,0.0,653,358,,2026-03-11 12:27:00.985 +0900,2026-06-30 16:27:06.394 +0900,"1773199620817-upload_8112150145168469240.jpg","1433-A",,9,false,,FieldSnap,+08:00,2,3,,,false,Drainage,Pending Match
127890,202867,4,18.2669737,121.6858755,2026-03-10 10:05:19.727 +0900,0.0,653,358,,2026-03-10 11:46:55.969 +0900,2026-08-07 11:05:54.298 +0900,"1773110815678-upload_4390483116615264320.jpg",,Changed the lot number from 652D2 to 652,9,false,,FieldSnap,+08:00,2,4,,,true,Drainage,Matched
127892,204473,4,18.2669737,121.6858755,2026-03-10 10:07:25.538 +0900,0.0,653,358,,2026-03-10 11:46:57.620 +0900,2026-08-07 11:05:54.298 +0900,"1773110817417-upload_3980798937141120500.jpg",,,9,false,,FieldSnap,+08:00,2,4,,,true,Drainage,Matched
127336,201701,4,18.2587538,121.689439,2026-03-09 11:09:01.100 +0900,0.0,653,358,,2026-03-09 12:43:42.693 +0900,2026-08-07 11:05:54.298 +0900,"1773027822517-upload_7242479656205362892.jpg",,,9,false,,FieldSnap,+08:00,2,4,,,true,Drainage,Matched
127315,202225,4,18.2587538,121.689439,2026-03-09 11:43:39.387 +0900,0.0,653,358,,2026-03-09 12:43:31.305 +0900,2026-08-07 11:05:54.298 +0900,"1773027811136-upload_3746636960167356518.jpg",,,9,false,,FieldSnap,+08:00,2,4,,,true,Drainage,Matched
127319,201632,4,18.2587538,121.689439,2026-03-09 11:37:03.074 +0900,0.0,653,358,,2026-03-09 12:43:33.726 +0900,2026-08-07 11:05:54.298 +0900,"1773027813562-upload_188506466826330072.jpg",,,9,false,,FieldSnap,+08:00,2,4,,,true,Drainage,Matched
127317,202345,4,18.2587538,121.689439,2026-03-09 11:38:40.944 +0900,0.0,653,358,,2026-03-09 12:43:32.449 +0900,2026-08-07 11:05:54.298 +0900,"1773027812289-upload_6309136781190121688.jpg",,,9,false,,FieldSnap,+08:00,2,4,,,true,Drainage,Matched
127325,202220,4,18.2587538,121.689439,2026-03-09 11:26:13.934 +0900,0.0,653,358,,2026-03-09 12:43:37.281 +0900,2026-08-07 11:05:54.298 +0900,"1773027817054-upload_6572878385349252658.jpg",,,9,false,,FieldSnap,+08:00,2,4,,,true,Drainage,Matched
127321,202896,4,18.2587538,121.689439,2026-03-09 11:27:40.176 +0900,0.0,653,358,,2026-03-09 12:43:35.124 +0900,2026-08-07 11:05:54.298 +0900,"1773027814947-upload_2299503854188014262.jpg",,,9,false,,FieldSnap,+08:00,2,4,,,true,Drainage,Matched
127326,200775,4,18.2587538,121.689439,2026-03-09 11:20:39.078 +0900,0.0,653,358,,2026-03-09 12:43:37.838 +0900,2026-08-07 11:05:54.298 +0900,"1773027817618-upload_512534286797796330.jpg",,,9,false,,FieldSnap,+08:00,2,4,,,true,Drainage,Matched
127329,204421,4,18.2587538,121.689439,2026-03-09 11:16:02.025 +0900,0.0,653,358,,2026-03-09 12:43:38.476 +0900,2026-08-07 11:05:54.298 +0900,"1773027818322-upload_3620691307716104290.jpg",,,9,false,,FieldSnap,+08:00,2,4,,,true,Drainage,Matched
127332,202235,4,18.2587538,121.689439,2026-03-09 11:09:54.257 +0900,0.0,653,358,,2026-03-09 12:43:41.785 +0900,2026-08-07 11:05:54.298 +0900,"1773027821590-upload_775874366033117119.jpg",,changed the lot number from 1650-D2 into 1650-1,9,false,,FieldSnap,+08:00,2,4,,,true,Drainage,Matched
127331,202447,4,18.2587538,121.689439,2026-03-09 10:56:18.293 +0900,0.0,653,358,,2026-03-09 12:43:40.514 +0900,2026-08-07 11:05:54.298 +0900,"1773027820326-upload_7324128411479140622.jpg",,,9,false,,FieldSnap,+08:00,2,4,,,true,Drainage,Matched
127333,202197,4,18.2587538,121.689439,2026-03-09 11:01:15.632 +0900,0.0,653,358,,2026-03-09 12:43:41.785 +0900,2026-08-07 11:05:54.298 +0900,"1773027821586-upload_4245774832426168583.jpg",,,9,false,,FieldSnap,+08:00,2,4,,,true,Drainage,Matched
127316,200748,4,18.2587538,121.689439,2026-03-09 11:42:42.731 +0900,0.0,653,358,,2026-03-09 12:43:32.079 +0900,2026-08-07 11:05:54.298 +0900,"1773027811907-upload_6303808482709342843.jpg",,,9,false,,FieldSnap,+08:00,2,4,,,true,Drainage,Matched
127320,202317,4,18.2587538,121.689439,2026-03-09 11:33:25.087 +0900,0.0,653,358,,2026-03-09 12:43:34.295 +0900,2026-08-07 11:05:54.298 +0900,"1773027814108-upload_7160085504652732554.jpg",,,9,false,,FieldSnap,+08:00,2,4,,,true,Drainage,Matched
127318,202462,4,18.2587538,121.689439,2026-03-09 11:37:47.321 +0900,0.0,653,358,,2026-03-09 12:43:33.402 +0900,2026-08-07 11:05:54.298 +0900,"1773027813246-upload_8162606601460701013.jpg",,,9,false,,FieldSnap,+08:00,2,4,,,true,Drainage,Matched
127322,202892,4,18.2587538,121.689439,2026-03-09 11:32:18.020 +0900,0.0,653,358,,2026-03-09 12:43:35.165 +0900,2026-08-07 11:05:54.298 +0900,"1773027814976-upload_7304510863966427564.jpg",,,9,false,,FieldSnap,+08:00,2,4,,,true,Drainage,Matched
127328,204438,4,18.2587538,121.689439,2026-03-09 11:23:03.031 +0900,0.0,653,358,,2026-03-09 12:43:38.168 +0900,2026-08-07 11:05:54.298 +0900,"1773027817970-upload_4545709489762322499.jpg",,,9,false,,FieldSnap,+08:00,2,4,,,true,Drainage,Matched
127327,204414,4,18.2587538,121.689439,2026-03-09 11:19:13.529 +0900,0.0,653,358,,2026-03-09 12:43:37.838 +0900,2026-08-07 11:05:54.298 +0900,"1773027817560-upload_7009564109281452515.jpg",,,9,false,,FieldSnap,+08:00,2,4,,,true,Drainage,Matched
127330,204418,4,18.2587538,121.689439,2026-03-09 11:16:40.053 +0900,0.0,653,358,,2026-03-09 12:43:39.255 +0900,2026-08-07 11:05:54.298 +0900,"1773027818929-upload_2080267898744072593.jpg",,,9,false,,FieldSnap,+08:00,2,4,,,true,Drainage,Matched
127339,204434,4,18.2587538,121.689439,2026-03-09 10:40:11.917 +0900,0.0,653,358,,2026-03-09 12:43:54.855 +0900,2026-08-07 11:05:54.298 +0900,"1773027834695-upload_4451397322743673694.jpg",,,9,false,,FieldSnap,+08:00,2,4,,,true,Drainage,Matched
127335,204429,4,18.2587538,121.689439,2026-03-09 10:58:37.639 +0900,0.0,653,358,,2026-03-09 12:43:42.308 +0900,2026-08-07 11:05:54.298 +0900,"1773027821988-upload_4458889005883950500.jpg",,Changed the lot number from 1545-AB to 1545-A,9,false,,FieldSnap,+08:00,2,4,,,true,Drainage,Matched
127337,204436,4,18.2587538,121.689439,2026-03-09 10:45:56.158 +0900,0.0,653,358,,2026-03-09 12:43:44.425 +0900,2026-08-07 11:05:54.298 +0900,"1773027824251-upload_7039480372101722258.jpg",,,9,false,,FieldSnap,+08:00,2,4,,,true,Drainage,Matched
127344,200639,4,18.2587538,121.689439,2026-03-09 10:39:09.404 +0900,0.0,653,358,,2026-03-09 12:43:56.704 +0900,2026-08-07 11:05:54.298 +0900,"1773027836525-upload_2961981498726237117.jpg",,,9,false,,FieldSnap,+08:00,2,4,,,true,Drainage,Matched
127341,206129,4,18.2587538,121.689439,2026-03-09 10:36:13.658 +0900,0.0,653,358,,2026-03-09 12:43:55.790 +0900,2026-08-07 11:05:54.298 +0900,"1773027835620-upload_5981990487831881188.jpg",,,9,false,,FieldSnap,+08:00,2,4,,,true,Drainage,Matched
127314,206118,4,18.2587538,121.689439,2026-03-09 11:40:05.566 +0900,0.0,653,358,,2026-03-09 12:43:31.084 +0900,2026-08-07 11:05:54.298 +0900,"1773027810922-upload_3144395447674045066.jpg",,,9,false,,FieldSnap,+08:00,2,4,,,true,Drainage,Matched
129196,202333,4,18.2669737,121.6858755,2026-03-13 10:37:58.435 +0900,0.0,653,358,,2026-03-13 11:35:54.960 +0900,2026-08-07 11:05:54.298 +0900,"1773369354751-upload_5778697864358319170.jpg",,,9,false,,FieldSnap,+08:00,2,4,,,true,Drainage,Matched
129194,206123,4,18.2669737,121.6858755,2026-03-13 10:45:20.145 +0900,0.0,653,358,,2026-03-13 11:35:53.896 +0900,2026-08-07 11:05:54.298 +0900,"1773369353533-upload_1666139012405934409.jpg",,,9,false,,FieldSnap,+08:00,2,4,,,true,Drainage,Matched
127340,204764,4,18.2587538,121.689439,2026-03-09 10:44:53.894 +0900,0.0,653,358,,2026-03-09 12:43:55.580 +0900,2026-08-07 11:05:54.298 +0900,"1773027835406-upload_4227245938959270087.jpg",,,9,false,,FieldSnap,+08:00,2,4,,,true,Drainage,Matched
128380,201631,4,18.2635534,121.6865882,2026-03-11 10:28:36.677 +0900,0.0,653,358,,2026-03-11 12:26:58.240 +0900,2026-08-07 11:05:54.298 +0900,"1773199618073-upload_5088774667004346739.jpg",,,9,false,,FieldSnap,+08:00,2,4,,,true,Drainage,Matched
128378,201614,4,18.2635534,121.6865882,2026-03-11 10:31:35.750 +0900,0.0,653,358,,2026-03-11 12:26:55.567 +0900,2026-08-07 11:05:54.298 +0900,"1773199615375-upload_6838005208185680787.jpg",,,9,false,,FieldSnap,+08:00,2,4,,,true,Drainage,Matched
128379,201639,4,18.2635534,121.6865882,2026-03-11 10:30:33.991 +0900,0.0,653,358,,2026-03-11 12:26:56.727 +0900,2026-08-07 11:05:54.298 +0900,"1773199616553-upload_1650263269385482591.jpg",,,9,false,,FieldSnap,+08:00,2,4,,,true,Drainage,Matched
128374,202264,4,18.2649346,121.6862319,2026-03-11 10:37:31.197 +0900,0.0,653,358,,2026-03-11 12:26:52.419 +0900,2026-08-07 11:05:54.298 +0900,"1773199612252-upload_7614613905507469864.jpg",,,9,false,,FieldSnap,+08:00,2,4,,,true,Drainage,Matched
128370,202203,4,18.2649346,121.6862319,2026-03-11 10:41:09.137 +0900,0.0,653,358,,2026-03-11 12:26:50.761 +0900,2026-08-07 11:05:54.298 +0900,"1773199610560-upload_3318540699223900675.jpg",,,9,false,,FieldSnap,+08:00,2,4,,,true,Drainage,Matched
128368,204474,4,18.2649346,121.6862319,2026-03-11 10:45:10.512 +0900,0.0,653,358,,2026-03-11 12:26:33.864 +0900,2026-08-07 11:05:54.298 +0900,"1773199593704-upload_2180072553958610472.jpg",,Changed the lot number from 1516D2 to 1516,9,false,,FieldSnap,+08:00,2,4,,,true,Drainage,Matched
128359,202207,4,18.2649346,121.6862319,2026-03-11 10:55:09.311 +0900,0.0,653,358,,2026-03-11 12:25:44.124 +0900,2026-08-07 11:05:54.298 +0900,"1773199543959-upload_7253921503284784936.jpg",,Changed the lot number from 1658-AD2 to 1658-A,9,false,,FieldSnap,+08:00,2,4,,,true,Drainage,Matched
128341,204462,4,18.2649346,121.6862319,2026-03-11 11:14:54.965 +0900,0.0,653,358,,2026-03-11 12:25:25.345 +0900,2026-08-07 11:05:54.298 +0900,"1773199525195-upload_2112842396152296039.jpg","652-AD2",Changed the lot number from 652-AD2 to 652-A,9,false,,FieldSnap,+08:00,2,4,,,true,Drainage,Matched
128356,201662,4,18.2649346,121.6862319,2026-03-11 10:53:39.949 +0900,0.0,653,358,,2026-03-11 12:25:39.474 +0900,2026-08-07 11:05:54.298 +0900,"1773199539289-upload_6480529024053513493.jpg",,,9,false,,FieldSnap,+08:00,2,4,,,true,Drainage,Matched
128350,202310,4,18.2649346,121.6862319,2026-03-11 11:05:49.447 +0900,0.0,653,358,,2026-03-11 12:25:31.616 +0900,2026-08-07 11:05:54.298 +0900,"1773199531328-upload_3136077920129731611.jpg",,,9,false,,FieldSnap,+08:00,2,4,,,true,Drainage,Matched
128353,202308,4,18.2649346,121.6862319,2026-03-11 11:04:01.146 +0900,0.0,653,358,,2026-03-11 12:25:35.236 +0900,2026-08-07 11:05:54.298 +0900,"1773199534886-upload_3521807600690298377.jpg",,,9,false,,FieldSnap,+08:00,2,4,,,true,Drainage,Matched
128346,200729,4,18.2649346,121.6862319,2026-03-11 11:11:15.519 +0900,0.0,653,358,,2026-03-11 12:25:29.156 +0900,2026-08-07 11:05:54.298 +0900,"1773199528952-upload_8065425342454558358.jpg",,Changed the lot number from 685-CD2 to 685-C,9,false,,FieldSnap,+08:00,2,4,,,true,Drainage,Matched
128348,202464,4,18.2649346,121.6862319,2026-03-11 11:09:15.059 +0900,0.0,653,358,,2026-03-11 12:25:30.077 +0900,2026-08-07 11:05:54.298 +0900,"1773199529890-upload_6603562712278866630.jpg",,,9,false,,FieldSnap,+08:00,2,4,,,true,Drainage,Matched
128362,204405,4,18.2649346,121.6862319,2026-03-11 10:50:43.358 +0900,0.0,653,358,,2026-03-11 12:25:51.161 +0900,2026-08-07 11:05:54.298 +0900,"1773199550999-upload_6971098945034297410.jpg",,,9,false,,FieldSnap,+08:00,2,4,,,true,Drainage,Matched
128360,202414,4,18.2649346,121.6862319,2026-03-11 10:52:40.352 +0900,0.0,653,358,,2026-03-11 12:25:45.499 +0900,2026-08-07 11:05:54.298 +0900,"1773199545336-upload_3010054226105673760.jpg",,,9,false,,FieldSnap,+08:00,2,4,,,true,Drainage,Matched
128358,200747,4,18.2649346,121.6862319,2026-03-11 11:00:17.657 +0900,0.0,653,358,,2026-03-11 12:25:42.992 +0900,2026-08-07 11:05:54.298 +0900,"1773199542841-upload_155580056171060476.jpg",,,9,false,,FieldSnap,+08:00,2,4,,,true,Drainage,Matched
128351,204459,4,18.2649346,121.6862319,2026-03-11 11:02:46.390 +0900,0.0,653,358,,2026-03-11 12:25:34.268 +0900,2026-08-07 11:05:54.298 +0900,"1773199534117-upload_3968375281909107966.jpg",,,9,false,,FieldSnap,+08:00,2,4,,,true,Drainage,Matched
128347,201595,4,18.2649346,121.6862319,2026-03-11 11:10:22.609 +0900,0.0,653,358,,2026-03-11 12:25:29.820 +0900,2026-08-07 11:05:54.298 +0900,"1773199529676-upload_1584464798625621519.jpg",,,9,false,,FieldSnap,+08:00,2,4,,,true,Drainage,Matched
128361,204668,4,18.2649346,121.6862319,2026-03-11 10:51:28.663 +0900,0.0,653,358,,2026-03-11 12:25:47.279 +0900,2026-08-07 11:05:54.298 +0900,"1773199547062-upload_4223266714618285516.jpg",,,9,false,,FieldSnap,+08:00,2,4,,,true,Drainage,Matched
128355,202457,4,18.2649346,121.6862319,2026-03-11 11:01:06.095 +0900,0.0,653,358,,2026-03-11 12:25:35.908 +0900,2026-08-07 11:05:54.298 +0900,"1773199535762-upload_1719226735482701392.jpg",,Changed the lot number from 2393-D2 to 2398D2. Mistakenly wrote 8 as 3,9,false,,FieldSnap,+08:00,2,4,,,true,Drainage,Matched
128349,202309,4,18.2649346,121.6862319,2026-03-11 11:07:48.994 +0900,0.0,653,358,,2026-03-11 12:25:31.195 +0900,2026-08-07 11:05:54.298 +0900,"1773199531024-upload_5386061667106039967.jpg",,Changed the lot number from 2431-C to 2431-B.,9,false,,FieldSnap,+08:00,2,4,,,true,Drainage,Matched
128364,201700,4,18.2649346,121.6862319,2026-03-11 10:47:01.903 +0900,0.0,653,358,,2026-03-11 12:26:03.219 +0900,2026-08-07 11:05:54.298 +0900,"1773199563034-upload_1804213199402515591.jpg",,,9,false,,FieldSnap,+08:00,2,4,,,true,Drainage,Matched
128365,202263,4,18.2649346,121.6862319,2026-03-11 10:50:07.226 +0900,0.0,653,358,,2026-03-11 12:26:06.428 +0900,2026-08-07 11:05:54.298 +0900,"1773199566224-upload_1050021390030808332.jpg",,,9,false,,FieldSnap,+08:00,2,4,,,true,Drainage,Matched
128367,202265,4,18.2649346,121.6862319,2026-03-11 10:45:47.727 +0900,0.0,653,358,,2026-03-11 12:26:16.743 +0900,2026-08-07 11:05:54.298 +0900,"1773199576544-upload_591406777653976669.jpg",,,9,false,,FieldSnap,+08:00,2,4,,,true,Drainage,Matched
128382,200315,4,18.2635534,121.6865882,2026-03-11 10:26:15.048 +0900,0.0,653,358,,2026-03-11 12:27:00.484 +0900,2026-08-07 11:05:54.298 +0900,"1773199620316-upload_6797563286864133326.jpg",,,9,false,,FieldSnap,+08:00,2,4,,,true,Drainage,Matched
128377,202898,4,18.2649346,121.6862319,2026-03-11 10:34:11.020 +0900,0.0,653,358,,2026-03-11 12:26:55.521 +0900,2026-08-07 11:05:54.298 +0900,"1773199615373-upload_2897626554557161242.jpg",,,9,false,,FieldSnap,+08:00,2,4,,,true,Drainage,Matched
128375,204453,4,18.2649346,121.6862319,2026-03-11 10:34:57.764 +0900,0.0,653,358,,2026-03-11 12:26:53.814 +0900,2026-08-07 11:05:54.298 +0900,"1773199613645-upload_8988807436850115990.jpg",,,9,false,,FieldSnap,+08:00,2,4,,,true,Drainage,Matched
128371,201602,4,18.2649346,121.6862319,2026-03-11 10:38:42.339 +0900,0.0,653,358,,2026-03-11 12:26:51.221 +0900,2026-08-07 11:05:54.298 +0900,"1773199611062-upload_8952518258805431005.jpg",,,9,false,,FieldSnap,+08:00,2,4,,,true,Drainage,Matched
128372,202412,4,18.2649346,121.6862319,2026-03-11 10:40:12.261 +0900,0.0,653,358,,2026-03-11 12:26:51.541 +0900,2026-08-07 11:05:54.298 +0900,"1773199611355-upload_8121133155986680866.jpg",,,9,false,,FieldSnap,+08:00,2,4,,,true,Drainage,Matched
128369,202232,4,18.2649346,121.6862319,2026-03-11 10:43:35.594 +0900,0.0,653,358,,2026-03-11 12:26:50.213 +0900,2026-08-07 11:05:54.298 +0900,"1773199610067-upload_1853076029675972858.jpg",,,9,false,,FieldSnap,+08:00,2,4,,,true,Drainage,Matched
128376,202209,4,18.2649346,121.6862319,2026-03-11 10:35:44.835 +0900,0.0,653,358,,2026-03-11 12:26:54.248 +0900,2026-08-07 11:05:54.298 +0900,"1773199614081-upload_3838957620798487564.jpg",,Changed the lot number from 1488-ED2 to 1488-E1,9,false,,FieldSnap,+08:00,2,4,,,true,Drainage,Matched
128387,201675,4,18.2669737,121.6858755,2026-03-11 10:23:09.679 +0900,0.0,653,358,,2026-03-11 12:27:03.320 +0900,2026-08-07 11:05:54.298 +0900,"1773199623172-upload_1468375922746771772.jpg",,,9,false,,FieldSnap,+08:00,2,4,,,true,Drainage,Matched
128385,202259,4,18.2635534,121.6865882,2026-03-11 10:25:41.677 +0900,0.0,653,358,,2026-03-11 12:27:02.871 +0900,2026-08-07 11:05:54.298 +0900,"1773199622725-upload_1754650192772586247.jpg",,,9,false,,FieldSnap,+08:00,2,4,,,true,Drainage,Matched
128384,201640,4,18.2635534,121.6865882,2026-03-11 10:29:52.364 +0900,0.0,653,358,,2026-03-11 12:27:01.777 +0900,2026-08-07 11:05:54.298 +0900,"1773199621623-upload_6062275420622090284.jpg",,,9,false,,FieldSnap,+08:00,2,4,,,true,Drainage,Matched
129201,201689,4,18.2669737,121.6858755,2026-03-13 10:32:33.899 +0900,0.0,653,358,,2026-03-13 11:36:01.571 +0900,2026-08-07 11:05:54.298 +0900,"1773369361196-upload_3834208873920992466.jpg",,,9,false,,FieldSnap,+08:00,2,4,,,true,Drainage,Matched
130719,202449,4,18.2540199,121.6919333,2026-03-16 10:43:18.001 +0900,0.0,653,358,,2026-03-16 12:10:06.135 +0900,2026-08-07 11:05:54.298 +0900,"1773630605237-upload_7747535974916315653.jpg",,,9,false,,FieldSnap,+08:00,2,4,,,true,Drainage,Matched
130720,201670,4,18.2540199,121.6919333,2026-03-16 10:33:52.550 +0900,0.0,653,358,,2026-03-16 12:10:06.288 +0900,2026-08-07 11:05:54.298 +0900,"1773630605492-upload_1308711276300865315.jpg",,,9,false,,FieldSnap,+08:00,2,4,,,true,Drainage,Matched
130717,200735,4,18.2540199,121.6919333,2026-03-16 10:44:49.541 +0900,0.0,653,358,,2026-03-16 12:10:05.771 +0900,2026-08-07 11:05:54.298 +0900,"1773630605580-upload_3117412022490087166.jpg",,,9,false,,FieldSnap,+08:00,2,4,,,true,Drainage,Matched
130718,201619,4,18.2540199,121.6919333,2026-03-16 10:47:36.339 +0900,0.0,653,358,,2026-03-16 12:10:05.794 +0900,2026-08-07 11:05:54.298 +0900,"1773630605599-upload_6803077033703593510.jpg",,,9,false,,FieldSnap,+08:00,2,4,,,true,Drainage,Matched
130722,201663,4,18.2540199,121.6919333,2026-03-16 10:48:44.856 +0900,0.0,653,358,,2026-03-16 12:10:08.577 +0900,2026-08-07 11:05:54.298 +0900,"1773630608388-upload_643714188449928268.jpg",,,9,false,,FieldSnap,+08:00,2,4,,,true,Drainage,Matched
130721,201698,4,18.2540199,121.6919333,2026-03-16 10:36:26.657 +0900,0.0,653,358,,2026-03-16 12:10:06.645 +0900,2026-08-07 11:05:54.298 +0900,"1773630605949-upload_7397427667270324994.jpg",,,9,false,,FieldSnap,+08:00,2,4,,,true,Drainage,Matched
128529,,5,18.2669737,121.6858755,2026-03-11 17:07:30.721 +0900,16.0,653,358,,2026-03-11 19:23:47.927 +0900,2026-06-30 16:27:06.394 +0900,"1773224627138-upload_7517165707096777476.jpg","2367-B",,9,false,,FieldSnap,+08:00,3,3,,,false,Flooding,Pending Match
128538,,5,18.2649346,121.6862319,2026-03-11 16:58:06.679 +0900,16.0,653,358,,2026-03-11 19:23:59.997 +0900,2026-06-30 16:27:06.394 +0900,"1773224639821-upload_6302676775997390661.jpg","1547-A",,9,false,,FieldSnap,+08:00,3,3,,,false,Flooding,Pending Match
128533,,5,18.2669737,121.6858755,2026-03-11 17:05:34.613 +0900,18.0,653,358,,2026-03-11 19:23:53.821 +0900,2026-06-30 16:27:06.394 +0900,"1773224633648-upload_4676904245388323649.jpg","1883-2",,9,false,,FieldSnap,+08:00,3,3,,,false,Flooding,Pending Match
127306,,5,18.2587538,121.689439,2026-03-09 11:56:27.646 +0900,16.0,653,358,,2026-03-09 12:43:17.021 +0900,2026-06-30 16:27:06.394 +0900,"1773027796490-upload_3017455120419137094.jpg","1531-AB",,9,false,,FieldSnap,+08:00,3,3,,,false,Flooding,Pending Match
127309,,5,18.2587538,121.689439,2026-03-09 11:57:58.999 +0900,17.0,653,358,,2026-03-09 12:43:24.125 +0900,2026-06-30 16:27:06.394 +0900,"1773027803945-upload_2154362170209845600.jpg","1538D2",,9,false,,FieldSnap,+08:00,3,3,,,false,Flooding,Pending Match
127577,,5,18.2635534,121.6865882,2026-03-09 16:38:17.756 +0900,18.0,653,358,,2026-03-09 18:06:17.371 +0900,2026-06-30 16:27:06.394 +0900,"1773047177091-upload_4224861621145347931.jpg","1542-A",,9,false,,FieldSnap,+08:00,3,3,,,false,Flooding,Pending Match
127597,,5,18.2635534,121.6865882,2026-03-09 17:03:36.826 +0900,18.0,653,358,,2026-03-09 18:06:58.815 +0900,2026-06-30 16:27:06.394 +0900,"1773047218636-upload_786306038041334869.jpg","2363D2",,9,false,,FieldSnap,+08:00,3,3,,,false,Flooding,Pending Match
128527,202308,5,18.2669737,121.6858755,2026-03-11 17:10:07.927 +0900,16.0,653,358,,2026-03-11 19:23:47.275 +0900,2026-08-07 11:05:54.298 +0900,"1773224627088-upload_7004521955497395077.jpg",,,9,false,,FieldSnap,+08:00,3,4,,,true,Flooding,Matched
128535,201700,5,18.2649346,121.6862319,2026-03-11 17:00:14.029 +0900,15.0,653,358,,2026-03-11 19:23:57.663 +0900,2026-08-07 11:05:54.298 +0900,"1773224637499-upload_42263828032264026.jpg",,,9,false,,FieldSnap,+08:00,3,4,,,true,Flooding,Matched
128534,202263,5,18.2649346,121.6862319,2026-03-11 17:00:46.261 +0900,15.0,653,358,,2026-03-11 19:23:53.829 +0900,2026-08-07 11:05:54.298 +0900,"1773224633654-upload_8052941337977154335.jpg",,,9,false,,FieldSnap,+08:00,3,4,,,true,Flooding,Matched
128536,202414,5,18.2669737,121.6858755,2026-03-11 17:04:57.389 +0900,17.0,653,358,,2026-03-11 19:23:59.025 +0900,2026-08-07 11:05:54.298 +0900,"1773224638798-upload_6155450499141537659.jpg",,,9,false,,FieldSnap,+08:00,3,4,,,true,Flooding,Matched
128537,204474,5,18.2649346,121.6862319,2026-03-11 16:56:50.870 +0900,13.0,653,358,,2026-03-11 19:23:59.902 +0900,2026-08-07 11:05:54.298 +0900,"1773224639721-upload_8716627903345269278.jpg",,Changed the lot number from 1516D2 to 1516,9,false,,FieldSnap,+08:00,36,4,,,true,Saturated,Matched
127891,204581,5,18.2669737,121.6858755,2026-03-10 10:11:45.617 +0900,17.0,653,358,,2026-03-10 11:46:57.250 +0900,2026-08-07 11:05:54.298 +0900,"1773110816941-upload_4964588424113803441.jpg",,Changed the lot number from 1452-2 to 1452-A,9,false,,FieldSnap,+08:00,3,4,,,true,Flooding,Matched
128524,202457,5,18.2669737,121.6858755,2026-03-11 17:08:08.078 +0900,17.0,653,358,,2026-03-11 19:23:42.006 +0900,2026-08-07 11:05:54.298 +0900,"1773224621211-upload_2462768536910539398.jpg",,Changed the lot number from 2393-D2 to 2398D2. Mistakenly wrote 8 as 3,9,false,,FieldSnap,+08:00,3,4,,,true,Flooding,Matched
128532,204668,5,18.2669737,121.6858755,2026-03-11 17:02:27.232 +0900,19.0,653,358,,2026-03-11 19:23:53.427 +0900,2026-08-07 11:05:54.298 +0900,"1773224633232-upload_5988743251769432036.jpg",,,9,false,,FieldSnap,+08:00,3,4,,,true,Flooding,Matched
128528,202310,5,18.2669737,121.6858755,2026-03-11 17:10:52.972 +0900,17.0,653,358,,2026-03-11 19:23:47.321 +0900,2026-08-07 11:05:54.298 +0900,"1773224627137-upload_6998671750199852495.jpg",,,9,false,,FieldSnap,+08:00,3,4,,,true,Flooding,Matched
128526,200729,5,18.2669737,121.6858755,2026-03-11 17:13:38.088 +0900,16.0,653,358,,2026-03-11 19:23:46.335 +0900,2026-08-07 11:05:54.298 +0900,"1773224626049-upload_4207653627670493393.jpg",,Changed the lot number from 685-CD2 to 685-C,9,false,,FieldSnap,+08:00,3,4,,,true,Flooding,Matched
131031,202449,5,18.2587538,121.689439,2026-03-16 16:47:22.371 +0900,17.0,653,358,,2026-03-16 17:34:13.563 +0900,2026-08-07 11:05:54.298 +0900,"1773650053315-upload_5376807363209265901.jpg",,,9,false,,FieldSnap,+08:00,3,4,,,true,Flooding,Matched
131032,201619,5,18.2587538,121.689439,2026-03-16 16:50:11.220 +0900,16.0,653,358,,2026-03-16 17:34:13.918 +0900,2026-08-07 11:05:54.298 +0900,"1773650053414-upload_124234889371355154.jpg",,,9,false,,FieldSnap,+08:00,3,4,,,true,Flooding,Matched
131033,204411,5,18.255287,121.6906485,2026-03-16 16:35:56.887 +0900,15.0,653,358,,2026-03-16 17:34:14.509 +0900,2026-08-07 11:05:54.298 +0900,"1773650054318-upload_2580412972852992221.jpg",,Changed the lot number from 1645-BD2 to 1645-B,9,false,,FieldSnap,+08:00,3,4,,,true,Flooding,Matched
127312,202246,5,18.2587538,121.689439,2026-03-09 11:47:05.726 +0900,18.0,653,358,,2026-03-09 12:43:26.828 +0900,2026-08-07 11:05:54.298 +0900,"1773027806661-upload_2443747890830769265.jpg",,,9,false,,FieldSnap,+08:00,3,4,,,true,Flooding,Matched
127311,202212,5,18.2587538,121.689439,2026-03-09 11:55:13.171 +0900,15.0,653,358,,2026-03-09 12:43:24.688 +0900,2026-08-07 11:05:54.298 +0900,"1773027804517-upload_4986199531651809472.jpg",,,9,false,,FieldSnap,+08:00,3,4,,,true,Flooding,Matched
127307,204456,5,18.2587538,121.689439,2026-03-09 11:51:47.583 +0900,17.0,653,358,,2026-03-09 12:43:23.430 +0900,2026-08-07 11:05:54.298 +0900,"1773027803272-upload_1975950623682433974.jpg",,Changed the lot number from 1455-D2 to 1455-A,9,false,,FieldSnap,+08:00,3,4,,,true,Flooding,Matched
127310,202205,5,18.2587538,121.689439,2026-03-09 11:48:35.540 +0900,15.0,653,358,,2026-03-09 12:43:24.305 +0900,2026-08-07 11:05:54.298 +0900,"1773027804113-upload_3338112050008389374.jpg",,,9,false,,FieldSnap,+08:00,3,4,,,true,Flooding,Matched
127308,202337,5,18.2587538,121.689439,2026-03-09 11:53:31.308 +0900,18.0,653,358,,2026-03-09 12:43:23.595 +0900,2026-08-07 11:05:54.298 +0900,"1773027803096-upload_8325528277108447581.jpg",,Changed the lot number from 1466D2 to 1466,9,false,,FieldSnap,+08:00,3,4,,,true,Flooding,Matched
127572,206170,5,18.2635534,121.6865882,2026-03-09 17:04:17.452 +0900,17.0,653,358,,2026-03-09 18:06:04.357 +0900,2026-08-07 11:05:54.298 +0900,"1773047164181-upload_5606787397629126094.jpg",,,9,false,,FieldSnap,+08:00,3,4,,,true,Flooding,Matched
127560,200748,5,18.2685481,121.6808864,2026-03-09 17:27:04.876 +0900,18.0,653,358,,2026-03-09 18:05:50.828 +0900,2026-08-07 11:05:54.298 +0900,"1773047150205-upload_6681839957359649420.jpg",,,9,false,,FieldSnap,+08:00,3,4,,,true,Flooding,Matched
127562,201634,5,18.2685481,121.6808864,2026-03-09 17:23:55.857 +0900,18.0,653,358,,2026-03-09 18:05:51.048 +0900,2026-08-07 11:05:54.298 +0900,"1773047150151-upload_9124560140860328405.jpg",,,9,false,,FieldSnap,+08:00,3,4,,,true,Flooding,Matched
127595,204438,5,18.2635534,121.6865882,2026-03-09 17:08:12.542 +0900,15.0,653,358,,2026-03-09 18:06:53.819 +0900,2026-08-07 11:05:54.298 +0900,"1773047213621-upload_2085794375374678498.jpg",,,9,false,,FieldSnap,+08:00,3,4,,,true,Flooding,Matched
127590,200764,5,18.2635534,121.6865882,2026-03-09 17:07:28.278 +0900,15.0,653,358,,2026-03-09 18:06:51.280 +0900,2026-08-07 11:05:54.298 +0900,"1773047211096-upload_3170642230487798709.jpg",,,9,false,,FieldSnap,+08:00,3,4,,,true,Flooding,Matched
127598,202199,5,18.2635534,121.6865882,2026-03-09 17:00:23.390 +0900,15.0,653,358,,2026-03-09 18:06:59.412 +0900,2026-08-07 11:05:54.298 +0900,"1773047219244-upload_8646300178215188817.jpg",,,9,false,,FieldSnap,+08:00,3,4,,,true,Flooding,Matched
127573,202240,5,18.2635534,121.6865882,2026-03-09 16:59:44.253 +0900,15.0,653,358,,2026-03-09 18:06:04.837 +0900,2026-08-07 11:05:54.298 +0900,"1773047164648-upload_3189584277727307657.jpg",,,9,false,,FieldSnap,+08:00,3,4,,,true,Flooding,Matched
127600,204421,5,18.2635534,121.6865882,2026-03-09 16:56:54.231 +0900,16.0,653,358,,2026-03-09 18:07:00.078 +0900,2026-08-07 11:05:54.298 +0900,"1773047219881-upload_2866986063497546308.jpg","2000-A",,9,false,,FieldSnap,+08:00,3,4,,,true,Flooding,Matched
127607,201643,5,18.2635534,121.6865882,2026-03-09 16:46:24.649 +0900,17.0,653,358,,2026-03-09 18:07:08.693 +0900,2026-08-07 11:05:54.298 +0900,"1773047228512-upload_1640773606885339116.jpg",,,9,false,,FieldSnap,+08:00,3,4,,,true,Flooding,Matched
127611,204764,5,18.2635534,121.6865882,2026-03-09 16:39:14.058 +0900,15.0,653,358,,2026-03-09 18:07:09.606 +0900,2026-08-07 11:05:54.298 +0900,"1773047229431-upload_1583227188609120708.jpg",,,9,false,,FieldSnap,+08:00,3,4,,,true,Flooding,Matched
127594,202225,5,18.2685481,121.6808864,2026-03-09 17:27:43.421 +0900,17.0,653,358,,2026-03-09 18:06:53.479 +0900,2026-08-07 11:05:54.298 +0900,"1773047213259-upload_4440231869164679663.jpg",,,9,false,,FieldSnap,+08:00,3,4,,,true,Flooding,Matched
127559,201632,5,18.2685481,121.6808864,2026-03-09 17:23:14.180 +0900,18.0,653,358,,2026-03-09 18:05:50.810 +0900,2026-08-07 11:05:54.298 +0900,"1773047150179-upload_6122407969336041423.jpg",,,9,false,,FieldSnap,+08:00,3,4,,,true,Flooding,Matched
127561,202892,5,18.2635534,121.6865882,2026-03-09 17:13:17.730 +0900,15.0,653,358,,2026-03-09 18:05:50.983 +0900,2026-08-07 11:05:54.298 +0900,"1773047150197-upload_911167920743007396.jpg",,,9,false,,FieldSnap,+08:00,3,4,,,true,Flooding,Matched
127603,204418,5,18.2635534,121.6865882,2026-03-09 16:56:18.698 +0900,17.0,653,358,,2026-03-09 18:07:01.511 +0900,2026-08-07 11:05:54.298 +0900,"1773047221342-upload_6326719622781508578.jpg",,,9,false,,FieldSnap,+08:00,3,4,,,true,Flooding,Matched
127602,204431,5,18.2635534,121.6865882,2026-03-09 16:53:53.476 +0900,17.0,653,358,,2026-03-09 18:07:00.847 +0900,2026-08-07 11:05:54.298 +0900,"1773047220674-upload_2416839595310048249.jpg",,,9,false,,FieldSnap,+08:00,3,4,,,true,Flooding,Matched
129203,201614,5,18.2669737,121.6858755,2026-03-13 10:19:43.234 +0900,16.0,653,358,,2026-03-13 11:36:01.898 +0900,2026-08-07 11:05:54.298 +0900,"1773369361737-upload_4435475653865168403.jpg",,,9,false,,FieldSnap,+08:00,3,4,,,true,Flooding,Matched
129200,202447,5,18.2669737,121.6858755,2026-03-13 10:25:30.420 +0900,17.0,653,358,,2026-03-13 11:36:01.067 +0900,2026-08-07 11:05:54.298 +0900,"1773369360864-upload_4052756781090513323.jpg",,,9,false,,FieldSnap,+08:00,3,4,,,true,Flooding,Matched
127570,204428,5,18.2635534,121.6865882,2026-03-09 16:52:53.457 +0900,18.0,653,358,,2026-03-09 18:06:03.198 +0900,2026-08-07 11:05:54.298 +0900,"1773047163027-upload_1817605039991445815.jpg",,,9,false,,FieldSnap,+08:00,3,4,,,true,Flooding,Matched
127581,204429,5,18.2635534,121.6865882,2026-03-09 16:43:41.317 +0900,15.0,653,358,,2026-03-09 18:06:19.891 +0900,2026-08-07 11:05:54.298 +0900,"1773047179729-upload_4253448498299520309.jpg",,Changed the lot number from 1545-AB to 1545-A,9,false,,FieldSnap,+08:00,3,4,,,true,Flooding,Matched
127566,202351,5,18.2635534,121.6865882,2026-03-09 17:12:17.201 +0900,18.0,653,358,,2026-03-09 18:05:54.258 +0900,2026-08-07 11:05:54.298 +0900,"1773047154065-upload_3821897081421504744.jpg",,Changed the lot number from 2394D2 to 2394,9,false,,FieldSnap,+08:00,3,4,,,true,Flooding,Matched
128530,204462,5,18.2669737,121.6858755,2026-03-11 17:14:16.850 +0900,15.0,653,358,,2026-03-11 19:23:51.494 +0900,2026-08-07 11:05:54.298 +0900,"1773224631297-upload_5687558178137650940.jpg",,Changed the lot number from 652-AD2 to 652-A,9,false,,FieldSnap,+08:00,3,4,,,true,Flooding,Matched
127579,202235,5,18.2635534,121.6865882,2026-03-09 16:47:03.742 +0900,16.0,653,358,,2026-03-09 18:06:18.528 +0900,2026-08-07 11:05:54.298 +0900,"1773047178364-upload_7238931132162042169.jpg",,changed the lot number from 1650-D2 into 1650-1,9,false,,FieldSnap,+08:00,3,4,,,true,Flooding,Matched
125973,201675,2,18.2590827,121.689439,2026-03-06 17:11:46.483 +0900,,416,358,,2026-03-06 19:30:33.169 +0900,2026-08-07 11:05:54.298 +0900,"1772793033005-upload_7653857807432412705.jpg",,,9,true,2026-03-08 04:18:42.000 +0900,FieldSnap,+08:00,2,4,,,true,Drainage,Matched
77672,,1,18.2542298,121.6877823,2026-01-14 12:17:42.782 +0900,,442,358,,2026-01-14 16:27:00.471 +0900,2026-06-30 16:26:55.513 +0900,"1768375620288-upload_6064723035780980169.jpg","1812",Duplicate,9,true,2026-03-09 17:47:26.000 +0900,FieldSnap,+08:00,1,3,,,false,Installation,Pending Match
130755,,0,18.2614506,121.6890826,2026-03-16 10:35:44.172 +0900,0.0,610,358,,2026-03-16 12:31:40.514 +0900,2026-06-30 16:26:55.513 +0900,"1773631900285-upload_7971166063281951671.jpg","324",Not existing lot number,9,true,2026-03-17 17:45:37.000 +0900,FieldSnap,+08:00,2,3,,,false,Drainage,Pending Match
126213,202232,2,18.2598715,121.6887263,2026-03-06 16:27:35.751 +0900,0.0,610,358,,2026-03-07 09:50:35.862 +0900,2026-08-07 11:05:54.298 +0900,"1772844635542-upload_4694122388674596757.jpg",,,9,true,2026-03-07 18:19:07.000 +0900,FieldSnap,+08:00,2,4,,,true,Drainage,Matched
