"field_id","participant_id","unique_name","group_id","geojson","tenurial_status","field_area_self_reported_sqm","field_area_from_geojson_sqm","created_at","updated_at","region_id","area_id","is_validated","validation_sheet_index","lease_expiration_date","is_deleted","deleted_at","physical_field_id","irrisystem","ia","tsag","physical_field_id","season_name"
"204395","41131","1210-AB","7689","MULTIPOLYGON (((121.69185136747363 18.261917400584856, 121.6912967338519 18.262493234631272, 121.69249668274445 18.26307884165617, 121.69253871329141 18.26314726965115, 121.69253558445591 18.263230929925435, 121.69256506728382 18.263304053979688, 121.69386958264629 18.263712244981537, 121.69409808841311 18.26310651476539, 121.69274475347065 18.262701578338607, 121.69288911216698 18.262263385239937, 121.69185136747363 18.261917400584856)))","TENANT","22835","22842","2026-02-16 11:02:33.814 +0900","2026-05-20 18:01:15.007 +0900","344","4","false","","","false","","334","MAGAPIT PUMP IRRIGATION SYSTEM","CAMAL","LAT.E-5","334","Dry Crop 2026"
"202251","40128","1213-A","7689","MULTIPOLYGON (((121.69417451673749 18.26493368819625, 121.69440398411527 18.265036270040785, 121.69446018134362 18.26505099897337, 121.69477040908579 18.264560589137698, 121.69506514774316 18.26413469005304, 121.69402276072597 18.263809524563605, 121.69386423222346 18.264260323488045, 121.69403024016879 18.264315252104623, 121.69388584993918 18.26471593850251, 121.69370866128601 18.264650174331685, 121.69366775525343 18.264765853917527, 121.69417451673749 18.26493368819625)))","LANDHOLDER","10701","10705","2026-01-20 12:26:39.481 +0900","2026-05-20 18:01:15.007 +0900","344","4","false","","","false","","202","MAGAPIT PUMP IRRIGATION SYSTEM","CAMAL","LAT.E-5","202","Dry Crop 2026"
"200769","39316","1213-B","7689","MULTIPOLYGON (((121.69362030771185 18.26475237995888, 121.6939707151783 18.263825307909073, 121.69396847202681 18.263790624468722, 121.69394487799869 18.26376655435595, 121.69327697024573 18.263563548735654, 121.69314204550889 18.26391506126856, 121.69305418966917 18.264131113112768, 121.69290960142096 18.264499469373295, 121.69362030771185 18.26475237995888)))","TENANT","8927","8930","2025-12-15 15:46:26.401 +0900","2026-05-20 18:01:15.007 +0900","344","4","false","","","false","","29","MAGAPIT PUMP IRRIGATION SYSTEM","CAMAL","LAT.E-5","29","Dry Crop 2026"
"204488","40187","1228","7686","MULTIPOLYGON (((121.70575353597114 18.24674029120369, 121.70578720598313 18.246783503737262, 121.70579687432195 18.246815107614623, 121.70580417104225 18.24686982371684, 121.7058025805346 18.246936043877866, 121.70581126541867 18.24695187184299, 121.7058254746672 18.246964583293288, 121.70584414698963 18.246968914633015, 121.70585514902058 18.246968988992702, 121.70587723868685 18.246957574161176, 121.70590702198919 18.246947262608217, 121.70594882970292 18.2469475451576, 121.70597959647934 18.246953009504896, 121.70602573497615 18.246962782864472, 121.70612665021885 18.247004464894825, 121.70618045126236 18.24701954641826, 121.70625849569683 18.247029535309462, 121.7063376870229 18.24703322421114, 121.70639605227416 18.247026259537773, 121.7065282867356 18.2469987681707, 121.70667946571899 18.246938814847063, 121.70680084580644 18.246891275562298, 121.70685715834428 18.246864322472472, 121.70689140460267 18.246845630624858, 121.70690807093919 18.2468236661976, 121.7069192751382 18.24679640845898, 121.7069204686509 18.24678380110257, 121.70691986610215 18.24671651481304, 121.70691341263156 18.246696496823066, 121.70691016645713 18.246689115908477, 121.70690468099994 18.2466869762952, 121.70688589980962 18.246697362309508, 121.70675224656638 18.24676794702826, 121.70666505060655 18.2468052043376, 121.70661323220548 18.246819572312, 121.70654493409289 18.24683067509766, 121.70650201063793 18.246832487711995, 121.70648113790419 18.24682814157171, 121.70646802103887 18.24681648883196, 121.70643975804124 18.246770041381485, 121.70643442816346 18.24674687711532, 121.70643453706596 18.246732159867552, 121.70645011102229 18.24670913681833, 121.70648336598411 18.2466757203637, 121.70655964545472 18.246626825265214, 121.70654770657926 18.246604667642604, 121.70575353597114 18.24674029120369)))","TENANT","3325","3326","2026-02-26 09:26:11.560 +0900","2026-05-20 18:01:15.007 +0900","344","4","false","","","false","","409","MAGAPIT PUMP IRRIGATION SYSTEM","CAMAL","LAT.E-1","409","Dry Crop 2026"
"204400","41135","1255","7692","MULTIPOLYGON (((121.6874610475655 18.281648031184258, 121.68672103323817 18.281308122994048, 121.68605804577795 18.280995224912452, 121.68581131761358 18.28154684268038, 121.68645573070495 18.281828401491683, 121.68724537715397 18.282151626587947, 121.6874610475655 18.281648031184258)))","TENANT","10503","10506","2026-02-16 11:19:51.595 +0900","2026-05-20 18:01:15.007 +0900","344","4","false","","","false","","338","MAGAPIT PUMP IRRIGATION SYSTEM","CAMAL","LAT.E1-1","338","Dry Crop 2026"
"202873","40359","1268","7686","MULTIPOLYGON (((361984.22289778804 2018290.3031668158, 361954.01836889423 2018310.017500046, 361939.187402611 2018322.497215577, 361938.6448062836 2018324.125004559, 361939.549133496 2018326.2953898688, 361947.507212965 2018335.1577965503, 361951.667118142 2018343.1158760192, 361954.01836889423 2018344.3819341166, 361959.0826012836 2018346.733184869, 361964.146833673 2018350.7122246034, 361968.48760429246 2018355.4147261078, 361973.9135675668 2018367.5327107538, 361974.99876022164 2018369.522230621, 361977.16914553137 2018370.969154161, 361982.59510880575 2018371.8734813733, 362017.32127376157 2018378.7463681875, 362077.00686977926 2018321.5928883646, 362076.82600433676 2018320.5076957096, 362067.2401358854 2018310.017500046, 362060.36724907125 2018306.9427875238, 362058.0159983191 2018308.2088456212, 362053.49436225713 2018317.4329831875, 362052.22830415977 2018319.2416376122, 362047.3449372129 2018322.6780810193, 362035.5886834518 2018325.933658984, 362027.8114694253 2018329.0083715061, 362023.4706988058 2018332.0830840282, 362019.4916590713 2018333.530007568, 362016.2360811067 2018332.8065457982, 362004.11809646065 2018319.965099382, 361993.80876623944 2018304.9532676565, 361984.22289778804 2018290.3031668158)))","TENANT","5402","5834","2026-02-05 09:19:02.343 +0900","2026-07-08 14:59:05.119 +0900","344","4","false","","","false","","310","MAGAPIT PUMP IRRIGATION SYSTEM","CAMAL","LAT.E-1","310","Dry Crop 2026"
"204589","40229","1269-A","7686","MULTIPOLYGON (((362106.6688023454 2018375.2194920585, 362110.91914024425 2018370.9691541614, 362110.3765439168 2018369.8839615064, 362085.2362474122 2018357.0425150904, 362085.0553819697 2018355.9573224357, 362080.3528804653 2018322.858946462, 362079.62941869535 2018321.773753807, 362077.00686977926 2018321.5928883646, 362017.32127376157 2018378.7463681875, 362018.3160336949 2018380.7358880553, 362023.01853519934 2018386.5235822145, 362023.56113152683 2018389.7791601792, 362019.94382267725 2018393.7581999137, 362027.54017126135 2018401.3545484978, 362029.52969112864 2018400.4502212855, 362056.38820933655 2018431.1069137843, 362082.9754293808 2018401.9875775452, 362106.6688023454 2018375.2194920585)))","LANDHOLDER","158","4852","2026-03-11 09:56:44.689 +0900","2026-07-08 14:59:05.119 +0900","344","4","false","","","false","","415","MAGAPIT PUMP IRRIGATION SYSTEM","CAMAL","LAT.E-1","415","Dry Crop 2026"
"202233","40116","1269-B","7686","MULTIPOLYGON (((121.69566945587843 18.25034970682087, 121.69544357800669 18.25059005782877, 121.69519017319125 18.25085146801333, 121.69522583707814 18.250886033315307, 121.69524630185491 18.250894344751696, 121.69527715153197 18.250886383041227, 121.69530289416204 18.25087511773665, 121.69532172166127 18.25087361165451, 121.69537303611345 18.25087396135451, 121.69539017752979 18.250869174991205, 121.69544182135688 18.250825398329543, 121.69545208424488 18.25082546826403, 121.69547083854575 18.250833768020975, 121.69548794336013 18.250833884575595, 121.69551209747311 18.250806264495502, 121.69579911376128 18.25062516805561, 121.69577064539828 18.250543254497867, 121.69574234780325 18.250438460607068, 121.69566945587843 18.25034970682087)))","TENANT","4068","1578","2026-01-20 12:03:08.499 +0900","2026-05-20 18:01:15.007 +0900","344","4","false","","","false","","185","MAGAPIT PUMP IRRIGATION SYSTEM","CAMAL","LAT.E-1","185","Dry Crop 2026"
"201663","39817","1271","7686","MULTIPOLYGON (((121.69672483766746 18.251233137243094, 121.69679222279348 18.251055712227966, 121.69680869339754 18.25099461703726, 121.6968051034324 18.2509391234734, 121.69679131918188 18.25090842598436, 121.69676939947158 18.250894887669517, 121.69671758148151 18.250863931260504, 121.69664615938898 18.250777372249704, 121.6965705055924 18.250721388058636, 121.69654456811041 18.250709735093796, 121.69649453801735 18.250707481727236, 121.69633036399932 18.25071018928583, 121.69628416625423 18.250730914699858, 121.6961934728738 18.25081254437546, 121.69595998257529 18.250983099587955, 121.69588554575972 18.25103232345954, 121.69580721952921 18.251066218980124, 121.6957044579888 18.251155417094907, 121.6956882439209 18.25118208481529, 121.69565591569142 18.251222031837493, 121.69559160179406 18.251256022732356, 121.69552129680825 18.25128806005285, 121.69545116312013 18.25129714578221, 121.69536909013368 18.251296586483363, 121.69529476725648 18.25133050906327, 121.69523840326214 18.251372204923232, 121.69522820872632 18.251397000898006, 121.69536511800749 18.251560515810368, 121.69543658255758 18.251641337381887, 121.69549111332663 18.251699126428168, 121.69552365614717 18.251698513177292, 121.69562490730023 18.251621580647694, 121.6956569643949 18.251617973615005, 121.69569901613434 18.251616347400777, 121.69583167625571 18.251544567545487, 121.69595608652705 18.251505247768637, 121.69597008473663 18.25150725584992, 121.69599605083178 18.251515083635375, 121.69604206330303 18.251519222507003, 121.69607593664576 18.251540493236835, 121.6960977992945 18.251561682154904, 121.69610968156833 18.25157897763789, 121.69616347288841 18.25161377311117, 121.69624127138013 18.25165064479889, 121.696341146615 18.251680015886382, 121.69643510212804 18.251697870244993, 121.6965112555743 18.251686912422016, 121.69656022565017 18.251562918520555, 121.69672483766746 18.251233137243094)))","LANDHOLDER","10440","10443","2025-12-20 14:54:21.619 +0900","2026-05-20 18:01:15.007 +0900","344","4","false","","","false","","102","MAGAPIT PUMP IRRIGATION SYSTEM","CAMAL","LAT.E-1","102","Dry Crop 2026"
"202347","40187","1288","7686","MULTIPOLYGON (((121.70619068524121 18.247324160828338, 121.70616111369475 18.247371528817432, 121.7061413797974 18.24741927607438, 121.70611529943835 18.247460680253887, 121.7061039241621 18.247491121686796, 121.70610628297786 18.24752016243321, 121.70616636563258 18.247591953059274, 121.70620276494463 18.247625871008093, 121.70626502687072 18.247661774137296, 121.70634043689905 18.247708817377195, 121.7064611159866 18.247780984410625, 121.70655588342262 18.247844703670484, 121.7066743447298 18.247924094177012, 121.70669514383329 18.24789217809809, 121.70670070022679 18.247872568054042, 121.70671609593502 18.247839581391545, 121.70673364840016 18.247807643377847, 121.70675337292154 18.2477746859498, 121.70676448568507 18.24773546585629, 121.70678312033591 18.247703535145924, 121.70679631335157 18.24767570401236, 121.70680408003501 18.247649904394375, 121.70681633617976 18.247602419354862, 121.70682014121397 18.247526956996285, 121.70682512789035 18.24743805953858, 121.70682089086675 18.247425621926745, 121.70680683750992 18.24742345884677, 121.70679597721882 18.24742855591241, 121.70677519349353 18.247458403945785, 121.7067343757236 18.247416764938, 121.70673029170733 18.24738364669869, 121.70668487739067 18.247378169538703, 121.7066654130203 18.24737596989993, 121.7066331228657 18.247351967882917, 121.70660287471547 18.24734452498128, 121.70654333055865 18.247347225005466, 121.70648917446546 18.247353063658842, 121.70637679362729 18.247329554613856, 121.70634982271388 18.24731799748289, 121.70633690514337 18.247308603462912, 121.70631744843989 18.24730536975836, 121.70621458555277 18.247311913328943, 121.70619068524121 18.247324160828338)))","LANDHOLDER","3235","3236","2026-01-27 11:44:29.168 +0900","2026-05-20 18:01:15.007 +0900","344","4","false","","","false","","260","MAGAPIT PUMP IRRIGATION SYSTEM","CAMAL","LAT.E-1","260","Dry Crop 2026"
"206171","41784","1426-C","7691","MULTIPOLYGON (((121.68379053387581 18.272906644738327, 121.68371615476312 18.273088602789702, 121.68502840839996 18.273584966648976, 121.68513320060914 18.273377177614925, 121.68379053387581 18.272906644738327)))","LANDHOLDER","3533","3534","2026-04-09 00:01:14.658 +0900","2026-05-20 18:01:15.007 +0900","344","4","false","","","false","","445","MAGAPIT PUMP IRRIGATION SYSTEM","CAMAL","LAT.E-7","445","Dry Crop 2026"
"201610","39787","1427","7691","MULTIPOLYGON (((121.68168070440429 18.271831755176052, 121.68175347119961 18.271691728498016, 121.68164269064415 18.27162151776448, 121.68169075557348 18.2715209708381, 121.68139327719656 18.271349289545615, 121.68121448600711 18.27116456482498, 121.68101102844817 18.27136178714574, 121.68114979138723 18.271602986125874, 121.68168070440429 18.271831755176052)))","LANDHOLDER","2680","2680","2025-12-18 15:48:53.083 +0900","2026-06-09 16:15:00.647 +0900","344","4","false","","","false","","51","MAGAPIT PUMP IRRIGATION SYSTEM","CAMAL","LAT.E-7","51","Dry Crop 2026"
"202331","40178","1431","7691","MULTIPOLYGON (((121.68383324481182 18.271280970879374, 121.68407436438123 18.27083859477049, 121.68387485388178 18.27071382510894, 121.68337834406259 18.270382106338392, 121.68270150885975 18.26994494359218, 121.6823763324318 18.270175662083314, 121.68220946849313 18.270509338213703, 121.68274797144805 18.270781664939083, 121.68304779891905 18.270933171671018, 121.68383324481182 18.271280970879374)))","TENANT","13050","13054","2026-01-27 11:18:18.231 +0900","2026-05-20 18:01:15.007 +0900","344","4","false","","","false","","245","MAGAPIT PUMP IRRIGATION SYSTEM","CAMAL","LAT.E-7","245","Dry Crop 2026"
"200315","39065","1433-B","7691","MULTIPOLYGON (((360896.9864649769 2020651.3564792536, 360871.84735378524 2020700.4946789413, 360856.98437341355 2020732.5233549543, 360840.8653665316 2020763.0866667042, 360826.2117239117 2020794.2779917093, 360860.3337774409 2020808.9316343293, 360900.52662576985 2020721.8471296164, 360928.57291462895 2020672.2348238563, 360896.9864649769 2020651.3564792536)))","TENANT","5655","5655","2025-12-03 10:35:36.467 +0900","2026-07-08 14:59:05.119 +0900","344","4","false","","","false","","1","MAGAPIT PUMP IRRIGATION SYSTEM","CAMAL","LAT.E-7","1","Dry Crop 2026"
"200733","39065","1434","7691","MULTIPOLYGON (((121.6820409095402 18.270805169061646, 121.68186801868725 18.27115015329331, 121.68199825392435 18.271209692592905, 121.68296944519061 18.2716079586753, 121.68353594350765 18.27184453444038, 121.68369048441404 18.27156941412443, 121.6820409095402 18.270805169061646)))","TENANT","7442","7444","2025-12-15 15:06:49.463 +0900","2026-05-20 18:01:15.007 +0900","344","4","false","","","false","","15","MAGAPIT PUMP IRRIGATION SYSTEM","CAMAL","LAT.E-7","15","Dry Crop 2026"
"202191","40085","1435","7691","MULTIPOLYGON (((121.68353594350765 18.27184453444038, 121.68296944519061 18.2716079586753, 121.68199825392435 18.271209692592905, 121.68186801868725 18.27115015329331, 121.68169075557348 18.2715209708381, 121.68164269064415 18.27162151776448, 121.68175347119961 18.271691728498016, 121.68168070440429 18.271831755176052, 121.68162030503284 18.2719637557316, 121.68152010593819 18.272121965265654, 121.68159130887936 18.2722143591747, 121.68176445580656 18.27233219388848, 121.6818671522652 18.27213704465675, 121.68190193153437 18.272155419666348, 121.68202893756563 18.271866313643486, 121.68252441291062 18.27206835285141, 121.6827829338823 18.272183633795755, 121.6832568453228 18.272357147612887, 121.68339521916019 18.272125424725647, 121.68353594350765 18.27184453444038)))","TENANT","14289","14293","2026-01-12 10:40:44.548 +0900","2026-05-20 18:01:15.007 +0900","344","4","false","","","false","","145","MAGAPIT PUMP IRRIGATION SYSTEM","CAMAL","LAT.E-7","145","Dry Crop 2026"
"200634","39251","1437","7691","MULTIPOLYGON (((121.68400916810126 18.27237178421703, 121.68534052954783 18.272930471508346, 121.68586674993955 18.271942851762265, 121.68516693421324 18.27152944071206, 121.68470213477696 18.271238590178292, 121.6846225218751 18.27119013499525, 121.68443939998062 18.27151025019511, 121.68400916810126 18.27237178421703)))","TENANT","20762","20769","2025-12-09 11:04:25.360 +0900","2026-05-20 18:01:15.007 +0900","344","4","false","","","false","","2","MAGAPIT PUMP IRRIGATION SYSTEM","CAMAL","LAT.E-7","2","Dry Crop 2026"
"201608","39786","1450-A","7691","MULTIPOLYGON (((121.68653206555373 18.274142815524684, 121.68751122069901 18.27450884906878, 121.68766796896801 18.27406339885069, 121.68769571072772 18.27398941877027, 121.687063826473 18.27381771871755, 121.68671546879898 18.27371610449386, 121.68653206555373 18.274142815524684)))","TENANT","6080","6082","2025-12-18 15:43:02.107 +0900","2026-05-20 18:01:15.007 +0900","344","4","false","","","false","","49","MAGAPIT PUMP IRRIGATION SYSTEM","CAMAL","LAT.E-7","49","Dry Crop 2026"
"201607","39786","1450-B","7692","MULTIPOLYGON (((121.68648971023053 18.274223641191448, 121.68634841879681 18.274580196747472, 121.68683064507654 18.274702684185662, 121.6874097648276 18.274842860607286, 121.6874868262809 18.274601255391232, 121.68669315287025 18.27429124700806, 121.68648971023053 18.274223641191448)))","TENANT","4085","4086","2025-12-18 15:42:04.727 +0900","2026-05-20 18:01:15.007 +0900","344","4","false","","","false","","48","MAGAPIT PUMP IRRIGATION SYSTEM","CAMAL","LAT.E1-1","48","Dry Crop 2026"
"202884","40365","1451","7691","MULTIPOLYGON (((121.68733949152043 18.27277000687213, 121.68667267529777 18.27241166269695, 121.68588660378424 18.271951905854856, 121.68535614681134 18.27293510291206, 121.68524101542691 18.27316339452456, 121.68513320060914 18.273377177614925, 121.68502840839996 18.273584966648976, 121.68653206555373 18.274142815524684, 121.68671546879898 18.27371610449386, 121.687063826473 18.27381771871755, 121.68769571072772 18.27398941877027, 121.68766796896801 18.27406339885069, 121.6888936268606 18.274437560882422, 121.68911464619303 18.273666815650785, 121.68832950219262 18.27340799679802, 121.68785291999302 18.27321823735234, 121.68739247048939 18.273046519237457, 121.68731291998823 18.27297544172721, 121.68729610352922 18.272882081273643, 121.68733949152043 18.27277000687213)))","TENANT","53012","53029","2026-02-05 09:34:10.000 +0900","2026-05-20 18:01:15.007 +0900","344","4","false","","","false","","317","MAGAPIT PUMP IRRIGATION SYSTEM","CAMAL","LAT.E-7","317","Dry Crop 2026"
"204581","41402","1452-A","7691","MULTIPOLYGON (((121.68766796896801 18.27406339885069, 121.68751122069901 18.27450884906878, 121.68875517864716 18.27497658665818, 121.6888936268606 18.274437560882422, 121.68766796896801 18.27406339885069)))","TENANT","7838","7841","2026-03-10 10:20:00.432 +0900","2026-05-20 18:01:15.007 +0900","344","4","false","","","false","","412","MAGAPIT PUMP IRRIGATION SYSTEM","CAMAL","LAT.E-7","412","Dry Crop 2026"
"204582","41402","1452-B","7692","MULTIPOLYGON (((121.6874868262809 18.274601255391232, 121.6874097648276 18.274842860607286, 121.68809055082329 18.27502440381509, 121.6887801703192 18.275216409451346, 121.68880667801368 18.275114440827355, 121.68824205586986 18.27488924267176, 121.6874868262809 18.274601255391232)))","TENANT","2984","2985","2026-03-10 10:20:00.432 +0900","2026-07-08 14:43:23.830 +0900","344","4","false","","","false","","413","MAGAPIT PUMP IRRIGATION SYSTEM","CAMAL","LAT.E1-1","413","Dry Crop 2026"
"202230","40117","1454","7692","MULTIPOLYGON (((121.6874097648276 18.274842860607286, 121.68683064507654 18.274702684185662, 121.68660039672807 18.275302654773586, 121.68643817947249 18.275808508698077, 121.68683723377661 18.27593231660497, 121.68706895003405 18.27540045606616, 121.68722118404459 18.27543176801231, 121.68724500122501 18.27542436483017, 121.68726294947984 18.275407462990678, 121.68726669983467 18.275393040442765, 121.6874097648276 18.274842860607286)))","TENANT","7511","7514","2026-01-20 12:01:49.265 +0900","2026-05-20 18:01:15.007 +0900","344","4","false","","","false","","182","MAGAPIT PUMP IRRIGATION SYSTEM","CAMAL","LAT.E1-1","182","Dry Crop 2026"
"204456","41166","1455-A","7692","MULTIPOLYGON (((121.687421072561 18.275447151224817, 121.68696350093037 18.276705500375485, 121.6869624714589 18.276707492199503, 121.68697591920242 18.276711692186428, 121.68727601676893 18.276829144727444, 121.68749210624938 18.276268801340404, 121.68775185998362 18.275563098425778, 121.687421072561 18.275447151224817)))","TENANT","6015","5450","2026-02-23 10:32:36.078 +0900","2026-05-20 18:01:15.007 +0900","344","4","false","","","false","","390","MAGAPIT PUMP IRRIGATION SYSTEM","CAMAL","LAT.E1-1","390","Dry Crop 2026"
"200760","39310","1455-B","7692","MULTIPOLYGON (((121.6869624714589 18.276707492199503, 121.68696350093037 18.276705500375485, 121.687421072561 18.275447151224817, 121.68726669983467 18.275393040442765, 121.68726294947984 18.275407462990678, 121.68724500122501 18.27542436483017, 121.68722118404459 18.27543176801231, 121.68706895003405 18.27540045606616, 121.68683723377661 18.27593231660497, 121.68658575895499 18.276589837237626, 121.6869624714589 18.276707492199503)))","LANDHOLDER","5808","5810","2025-12-15 15:38:21.928 +0900","2026-05-20 18:01:15.007 +0900","344","4","false","","","false","","24","MAGAPIT PUMP IRRIGATION SYSTEM","CAMAL","LAT.E1-1","24","Dry Crop 2026"
"204464","40142","1457","7693","MULTIPOLYGON (((121.68880667801368 18.275114440827355, 121.6887801703192 18.275216409451346, 121.68865670272821 18.275573089117422, 121.68854390233952 18.27582769145391, 121.6892160950228 18.2760994994079, 121.68985943106935 18.276323598285426, 121.68989745925465 18.276336844892043, 121.69041486562892 18.27652198997281, 121.69055097721349 18.27659102242228, 121.69085517078126 18.275898860682705, 121.68880667801368 18.275114440827355)))","TENANT","19163","19169","2026-02-24 11:38:50.985 +0900","2026-05-20 18:01:15.007 +0900","344","4","false","","","false","","398","MAGAPIT PUMP IRRIGATION SYSTEM","CAMAL","LAT.E1-2","398","Dry Crop 2026"
"204402","41137","1458","7693","MULTIPOLYGON (((121.6892160950228 18.2760994994079, 121.68870333110729 18.277405021743142, 121.68935519170934 18.27762501984875, 121.6893808175336 18.27763193848692, 121.68961553872201 18.276962948874708, 121.68985943106935 18.276323598285426, 121.6892160950228 18.2760994994079)))","LANDHOLDER","13336","11340","2026-02-16 11:27:10.034 +0900","2026-05-20 18:01:15.007 +0900","344","4","false","","","false","","340","MAGAPIT PUMP IRRIGATION SYSTEM","CAMAL","LAT.E1-2","340","Dry Crop 2026"
"204461","41168","1459-ABC","7693","MULTIPOLYGON (((121.69055097721349 18.27659102242228, 121.69041486562892 18.27652198997281, 121.68989745925465 18.276336844892043, 121.68985943106935 18.276323598285426, 121.68961553872201 18.276962948874708, 121.6893808175336 18.27763193848692, 121.68935519170934 18.27762501984875, 121.689193156136 18.27809884124338, 121.68919288615007 18.27813478118878, 121.68921647628798 18.278157642998426, 121.68943864435494 18.278242117824412, 121.68979591089538 18.278389561233062, 121.69028699246654 18.277202116924673, 121.69055097721349 18.27659102242228)))","TENANT","16022","16027","2026-02-23 10:38:18.233 +0900","2026-05-20 18:01:15.007 +0900","344","4","false","","","false","","395","MAGAPIT PUMP IRRIGATION SYSTEM","CAMAL","LAT.E1-2","395","Dry Crop 2026"
"201631","39797","1461-A","7691","MULTIPOLYGON (((121.69308388111824 18.276227858727715, 121.69279305600075 18.276126787087666, 121.69266812722634 18.27608480392115, 121.69245333864068 18.276021641694797, 121.69232449638862 18.27597963155142, 121.69219872279747 18.276311542926116, 121.69233142287698 18.276361057560365, 121.69291681924322 18.276585661479064, 121.69300441794131 18.276386223393885, 121.69308388111824 18.276227858727715)))","LANDHOLDER","3441","3442","2025-12-18 16:52:56.322 +0900","2026-05-20 18:01:15.007 +0900","344","4","false","","","false","","71","MAGAPIT PUMP IRRIGATION SYSTEM","CAMAL","LAT.E-7","71","Dry Crop 2026"
"201613","39788","1461-B","7691","MULTIPOLYGON (((121.693733895564 18.276447293310355, 121.69356405717396 18.276391917374163, 121.69347026930886 18.276372581520636, 121.6933413985166 18.27633431084856, 121.69318922783187 18.276271577308464, 121.69308388111824 18.276227858727715, 121.69300441794131 18.276386223393885, 121.69291681924322 18.276585661479064, 121.69304754893129 18.276637031671996, 121.69330318004776 18.276734123461523, 121.69353932709593 18.276819864775124, 121.69364888421586 18.27656262177726, 121.69365671154272 18.276562675253196, 121.6936723661965 18.276562782204078, 121.69368410718691 18.276562862416412, 121.6937019705583 18.276529333384218, 121.69371810098617 18.27646588044841, 121.693733895564 18.276447293310355)))","TENANT","3126","3127","2025-12-18 15:56:01.595 +0900","2026-05-20 18:01:15.007 +0900","344","4","false","","","false","","54","MAGAPIT PUMP IRRIGATION SYSTEM","CAMAL","LAT.E-7","54","Dry Crop 2026"
"201614","39788","1461-C","7693","MULTIPOLYGON (((121.69287804543585 18.27666936977552, 121.69255968597972 18.277403055058983, 121.69288549430038 18.277525404057258, 121.69318965711585 18.27762963366208, 121.69350395525237 18.2769091612039, 121.69287804543585 18.27666936977552)))","TENANT","6224","6226","2025-12-18 15:56:01.595 +0900","2026-05-20 18:01:15.007 +0900","344","4","false","","","false","","55","MAGAPIT PUMP IRRIGATION SYSTEM","CAMAL","LAT.E1-2","55","Dry Crop 2026"
"201639","39797","1461-D","7693","MULTIPOLYGON (((121.69255968597972 18.277403055058983, 121.69287804543585 18.27666936977552, 121.69214550605426 18.27639006774292, 121.6914518130858 18.278060400022365, 121.69180726582351 18.278190520460825, 121.69213898474997 18.277260193883365, 121.69255968597972 18.277403055058983)))","LANDHOLDER","11465","11469","2025-12-18 17:08:00.056 +0900","2026-05-20 18:01:15.007 +0900","344","4","false","","","false","","79","MAGAPIT PUMP IRRIGATION SYSTEM","CAMAL","LAT.E1-2","79","Dry Crop 2026"
"201640","39797","1461-E","7693","MULTIPOLYGON (((121.69180726582351 18.278190520460825, 121.6914518130858 18.278060400022365, 121.69115556388785 18.277957167681333, 121.69113059328973 18.277986317702208, 121.69069877622526 18.277791377720476, 121.69048997538728 18.27831284983537, 121.6903853113357 18.278613033521538, 121.69087513174685 18.27878096369427, 121.69175421766366 18.27905938213543, 121.6917803491902 18.279066007921763, 121.69207242001157 18.27914006374539, 121.6921684936523 18.278871157258063, 121.69226787260122 18.278821707636336, 121.69234864164501 18.278613229952157, 121.6917529803557 18.278366074802125, 121.69180726582351 18.278190520460825)))","LANDHOLDER","16433","16438","2025-12-18 17:08:36.072 +0900","2026-05-20 18:01:15.007 +0900","344","4","false","","","false","","80","MAGAPIT PUMP IRRIGATION SYSTEM","CAMAL","LAT.E1-2","80","Dry Crop 2026"
"201659","39814","1463","7693","MULTIPOLYGON (((121.69132822909525 18.276188687622714, 121.69129073611872 18.27617140594112, 121.69132111750876 18.27608081346664, 121.69085517078126 18.275898860682705, 121.69055097721349 18.27659102242228, 121.69028699246654 18.277202116924673, 121.69083198767201 18.27740542091347, 121.69132822909525 18.276188687622714)))","TENANT","9321","9324","2025-12-20 14:42:49.611 +0900","2026-05-20 18:01:15.007 +0900","344","4","false","","","false","","98","MAGAPIT PUMP IRRIGATION SYSTEM","CAMAL","LAT.E1-2","98","Dry Crop 2026"
"204453","41163","1464","7693","MULTIPOLYGON (((121.68979591089538 18.278389561233062, 121.6903853113357 18.278613033521538, 121.69048997538728 18.27831284983537, 121.69069877622526 18.277791377720476, 121.69083198767201 18.27740542091347, 121.69028699246654 18.277202116924673, 121.68979591089538 18.278389561233062)))","TENANT","9137","9140","2026-02-23 10:19:24.497 +0900","2026-05-20 18:01:15.007 +0900","344","4","false","","","false","","387","MAGAPIT PUMP IRRIGATION SYSTEM","CAMAL","LAT.E1-2","387","Dry Crop 2026"
"200636","39253","1465","7693","MULTIPOLYGON (((121.6898750969256 18.27845820411497, 121.68965626890481 18.278988264807715, 121.69055907174194 18.279272526262346, 121.69061520922648 18.279180218706813, 121.69111474733312 18.279372806679195, 121.69153742906002 18.279542040797946, 121.69157551499804 18.27945446510191, 121.69172283304603 18.27908565082569, 121.69078847560442 18.27878415367151, 121.69010118883325 18.278542986891882, 121.6898750969256 18.27845820411497)))","TENANT","11538","11542","2025-12-09 11:31:03.705 +0900","2026-05-20 18:01:15.007 +0900","344","4","false","","","false","","4","MAGAPIT PUMP IRRIGATION SYSTEM","CAMAL","LAT.E1-2","4","Dry Crop 2026"
"202337","40181","1466","7693","MULTIPOLYGON (((121.6898750969256 18.27845820411497, 121.68978482172729 18.278415968674995, 121.68942363765521 18.278262823369477, 121.68930475027713 18.27859806224747, 121.68908166436843 18.278508569973553, 121.68896020345011 18.27846612032668, 121.68874676354491 18.278937574902955, 121.68838171737757 18.279820373779376, 121.68811156597754 18.28045979715491, 121.68894753581479 18.280810762217943, 121.68902132718164 18.280614703476775, 121.68909521632318 18.280418384434817, 121.68928698274337 18.2799088700666, 121.6892890267889 18.279903774431876, 121.68950314949038 18.279369982476354, 121.68965626890481 18.278988264807715, 121.6898750969256 18.27845820411497)))","TENANT","16768","24227","2026-01-27 11:25:35.713 +0900","2026-05-20 18:01:15.007 +0900","344","4","false","","","false","","250","MAGAPIT PUMP IRRIGATION SYSTEM","CAMAL","LAT.E1-2","250","Dry Crop 2026"
"202338","40181","1467-A","7693","MULTIPOLYGON (((121.68913527041636 18.278423812212942, 121.68872249033113 18.27828099785613, 121.6885213853904 18.278692003229168, 121.68837340525882 18.279016355835275, 121.6882121701264 18.279391692500873, 121.68807697387759 18.2797274825394, 121.68799050794917 18.27990281471507, 121.68784742318043 18.280300029739273, 121.68782424407969 18.280350876417682, 121.68811156597754 18.28045979715491, 121.68838171737757 18.279820373779376, 121.68874676354491 18.278937574902955, 121.68896020345011 18.27846612032668, 121.68908166436843 18.278508569973553, 121.68913527041636 18.278423812212942)))","TENANT","8428","8431","2026-01-27 11:25:35.713 +0900","2026-05-20 18:01:15.007 +0900","344","4","false","","","false","","251","MAGAPIT PUMP IRRIGATION SYSTEM","CAMAL","LAT.E1-2","251","Dry Crop 2026"
"202267","40139","1468","7693","MULTIPOLYGON (((121.68928582606762 18.277633056881438, 121.68871939285833 18.27744154660751, 121.68849083873226 18.277355326660604, 121.68819772959088 18.27802013065781, 121.68872249033113 18.27828099785613, 121.68913527041636 18.278423812212942, 121.68915322641294 18.278162077802197, 121.68916629041202 18.27811662795407, 121.68919371742058 18.278024123988036, 121.68930562608642 18.277708500571705, 121.689309434963 18.27766789158411, 121.68928582606762 18.277633056881438)))","TENANT","8385","8388","2026-01-20 12:42:31.241 +0900","2026-05-20 18:01:15.007 +0900","344","4","false","","","false","","218","MAGAPIT PUMP IRRIGATION SYSTEM","CAMAL","LAT.E1-2","218","Dry Crop 2026"
"204391","41128","1470","7692","MULTIPOLYGON (((361240.2360041843 2021311.8524992077, 361208.4166659245 2021299.0828963537, 361167.0724599619 2021285.8946179966, 361080.615968506 2021253.8659419853, 361040.52778905403 2021359.8431787896, 361027.33951069636 2021399.6173516144, 361054.76275617024 2021411.7589412136, 361119.866796952 2021436.4607959148, 361166.74213541544 2021454.2673368247, 361185.7035198645 2021461.58132612, 361189.0666930701 2021453.7427733587, 361212.8127587109 2021387.8944375184, 361238.7706399228 2021327.3958272743, 361242.3293817018 2021316.091588682, 361240.2360041843 2021311.8524992077)))","TENANT","27145","27145","2026-02-16 10:53:37.399 +0900","2026-07-08 14:59:05.119 +0900","344","4","false","","","false","","330","MAGAPIT PUMP IRRIGATION SYSTEM","CAMAL","LAT.E1-1","330","Dry Crop 2026"
"204423","41150","1471-AB","7692","MULTIPOLYGON (((121.6867823789802 18.27810794080234, 121.68727347287904 18.278274568590767, 121.68739947203369 18.278317319758855, 121.6885213853904 18.278692003229168, 121.68872249033113 18.27828099785613, 121.68819772959088 18.27802013065781, 121.68785037835251 18.277866413362354, 121.68761361170648 18.27775317966779, 121.68701146180395 18.27751447824486, 121.6867823789802 18.27810794080234)))","TENANT","12223","12227","2026-02-16 12:14:16.424 +0900","2026-05-20 18:01:15.007 +0900","344","4","false","","","false","","357","MAGAPIT PUMP IRRIGATION SYSTEM","CAMAL","LAT.E1-1","357","Dry Crop 2026"
"204410","41143","1472","7692","MULTIPOLYGON (((121.6885213853904 18.278692003229168, 121.68739947203369 18.278317319758855, 121.68727347287904 18.278274568590767, 121.6871587832974 18.278593743034126, 121.68703146334232 18.278935261379754, 121.6882121701264 18.279391692500873, 121.68837340525882 18.279016355835275, 121.6885213853904 18.278692003229168)))","LANDHOLDER","11040","11044","2026-02-16 11:43:55.090 +0900","2026-05-20 18:01:15.007 +0900","344","4","false","","","false","","347","MAGAPIT PUMP IRRIGATION SYSTEM","CAMAL","LAT.E1-1","347","Dry Crop 2026"
"201620","39793","1473","7692","MULTIPOLYGON (((121.6882121701264 18.279391692500873, 121.68703146334232 18.278935261379754, 121.6868495396797 18.27890185353561, 121.68674482422944 18.278870867540157, 121.68655888526986 18.279370883264036, 121.68704858952168 18.279553955724943, 121.68759563157099 18.279748770631905, 121.68799050794917 18.27990281471507, 121.68807697387759 18.2797274825394, 121.6882121701264 18.279391692500873)))","LANDHOLDER","10134","10138","2025-12-18 16:45:35.404 +0900","2026-05-20 18:01:15.007 +0900","344","4","false","","","false","","61","MAGAPIT PUMP IRRIGATION SYSTEM","CAMAL","LAT.E1-1","61","Dry Crop 2026"
"201678","39829","1474","7692","MULTIPOLYGON (((121.68799050794917 18.27990281471507, 121.68759563157099 18.279748770631905, 121.68704858952168 18.279553955724943, 121.68655888526986 18.279370883264036, 121.68620021132448 18.279223515255428, 121.68600835917053 18.279704763695634, 121.686890588998 18.280091051213248, 121.68777091401236 18.280467863426693, 121.68782424407969 18.280350876417682, 121.68784742318043 18.280300029739273, 121.68799050794917 18.27990281471507)))","LANDHOLDER","12606","12610","2025-12-20 15:13:46.045 +0900","2026-05-20 18:01:15.007 +0900","344","4","false","","","false","","116","MAGAPIT PUMP IRRIGATION SYSTEM","CAMAL","LAT.E1-1","116","Dry Crop 2026"
"204412","41144","1475","7692","MULTIPOLYGON (((121.6867823789802 18.27810794080234, 121.68675003483732 18.278178551407272, 121.68657118317455 18.278111230305377, 121.68640793528004 18.278511027259764, 121.68617493037296 18.27921312806191, 121.68620021132448 18.279223515255428, 121.68655888526986 18.279370883264036, 121.68674482422944 18.278870867540157, 121.6868495396797 18.27890185353561, 121.68703146334232 18.278935261379754, 121.6871587832974 18.278593743034126, 121.68727347287904 18.278274568590767, 121.6867823789802 18.27810794080234)))","LANDHOLDER","8604","8607","2026-02-16 11:46:51.918 +0900","2026-05-20 18:01:15.007 +0900","344","4","false","","","false","","349","MAGAPIT PUMP IRRIGATION SYSTEM","CAMAL","LAT.E1-1","349","Dry Crop 2026"
"201669","39822","1476-A","7692","MULTIPOLYGON (((121.68612901743343 18.277947284291006, 121.68551490345975 18.277719846046924, 121.68532699671307 18.27821795529921, 121.6851087322304 18.27880287236334, 121.68557880353359 18.27896311334735, 121.68617493037296 18.27921312806191, 121.68640793528004 18.278511027259764, 121.68657118317455 18.278111230305377, 121.68612901743343 18.277947284291006)))","TENANT","15199","15204","2025-12-20 15:03:42.782 +0900","2026-05-20 18:01:15.007 +0900","344","4","false","","","false","","108","MAGAPIT PUMP IRRIGATION SYSTEM","CAMAL","LAT.E1-1","108","Dry Crop 2026"
"204490","41398","1477","7692","MULTIPOLYGON (((121.68620021132448 18.279223515255428, 121.68617493037296 18.27921312806191, 121.68557880353359 18.27896311334735, 121.6851087322304 18.27880287236334, 121.6847928391317 18.279664247211485, 121.68485551692561 18.279755478566983, 121.68498158555033 18.27984336260032, 121.68524000550772 18.27997377354612, 121.68561893961879 18.28014095449838, 121.68634608950232 18.280454313473925, 121.68758313811597 18.280948950809613, 121.68777091401236 18.280467863426693, 121.686890588998 18.280091051213248, 121.68600835917053 18.279704763695634, 121.68620021132448 18.279223515255428)))","LANDHOLDER","26252","26260","2026-02-27 16:29:08.600 +0900","2026-05-20 18:01:15.007 +0900","344","4","false","","","false","","411","MAGAPIT PUMP IRRIGATION SYSTEM","CAMAL","LAT.E1-1","411","Dry Crop 2026"
"202463","40232","1478","7692","MULTIPOLYGON (((121.68628576925532 18.280469013675358, 121.68555344040796 18.280161312550685, 121.68516661454676 18.279990293853512, 121.68499603688976 18.279896428778258, 121.68495547394866 18.279892366427948, 121.68487381870115 18.28021717206614, 121.68480289054335 18.280432334558515, 121.6851344600563 18.280578382267418, 121.68506403102167 18.28072733982535, 121.68499133662469 18.280914115173704, 121.68489097078164 18.281094079279033, 121.68492789419723 18.281109461984702, 121.68544961016617 18.28132681363202, 121.68559460505338 18.281399694107133, 121.68557924132735 18.28146768861435, 121.68581131761358 18.28154684268038, 121.68605804577795 18.280995224912452, 121.68628576925532 18.280469013675358)))","TENANT","16021","16027","2026-02-02 10:11:45.560 +0900","2026-05-20 18:01:15.007 +0900","344","4","false","","","false","","292","MAGAPIT PUMP IRRIGATION SYSTEM","CAMAL","LAT.E1-1","292","Dry Crop 2026"
"201621","39793","1479-1","7692","MULTIPOLYGON (((121.68612737722147 18.280991918080915, 121.68646889219117 18.281132356927316, 121.68675294247511 18.281278075457355, 121.68732319541643 18.281546826043517, 121.68757375246602 18.28097053814292, 121.68758313811597 18.280948950809613, 121.68634608950232 18.280454313473925, 121.68613639178284 18.280930503859675, 121.68612737722147 18.280991918080915)))","LANDHOLDER","9513","9516","2025-12-18 16:45:35.412 +0900","2026-05-20 18:01:15.007 +0900","344","4","false","","","false","","62","MAGAPIT PUMP IRRIGATION SYSTEM","CAMAL","LAT.E1-1","62","Dry Crop 2026"
"206456","40181","1480","7693","MULTIPOLYGON (((121.68823151 18.28123148, 121.68757375 18.28097054, 121.6873232 18.28154683, 121.68797551 18.28183127, 121.68823151 18.28123148)))","TENANT","5315","5316","2026-04-09 23:06:01.750 +0900","2026-07-08 14:59:05.119 +0900","344","4","false","","","false","","446","MAGAPIT PUMP IRRIGATION SYSTEM","CAMAL","LAT.E1-2","446","Dry Crop 2026"
"202339","40181","1481-AB","7693","MULTIPOLYGON (((121.68894753581479 18.280810762217943, 121.68811156597754 18.28045979715491, 121.68782424407969 18.280350876417682, 121.68777091401236 18.280467863426693, 121.68758313811597 18.280948950809613, 121.68757375246602 18.28097053814292, 121.68823150540582 18.28123147666614, 121.68921658532602 18.281635484876052, 121.69013625580081 18.28204849843165, 121.69039347151724 18.281548967243648, 121.69031831230362 18.28151866232508, 121.68941031217457 18.281152544832437, 121.68889693912429 18.280956074027383, 121.68894753581479 18.280810762217943)))","TENANT","22060","19392","2026-01-27 11:25:35.713 +0900","2026-05-20 18:01:15.007 +0900","344","4","false","","","false","","252","MAGAPIT PUMP IRRIGATION SYSTEM","CAMAL","LAT.E1-2","252","Dry Crop 2026"
"201612","39787","1483-B1","7693","MULTIPOLYGON (((121.69053041849993 18.280979565738434, 121.68909521632318 18.280418384434817, 121.68902132718164 18.280614703476775, 121.6904622034636 18.28115294390868, 121.69053041849993 18.280979565738434)))","LANDHOLDER","3567","3568","2025-12-18 15:48:53.099 +0900","2026-05-20 18:01:15.007 +0900","344","4","false","","","false","","53","MAGAPIT PUMP IRRIGATION SYSTEM","CAMAL","LAT.E1-2","53","Dry Crop 2026"
"201609","39787","1483-C","7693","MULTIPOLYGON (((121.68894753581479 18.280810762217943, 121.68889693912429 18.280956074027383, 121.68941031217457 18.281152544832437, 121.69031831230362 18.28151866232508, 121.6904622034636 18.28115294390868, 121.68902132718164 18.280614703476775, 121.68894753581479 18.280810762217943)))","LANDHOLDER","6732","6734","2025-12-18 15:48:53.065 +0900","2026-05-20 18:01:15.007 +0900","344","4","false","","","false","","50","MAGAPIT PUMP IRRIGATION SYSTEM","CAMAL","LAT.E1-2","50","Dry Crop 2026"
"201667","39820","1484","7693","MULTIPOLYGON (((121.69061521 18.27918022, 121.69055907 18.27927253, 121.68965627 18.27898826, 121.68950315 18.27936998, 121.69041116 18.27971984, 121.69095195 18.27995717, 121.69129746 18.28009384, 121.69153743 18.27954204, 121.69111475 18.27937281, 121.69061521 18.27918022)))","TENANT","9243","11815","2025-12-20 15:00:09.621 +0900","2026-07-08 14:59:05.119 +0900","344","4","false","","","false","","106","MAGAPIT PUMP IRRIGATION SYSTEM","CAMAL","LAT.E1-2","106","Dry Crop 2026"
"202215","40106","1485-AC1/AC2","7693","MULTIPOLYGON (((121.6912974553406 18.28009383957313, 121.69095194932375 18.279957165261347, 121.69073210386318 18.280491003567327, 121.6914625212282 18.280791105640507, 121.69280871556602 18.281372482792758, 121.69310176406438 18.28083826068811, 121.69171005771064 18.280261239254703, 121.6912974553406 18.28009383957313)))","LANDHOLDER","15818","15823","2026-01-12 16:15:36.629 +0900","2026-07-08 14:59:05.119 +0900","344","4","false","","","false","","167","MAGAPIT PUMP IRRIGATION SYSTEM","CAMAL","LAT.E1-2","167","Dry Crop 2026"
"202200","40093","1485-B","7693","MULTIPOLYGON (((121.69073210386318 18.280491003567327, 121.69053041849993 18.280979565738434, 121.69133581134346 18.28131612373999, 121.69256568079209 18.281822049482447, 121.69265205829788 18.281658064508832, 121.69280871556602 18.281372482792758, 121.6914625212282 18.280791105640507, 121.69073210386318 18.280491003567327)))","TENANT","13678","13682","2026-01-12 12:58:02.606 +0900","2026-05-20 18:01:15.007 +0900","344","4","false","","","false","","153","MAGAPIT PUMP IRRIGATION SYSTEM","CAMAL","LAT.E1-2","153","Dry Crop 2026"
"201661","39812","1486","7693","MULTIPOLYGON (((121.69398804841519 18.28121508592981, 121.69310176406438 18.28083826068811, 121.69280871556602 18.281372482792758, 121.69265205829788 18.281658064508832, 121.6935918791604 18.282025799486156, 121.69398804841519 18.28121508592981)))","TENANT","10551","10554","2025-12-20 14:46:41.988 +0900","2026-05-20 18:01:15.007 +0900","344","4","false","","","false","","100","MAGAPIT PUMP IRRIGATION SYSTEM","CAMAL","LAT.E1-2","100","Dry Crop 2026"
"202240","40121","1487","7693","MULTIPOLYGON (((121.69310176406438 18.28083826068811, 121.69342558718036 18.280168929288873, 121.69341981692595 18.280146189744876, 121.6934040896082 18.28013094885321, 121.69336665224235 18.280106101203984, 121.69270888725747 18.27988784521256, 121.69157551499804 18.27945446510191, 121.69153742906002 18.279542040797946, 121.6912974553406 18.28009383957313, 121.69171005771064 18.280261239254703, 121.69310176406438 18.28083826068811)))","TENANT","16746","16752","2026-01-20 12:12:25.261 +0900","2026-05-20 18:01:15.007 +0900","344","4","false","","","false","","191","MAGAPIT PUMP IRRIGATION SYSTEM","CAMAL","LAT.E1-2","191","Dry Crop 2026"
"201653","39812","1488-A","7694","MULTIPOLYGON (((121.69442521842518 18.2786955216443, 121.69360161825665 18.278378497420444, 121.69325959072874 18.279198310961423, 121.6929738208298 18.279942623547022, 121.69339421124153 18.28006183517779, 121.69347687881026 18.28012860879631, 121.69348256408188 18.2801626978126, 121.6934744879428 18.28018345105301, 121.6931947086566 18.28078876665537, 121.69319446778964 18.28082092349119, 121.69321216106567 18.280838069515553, 121.69346092974003 18.280936245299095, 121.69442521842518 18.2786955216443)))","TENANT","19561","19567","2025-12-20 14:34:43.856 +0900","2026-05-20 18:01:15.007 +0900","344","4","false","","","false","","93","MAGAPIT PUMP IRRIGATION SYSTEM","CAMAL","LAT.E1-5","93","Dry Crop 2026"
"201654","39812","1488-B","7694","MULTIPOLYGON (((121.69346092974003 18.280936245299095, 121.69394944428385 18.2811476677028, 121.69496017492256 18.278918608415776, 121.69442521842518 18.2786955216443, 121.69346092974003 18.280936245299095)))","TENANT","15890","15896","2025-12-20 14:34:43.858 +0900","2026-05-20 18:01:15.007 +0900","344","4","false","","","false","","94","MAGAPIT PUMP IRRIGATION SYSTEM","CAMAL","LAT.E1-5","94","Dry Crop 2026"
"202264","40137","1488-C","7694","MULTIPOLYGON (((121.69444689881962 18.28135536662149, 121.69546560152173 18.279118792146622, 121.69496017492256 18.278918608415776, 121.69394944428385 18.2811476677028, 121.69444689881962 18.28135536662149)))","TENANT","23239","15525","2026-01-20 12:36:56.896 +0900","2026-05-20 18:01:15.007 +0900","344","4","false","","","false","","215","MAGAPIT PUMP IRRIGATION SYSTEM","CAMAL","LAT.E1-5","215","Dry Crop 2026"
"202458","40228","1488-D","7694","MULTIPOLYGON (((121.69444689881962 18.28135536662149, 121.69498170762323 18.28159926116444, 121.69587332712975 18.279409108698285, 121.69549827275787 18.27925143246857, 121.69552876579161 18.27914570660452, 121.69546560152173 18.279118792146622, 121.69444689881962 18.28135536662149)))","TENANT","7719","14976","2026-02-02 09:54:14.858 +0900","2026-05-20 18:01:15.007 +0900","344","4","false","","","false","","287","MAGAPIT PUMP IRRIGATION SYSTEM","CAMAL","LAT.E1-5","287","Dry Crop 2026"
"202214","40105","1488-E","7694","MULTIPOLYGON (((121.69591618 18.28008874, 121.69557222 18.2808995, 121.69583669 18.28099528, 121.69550541 18.28182656, 121.69550472 18.2818328, 121.69583677 18.28198107, 121.69673086 18.27972472, 121.69623919 18.27953787, 121.69616981 18.27951345, 121.69591618 18.28008874)))","TENANT","15945","25954","2026-01-12 16:13:09.666 +0900","2026-06-05 12:57:49.186 +0900","344","4","false","","","false","","166","MAGAPIT PUMP IRRIGATION SYSTEM","CAMAL","LAT.E1-5","166","Dry Crop 2026"
"202209","40101","1488-E1","7694","MULTIPOLYGON (((362114.11726734554 2021859.3373817466, 362114.1850535228 2021858.6459627387, 362148.54939728905 2021766.4048294714, 362120.5153273745 2021756.0050938579, 362156.23615839466 2021666.0247726806, 362182.46157863725 2021602.722034164, 362182.59465477616 2021602.1707187314, 362151.1692307487 2021590.8473878063, 362058.6419444931 2021833.888517541, 362114.11726734554 2021859.3373817466)))","TENANT","10000","11062","2026-01-12 15:52:36.403 +0900","2026-07-08 14:59:05.119 +0900","344","4","false","","","false","","161","MAGAPIT PUMP IRRIGATION SYSTEM","CAMAL","LAT.E1-5","161","Dry Crop 2026"
"200635","39252","1488-F","7694","MULTIPOLYGON (((121.69733914327233 18.279940732028162, 121.69673086081299 18.27972471846714, 121.69583677487712 18.28198106724262, 121.69660101549506 18.282328200229074, 121.69668198631129 18.28209229264044, 121.69696953321014 18.28124110630213, 121.69705082785353 18.28096169209473, 121.69716202342676 18.280675488778208, 121.6970454361987 18.2806230450258, 121.69733914327233 18.279940732028162)))","TENANT","21430","21437","2025-12-09 11:12:39.060 +0900","2026-05-20 18:01:15.007 +0900","344","4","false","","","false","","3","MAGAPIT PUMP IRRIGATION SYSTEM","CAMAL","LAT.E1-5","3","Dry Crop 2026"
"202897","40368","1490","7694","MULTIPOLYGON (((121.6941278656279 18.277151774532292, 121.69384589461232 18.27778639768523, 121.69516288516465 18.278224800667388, 121.69583303702376 18.27837503216957, 121.6959082223377 18.278118341326135, 121.69598358658996 18.27786103867714, 121.69535504700772 18.277647366371372, 121.69479501255454 18.277432290221103, 121.6947931116429 18.27742479922742, 121.6948091019609 18.277380040275183, 121.69480917187323 18.277370693230367, 121.69473524537092 18.27731223394628, 121.69472534784676 18.27735400736567, 121.6941278656279 18.277151774532292)))","TENANT","30632","14994","2026-02-05 09:42:31.671 +0900","2026-05-20 18:01:15.007 +0900","344","4","false","","","false","","322","MAGAPIT PUMP IRRIGATION SYSTEM","CAMAL","LAT.E1-5","322","Dry Crop 2026"
"202898","40368","1490-CD","7693","MULTIPOLYGON (((121.69288549430038 18.277525404057258, 121.69255968597972 18.277403055058983, 121.69213898474997 18.277260193883365, 121.69180726582351 18.278190520460825, 121.6917529803557 18.278366074802125, 121.69234864164501 18.278613229952157, 121.69226787260122 18.278821707636336, 121.69325959072874 18.279198310961423, 121.69360161825665 18.278378497420444, 121.69366487812064 18.27822686741739, 121.69274288331134 18.27786114735728, 121.69288549430038 18.277525404057258)))","TENANT","23067","23074","2026-02-05 09:42:31.671 +0900","2026-07-08 14:43:23.830 +0900","344","4","false","","","false","","323","MAGAPIT PUMP IRRIGATION SYSTEM","CAMAL","LAT.E1-2","323","Dry Crop 2026"
"204469","39251","1493-B","7694","MULTIPOLYGON (((121.69667775630784 18.27835099831304, 121.6959082223377 18.278118341326135, 121.69583303702376 18.27837503216957, 121.6957890949708 18.2784965115075, 121.69652627003944 18.27874910964904, 121.69667775630784 18.27835099831304)))","TENANT","3793","3794","2026-02-24 13:53:20.227 +0900","2026-05-20 18:01:15.007 +0900","344","4","false","","","false","","403","MAGAPIT PUMP IRRIGATION SYSTEM","CAMAL","LAT.E1-5","403","Dry Crop 2026"
"206129","41750","1494","7694","MULTIPOLYGON (((121.69583303702376 18.27837503216957, 121.69516288516465 18.278224800667388, 121.69496017492256 18.278918608415776, 121.69546560152173 18.279118792146622, 121.69552876579161 18.27914570660452, 121.69568594036932 18.27878168521971, 121.6957890949708 18.2784965115075, 121.69583303702376 18.27837503216957)))","TENANT","5921","5923","2026-04-08 23:10:06.742 +0900","2026-05-20 18:01:15.007 +0900","344","4","false","","","false","","430","MAGAPIT PUMP IRRIGATION SYSTEM","CAMAL","LAT.E1-5","430","Dry Crop 2026"
"202406","39251","1495-AG","7694","MULTIPOLYGON (((121.69870459627086 18.27954831727001, 121.69816757117106 18.279353953402484, 121.69829640050753 18.279045099801866, 121.6983196202493 18.278991960830055, 121.69780911392922 18.278790009824622, 121.69784345269068 18.278699443125323, 121.69667775630784 18.27835099831304, 121.69652627003944 18.27874910964904, 121.69623919241133 18.27953787348137, 121.69673086081299 18.27972471846714, 121.69733914327233 18.279940732028162, 121.69752256435494 18.279508787402975, 121.69799246752473 18.27969358925465, 121.69856119240707 18.279903654566034, 121.69862562730953 18.27976032558825, 121.69870459627086 18.27954831727001)))","TENANT","28306","25780","2026-01-28 15:24:30.931 +0900","2026-05-20 18:01:15.007 +0900","344","4","false","","","false","","265","MAGAPIT PUMP IRRIGATION SYSTEM","CAMAL","LAT.E1-5","265","Dry Crop 2026"
"206127","40120","1495-H","7695","MULTIPOLYGON (((121.69807186422207 18.28106134056733, 121.69824928818338 18.280636921129553, 121.69843682331764 18.28018419511796, 121.69856119240707 18.279903654566034, 121.69799246752473 18.27969358925465, 121.69751514399748 18.280834330332112, 121.69807186422207 18.28106134056733)))","LANDHOLDER","2545","8770","2026-04-08 22:57:30.790 +0900","2026-07-08 14:43:23.830 +0900","344","4","false","","","false","","428","MAGAPIT PUMP IRRIGATION SYSTEM","CAMAL","LAT.E1-6","428","Dry Crop 2026"
"202238","40120","1495-HD2","7694","MULTIPOLYGON (((121.6983196202493 18.278991960830055, 121.69829640050753 18.279045099801866, 121.69816757117106 18.279353953402484, 121.69870459627086 18.27954831727001, 121.6988357734885 18.27919614387643, 121.6983196202493 18.278991960830055)))","TENANT","2532","2533","2026-01-20 12:09:19.464 +0900","2026-07-08 14:59:05.119 +0900","344","4","false","","","false","","189","MAGAPIT PUMP IRRIGATION SYSTEM","CAMAL","LAT.E1-5","189","Dry Crop 2026"
"201684","39833","1496","7695","MULTIPOLYGON (((121.69711538509625 18.277620009799563, 121.69694629455076 18.27756290738295, 121.69667775630784 18.27835099831304, 121.69784345269068 18.278699443125323, 121.69798250512112 18.278375021373254, 121.69813431956482 18.277969676673997, 121.69711538509625 18.277620009799563)))","TENANT","11732","11736","2025-12-20 15:20:02.284 +0900","2026-05-20 18:01:15.007 +0900","344","4","false","","","false","","121","MAGAPIT PUMP IRRIGATION SYSTEM","CAMAL","LAT.E1-6","121","Dry Crop 2026"
"202236","40120","1499","7695","MULTIPOLYGON (((121.69998252878194 18.279829145058766, 121.69968243035927 18.279709820056386, 121.6997262073744 18.27954837918962, 121.69925809920912 18.279388185563302, 121.69925449160016 18.279340869034236, 121.6988357734885 18.27919614387643, 121.69862562730953 18.27976032558825, 121.69953081742901 18.28005922243249, 121.69984255075948 18.280189368441576, 121.69998252878194 18.279829145058766)))","LANDHOLDER","7937","7940","2026-01-20 12:09:19.464 +0900","2026-05-20 18:01:15.007 +0900","344","4","false","","","false","","187","MAGAPIT PUMP IRRIGATION SYSTEM","CAMAL","LAT.E1-6","187","Dry Crop 2026"
"202412","39251","1500","7694","MULTIPOLYGON (((121.69984255075948 18.280189368441576, 121.69953081742901 18.28005922243249, 121.69862562730953 18.27976032558825, 121.69856119240707 18.279903654566034, 121.69843682331764 18.28018419511796, 121.69908451412174 18.280426955120642, 121.6996695585899 18.28063454893746, 121.69984255075948 18.280189368441576)))","TENANT","7347","7349","2026-01-28 15:33:11.918 +0900","2026-05-20 18:01:15.007 +0900","344","4","false","","","false","","266","MAGAPIT PUMP IRRIGATION SYSTEM","CAMAL","LAT.E1-5","266","Dry Crop 2026"
"202203","40096","1501","7694","MULTIPOLYGON (((121.6996695585899 18.28063454893746, 121.69908451412174 18.280426955120642, 121.69843682331764 18.28018419511796, 121.69824928818338 18.280636921129553, 121.69949460646724 18.28108477048093, 121.6996695585899 18.28063454893746)))","LANDHOLDER","7453","7455","2026-01-12 13:10:00.526 +0900","2026-05-20 18:01:15.007 +0900","344","4","false","","","false","","155","MAGAPIT PUMP IRRIGATION SYSTEM","CAMAL","LAT.E1-5","155","Dry Crop 2026"
"201602","39783","1503","7694","MULTIPOLYGON (((121.69949460646724 18.28108477048093, 121.69824928818338 18.280636921129553, 121.69807186422207 18.28106134056733, 121.69930420007928 18.281574758896184, 121.69949460646724 18.28108477048093)))","LANDHOLDER","7661","7663","2025-12-18 15:32:08.555 +0900","2026-05-20 18:01:15.007 +0900","344","4","false","","","false","","44","MAGAPIT PUMP IRRIGATION SYSTEM","CAMAL","LAT.E1-5","44","Dry Crop 2026"
"202204","40097","1504-A","7694","MULTIPOLYGON (((121.69751514399748 18.280834330332112, 121.69716202342676 18.280675488778208, 121.69705082785353 18.28096169209473, 121.69920756208823 18.28182344414395, 121.69930420007928 18.281574758896184, 121.69807186422207 18.28106134056733, 121.69751514399748 18.280834330332112)))","TENANT","7699","7701","2026-01-12 14:05:48.922 +0900","2026-05-20 18:01:15.007 +0900","344","4","false","","","false","","156","MAGAPIT PUMP IRRIGATION SYSTEM","CAMAL","LAT.E1-5","156","Dry Crop 2026"
"202210","40102","1504-B","7694","MULTIPOLYGON (((121.69705082785353 18.28096169209473, 121.69696953321014 18.28124110630213, 121.69822792102995 18.281739770137705, 121.69910184543487 18.282086075481345, 121.69914215283606 18.28199176583686, 121.69920756208823 18.28182344414395, 121.69705082785353 18.28096169209473)))","TENANT","7737","7740","2026-01-12 15:59:29.077 +0900","2026-05-20 18:01:15.007 +0900","344","4","false","","","false","","162","MAGAPIT PUMP IRRIGATION SYSTEM","CAMAL","LAT.E1-5","162","Dry Crop 2026"
"202211","40103","1505-A","7694","MULTIPOLYGON (((121.69696953321014 18.28124110630213, 121.69668198631129 18.28209229264044, 121.69737894376223 18.2823675530521, 121.69789804641337 18.282594307678778, 121.69822792102995 18.281739770137705, 121.69696953321014 18.28124110630213)))","TENANT","14063","14068","2026-01-12 16:05:51.603 +0900","2026-05-20 18:01:15.007 +0900","344","4","false","","","false","","163","MAGAPIT PUMP IRRIGATION SYSTEM","CAMAL","LAT.E1-5","163","Dry Crop 2026"
"202212","40103","1505-B","7694","MULTIPOLYGON (((121.69910184543487 18.282086075481345, 121.69822792102995 18.281739770137705, 121.69789804641337 18.282594307678778, 121.69876026068414 18.282948720609955, 121.69910184543487 18.282086075481345)))","TENANT","10096","10099","2026-01-12 16:05:51.603 +0900","2026-05-20 18:01:15.007 +0900","344","4","false","","","false","","164","MAGAPIT PUMP IRRIGATION SYSTEM","CAMAL","LAT.E1-5","164","Dry Crop 2026"
"202199","40092","1506-A","7694","MULTIPOLYGON (((121.69876026068414 18.282948720609955, 121.69789804641337 18.282594307678778, 121.69737894376223 18.2823675530521, 121.69668198631129 18.28209229264044, 121.69660101549506 18.282328200229074, 121.6963782665004 18.282921140818228, 121.6984416861891 18.2837126813694, 121.69867766480111 18.283137326173495, 121.69876026068414 18.282948720609955)))","TENANT","22328","22335","2026-01-12 12:51:11.021 +0900","2026-05-20 18:01:15.007 +0900","344","4","false","","","false","","152","MAGAPIT PUMP IRRIGATION SYSTEM","CAMAL","LAT.E1-5","152","Dry Crop 2026"
"200743","39065","1507-A","7694","MULTIPOLYGON (((121.69823178642272 18.28424281349661, 121.69833667295742 18.283986259593664, 121.69628148215851 18.28315315700789, 121.6961806241949 18.28340027875707, 121.69733757023276 18.283864060949902, 121.69823178642272 18.28424281349661)))","TENANT","6920","6923","2025-12-15 15:15:02.817 +0900","2026-05-20 18:01:15.007 +0900","344","4","false","","","false","","18","MAGAPIT PUMP IRRIGATION SYSTEM","CAMAL","LAT.E1-5","18","Dry Crop 2026"
"200637","39253","1508","7694","MULTIPOLYGON (((121.69614442674938 18.283341862793872, 121.69633580359823 18.28290619073154, 121.69653384058057 18.282374088284108, 121.69652413791287 18.282347538643585, 121.69650449230748 18.282326596234704, 121.69619855110244 18.282193984101365, 121.69573673370172 18.28198653265855, 121.69550243538087 18.28250968192578, 121.69527556559125 18.28301624095226, 121.69560829554047 18.283141470692634, 121.69614442674938 18.283341862793872)))","TENANT","11745","11749","2025-12-09 11:31:03.710 +0900","2026-05-20 18:01:15.007 +0900","344","4","false","","","false","","5","MAGAPIT PUMP IRRIGATION SYSTEM","CAMAL","LAT.E1-5","5","Dry Crop 2026"
"201708","39847","1509","7693","MULTIPOLYGON (((121.69573673370172 18.28198653265855, 121.6948921011026 18.281599595272247, 121.69466250598984 18.282114455251538, 121.69550243538087 18.28250968192578, 121.69573673370172 18.28198653265855)))","TENANT","6176","6178","2025-12-20 15:57:54.640 +0900","2026-05-20 18:01:15.007 +0900","344","4","false","","","false","","143","MAGAPIT PUMP IRRIGATION SYSTEM","CAMAL","LAT.E1-2","143","Dry Crop 2026"
"201707","39847","1510","7693","MULTIPOLYGON (((121.69442864484554 18.282669956746776, 121.69496166845309 18.28288830171842, 121.69527556559125 18.28301624095226, 121.69550243538087 18.28250968192578, 121.69466250598984 18.282114455251538, 121.69442864484554 18.282669956746776)))","TENANT","6241","6243","2025-12-20 15:57:54.635 +0900","2026-05-20 18:01:15.007 +0900","344","4","false","","","false","","142","MAGAPIT PUMP IRRIGATION SYSTEM","CAMAL","LAT.E1-2","142","Dry Crop 2026"
"201706","39847","1511","7693","MULTIPOLYGON (((121.693772987747 18.28269763606252, 121.69516279732872 18.28326706414879, 121.69527556559125 18.28301624095226, 121.69496166845309 18.28288830171842, 121.69442864484554 18.282669956746776, 121.69389065114494 18.28245441391257, 121.693772987747 18.28269763606252)))","TENANT","4792","4793","2025-12-20 15:57:54.630 +0900","2026-05-20 18:01:15.007 +0900","344","4","false","","","false","","141","MAGAPIT PUMP IRRIGATION SYSTEM","CAMAL","LAT.E1-2","141","Dry Crop 2026"
"206124","41747","1512/13","7693","MULTIPOLYGON (((121.69442864 18.28266996, 121.69466251 18.28211446, 121.6948921 18.2815996, 121.69398805 18.28121509, 121.69359188 18.2820258, 121.69265206 18.28165806, 121.69256568 18.28182205, 121.69316784 18.28206263, 121.69313364 18.28213428, 121.69390823 18.28241404, 121.69389065 18.28245441, 121.69442864 18.28266996)))","LANDHOLDER","16205","16211","2026-04-08 22:42:36.075 +0900","2026-07-08 14:59:05.119 +0900","344","4","false","","","false","","426","MAGAPIT PUMP IRRIGATION SYSTEM","CAMAL","LAT.E1-2","426","Dry Crop 2026"
"202269","40141","1515-A","7693","MULTIPOLYGON (((121.68823150540582 18.28123147666614, 121.68797551034419 18.281831271633312, 121.6885203529558 18.282056335971202, 121.68995320292501 18.2826923045921, 121.69005142131026 18.28253407713846, 121.6901422220771 18.28257253281368, 121.69036116353313 18.282159756454, 121.69013625580081 18.28204849843165, 121.68921658532602 18.281635484876052, 121.68823150540582 18.28123147666614)))","TENANT","17506","17511","2026-01-20 14:54:37.092 +0900","2026-05-20 18:01:15.007 +0900","344","4","false","","","false","","220","MAGAPIT PUMP IRRIGATION SYSTEM","CAMAL","LAT.E1-2","220","Dry Crop 2026"
"204413","41144","1515-B","7693","MULTIPOLYGON (((121.69036116353313 18.282159756454, 121.6901422220771 18.28257253281368, 121.69005142131026 18.28253407713846, 121.68995320292501 18.2826923045921, 121.69057092468287 18.282969883829043, 121.69097948746776 18.283148607754285, 121.69126903719042 18.282562279814005, 121.69070660937136 18.282304944143135, 121.69036116353313 18.282159756454)))","LANDHOLDER","7945","7947","2026-02-16 11:46:51.918 +0900","2026-05-20 18:01:15.007 +0900","344","4","false","","","false","","350","MAGAPIT PUMP IRRIGATION SYSTEM","CAMAL","LAT.E1-2","350","Dry Crop 2026"
"204474","41171","1516","7693","MULTIPOLYGON (((121.69126904 18.28256228, 121.69097949 18.28314861, 121.69254647 18.28385641, 121.69284504 18.28325899, 121.69126904 18.28256228)))","TENANT","13298","13302","2026-02-24 16:34:01.235 +0900","2026-07-08 14:59:05.119 +0900","344","4","false","","","false","","408","MAGAPIT PUMP IRRIGATION SYSTEM","CAMAL","LAT.E1-2","408","Dry Crop 2026"
"202241","40121","1517-A","7693","MULTIPOLYGON (((121.69249164846873 18.284037639934976, 121.69330084959502 18.28439691670389, 121.69385832917546 18.28303214505343, 121.69364642766196 18.282938905640364, 121.69311741562166 18.282713963646692, 121.69284504056746 18.28325898563476, 121.6925464729323 18.283856414203157, 121.69255422328261 18.283879167309642, 121.69255599073287 18.283907554516027, 121.69249164846873 18.284037639934976)))","TENANT","14754","14759","2026-01-20 12:12:25.261 +0900","2026-05-20 18:01:15.007 +0900","344","4","false","","","false","","192","MAGAPIT PUMP IRRIGATION SYSTEM","CAMAL","LAT.E1-2","192","Dry Crop 2026"
"204463","40140","1517-B","7693","MULTIPOLYGON (((121.6939759 18.28468907, 121.69455039 18.28333666, 121.69385833 18.28303215, 121.69330085 18.28439692, 121.6939759 18.28468907)))","TENANT","12840","12844","2026-02-23 11:27:03.720 +0900","2026-07-08 14:59:05.119 +0900","344","4","false","","","false","","397","MAGAPIT PUMP IRRIGATION SYSTEM","CAMAL","LAT.E1-2","397","Dry Crop 2026"
"202208","40101","1518","7693","MULTIPOLYGON (((121.69537562385106 18.283670498032293, 121.69560829554047 18.283141470692634, 121.69527556559125 18.28301624095226, 121.69516279732872 18.28326706414879, 121.693772987747 18.28269763606252, 121.69364642766196 18.282938905640364, 121.69385832917546 18.28303214505343, 121.69455038906645 18.283336658100126, 121.69515247143049 18.283588578603947, 121.69537562385106 18.283670498032293)))","TENANT","7527","7529","2026-01-12 15:52:36.402 +0900","2026-05-20 18:01:15.007 +0900","344","4","false","","","false","","160","MAGAPIT PUMP IRRIGATION SYSTEM","CAMAL","LAT.E1-2","160","Dry Crop 2026"
"220383","40097","1521","7694","MULTIPOLYGON (((121.69823178642272 18.28424281349661, 121.69733757023276 18.283864060949902, 121.6961806241949 18.28340027875707, 121.69608177432676 18.283643630775888, 121.69811678711375 18.28452767360484, 121.69823178642272 18.28424281349661)))","TENANT","7530","7533","2026-06-05 10:32:20.356 +0900","2026-07-08 14:59:05.119 +0900","344","4","false","","","false","","32737","MAGAPIT PUMP IRRIGATION SYSTEM","CAMAL","LAT.E1-5","32737","Dry Crop 2026"
"206149","41766","1527","7693","MULTIPOLYGON (((121.69453044747762 18.285207389071456, 121.69461925824478 18.284982886256685, 121.69397590089294 18.284689065003427, 121.69330084959502 18.28439691670389, 121.69249164846873 18.284037639934976, 121.69239712209898 18.284231835765596, 121.69453044747762 18.285207389071456)))","TENANT","6312","6314","2026-04-08 23:37:15.073 +0900","2026-05-20 18:01:15.007 +0900","344","4","false","","","false","","439","MAGAPIT PUMP IRRIGATION SYSTEM","CAMAL","LAT.E1-2","439","Dry Crop 2026"
"202202","40095","1528","7693","MULTIPOLYGON (((121.69239712209898 18.284231835765596, 121.69227872051557 18.284441001582575, 121.69352991428937 18.285011385192803, 121.69444162230575 18.285433783404034, 121.69453044747762 18.285207389071456, 121.69239712209898 18.284231835765596)))","TENANT","6616","6619","2026-01-12 13:06:40.035 +0900","2026-05-20 18:01:15.007 +0900","344","4","false","","","false","","154","MAGAPIT PUMP IRRIGATION SYSTEM","CAMAL","LAT.E1-2","154","Dry Crop 2026"
"202217","40108","1529-B","7693","MULTIPOLYGON (((121.6917392354971 18.28561203924107, 121.6930259930284 18.28619401993788, 121.69338868330414 18.285360379607788, 121.69352991428937 18.285011385192803, 121.69227872051557 18.284441001582575, 121.6920412356015 18.2849501286203, 121.6917392354971 18.28561203924107)))","TENANT","21060","21067","2026-01-14 09:57:39.123 +0900","2026-05-20 18:01:15.007 +0900","344","4","false","","","false","","169","MAGAPIT PUMP IRRIGATION SYSTEM","CAMAL","LAT.E1-2","169","Dry Crop 2026"
"202258","40133","1530-C1","7693","MULTIPOLYGON (((121.6930259930284 18.28619401993788, 121.69280124858551 18.286709405434284, 121.6938741786189 18.287166464019304, 121.69408616057349 18.286625001952004, 121.6930259930284 18.28619401993788)))","TENANT","7728","7730","2026-01-20 12:32:12.988 +0900","2026-05-20 18:01:15.007 +0900","344","4","false","","","false","","209","MAGAPIT PUMP IRRIGATION SYSTEM","CAMAL","LAT.E1-2","209","Dry Crop 2026"
"202248","40126","1530-C2","7693","MULTIPOLYGON (((121.69408616057349 18.286625001952004, 121.6938741786189 18.287166464019304, 121.69493033737811 18.28760498105815, 121.69516788901672 18.28708639236951, 121.69408616057349 18.286625001952004)))","LANDHOLDER","7811","7814","2026-01-20 12:25:00.876 +0900","2026-05-20 18:01:15.007 +0900","344","4","false","","","false","","199","MAGAPIT PUMP IRRIGATION SYSTEM","CAMAL","LAT.E1-2","199","Dry Crop 2026"
"202249","40126","1530-C3","7693","MULTIPOLYGON (((121.69672746798625 18.287997471805028, 121.69658512179191 18.28796623419944, 121.69655483954975 18.288043586385214, 121.69657623972326 18.288094807598192, 121.6965237089594 18.288234433342197, 121.69699154053156 18.28843435803387, 121.69770429402807 18.288719184617328, 121.697842341726 18.28879579238459, 121.69832019037769 18.28898064881905, 121.69840253570075 18.288826092176812, 121.69778972301079 18.288549515858676, 121.69780988499221 18.288501415486202, 121.69748150624864 18.288322305859673, 121.69744770195969 18.288340992223265, 121.69684380342648 18.288064473793042, 121.69672746798625 18.287997471805028)))","LANDHOLDER","5648","5650","2026-01-20 12:25:00.876 +0900","2026-05-20 18:01:15.007 +0900","344","4","false","","","false","","200","MAGAPIT PUMP IRRIGATION SYSTEM","CAMAL","LAT.E1-2","200","Dry Crop 2026"
"202252","40129","1530-C4","7693","MULTIPOLYGON (((121.69601860876796 18.287457292137464, 121.69594996771447 18.287632749635996, 121.69572673222774 18.287561234261148, 121.695658204021 18.28772155899935, 121.69571154124189 18.2877389481015, 121.6957767029014 18.287763984587528, 121.69582774877028 18.287822974887188, 121.69576955993757 18.28792472827331, 121.6965237089594 18.288234433342197, 121.69657623972326 18.288094807598192, 121.69655483954975 18.288043586385214, 121.69658512179191 18.28796623419944, 121.69672746798625 18.287997471805028, 121.69671888180332 18.287821487360596, 121.69656725696824 18.287706952721347, 121.69601860876796 18.287457292137464)))","TENANT","5177","5179","2026-01-20 12:27:02.610 +0900","2026-05-20 18:01:15.007 +0900","344","4","false","","","false","","203","MAGAPIT PUMP IRRIGATION SYSTEM","CAMAL","LAT.E1-2","203","Dry Crop 2026"
"202253","40129","1530-C6","7693","MULTIPOLYGON (((121.69516788901672 18.28708639236951, 121.69493033737811 18.28760498105815, 121.69539612844365 18.287812462241394, 121.69542392156298 18.28780319359006, 121.69576955993757 18.28792472827331, 121.69582774877028 18.287822974887188, 121.6957767029014 18.287763984587528, 121.69571154124189 18.2877389481015, 121.695658204021 18.28772155899935, 121.69572673222774 18.287561234261148, 121.69594996771447 18.287632749635996, 121.69601860876796 18.287457292137464, 121.69516788901672 18.28708639236951)))","TENANT","5555","5557","2026-01-20 12:27:02.610 +0900","2026-05-20 18:01:15.007 +0900","344","4","false","","","false","","204","MAGAPIT PUMP IRRIGATION SYSTEM","CAMAL","LAT.E1-2","204","Dry Crop 2026"
"202256","40131","1530-C7","7693","MULTIPOLYGON (((121.69684380342648 18.288064473793042, 121.69744770195969 18.288340992223265, 121.69748150624864 18.288322305859673, 121.69780988499221 18.288501415486202, 121.69778972301079 18.288549515858676, 121.69840253570075 18.288826092176812, 121.69847135843189 18.288626043139793, 121.69754208414342 18.288165709565714, 121.69704870816747 18.287939128596495, 121.69696552681674 18.287940453138447, 121.69684380342648 18.288064473793042)))","LANDHOLDER","3986","3987","2026-01-20 12:29:27.294 +0900","2026-05-20 18:01:15.007 +0900","344","4","false","","","false","","207","MAGAPIT PUMP IRRIGATION SYSTEM","CAMAL","LAT.E1-2","207","Dry Crop 2026"
"200735","39065","1534-ABCDEF","7694","MULTIPOLYGON (((121.69893307792687 18.28765497323634, 121.69895925760429 18.287596509455245, 121.69904129120485 18.28748356723622, 121.69982234838506 18.28657520188187, 121.69933148960908 18.286276760215735, 121.69934757065724 18.286244711123736, 121.69887223031336 18.28598988256154, 121.698155242787 18.28574286548852, 121.69788248580862 18.286469303209934, 121.69761449188454 18.287087947235932, 121.69823222145655 18.287368340699366, 121.69893307792687 18.28765497323634)))","TENANT","29744","27953","2025-12-15 15:08:52.006 +0900","2026-05-20 18:01:15.007 +0900","344","4","false","","","false","","16","MAGAPIT PUMP IRRIGATION SYSTEM","CAMAL","LAT.E1-5","16","Dry Crop 2026"
"201664","39818","1535","7694","MULTIPOLYGON (((121.698155242787 18.28574286548852, 121.69887223031336 18.28598988256154, 121.69934757065724 18.286244711123736, 121.69933148960908 18.286276760215735, 121.69982234838506 18.28657520188187, 121.70007216631511 18.286268557594646, 121.70038792035466 18.285882910769455, 121.7002241316781 18.285806129836097, 121.69934367911752 18.285438829718206, 121.69841202915298 18.285033343543116, 121.698155242787 18.28574286548852)))","TENANT","17792","17798","2025-12-20 14:56:26.785 +0900","2026-07-08 14:59:05.119 +0900","344","4","false","","","false","","103","MAGAPIT PUMP IRRIGATION SYSTEM","CAMAL","LAT.E1-5","103","Dry Crop 2026"
"202449","39844","1537-B","7695","MULTIPOLYGON (((121.70157700925508 18.284990862221004, 121.70108884905791 18.28481017477381, 121.70062216795372 18.284659577841914, 121.70052547801559 18.284905307943795, 121.70039563242999 18.2852352993099, 121.70156241477397 18.285683332766926, 121.70160639415614 18.285578458254456, 121.70167341812379 18.285320919828848, 121.70174531577874 18.285056503919293, 121.70157700925508 18.284990862221004)))","LANDHOLDER","9214","9217","2026-02-02 09:27:45.616 +0900","2026-05-20 18:01:15.007 +0900","344","4","false","","","false","","278","MAGAPIT PUMP IRRIGATION SYSTEM","CAMAL","LAT.E1-6","278","Dry Crop 2026"
"202265","40138","1539-A","7694","MULTIPOLYGON (((121.70052547801559 18.284905307943795, 121.70002772979358 18.284725886949847, 121.6998449318424 18.28520702168106, 121.69973439821672 18.28555717613402, 121.70020840087523 18.285740339736996, 121.70039563242999 18.2852352993099, 121.70052547801559 18.284905307943795)))","LANDHOLDER","5424","5426","2026-01-20 12:40:50.743 +0900","2026-07-08 14:59:05.119 +0900","344","4","false","","","false","","216","MAGAPIT PUMP IRRIGATION SYSTEM","CAMAL","LAT.E1-5","216","Dry Crop 2026"
"202266","40138","1539-B","7694","MULTIPOLYGON (((121.70062216795372 18.284659577841914, 121.7008456928324 18.28412738327121, 121.70084927211616 18.284097710280044, 121.70035542494418 18.283865687056707, 121.70033892124064 18.283858868804653, 121.70027056850182 18.284026671301692, 121.70002772979358 18.284725886949847, 121.70052547801559 18.284905307943795, 121.70062216795372 18.284659577841914)))","LANDHOLDER","5777","5779","2026-01-20 12:40:50.743 +0900","2026-07-08 14:59:05.119 +0900","344","4","false","","","false","","217","MAGAPIT PUMP IRRIGATION SYSTEM","CAMAL","LAT.E1-5","217","Dry Crop 2026"
"202442","40138","1539-E","7694","MULTIPOLYGON (((121.69939023 18.28344484, 121.69914164 18.28333756, 121.69847767 18.28499359, 121.69882301 18.28515484, 121.6995086 18.28350429, 121.69939023 18.28344484)))","LANDHOLDER","17654","8198","2026-02-02 09:16:36.792 +0900","2026-07-08 14:59:05.119 +0900","344","4","false","","","false","","271","MAGAPIT PUMP IRRIGATION SYSTEM","CAMAL","LAT.E1-5","271","Dry Crop 2026"
"204764","39843","1541","7695","MULTIPOLYGON (((121.69978031 18.2822529, 121.69945208 18.28212062, 121.69914215 18.28199177, 121.69910185 18.28208608, 121.69876026 18.28294872, 121.69867766 18.28313733, 121.69914164 18.28333756, 121.69939023 18.28344484, 121.69965086 18.28275048, 121.69983058 18.28227367, 121.69978031 18.2822529)))","TENANT","11017","11021","2026-03-24 12:12:08.262 +0900","2026-07-08 14:59:05.119 +0900","344","4","false","","","false","","419","MAGAPIT PUMP IRRIGATION SYSTEM","CAMAL","LAT.E1-6","419","Dry Crop 2026"
"204430","41153","1543-AB","7695","MULTIPOLYGON (((362773.0655322463 2022154.0234646178, 362790.07022370974 2022109.5762059411, 362795.0511680917 2022092.454209628, 362808.43745611823 2022051.9840365245, 362821.51243512094 2022009.02339123, 362783.6401691115 2021992.76602826, 362757.6940852269 2021981.6281971291, 362745.24172427197 2022017.4287348746, 362727.49710991123 2022074.0869772197, 362714.2842665779 2022126.3237997, 362773.0655322463 2022154.0234646178)))","TENANT","10518","10518","2026-02-16 12:26:25.182 +0900","2026-07-08 14:59:05.119 +0900","344","4","false","","","false","","364","MAGAPIT PUMP IRRIGATION SYSTEM","CAMAL","LAT.E1-6","364","Dry Crop 2026"
"201642","39803","1544-A","7695","MULTIPOLYGON (((121.70207190134307 18.284695686553786, 121.70216524755573 18.284415105182145, 121.70219889488756 18.28424654503444, 121.70231639535172 18.28389007354846, 121.7023616327699 18.283746910327192, 121.70235048185603 18.283662440313726, 121.70232721743228 18.283622898364047, 121.70232742669823 18.283594768346948, 121.70239703746645 18.283342057959764, 121.70229727446839 18.2832935572606, 121.70225034812273 18.283267920383548, 121.70218583750112 18.283230911534044, 121.70205927305307 18.283618266005607, 121.70192993077742 18.283983096336307, 121.70188166451771 18.284137491431924, 121.70171782727044 18.284538026205286, 121.70207190134307 18.284695686553786)))","TENANT","5221","5223","2025-12-18 17:14:36.918 +0900","2026-05-20 18:01:15.007 +0900","344","4","false","","","false","","82","MAGAPIT PUMP IRRIGATION SYSTEM","CAMAL","LAT.E1-6","82","Dry Crop 2026"
"202447","39783","1544-B","7695","MULTIPOLYGON (((121.7023666661927 18.28483728227187, 121.70244102279354 18.284554821514195, 121.70252571301825 18.284254390037745, 121.70260758377337 18.283937060497905, 121.70266209435282 18.28373488410931, 121.70267431240116 18.28367589100883, 121.70266871594683 18.283636469008492, 121.70266595956268 18.283611132004097, 121.70269572011347 18.283569136826344, 121.7027434206431 18.283490692521234, 121.70254683686747 18.2834063376546, 121.70239703746645 18.283342057959764, 121.70232742669823 18.283594768346948, 121.70232721743228 18.283622898364047, 121.70235048185603 18.283662440313726, 121.7023616327699 18.283746910327192, 121.70231639535172 18.28389007354846, 121.70219889488756 18.28424654503444, 121.70216524755573 18.284415105182145, 121.70207190134307 18.284695686553786, 121.7023666661927 18.28483728227187)))","TENANT","5153","5154","2026-02-02 09:23:58.512 +0900","2026-05-20 18:01:15.007 +0900","344","4","false","","","false","","276","MAGAPIT PUMP IRRIGATION SYSTEM","CAMAL","LAT.E1-6","276","Dry Crop 2026"
"204429","41153","1545-A","7695","MULTIPOLYGON (((362876.88652774243 2021968.5921317546, 362863.81154873973 2022011.864086073, 362859.8131481958 2022028.1652575214, 362880.66114965687 2022037.3525124025, 362944.16026547353 2022064.521061238, 362944.129276899 2022047.6646238184, 362944.44058592286 2022041.127134317, 362950.0441483526 2022019.335502646, 362953.46854761516 2022007.1944507149, 362955.64771078224 2021998.7891070703, 362954.7137837107 2021993.1855446405, 362876.88652774243 2021968.5921317546)))","LANDHOLDER","5690","5690","2026-02-16 12:26:25.182 +0900","2026-07-08 14:59:05.119 +0900","344","4","false","","","false","","363","MAGAPIT PUMP IRRIGATION SYSTEM","CAMAL","LAT.E1-6","363","Dry Crop 2026"
"201643","39803","1545-B","7695","MULTIPOLYGON (((121.70271233717587 18.28286912833304, 121.70344685099018 18.28309635020129, 121.70362165536561 18.282557411913572, 121.70329870491015 18.282425816816293, 121.702881651599 18.28227670381897, 121.70281542597273 18.282470361408613, 121.70276968728398 18.282681036859596, 121.70271233717587 18.28286912833304)))","TENANT","5447","5449","2025-12-18 17:14:36.922 +0900","2026-05-20 18:01:15.007 +0900","344","4","false","","","false","","83","MAGAPIT PUMP IRRIGATION SYSTEM","CAMAL","LAT.E1-6","83","Dry Crop 2026"
"202197","40090","1546-AB","7695","MULTIPOLYGON (((121.70362165536561 18.282557411913572, 121.70401414141162 18.28143417984817, 121.70321444929179 18.281126087797205, 121.702881651599 18.28227670381897, 121.70329870491015 18.282425816816293, 121.70362165536561 18.282557411913572)))","LANDHOLDER","11450","11453","2026-01-12 12:34:21.179 +0900","2026-05-20 18:01:15.007 +0900","344","4","false","","","false","","150","MAGAPIT PUMP IRRIGATION SYSTEM","CAMAL","LAT.E1-6","150","Dry Crop 2026"
"201701","39844","1547-B","7695","MULTIPOLYGON (((121.70124561714452 18.280929229327267, 121.70130232709398 18.28075936335388, 121.70076131690351 18.280549494232663, 121.70042880411361 18.281591441409567, 121.70077427962403 18.281733773988346, 121.7004416441442 18.28252601841766, 121.7008328091567 18.282679703891837, 121.70136765595596 18.282889839045584, 121.70164891793193 18.282082110477567, 121.70094408970216 18.281799245119686, 121.70124561714452 18.280929229327267)))","LANDHOLDER","17012","17017","2025-12-20 15:47:32.884 +0900","2026-05-20 18:01:15.007 +0900","344","4","false","","","false","","136","MAGAPIT PUMP IRRIGATION SYSTEM","CAMAL","LAT.E1-6","136","Dry Crop 2026"
"201702","39844","1547-C","7695","MULTIPOLYGON (((121.70124561714452 18.280929229327267, 121.70094408970216 18.281799245119686, 121.70164891793193 18.282082110477567, 121.70194476963036 18.28117611295686, 121.70124561714452 18.280929229327267)))","LANDHOLDER","8219","8221","2025-12-20 15:47:32.886 +0900","2026-05-20 18:01:15.007 +0900","344","4","false","","","false","","137","MAGAPIT PUMP IRRIGATION SYSTEM","CAMAL","LAT.E1-6","137","Dry Crop 2026"
"201703","39845","1547-D","7695","MULTIPOLYGON (((121.7025351521164 18.28087177675627, 121.70211262180433 18.280706224083424, 121.70194476963036 18.28117611295686, 121.70164891793193 18.282082110477567, 121.70136765595596 18.282889839045584, 121.70158402336097 18.282979268000798, 121.70182869759664 18.283081576788753, 121.70217444900408 18.28197785330301, 121.7025351521164 18.28087177675627)))","TENANT","12781","12785","2025-12-20 15:50:54.570 +0900","2026-05-20 18:01:15.007 +0900","344","4","false","","","false","","138","MAGAPIT PUMP IRRIGATION SYSTEM","CAMAL","LAT.E1-6","138","Dry Crop 2026"
"206146","41764","1547-E","7695","MULTIPOLYGON (((121.70281542597273 18.282470361408613, 121.702881651599 18.28227670381897, 121.70217444900408 18.28197785330301, 121.70182869759664 18.283081576788753, 121.70218583750112 18.283230911534044, 121.70225034812273 18.283267920383548, 121.70229727446839 18.2832935572606, 121.70239703746645 18.283342057959764, 121.70254683686747 18.2834063376546, 121.70258575326903 18.28325929625922, 121.70271233717587 18.28286912833304, 121.70276968728398 18.282681036859596, 121.70281542597273 18.282470361408613)))","TENANT","10528","10532","2026-04-08 23:35:28.231 +0900","2026-05-20 18:01:15.007 +0900","344","4","false","","","false","","438","MAGAPIT PUMP IRRIGATION SYSTEM","CAMAL","LAT.E1-6","438","Dry Crop 2026"
"204414","41145","1547-F","7695","MULTIPOLYGON (((121.70321444929179 18.281126087797205, 121.7025351521164 18.28087177675627, 121.70217444900408 18.28197785330301, 121.702881651599 18.28227670381897, 121.70321444929179 18.281126087797205)))","TENANT","10273","10277","2026-02-16 11:50:37.107 +0900","2026-05-20 18:01:15.007 +0900","344","4","false","","","false","","351","MAGAPIT PUMP IRRIGATION SYSTEM","CAMAL","LAT.E1-6","351","Dry Crop 2026"
"202231","40118","1548-A","7695","MULTIPOLYGON (((121.69945208467861 18.28212061715551, 121.69977189848758 18.281455029933905, 121.69991833471396 18.281202540822594, 121.7004069643169 18.280004173576987, 121.69998252878194 18.279829145058766, 121.69984255075948 18.280189368441576, 121.6996695585899 18.28063454893746, 121.69949460646724 18.28108477048093, 121.69930420007928 18.281574758896184, 121.69920756208823 18.28182344414395, 121.69914215283606 18.28199176583686, 121.69945208467861 18.28212061715551)))","TENANT","11333","11337","2026-01-20 12:02:08.057 +0900","2026-05-20 18:01:15.007 +0900","344","4","false","","","false","","183","MAGAPIT PUMP IRRIGATION SYSTEM","CAMAL","LAT.E1-6","183","Dry Crop 2026"
"202232","40118","1548-B","7695","MULTIPOLYGON (((121.70062210324556 18.28009832823347, 121.7004069643169 18.280004173576987, 121.69991833471396 18.281202540822594, 121.69977189848758 18.281455029933905, 121.69945208467861 18.28212061715551, 121.69978030834713 18.28225290285038, 121.70062210324556 18.28009832823347)))","TENANT","7431","7434","2026-01-20 12:02:08.057 +0900","2026-05-20 18:01:15.007 +0900","344","4","false","","","false","","184","MAGAPIT PUMP IRRIGATION SYSTEM","CAMAL","LAT.E1-6","184","Dry Crop 2026"
"202205","40098","1549-A","7695","MULTIPOLYGON (((121.70411955160367 18.281105741763724, 121.70421916156272 18.2807583474531, 121.70276385375473 18.28020745697232, 121.69987011940842 18.279102921476465, 121.69977273592362 18.279416278053635, 121.70283400893202 18.280625994572553, 121.70411955160367 18.281105741763724)))","TENANT","19161","19167","2026-01-12 15:33:24.275 +0900","2026-07-08 14:59:05.119 +0900","344","4","false","","","false","","157","MAGAPIT PUMP IRRIGATION SYSTEM","CAMAL","LAT.E1-6","157","Dry Crop 2026"
"202268","40140","1549-A1","7695","MULTIPOLYGON (((121.70407282902049 18.28126432632668, 121.70411955160367 18.281105741763724, 121.70283400893202 18.280625994572553, 121.69977273592362 18.279416278053635, 121.6997262073744 18.27954837918962, 121.70139544397351 18.28022086696628, 121.70263722011767 18.280726810000665, 121.70407282902049 18.28126432632668)))","TENANT","8502","8505","2026-01-20 14:52:39.242 +0900","2026-05-20 18:01:15.007 +0900","344","4","false","","","false","","219","MAGAPIT PUMP IRRIGATION SYSTEM","CAMAL","LAT.E1-6","219","Dry Crop 2026"
"204427","41152","1549-B","7695","MULTIPOLYGON (((121.70401414141162 18.28143417984817, 121.70407282902049 18.28126432632668, 121.70263722011767 18.280726810000665, 121.70139544397351 18.28022086696628, 121.6997262073744 18.27954837918962, 121.69968243035927 18.279709820056386, 121.69998252878194 18.279829145058766, 121.7004069643169 18.280004173576987, 121.70062210324556 18.28009832823347, 121.70211262180433 18.280706224083424, 121.7025351521164 18.28087177675627, 121.70321444929179 18.281126087797205, 121.70401414141162 18.28143417984817)))","TENANT","9505","9504","2026-02-16 12:23:00.168 +0900","2026-05-20 18:01:15.007 +0900","344","4","false","","","false","","361","MAGAPIT PUMP IRRIGATION SYSTEM","CAMAL","LAT.E1-6","361","Dry Crop 2026"
"201700","39843","1550-AB","7695","MULTIPOLYGON (((121.69923471119287 18.2783419276973, 121.69921307245686 18.278334648658873, 121.6988357734885 18.27919614387643, 121.69925449160016 18.279340869034236, 121.69925809920912 18.279388185563302, 121.6997262073744 18.27954837918962, 121.69977273592362 18.279416278053635, 121.69987011940842 18.279102921476465, 121.70005371490592 18.278602705579594, 121.69923471119287 18.2783419276973)))","LANDHOLDER","10397","10400","2025-12-20 15:44:52.074 +0900","2026-05-20 18:01:15.007 +0900","344","4","false","","","false","","135","MAGAPIT PUMP IRRIGATION SYSTEM","CAMAL","LAT.E1-6","135","Dry Crop 2026"
"202227","40115","1551-AB","7695","MULTIPOLYGON (((121.70437232203632 18.280066083958577, 121.70316363663336 18.279636989722764, 121.70191327047324 18.279221792770187, 121.70111543180276 18.278932622027185, 121.70035903652949 18.27866264661083, 121.7003152988863 18.278685995299448, 121.70005371490592 18.278602705579594, 121.69987011940842 18.279102921476465, 121.70276385375473 18.28020745697232, 121.70421916156272 18.2807583474531, 121.70437161604552 18.2802278180135, 121.70437232203632 18.280066083958577)))","TENANT","34421","34432","2026-01-20 11:44:52.913 +0900","2026-05-20 18:01:15.007 +0900","344","4","false","","","false","","179","MAGAPIT PUMP IRRIGATION SYSTEM","CAMAL","LAT.E1-6","179","Dry Crop 2026"
"202263","40136","1553-A","7695","MULTIPOLYGON (((121.70204920013698 18.278783845602987, 121.70330151557579 18.279202838111285, 121.70346943219096 18.278723489671, 121.7034045114916 18.27866629895367, 121.70318534212619 18.278581578504202, 121.70217938774854 18.278273543273837, 121.70208196472267 18.278638408576576, 121.70204920013698 18.278783845602987)))","TENANT","8494","8497","2026-01-20 12:34:53.987 +0900","2026-05-20 18:01:15.007 +0900","344","4","false","","","false","","214","MAGAPIT PUMP IRRIGATION SYSTEM","CAMAL","LAT.E1-6","214","Dry Crop 2026"
"202257","40132","1553-B","7695","MULTIPOLYGON (((121.70204920013698 18.278783845602987, 121.70191327047324 18.279221792770187, 121.70316363663336 18.279636989722764, 121.70330151557579 18.279202838111285, 121.70204920013698 18.278783845602987)))","TENANT","7052","7054","2026-01-20 12:31:17.724 +0900","2026-05-20 18:01:15.007 +0900","344","4","false","","","false","","208","MAGAPIT PUMP IRRIGATION SYSTEM","CAMAL","LAT.E1-6","208","Dry Crop 2026"
"202259","40134","1554","7695","MULTIPOLYGON (((121.70053450068671 18.278204089097407, 121.7004428154604 18.278447564534122, 121.70035903652949 18.27866264661083, 121.70111543180276 18.278932622027185, 121.70191327047324 18.279221792770187, 121.70204920013698 18.278783845602987, 121.70208196472267 18.278638408576576, 121.70202024483582 18.27868338992866, 121.70053450068671 18.278204089097407)))","TENANT","9897","9900","2026-01-20 12:32:59.894 +0900","2026-05-20 18:01:15.007 +0900","344","4","false","","","false","","210","MAGAPIT PUMP IRRIGATION SYSTEM","CAMAL","LAT.E1-6","210","Dry Crop 2026"
"202858","40357","1577-A","7688","MULTIPOLYGON (((121.69792163669116 18.259454907063727, 121.69778993301777 18.25966620409107, 121.69779850855122 18.259690769266918, 121.69775352598721 18.25976637453065, 121.69803832790859 18.2599147556341, 121.69830368809939 18.260069579091457, 121.69848550486726 18.26018557945181, 121.69860849891542 18.25996764769741, 121.69872618072948 18.259958884341916, 121.69886138776873 18.259781083186738, 121.69792163669116 18.259454907063727)))","LANDHOLDER","4558","4560","2026-02-05 09:15:32.913 +0900","2026-05-20 18:01:15.007 +0900","344","4","false","","","false","","295","MAGAPIT PUMP IRRIGATION SYSTEM","CAMAL","LAT.E-4","295","Dry Crop 2026"
"202864","40357","1577-B","7688","MULTIPOLYGON (((121.69775352598721 18.25976637453065, 121.69747777498696 18.260166170524492, 121.69741491304727 18.260206388083663, 121.69703697395724 18.260550496808396, 121.69703154121964 18.260607841620352, 121.69705510855195 18.260635497540648, 121.69710132197335 18.260646571293005, 121.69799777321693 18.260571382046717, 121.69799992434798 18.260450655765244, 121.69804937077704 18.260363724004375, 121.698156112987 18.260311850216098, 121.69842141629196 18.26030648221214, 121.69848550486726 18.26018557945181, 121.69830368809939 18.260069579091457, 121.69803832790859 18.2599147556341, 121.69775352598721 18.25976637453065)))","LANDHOLDER","7266","7268","2026-02-05 09:15:32.913 +0900","2026-05-20 18:01:15.007 +0900","344","4","false","","","false","","301","MAGAPIT PUMP IRRIGATION SYSTEM","CAMAL","LAT.E-4","301","Dry Crop 2026"
"202860","40357","1578-2","7688","MULTIPOLYGON (((121.69676321121786 18.25909017835661, 121.69702365939605 18.25915463958642, 121.69737457399619 18.259286304538215, 121.69792163669116 18.259454907063727, 121.69886138776873 18.259781083186738, 121.69905973634465 18.259525408866693, 121.69755108796916 18.258975996775153, 121.6972033402794 18.25879550699099, 121.69676321121786 18.25909017835661)))","LANDHOLDER","8296","8298","2026-02-05 09:15:32.913 +0900","2026-05-20 18:01:15.007 +0900","344","4","false","","","false","","297","MAGAPIT PUMP IRRIGATION SYSTEM","CAMAL","LAT.E-4","297","Dry Crop 2026"
"202859","40357","1582-B","7688","MULTIPOLYGON (((121.6972033402794 18.25879550699099, 121.69755108796916 18.258975996775153, 121.69905973634465 18.259525408866693, 121.69909163144952 18.25947751108481, 121.69921664434133 18.259289775361, 121.69805038061735 18.2588012715004, 121.69760181404146 18.25854956468287, 121.6972033402794 18.25879550699099)))","LANDHOLDER","7318","7321","2026-02-05 09:15:32.913 +0900","2026-05-20 18:01:15.007 +0900","344","4","false","","","false","","296","MAGAPIT PUMP IRRIGATION SYSTEM","CAMAL","LAT.E-4","296","Dry Crop 2026"
"201635","39799","1583-2","7688","MULTIPOLYGON (((121.69760168109728 18.258549547078587, 121.69805079418268 18.258801833452846, 121.6992165947513 18.259289764297183, 121.69965292218963 18.25856002485944, 121.69860758720301 18.25795379925338, 121.69855466932215 18.2579108791468, 121.6980361798816 18.25823433979704, 121.69760168109728 18.258549547078587)))","TENANT","10110","17010","2025-12-18 16:56:18.295 +0900","2026-07-08 14:59:05.119 +0900","344","4","false","","","false","","75","MAGAPIT PUMP IRRIGATION SYSTEM","CAMAL","LAT.E-4","75","Dry Crop 2026"
"201662","39816","1585","7693","MULTIPOLYGON (((121.69269867249729 18.287063843064097, 121.69258992883908 18.287305233446762, 121.69258963104616 18.28734495656021, 121.69260528799282 18.287369655428396, 121.6926546077011 18.28739458457383, 121.6929114617144 18.287472008411825, 121.6934068104635 18.287698613192752, 121.69424785458158 18.28803918783673, 121.6951384065786 18.288380096994064, 121.69638651231695 18.288838833814776, 121.6970022513317 18.289121109542123, 121.69730826155298 18.289246154776606, 121.6976638758467 18.289358295869512, 121.69775869887513 18.289389208896626, 121.6978435503666 18.289429512314413, 121.69792830302774 18.28948305675991, 121.69802905262655 18.2895159017175, 121.69806869880685 18.289510496800595, 121.69810855682364 18.28947671816668, 121.69815261527917 18.289410809633075, 121.69820719598287 18.289261738984226, 121.69797815802553 18.289171269789225, 121.69791268474907 18.289187848775594, 121.69787506120149 18.289187592416038, 121.69781981373063 18.28916073248364, 121.69775293943151 18.289099743125586, 121.69771953055242 18.289065465278007, 121.69678571629541 18.288682655807346, 121.69531277631663 18.28810131955788, 121.69459816290343 18.28780133828672, 121.69317066892502 18.28723543009366, 121.69269867249729 18.287063843064097)))","TENANT","22187","22194","2025-12-20 14:50:53.392 +0900","2026-05-20 18:01:15.007 +0900","344","4","false","","","false","","101","MAGAPIT PUMP IRRIGATION SYSTEM","CAMAL","LAT.E1-2","101","Dry Crop 2026"
"204424","41151","1590-C","7688","MULTIPOLYGON (((121.6928851904056 18.260264609409056, 121.69328249923662 18.25964683518664, 121.69275948022654 18.25939640207073, 121.69257305318501 18.25972985522127, 121.69247047315918 18.259685221464455, 121.69237993761259 18.25987416145617, 121.69231926155433 18.25998069382369, 121.6928851904056 18.260264609409056)))","TENANT","5123","5124","2026-02-16 12:19:08.701 +0900","2026-05-20 18:01:15.007 +0900","344","4","false","","","false","","358","MAGAPIT PUMP IRRIGATION SYSTEM","CAMAL","LAT.E-4","358","Dry Crop 2026"
"202862","40357","1591-B","7688","MULTIPOLYGON (((121.69328249923662 18.25964683518664, 121.6928851904056 18.260264609409056, 121.6936193876381 18.260613646405808, 121.69440807888579 18.260220266129704, 121.69441722131198 18.26016892401436, 121.69438511068829 18.260112518626286, 121.69395736086994 18.259921913537074, 121.69390227347867 18.259926319369413, 121.69332224817639 18.259664759862915, 121.69328249923662 18.25964683518664)))","LANDHOLDER","9304","9307","2026-02-05 09:15:32.913 +0900","2026-05-20 18:01:15.007 +0900","344","4","false","","","false","","299","MAGAPIT PUMP IRRIGATION SYSTEM","CAMAL","LAT.E-4","299","Dry Crop 2026"
"204465","40085","1593","7688","MULTIPOLYGON (((121.69438511068829 18.260112518626286, 121.69452978245094 18.26017566921771, 121.69528792073865 18.259771994664025, 121.69495703773443 18.2595115204435, 121.69490439271647 18.259492792241026, 121.69486281992364 18.259478002914584, 121.69469099799886 18.259364458359926, 121.69452840373509 18.259271897047093, 121.69390227347867 18.259926319369413, 121.69395736086994 18.259921913537074, 121.69438511068829 18.260112518626286)))","TENANT","7391","7393","2026-02-24 11:42:56.960 +0900","2026-05-20 18:01:15.007 +0900","344","4","false","","","false","","399","MAGAPIT PUMP IRRIGATION SYSTEM","CAMAL","LAT.E-4","399","Dry Crop 2026"
"202865","40357","1594-C","7688","MULTIPOLYGON (((121.69332224817639 18.259664759862915, 121.69390227347867 18.259926319369413, 121.69452840373509 18.259271897047093, 121.69429325521477 18.259135206531475, 121.69389135337521 18.258918477802624, 121.69376789460672 18.258863242031577, 121.69333629928599 18.25963948836385, 121.69332224817639 18.259664759862915)))","LANDHOLDER","7883","7886","2026-02-05 09:15:32.913 +0900","2026-05-20 18:01:15.007 +0900","344","4","false","","","false","","302","MAGAPIT PUMP IRRIGATION SYSTEM","CAMAL","LAT.E-4","302","Dry Crop 2026"
"202871","40357","1595-D","7688","MULTIPOLYGON (((121.69429325521477 18.259135206531475, 121.69440311409063 18.258959327824485, 121.69437702720658 18.258934045326242, 121.69446552882982 18.258727835657375, 121.69468412548585 18.258777144936083, 121.69499696457189 18.25776792464032, 121.69510755590409 18.257451883443974, 121.69519668326075 18.25749672290706, 121.69529185466142 18.257318651371868, 121.69541774535203 18.257048141486862, 121.69524689145283 18.257001162915234, 121.69499087292257 18.256930766858332, 121.69477288411922 18.257280444581333, 121.69430862706999 18.25812485439525, 121.69410507249314 18.258574151444297, 121.69389135337521 18.258918477802624, 121.69429325521477 18.259135206531475)))","TENANT","12999","13003","2026-02-05 09:15:32.913 +0900","2026-05-20 18:01:15.007 +0900","344","4","false","","","false","","308","MAGAPIT PUMP IRRIGATION SYSTEM","CAMAL","LAT.E-4","308","Dry Crop 2026"
"204451","40085","1596","7688","MULTIPOLYGON (((362032.99589214136 2019387.59107582, 362061.793972379 2019351.4246325046, 362080.97626408096 2019329.861090798, 362081.43928491516 2019326.2892157913, 362073.10490989976 2019307.8345282576, 362108.7575141321 2019217.0824447565, 362116.0335558121 2019190.4918197077, 362136.4064725163 2019135.8553612737, 362153.6043892146 2019098.945986206, 362143.2281520021 2019092.4110648013, 362094.99918077333 2019062.036611138, 362067.2403501514 2019111.6032013847, 362085.34188908903 2019116.6730695725, 362072.2450140649 2019146.7032779611, 362062.3231390466 2019166.480882164, 362052.86428486253 2019161.5860904884, 362041.4210556747 2019196.6433822194, 362009.1418889487 2019308.5621324254, 361985.99084723945 2019303.2704657489, 361976.7965763892 2019326.1569241246, 361979.5747013943 2019328.9350491296, 361968.09839926683 2019348.481142888, 361993.06845139374 2019363.4301012482, 362010.33251392405 2019373.550413766, 362028.5887639561 2019385.9858304544, 362032.99589214136 2019387.59107582)))","TENANT","21708","21708","2026-02-23 10:13:03.480 +0900","2026-07-08 14:59:05.119 +0900","344","4","false","","","false","","385","MAGAPIT PUMP IRRIGATION SYSTEM","CAMAL","LAT.E-4","385","Dry Crop 2026"
"201693","39839","1597-AD2","7688","MULTIPOLYGON (((121.69490439271647 18.259492792241026, 121.69517919656504 18.25916784810932, 121.69536207126865 18.25897423596428, 121.69536669140041 18.258941990208612, 121.69528911332948 18.258774695513974, 121.69563242550379 18.257956954371398, 121.6957030331958 18.257717149326528, 121.69589939692491 18.257224764901327, 121.6960645363123 18.256892358340124, 121.69596684344202 18.256832639882283, 121.69551276580698 18.25655506661594, 121.69524689145283 18.257001162915234, 121.69541774535203 18.257048141486862, 121.69529185466142 18.257318651371868, 121.69519668326075 18.25749672290706, 121.69510755590409 18.257451883443974, 121.69499696457189 18.25776792464032, 121.69468412548585 18.258777144936083, 121.69446552882982 18.258727835657375, 121.69437702720658 18.258934045326242, 121.69440311409063 18.258959327824485, 121.69429325521477 18.259135206531475, 121.69452840373509 18.259271897047093, 121.69469099799886 18.259364458359926, 121.69486281992364 18.259478002914584, 121.69490439271647 18.259492792241026)))","TENANT","3687","21716","2025-12-20 15:32:02.211 +0900","2026-05-20 18:01:15.007 +0900","344","4","false","","","false","","129","MAGAPIT PUMP IRRIGATION SYSTEM","CAMAL","LAT.E-4","129","Dry Crop 2026"
"201695","39839","1597-B","7688","MULTIPOLYGON (((121.69568979350184 18.25957419683274, 121.6961500701314 18.259346610823034, 121.69676179820628 18.25902800510867, 121.69707229017365 18.25883526025048, 121.6968309459203 18.25864832150316, 121.69650039368045 18.258427302159006, 121.69597446945541 18.258649660062343, 121.69536669140041 18.258941990208612, 121.69536207126865 18.25897423596428, 121.69540869544979 18.259014003788774, 121.69541335195544 18.259060658231512, 121.69542536371 18.259127685530274, 121.6955241717671 18.259300504440127, 121.6956147752347 18.25939914924459, 121.69568979350184 18.25957419683274)))","TENANT","11441","11444","2025-12-20 15:32:02.221 +0900","2026-05-20 18:01:15.007 +0900","344","4","false","","","false","","131","MAGAPIT PUMP IRRIGATION SYSTEM","CAMAL","LAT.E-4","131","Dry Crop 2026"
"201694","39839","1597-C","7688","MULTIPOLYGON (((121.69536669140041 18.258941990208612, 121.69597446945541 18.258649660062343, 121.69650039368045 18.258427302159006, 121.6962539656813 18.25825108720362, 121.69610027581219 18.258055181101987, 121.69617352013918 18.257881143799214, 121.6957030331958 18.257717149326528, 121.69563242550379 18.257956954371398, 121.69528911332948 18.258774695513974, 121.69536669140041 18.258941990208612)))","TENANT","8242","8245","2025-12-20 15:32:02.219 +0900","2026-05-20 18:01:15.007 +0900","344","4","false","","","false","","130","MAGAPIT PUMP IRRIGATION SYSTEM","CAMAL","LAT.E-4","130","Dry Crop 2026"
"201650","39809","1598","7688","MULTIPOLYGON (((121.696762792336 18.258057970774004, 121.69678713499091 18.258231407301047, 121.69650039368045 18.258427302159006, 121.6968309459203 18.25864832150316, 121.69707229017365 18.25883526025048, 121.69780586175642 18.25836864636833, 121.69739021013558 18.258065758535196, 121.69717599980837 18.25793160493601, 121.69687258577956 18.25801441645857, 121.696762792336 18.258057970774004)))","TENANT","7274","7277","2025-12-18 17:29:22.583 +0900","2026-05-20 18:01:15.007 +0900","344","4","false","","","false","","90","MAGAPIT PUMP IRRIGATION SYSTEM","CAMAL","LAT.E-4","90","Dry Crop 2026"
"201605","39784","1598-C","7688","MULTIPOLYGON (((121.697176 18.2579316, 121.69739021 18.25806576, 121.69780586 18.25836865, 121.69786373 18.2583272, 121.6979609 18.25821549, 121.69799284 18.25812724, 121.69778293 18.25775164, 121.69770401 18.25776425, 121.69766037 18.25774363, 121.69761035 18.2577397, 121.697176 18.2579316)))","TENANT","2946","3147","2025-12-18 15:36:54.128 +0900","2026-07-08 14:59:05.119 +0900","344","4","false","","","false","","46","MAGAPIT PUMP IRRIGATION SYSTEM","CAMAL","LAT.E-4","46","Dry Crop 2026"
"201604","39784","1599-B","7688","MULTIPOLYGON (((121.69665751193962 18.25749292918149, 121.69672297880771 18.25777430681119, 121.69675827308224 18.258025771969475, 121.69691298629364 18.257965976776553, 121.69712354688453 18.25791839671588, 121.69723644553525 18.257879715272967, 121.6975904848661 18.257719543116238, 121.69763813809881 18.257705223084034, 121.69770180466311 18.25772478360601, 121.69774310184631 18.257723869163144, 121.69780077103067 18.257708720652058, 121.6978310216157 18.25767904010857, 121.69716149937923 18.25719151978821, 121.69665751193962 18.25749292918149)))","TENANT","6062","6064","2025-12-18 15:36:54.126 +0900","2026-05-20 18:01:15.007 +0900","344","4","false","","","false","","45","MAGAPIT PUMP IRRIGATION SYSTEM","CAMAL","LAT.E-4","45","Dry Crop 2026"
"201599","39781","1600-A","7688","MULTIPOLYGON (((121.69716149937923 18.25719151978821, 121.6978310216157 18.25767904010857, 121.69785019663767 18.25762447851304, 121.69787548711224 18.257588786938072, 121.69814693109457 18.25743044261611, 121.69817944338445 18.25743305468233, 121.69820308177377 18.257451147298777, 121.69825806147243 18.257461084905113, 121.69830946583744 18.2574470890762, 121.6984582645967 18.25746005562056, 121.69849958844067 18.257455554826326, 121.6985191016142 18.257439548879145, 121.6985194256069 18.257422699286394, 121.69850368031855 18.257410155355764, 121.69817356651924 18.257214246427846, 121.69763054862338 18.256877020074093, 121.69716149937923 18.25719151978821)))","TENANT","5562","5563","2025-12-18 15:26:37.602 +0900","2026-05-20 18:01:15.007 +0900","344","4","false","","","false","","42","MAGAPIT PUMP IRRIGATION SYSTEM","CAMAL","LAT.E-4","42","Dry Crop 2026"
"204466","39784","1601-B","7688","MULTIPOLYGON (((121.6957030331958 18.257717149326528, 121.69617352013918 18.257881143799214, 121.69642479989321 18.25740706470834, 121.69589939692491 18.257224764901327, 121.6957030331958 18.257717149326528)))","TENANT","3269","3270","2026-02-24 11:44:32.038 +0900","2026-05-20 18:01:15.007 +0900","344","4","false","","","false","","400","MAGAPIT PUMP IRRIGATION SYSTEM","CAMAL","LAT.E-4","400","Dry Crop 2026"
"202261","40135","1607","7687","MULTIPOLYGON (((121.69477065430098 18.256406552626906, 121.69464705111784 18.25670576856558, 121.69500590041211 18.25690666106742, 121.69499087292257 18.256930766858332, 121.69524689145283 18.257001162915234, 121.69551276580698 18.25655506661594, 121.6949391068792 18.256217026432065, 121.69477065430098 18.256406552626906)))","TENANT","4528","4529","2026-01-20 12:34:41.106 +0900","2026-05-20 18:01:15.007 +0900","344","4","false","","","false","","212","MAGAPIT PUMP IRRIGATION SYSTEM","CAMAL","LAT.E-3","212","Dry Crop 2026"
"201637","39801","1609-A","7687","MULTIPOLYGON (((361891.54570955393 2019039.0855390767, 361917.256305029 2019002.6009797833, 361934.8908842976 2019012.397968266, 361945.30028186284 2018996.4207533984, 361935.85230548034 2018988.8793193353, 361904.6314720896 2018960.899631784, 361871.02445706975 2019001.2150817513, 361824.4627219421 2019054.9590069572, 361861.6366803438 2019084.393902845, 361891.4023053986 2019039.0178610953, 361891.54570955393 2019039.0855390767)))","TENANT","5329","5329","2025-12-18 17:05:31.040 +0900","2026-07-08 14:59:05.119 +0900","344","4","false","","","false","","77","MAGAPIT PUMP IRRIGATION SYSTEM","CAMAL","LAT.E-3","77","Dry Crop 2026"
"202327","40175","1609-B","7687","MULTIPOLYGON (((361945.30028186284 2018996.4207533984, 361934.8908842976 2019012.397968266, 361917.256305029 2019002.6009797833, 361891.54570955393 2019039.0855390767, 361943.2606388274 2019063.4918194737, 361930.8252221381 2019088.0319236855, 361976.730430556 2019110.918382061, 361986.2554305732 2019115.0855695694, 362003.5856389384 2019079.3668195035, 362016.41793062905 2019046.1616111079, 361965.3533472015 2019012.4272360455, 361945.30028186284 2018996.4207533984)))","TENANT","7545","7545","2026-01-27 11:09:11.321 +0900","2026-07-08 14:59:05.119 +0900","344","4","false","","","false","","241","MAGAPIT PUMP IRRIGATION SYSTEM","CAMAL","LAT.E-3","241","Dry Crop 2026"
"201598","39781","1610","7687","MULTIPOLYGON (((121.69371919388614 18.25562890936961, 121.69348871986432 18.2554198697235, 121.69336610823122 18.25553624254233, 121.69260142350261 18.25623155626463, 121.692778607566 18.256338564113687, 121.69295464333638 18.256473657117407, 121.69339863274963 18.255991031804278, 121.69371919388614 18.25562890936961)))","TENANT","4992","4994","2025-12-18 15:26:37.600 +0900","2026-05-20 18:01:15.007 +0900","344","4","false","","","false","","41","MAGAPIT PUMP IRRIGATION SYSTEM","CAMAL","LAT.E-3","41","Dry Crop 2026"
"201646","39806","1614","7687","MULTIPOLYGON (((121.69503587917595 18.25565701832541, 121.69496519905766 18.25573902274333, 121.69469394363561 18.256039622861525, 121.6949391068792 18.256217026432065, 121.69551276580698 18.25655506661594, 121.69596684344202 18.256832639882283, 121.69638268313727 18.256344018834046, 121.69625351807748 18.256215225395277, 121.69612225235461 18.256032622117885, 121.69574050420971 18.255547057550018, 121.6956414229533 18.255578659622465, 121.69560707093318 18.25565493459141, 121.69553163638555 18.255703434113016, 121.69534613678687 18.25574640156803, 121.69516606127051 18.255733219472855, 121.69503587917595 18.25565701832541)))","TENANT","12989","12993","2025-12-18 17:20:09.018 +0900","2026-05-20 18:01:15.007 +0900","344","4","false","","","false","","86","MAGAPIT PUMP IRRIGATION SYSTEM","CAMAL","LAT.E-3","86","Dry Crop 2026"
"202325","40173","1615","7687","MULTIPOLYGON (((121.69611022930931 18.255967089080432, 121.6966743677103 18.255484979105745, 121.69664779360242 18.255441164053497, 121.6967655021333 18.255344535991817, 121.6966549351608 18.255238583107385, 121.69722549639006 18.254817483196152, 121.69732554565695 18.254739861828835, 121.69687485655098 18.25460648943915, 121.69638679341901 18.254954629733678, 121.69596712194691 18.25526657232417, 121.69577720354869 18.2554077383281, 121.69571536664016 18.25547844649229, 121.69611022930931 18.255967089080432)))","TENANT","9444","9447","2026-01-27 11:02:14.740 +0900","2026-05-20 18:01:15.007 +0900","344","4","false","","","false","","239","MAGAPIT PUMP IRRIGATION SYSTEM","CAMAL","LAT.E-3","239","Dry Crop 2026"
"202315","40165","1616-A","7687","MULTIPOLYGON (((121.69611022930931 18.255967089080432, 121.6962632428802 18.256169565504877, 121.6967320850452 18.255714899424508, 121.69676684961213 18.255750999780634, 121.69745917686365 18.255192653263194, 121.69735745663704 18.25507480641811, 121.69741368491147 18.255001070868442, 121.69722549639006 18.254817483196152, 121.6966549351608 18.255238583107385, 121.6967655021333 18.255344535991817, 121.69664779360242 18.255441164053497, 121.6966743677103 18.255484979105745, 121.69611022930931 18.255967089080432)))","TENANT","6268","6270","2026-01-27 09:40:44.945 +0900","2026-05-20 18:01:15.007 +0900","344","4","false","","","false","","229","MAGAPIT PUMP IRRIGATION SYSTEM","CAMAL","LAT.E-3","229","Dry Crop 2026"
"202341","40183","1619-A/B","7688","MULTIPOLYGON (((121.70017569266 18.2568297795658, 121.70021530028777 18.256863050324863, 121.70052130249745 18.25664950881754, 121.70067074984102 18.256575209719685, 121.70073470087956 18.25655651656466, 121.70082905290963 18.25648782059212, 121.70079682517711 18.256446956317472, 121.70086221397152 18.256403168295364, 121.70067227236046 18.25620223773849, 121.70048952689046 18.25604319683673, 121.70039291216887 18.255846278766516, 121.70018096544268 18.255790375035293, 121.70007013495182 18.255661307785026, 121.69997302112148 18.255500716544, 121.6998026678499 18.255184773310265, 121.69963079257857 18.255256731764657, 121.69904632700316 18.255445228451546, 121.6985352593437 18.255690408781213, 121.69850243571105 18.25572963561461, 121.69907236316187 18.256149528766763, 121.69943294515572 18.25645442961482, 121.69998704508774 18.25698419464889, 121.70006303504107 18.256925876760466, 121.70017569266 18.2568297795658)))","TENANT","23282","23290","2026-01-27 11:30:13.818 +0900","2026-05-20 18:01:15.007 +0900","344","4","false","","","false","","254","MAGAPIT PUMP IRRIGATION SYSTEM","CAMAL","LAT.E-4","254","Dry Crop 2026"
"202314","40165","1621-C","7688","MULTIPOLYGON (((121.69780268660708 18.25694812548416, 121.69854190297062 18.257402047096488, 121.69858929558941 18.257422692110737, 121.69863426604374 18.257432561546512, 121.69907222484149 18.25742836633161, 121.69919994090034 18.257416084426104, 121.6993341975269 18.257365592308282, 121.69942410677157 18.25731843075313, 121.69965705307148 18.2571920542103, 121.69929930081774 18.25684294107529, 121.69923326554495 18.25680543315949, 121.69898852897803 18.256738019616257, 121.69848619320227 18.2564823631673, 121.69805138538734 18.256231946661565, 121.6979972989063 18.256186151438992, 121.69795479201512 18.25622351910913, 121.69795988668791 18.25625344014587, 121.69801194946945 18.25631894662254, 121.69802154889676 18.256374002860163, 121.69780109944713 18.256909262398306, 121.69780268660708 18.25694812548416)))","TENANT","14018","14023","2026-01-27 09:40:44.945 +0900","2026-05-20 18:01:15.007 +0900","344","4","false","","","false","","228","MAGAPIT PUMP IRRIGATION SYSTEM","CAMAL","LAT.E-4","228","Dry Crop 2026"
"202866","40357","1637-C","7689","MULTIPOLYGON (((121.6946189764226 18.261326914311013, 121.6947317519823 18.261361890667825, 121.69535212185372 18.261562773572457, 121.69578954162326 18.261632103187726, 121.69584461169407 18.261630087629253, 121.69586853597802 18.261609927975805, 121.69593606584654 18.261375892123013, 121.6958915198183 18.261380557510456, 121.69560654424588 18.2613391651146, 121.695522768446 18.261331421287853, 121.69461382710705 18.26106820016925, 121.6946189764226 18.261326914311013)))","LANDHOLDER","3999","4000","2026-02-05 09:15:32.913 +0900","2026-05-20 18:01:15.007 +0900","344","4","false","","","false","","303","MAGAPIT PUMP IRRIGATION SYSTEM","CAMAL","LAT.E-5","303","Dry Crop 2026"
"204405","41140","1643","7692","MULTIPOLYGON (((121.68756651066774 18.284243072129083, 121.68748981353386 18.284404394111377, 121.68738085125952 18.28467415484537, 121.68844011742776 18.28509002739806, 121.6886408831692 18.284729493223267, 121.68756651066774 18.284243072129083)))","TENANT","5978","5980","2026-02-16 11:35:58.957 +0900","2026-05-20 18:01:15.007 +0900","344","4","false","","","false","","343","MAGAPIT PUMP IRRIGATION SYSTEM","CAMAL","LAT.E1-1","343","Dry Crop 2026"
"201698","39842","1644-A","7692","MULTIPOLYGON (((121.68933246531286 18.285451782963044, 121.68956907282873 18.284796995007333, 121.68914290003751 18.284589772103423, 121.68927399631589 18.284272870177876, 121.68897005243586 18.28413836863286, 121.6886408831692 18.284729493223267, 121.68844011742776 18.28509002739806, 121.68933246531286 18.285451782963044)))","TENANT","9046","9049","2025-12-20 15:41:47.383 +0900","2026-05-20 18:01:15.007 +0900","344","4","false","","","false","","134","MAGAPIT PUMP IRRIGATION SYSTEM","CAMAL","LAT.E1-1","134","Dry Crop 2026"
"201641","39802","1644-B","7692","MULTIPOLYGON (((121.68897005243586 18.28413836863286, 121.68927399631589 18.284272870177876, 121.68971023968219 18.284457461724855, 121.68988760223958 18.284044401148325, 121.68950479446654 18.28386395975387, 121.68797058730559 18.283144058162158, 121.6877997249124 18.283613911562323, 121.68897005243586 18.28413836863286)))","TENANT","11769","11773","2025-12-18 17:12:30.581 +0900","2026-05-20 18:01:15.007 +0900","344","4","false","","","false","","81","MAGAPIT PUMP IRRIGATION SYSTEM","CAMAL","LAT.E1-1","81","Dry Crop 2026"
"204406","41140","1645-A","7692","MULTIPOLYGON (((361561.5524190862 2022306.9072691184, 361561.88076774916 2022306.289201047, 361587.41847662645 2022238.0149181301, 361582.13688716455 2022235.6076630694, 361488.98158765404 2022191.8560729623, 361464.4890707041 2022264.4962728044, 361561.5524190862 2022306.9072691184)))","TENANT","7787","8032","2026-02-16 11:35:58.957 +0900","2026-07-08 14:59:05.119 +0900","344","4","false","","","false","","344","MAGAPIT PUMP IRRIGATION SYSTEM","CAMAL","LAT.E1-1","344","Dry Crop 2026"
"204411","41144","1645-B","7692","MULTIPOLYGON (((361587.41847662645 2022238.0149181301, 361561.88076774916 2022306.289201047, 361561.5524190862 2022306.9072691184, 361675.29218667524 2022356.6048835565, 361703.7621209077 2022293.3848825404, 361643.68218616716 2022263.6589217975, 361587.41847662645 2022238.0149181301)))","LANDHOLDER","9334","9089","2026-02-16 11:46:51.918 +0900","2026-07-08 14:59:05.119 +0900","344","4","false","","","false","","348","MAGAPIT PUMP IRRIGATION SYSTEM","CAMAL","LAT.E1-1","348","Dry Crop 2026"
"201689","39835","1648","7692","MULTIPOLYGON (((121.69247637464045 18.283961868479075, 121.69248664390797 18.283912755190865, 121.69247893610238 18.28388432734989, 121.69244542999726 18.28386328973182, 121.69171126493558 18.283532898255366, 121.69105011151039 18.2832370542047, 121.69059613366831 18.283040994266212, 121.69004158330186 18.282789385597727, 121.68950479446654 18.28386395975387, 121.68988760223958 18.284044401148325, 121.68971023968219 18.284457461724855, 121.68927399631589 18.284272870177876, 121.68914290003751 18.284589772103423, 121.68956907282873 18.284796995007333, 121.69044726277437 18.28519837348459, 121.6908093095563 18.2844517511101, 121.69196791390405 18.284957193555588, 121.69215708171009 18.284553669777207, 121.69247637464045 18.283961868479075)))","TENANT","49375","49392","2025-12-20 15:22:14.754 +0900","2026-05-20 18:01:15.007 +0900","344","4","false","","","false","","126","MAGAPIT PUMP IRRIGATION SYSTEM","CAMAL","LAT.E1-1","126","Dry Crop 2026"
"201611","39787","1649","7691","MULTIPOLYGON (((121.69004158330186 18.282789385597727, 121.6890982191398 18.282366750564428, 121.68847256039936 18.282091949854735, 121.68797058730559 18.283144058162158, 121.68950479446654 18.28386395975387, 121.69004158330186 18.282789385597727)))","LANDHOLDER","5336","23647","2025-12-18 15:48:53.092 +0900","2026-07-20 14:54:20.985 +0900","344","4","false","","","false","","52","MAGAPIT PUMP IRRIGATION SYSTEM","CAMAL","LAT.E-7","52","Dry Crop 2026"
"202235","40119","1650-1","7692","MULTIPOLYGON (((121.68847256039936 18.282091949854735, 121.6879356523602 18.281865048166196, 121.6874610475655 18.281648031184258, 121.68724537715397 18.282151626587947, 121.68753532737492 18.282303059601873, 121.68733103867976 18.28287294168371, 121.68797058730559 18.283144058162158, 121.68847256039936 18.282091949854735)))","LANDHOLDER","12281","12285","2026-01-20 12:04:03.021 +0900","2026-05-20 18:01:15.007 +0900","344","4","false","","","false","","186","MAGAPIT PUMP IRRIGATION SYSTEM","CAMAL","LAT.E1-1","186","Dry Crop 2026"
"204432","41155","1654","7692","MULTIPOLYGON (((121.68525595758793 18.283112164513156, 121.68502734298885 18.283755651417913, 121.68548346663367 18.283929039045958, 121.68568283135716 18.284013643478612, 121.68593739737851 18.284130785612998, 121.6860562062386 18.28385286225307, 121.68621153762882 18.28348950206033, 121.68525595758793 18.283112164513156)))","TENANT","7912","8031","2026-02-17 12:19:12.731 +0900","2026-05-20 18:01:15.007 +0900","344","4","false","","","false","","366","MAGAPIT PUMP IRRIGATION SYSTEM","CAMAL","LAT.E1-1","366","Dry Crop 2026"
"204668","39322","1657-ABCD","7692","MULTIPOLYGON (((121.68551905874986 18.282359197459943, 121.68505090164018 18.282206535716917, 121.68456294446885 18.282053736621638, 121.68442504560186 18.2824840883645, 121.68406944191975 18.28342369210464, 121.68455939669799 18.28357461470963, 121.68502734298885 18.283755651417913, 121.68525595758793 18.283112164513156, 121.6852164552333 18.28309865112103, 121.68551905874986 18.282359197459943)))","TENANT","16920","16925","2026-03-17 11:36:44.910 +0900","2026-05-20 18:01:15.007 +0900","344","4","false","","","false","","418","MAGAPIT PUMP IRRIGATION SYSTEM","CAMAL","LAT.E1-1","418","Dry Crop 2026"
"202207","40100","1658-A","7692","MULTIPOLYGON (((121.68296569479268 18.283011617220428, 121.68351441492422 18.281646075804037, 121.68351536246654 18.28164552263968, 121.68368973399258 18.28125889965293, 121.68386383125211 18.28085164889914, 121.68322404562504 18.280574809820035, 121.6830356623333 18.280872395917683, 121.68274238590595 18.281424634352373, 121.68252372249604 18.282060619865568, 121.6822512231198 18.28274541726056, 121.68296569479268 18.283011617220428)))","TENANT","27904","21156","2026-01-12 15:46:00.911 +0900","2026-05-20 18:01:15.007 +0900","344","4","false","","","false","","159","MAGAPIT PUMP IRRIGATION SYSTEM","CAMAL","LAT.E1-1","159","Dry Crop 2026"
"202414","39317","1658-B","7692","MULTIPOLYGON (((121.68442867853709 18.28247275081237, 121.68442863171909 18.282472750900475, 121.68333583134118 18.28209050054285, 121.68296569479268 18.283011617220428, 121.68302682866344 18.28303439449959, 121.68362904787098 18.283265542921637, 121.68406944191975 18.28342369210464, 121.68442504560186 18.2824840883645, 121.68442867853709 18.28247275081237)))","LANDHOLDER","13763","13768","2026-01-28 15:38:35.191 +0900","2026-05-20 18:01:15.007 +0900","344","4","false","","","false","","268","MAGAPIT PUMP IRRIGATION SYSTEM","CAMAL","LAT.E1-1","268","Dry Crop 2026"
"200770","39317","1658-C","7692","MULTIPOLYGON (((121.68333583134118 18.28209050054285, 121.68442863171909 18.282472750900475, 121.68442867853709 18.28247275081237, 121.68456294446885 18.282053736621638, 121.68405739569026 18.28187054851384, 121.68351452610042 18.2816473770566, 121.68351536246654 18.28164552263968, 121.68351441492422 18.281646075804037, 121.68333583134118 18.28209050054285)))","LANDHOLDER","6045","6047","2025-12-15 15:49:35.671 +0900","2026-05-20 18:01:15.007 +0900","344","4","false","","","false","","30","MAGAPIT PUMP IRRIGATION SYSTEM","CAMAL","LAT.E1-1","30","Dry Crop 2026"
"200772","39319","1660-A","7692","MULTIPOLYGON (((121.68495547394866 18.279892366427948, 121.68485111478165 18.279814090070783, 121.68471738264657 18.279692103165118, 121.68472357952359 18.27965809572936, 121.68418464723933 18.279438736896225, 121.68380413982482 18.279275443989338, 121.6836392982956 18.27966898264606, 121.68423224889446 18.279953598788463, 121.68413553633798 18.280174258549632, 121.68480289054335 18.280432334558515, 121.68487381870115 18.28021717206614, 121.68495547394866 18.279892366427948)))","TENANT","8578","8580","2025-12-15 15:54:00.625 +0900","2026-05-20 18:01:15.007 +0900","344","4","false","","","false","","32","MAGAPIT PUMP IRRIGATION SYSTEM","CAMAL","LAT.E1-1","32","Dry Crop 2026"
"201683","39832","1672-A&B","7692","MULTIPOLYGON (((121.68473597 18.27801432, 121.6844429 18.27880302, 121.68418465 18.27943874, 121.68472358 18.2796581, 121.68490544 18.27917508, 121.68507901 18.2787393, 121.68527681 18.27824315, 121.68473597 18.27801432)))","TENANT","6092","10259","2025-12-20 15:17:46.649 +0900","2026-07-08 14:59:05.119 +0900","344","4","false","","","false","","120","MAGAPIT PUMP IRRIGATION SYSTEM","CAMAL","LAT.E1-1","120","Dry Crop 2026"
"201633","39798","1708","7688","MULTIPOLYGON (((121.6979972989063 18.256186151438992, 121.69805138538734 18.256231946661565, 121.69848619320227 18.2564823631673, 121.69898852897803 18.256738019616257, 121.69923326554495 18.25680543315949, 121.69929930081774 18.25684294107529, 121.69965705307148 18.2571920542103, 121.69985120861384 18.257078908384408, 121.69998704508774 18.25698419464889, 121.69943294515572 18.25645442961482, 121.69907236316187 18.256149528766763, 121.69850243571105 18.25572963561461, 121.69830763088474 18.255846063207716, 121.6979972989063 18.256186151438992)))","LANDHOLDER","11751","11755","2025-12-18 16:53:27.317 +0900","2026-05-20 18:01:15.007 +0900","344","4","false","","","false","","73","MAGAPIT PUMP IRRIGATION SYSTEM","CAMAL","LAT.E-4","73","Dry Crop 2026"
"202869","40357","1712","7689","MULTIPOLYGON (((121.6947317519823 18.261361890667825, 121.69444005169275 18.26218866901179, 121.69443006576593 18.26221697237949, 121.69435577095565 18.262426203411742, 121.69501883757908 18.26262804066466, 121.69531253697363 18.26183686023799, 121.69525661303236 18.261785672139318, 121.69535212185372 18.261562773572457, 121.6947317519823 18.261361890667825)))","TENANT","9014","9017","2026-02-05 09:15:32.913 +0900","2026-05-20 18:01:15.007 +0900","344","4","false","","","false","","306","MAGAPIT PUMP IRRIGATION SYSTEM","CAMAL","LAT.E-5","306","Dry Crop 2026"
"204390","41127","1812","7687","MULTIPOLYGON (((121.69131585 18.25785776, 121.6915249 18.25799754, 121.69176801 18.25814026, 121.69161295 18.25837249, 121.69134078 18.25869887, 121.69133904 18.25870493, 121.69134044 18.25870559, 121.69153805 18.25880079, 121.69179929 18.25891973, 121.6921215 18.25833138, 121.69222983 18.2581516, 121.69174857 18.25792327, 121.69171635 18.25788121, 121.69172415 18.25784181, 121.69187233 18.25760374, 121.69145174 18.25720965, 121.69124105 18.25735824, 121.69121851 18.25736047, 121.69096722 18.25757839, 121.69131585 18.25785776)))","TENANT","9471","18772","2026-02-16 10:48:45.699 +0900","2026-06-05 12:56:19.269 +0900","344","4","false","","","false","","329","MAGAPIT PUMP IRRIGATION SYSTEM","CAMAL","LAT.E-3","329","Dry Crop 2026"
"201638","39801","1812-A","7687","MULTIPOLYGON (((361655.410479728 2019303.0990294707, 361655.58977730904 2019302.4266635417, 361684.1081130959 2019266.1033095394, 361700.3185355432 2019240.2867108271, 361674.5019368309 2019224.6766743963, 361651.1619304369 2019209.0666379659, 361615.20626837044 2019178.7148789628, 361572.74475273665 2019214.2051009855, 361554.81923187186 2019230.675413514, 361574.7952735738 2019250.4530177154, 361600.9890236199 2019272.6780177546, 361628.83641950233 2019290.2066636186, 361655.410479728 2019303.0990294707)))","TENANT","9279","9279","2025-12-18 17:05:31.045 +0900","2026-07-08 14:59:05.119 +0900","344","4","false","","","false","","78","MAGAPIT PUMP IRRIGATION SYSTEM","CAMAL","LAT.E-3","78","Dry Crop 2026"
"204425","41151","1813-A","7688","MULTIPOLYGON (((121.69051657811104 18.2587794562417, 121.69078756870202 18.258432238330727, 121.69036311551844 18.258053364488823, 121.69051657811104 18.2587794562417)))","TENANT","1463","1463","2026-02-16 12:19:08.701 +0900","2026-05-20 18:01:15.007 +0900","344","4","false","","","false","","359","MAGAPIT PUMP IRRIGATION SYSTEM","CAMAL","LAT.E-4","359","Dry Crop 2026"
"204467","40173","1813-B","7688","MULTIPOLYGON (((121.69078756870202 18.258432238330727, 121.69051657811104 18.2587794562417, 121.69100296894362 18.258991390215147, 121.69164989956823 18.25931042117135, 121.69247047315918 18.259685221464455, 121.69257305318501 18.25972985522127, 121.69275948022654 18.25939640207073, 121.69154378092901 18.2588286219529, 121.69118212543742 18.25866834917846, 121.69094288745073 18.258535213116073, 121.69078756870202 18.258432238330727)))","TENANT","9114","10118","2026-02-24 11:45:55.862 +0900","2026-05-20 18:01:15.007 +0900","344","4","false","","","false","","401","MAGAPIT PUMP IRRIGATION SYSTEM","CAMAL","LAT.E-4","401","Dry Crop 2026"
"204431","41154","1815-B","7688","MULTIPOLYGON (((121.6907186381123 18.259745050164824, 121.69202555798267 18.26049636343038, 121.69231926155433 18.25998069382369, 121.69237993761259 18.25987416145617, 121.69142387944807 18.2593882497529, 121.69054322659956 18.2589422994385, 121.69063418330694 18.259327259597924, 121.6907186381123 18.259745050164824)))","LANDHOLDER","13962","13966","2026-02-16 12:28:04.091 +0900","2026-05-20 18:01:15.007 +0900","344","4","false","","","false","","365","MAGAPIT PUMP IRRIGATION SYSTEM","CAMAL","LAT.E-4","365","Dry Crop 2026"
"201606","39785","1816-A","7688","MULTIPOLYGON (((121.67848263977409 18.294128705601665, 121.67804213223515 18.29396518176389, 121.67764666133054 18.294705101911322, 121.67792192581597 18.29481565239089, 121.67868941030063 18.295165389480065, 121.67891797260393 18.294601139228014, 121.6790216370745 18.29434522200824, 121.67848263977409 18.294128705601665)))","TENANT","3314","10994","2025-12-18 15:40:03.348 +0900","2026-07-08 14:43:23.830 +0900","344","4","false","","","false","","47","MAGAPIT PUMP IRRIGATION SYSTEM","CAMAL","LAT.E-4","47","Dry Crop 2026"
"201623","39794","1816-B","7688","MULTIPOLYGON (((121.69075585198661 18.260539383691672, 121.69142027155976 18.260891057047704, 121.69177407921846 18.261078323872198, 121.69265603284279 18.261018003965773, 121.69203818635982 18.26064797333186, 121.69074244524842 18.259907495647436, 121.69076136196233 18.26005466565613, 121.69075597200168 18.26010603321076, 121.69075585198661 18.260539383691672)))","TENANT","10211","10214","2025-12-18 16:47:22.271 +0900","2026-05-20 18:01:15.007 +0900","344","4","false","","","false","","64","MAGAPIT PUMP IRRIGATION SYSTEM","CAMAL","LAT.E-4","64","Dry Crop 2026"
"202448","39794","1816-C","7688","MULTIPOLYGON (((121.69074244524842 18.259907495647436, 121.69203818635982 18.26064797333186, 121.69265603284279 18.261018003965773, 121.69282877408055 18.261008723875158, 121.69202555798267 18.26049636343038, 121.6907186381123 18.259745050164824, 121.69074244524842 18.259907495647436)))","TENANT","3314","3315","2026-02-02 09:25:53.821 +0900","2026-05-20 18:01:15.007 +0900","344","4","false","","","false","","277","MAGAPIT PUMP IRRIGATION SYSTEM","CAMAL","LAT.E-4","277","Dry Crop 2026"
"201619","39792","1825","7688","MULTIPOLYGON (((121.69231926155433 18.25998069382369, 121.69202555798267 18.26049636343038, 121.69282877408055 18.261008723875158, 121.6936193876381 18.260613646405808, 121.6928851904056 18.260264609409056, 121.69231926155433 18.25998069382369)))","TENANT","7877","9175","2025-12-18 16:40:35.986 +0900","2026-05-20 18:01:15.007 +0900","344","4","false","","","false","","60","MAGAPIT PUMP IRRIGATION SYSTEM","CAMAL","LAT.E-4","60","Dry Crop 2026"
"202254","40130","1826-G","7687","MULTIPOLYGON (((121.69376789460672 18.258863242031577, 121.69343702567933 18.258704317092082, 121.69295749894896 18.258475163894456, 121.69222983043247 18.258151604560133, 121.69212150488448 18.258331377638303, 121.69179928773252 18.25891972882389, 121.69277374150127 18.259371693845782, 121.69333629928599 18.25963948836385, 121.69376789460672 18.258863242031577)))","TENANT","17617","17623","2026-01-20 12:29:05.733 +0900","2026-05-20 18:01:15.007 +0900","344","4","false","","","false","","205","MAGAPIT PUMP IRRIGATION SYSTEM","CAMAL","LAT.E-3","205","Dry Crop 2026"
"204472","41169","1827-C","7687","MULTIPOLYGON (((121.69191149035167 18.2575956355075, 121.69178280172484 18.257821294145234, 121.69177873494753 18.257863107185376, 121.69180224735427 18.257897936032915, 121.69226221558766 18.25812941112247, 121.69266106259164 18.257583423269278, 121.69313858693387 18.25697341719666, 121.69330422681578 18.256742032512392, 121.69295464333638 18.256473657117407, 121.692523480903 18.256907650223965, 121.69191149035167 18.2575956355075)))","TENANT","11231","11234","2026-02-24 16:19:59.382 +0900","2026-05-20 18:01:15.007 +0900","344","4","false","","","false","","406","MAGAPIT PUMP IRRIGATION SYSTEM","CAMAL","LAT.E-3","406","Dry Crop 2026"
"204449","39807","1828","7687","MULTIPOLYGON (((121.69389135337521 18.258918477802624, 121.69410507249314 18.258574151444297, 121.69430862706999 18.25812485439525, 121.69477288411922 18.257280444581333, 121.69499087292257 18.256930766858332, 121.69500590041211 18.25690666106742, 121.69464705111784 18.25670576856558, 121.69448073855874 18.257027406681413, 121.69439093693084 18.256989137301765, 121.69393694740674 18.25779894807466, 121.69343702567933 18.258704317092082, 121.69376789460672 18.258863242031577, 121.69389135337521 18.258918477802624)))","TENANT","12941","12945","2026-02-23 10:08:31.249 +0900","2026-05-20 18:01:15.007 +0900","344","4","false","","","false","","383","MAGAPIT PUMP IRRIGATION SYSTEM","CAMAL","LAT.E-3","383","Dry Crop 2026"
"202863","40357","1840","7686","MULTIPOLYGON (((121.70278329998561 18.252389689602083, 121.70297305457377 18.25223992862395, 121.7031915132278 18.25207352402619, 121.70338911263734 18.251916722891412, 121.70329206219402 18.25178872139917, 121.70324378713337 18.251691013591298, 121.70323829648375 18.251638540580174, 121.70324845726006 18.251589919004484, 121.70325147315923 18.25144761363851, 121.70323982491662 18.25143255307346, 121.70284324396586 18.25125757720905, 121.70277496723872 18.251214042292823, 121.70263632888452 18.251143812631163, 121.70262399956033 18.251220510085016, 121.70260986324033 18.251276595508457, 121.70256824662825 18.25133811281331, 121.70248515234205 18.251442421257668, 121.70229590351238 18.251589082360265, 121.70216021143685 18.251649961823755, 121.70278329998561 18.252389689602083)))","LANDHOLDER","9413","9416","2026-02-05 09:15:32.913 +0900","2026-05-20 18:01:15.007 +0900","344","4","false","","","false","","300","MAGAPIT PUMP IRRIGATION SYSTEM","CAMAL","LAT.E-1","300","Dry Crop 2026"
"201675","39826","1874","7691","MULTIPOLYGON (((121.69167921862424 18.273339506676482, 121.69147287567304 18.2732624278919, 121.6912492489389 18.27390595901947, 121.69225257040189 18.274249541139508, 121.69250848154395 18.27365730466876, 121.69167921862424 18.273339506676482)))","TENANT","8415","8418","2025-12-20 15:11:03.462 +0900","2026-05-20 18:01:15.007 +0900","344","4","false","","","false","","113","MAGAPIT PUMP IRRIGATION SYSTEM","CAMAL","LAT.E-7","113","Dry Crop 2026"
"204428","41153","1939","7695","MULTIPOLYGON (((121.7033422340041 18.283740264144026, 121.7027434206431 18.283490692521234, 121.70269572011347 18.283569136826344, 121.70266595956268 18.283611132004097, 121.70266871594683 18.283636469008492, 121.70267431240116 18.28367589100883, 121.70266209435282 18.28373488410931, 121.70260758377337 18.283937060497905, 121.70252571301825 18.284254390037745, 121.70244102279354 18.284554821514195, 121.7023666661927 18.28483728227187, 121.70297946823946 18.28506849852786, 121.70325028552794 18.28404342888243, 121.7033422340041 18.283740264144026)))","LANDHOLDER","10589","10593","2026-02-16 12:26:25.182 +0900","2026-05-20 18:01:15.007 +0900","344","4","false","","","false","","362","MAGAPIT PUMP IRRIGATION SYSTEM","CAMAL","LAT.E1-6","362","Dry Crop 2026"
"202246","40125","1998","7695","MULTIPOLYGON (((121.70364239974612 18.283946773151143, 121.70350839977127 18.283873811904584, 121.7033422340041 18.283740264144026, 121.70325028552794 18.28404342888243, 121.70297946823946 18.28506849852786, 121.702885406447 18.285411895838077, 121.70277948753393 18.285948648773925, 121.70273724141899 18.28614699290216, 121.70270789212874 18.286255845929407, 121.70303960805721 18.286332096959757, 121.70312236524072 18.285894502156317, 121.70337410012871 18.284938108031596, 121.70358393472594 18.284133323414736, 121.70364239974612 18.283946773151143)))","TENANT","10118","10121","2026-01-20 12:22:57.686 +0900","2026-05-20 18:01:15.007 +0900","344","4","false","","","false","","197","MAGAPIT PUMP IRRIGATION SYSTEM","CAMAL","LAT.E1-6","197","Dry Crop 2026"
"202244","40123","1999","7695","MULTIPOLYGON (((121.70392878761663 18.28405289912894, 121.70364239974612 18.283946773151143, 121.70358393472594 18.284133323414736, 121.70337410012871 18.284938108031596, 121.70312236524072 18.285894502156317, 121.70303960805721 18.286332096959757, 121.70338740024596 18.286439614282337, 121.70352261004508 18.28583587565147, 121.70357344314208 18.28557916867364, 121.70363720023342 18.285366364972745, 121.70373244223268 18.284962933269977, 121.70392878761663 18.28405289912894)))","LANDHOLDER","10108","10112","2026-01-20 12:21:01.851 +0900","2026-05-20 18:01:15.007 +0900","344","4","false","","","false","","195","MAGAPIT PUMP IRRIGATION SYSTEM","CAMAL","LAT.E1-6","195","Dry Crop 2026"
"204421","41149","2000-A","7695","MULTIPOLYGON (((121.70352261004508 18.28583587565147, 121.70338740024596 18.286439614282337, 121.70405718849807 18.28663598500156, 121.70420150371386 18.285999985055096, 121.70352261004508 18.28583587565147)))","LANDHOLDER","5185","5187","2026-02-16 12:11:28.552 +0900","2026-05-20 18:01:15.007 +0900","344","4","false","","","false","","355","MAGAPIT PUMP IRRIGATION SYSTEM","CAMAL","LAT.E1-6","355","Dry Crop 2026"
"204418","41147","2000-B","7695","MULTIPOLYGON (((121.70357344314208 18.28557916867364, 121.70352261004508 18.28583587565147, 121.70420150371386 18.285999985055096, 121.70430346112161 18.285550653458927, 121.70413767103496 18.285502179416945, 121.7038304751405 18.28541830718475, 121.70363720023342 18.285366364972745, 121.70357344314208 18.28557916867364)))","LANDHOLDER","3888","3881","2026-02-16 11:59:05.994 +0900","2026-05-20 18:01:15.007 +0900","344","4","false","","","false","","353","MAGAPIT PUMP IRRIGATION SYSTEM","CAMAL","LAT.E1-6","353","Dry Crop 2026"
"204415","41146","2000-C","7695","MULTIPOLYGON (((121.70373244223268 18.284962933269977, 121.70363720023342 18.285366364972745, 121.7038304751405 18.28541830718475, 121.70413767103496 18.285502179416945, 121.70430346112161 18.285550653458927, 121.70460215362144 18.28430029412895, 121.70445117141341 18.284257018854262, 121.70427940653144 18.284877063262897, 121.70413086170883 18.284841003693412, 121.70410355197816 18.28494987083772, 121.70391433986659 18.284899903835964, 121.70389524158689 18.28500103717375, 121.70373244223268 18.284962933269977)))","LANDHOLDER","5753","5754","2026-02-16 11:53:34.569 +0900","2026-05-20 18:01:15.007 +0900","344","4","false","","","false","","352","MAGAPIT PUMP IRRIGATION SYSTEM","CAMAL","LAT.E1-6","352","Dry Crop 2026"
"204422","41149","2000-D","7695","MULTIPOLYGON (((121.70373244223268 18.284962933269977, 121.70389524158689 18.28500103717375, 121.70391433986659 18.284899903835964, 121.70410355197816 18.28494987083772, 121.70413086170883 18.284841003693412, 121.70427940653144 18.284877063262897, 121.70445117141341 18.284257018854262, 121.70427234006138 18.284181806883815, 121.70392878761663 18.28405289912894, 121.70373244223268 18.284962933269977)))","LANDHOLDER","4951","4953","2026-02-16 12:11:28.552 +0900","2026-05-20 18:01:15.007 +0900","344","4","false","","","false","","356","MAGAPIT PUMP IRRIGATION SYSTEM","CAMAL","LAT.E1-6","356","Dry Crop 2026"
"202247","40125","2001","7695","MULTIPOLYGON (((121.70405718849807 18.28663598500156, 121.70476417535454 18.286836892048466, 121.70478041914103 18.286817775224915, 121.70487939514783 18.2864992792632, 121.70492470072305 18.286361152512647, 121.70493831826009 18.286153594151845, 121.70498342382572 18.286042383695577, 121.70504654303542 18.285673654651287, 121.70528938269248 18.284683190992823, 121.7053119779634 18.2846218179132, 121.70530826671619 18.284579493559768, 121.70529036737938 18.284550531943356, 121.70524830258756 18.284523329326117, 121.7047324352412 18.28433525587306, 121.70460215362144 18.28430029412895, 121.70430346112161 18.285550653458927, 121.70420150371386 18.285999985055096, 121.70405718849807 18.28663598500156)))","TENANT","21147","21154","2026-01-20 12:22:57.686 +0900","2026-05-20 18:01:15.007 +0900","344","4","false","","","false","","198","MAGAPIT PUMP IRRIGATION SYSTEM","CAMAL","LAT.E1-6","198","Dry Crop 2026"
"201625","39794","2277","7687","MULTIPOLYGON (((121.69226221558766 18.25812941112247, 121.69256536625589 18.258249234504294, 121.69297427585339 18.25844867964842, 121.6932969170779 18.25788662904832, 121.69266106259164 18.257583423269278, 121.69226221558766 18.25812941112247)))","TENANT","5616","5617","2025-12-18 16:47:22.367 +0900","2026-05-20 18:01:15.007 +0900","344","4","false","","","false","","66","MAGAPIT PUMP IRRIGATION SYSTEM","CAMAL","LAT.E-3","66","Dry Crop 2026"
"202901","39846","2278-C","7687","MULTIPOLYGON (((121.69367392338066 18.25724903755328, 121.69313858693387 18.25697341719666, 121.69266106259164 18.257583423269278, 121.6932969170779 18.25788662904832, 121.69348174970726 18.25759859128142, 121.69367392338066 18.25724903755328)))","TENANT","5775","5777","2026-02-05 09:45:43.326 +0900","2026-05-20 18:01:15.007 +0900","344","4","false","","","false","","326","MAGAPIT PUMP IRRIGATION SYSTEM","CAMAL","LAT.E-3","326","Dry Crop 2026"
"201624","39794","2279","7687","MULTIPOLYGON (((121.69395833289249 18.256779372214872, 121.6940775985864 18.256558429407605, 121.69358880161123 18.25633393468984, 121.69330422681578 18.256742032512392, 121.69313858693387 18.25697341719666, 121.69367392338066 18.25724903755328, 121.69395833289249 18.256779372214872)))","TENANT","5264","5265","2025-12-18 16:47:22.364 +0900","2026-05-20 18:01:15.007 +0900","344","4","false","","","false","","65","MAGAPIT PUMP IRRIGATION SYSTEM","CAMAL","LAT.E-3","65","Dry Crop 2026"
"204452","40085","2280-A","7687","MULTIPOLYGON (((121.69295749894896 18.258475163894456, 121.69343702567933 18.258704317092082, 121.69393694740674 18.25779894807466, 121.69439093693084 18.256989137301765, 121.69395833289249 18.256779372214872, 121.69367392338066 18.25724903755328, 121.69348174970726 18.25759859128142, 121.6932969170779 18.25788662904832, 121.69297427585339 18.25844867964842, 121.69295749894896 18.258475163894456)))","TENANT","11619","11623","2026-02-23 10:15:44.706 +0900","2026-05-20 18:01:15.007 +0900","344","4","false","","","false","","386","MAGAPIT PUMP IRRIGATION SYSTEM","CAMAL","LAT.E-3","386","Dry Crop 2026"
"200775","39321","2321","7689","MULTIPOLYGON (((121.69179667215552 18.265074047643154, 121.69263232995104 18.2653505299001, 121.69273553053532 18.265103776538005, 121.69191155870034 18.264854272348376, 121.69187950452657 18.26491559130682, 121.69179667215552 18.265074047643154)))","LANDHOLDER","2424","2601","2025-12-15 15:56:58.359 +0900","2026-06-09 16:28:02.657 +0900","344","4","false","","","false","","33","MAGAPIT PUMP IRRIGATION SYSTEM","CAMAL","LAT.E-5","33","Dry Crop 2026"
"206170","41783","2348","7690","MULTIPOLYGON (((121.69822910772984 18.271500750993294, 121.69894432832164 18.271740524375165, 121.69901827743932 18.271724291064757, 121.69909820667739 18.27174515746682, 121.699368964313 18.271849807976576, 121.69943895481558 18.2718610430216, 121.69948284695032 18.271848191498435, 121.69952698844305 18.271801868951716, 121.69973430100721 18.27135259234861, 121.6984336720627 18.270916968723892, 121.69840575228592 18.270969378680437, 121.69822910772984 18.271500750993294)))","TENANT","9488","9491","2026-04-08 23:55:59.226 +0900","2026-05-20 18:01:15.007 +0900","344","4","false","","","false","","444","MAGAPIT PUMP IRRIGATION SYSTEM","CAMAL","LAT.E-6","444","Dry Crop 2026"
"201649","39808","2349-A2","7690","MULTIPOLYGON (((121.69734041924715 18.271177905096376, 121.69719995055974 18.271542187119863, 121.69858775596795 18.2720058799659, 121.69861086689866 18.2719271372951, 121.69883181454557 18.271999172374716, 121.69887934088875 18.271834523109728, 121.69892246292648 18.271757111980886, 121.69856917605686 18.271644726573786, 121.69761138059063 18.271296904819774, 121.69742172028187 18.271224483761358, 121.69734041924715 18.271177905096376)))","TENANT","6696","6698","2025-12-18 17:22:38.107 +0900","2026-05-20 18:01:15.007 +0900","344","4","false","","","false","","89","MAGAPIT PUMP IRRIGATION SYSTEM","CAMAL","LAT.E-6","89","Dry Crop 2026"
"202206","40099","2349-B","7690","MULTIPOLYGON (((121.69719995055974 18.271542187119863, 121.69708022543766 18.27185267276516, 121.69872138100432 18.272377379788008, 121.69883181454557 18.271999172374716, 121.69861086689866 18.2719271372951, 121.69858775596795 18.2720058799659, 121.69719995055974 18.271542187119863)))","TENANT","6649","6651","2026-01-12 15:42:19.934 +0900","2026-05-20 18:01:15.007 +0900","344","4","false","","","false","","158","MAGAPIT PUMP IRRIGATION SYSTEM","CAMAL","LAT.E-6","158","Dry Crop 2026"
"206169","41783","2351","7690","MULTIPOLYGON (((121.69838761244735 18.27366380970303, 121.69851825327132 18.273171830650075, 121.69679713962559 18.272586799902687, 121.69653849945824 18.273215806051514, 121.69737442286292 18.273496026622325, 121.69740371109984 18.273511548438236, 121.69743173908965 18.273516846785167, 121.69747852546027 18.273515888590964, 121.69751719766414 18.273527643723355, 121.69754128291149 18.27352397718027, 121.69762074505024 18.273442799298582, 121.69764218590409 18.27343528415247, 121.69770096247524 18.273439514997325, 121.69838761244735 18.27366380970303)))","TENANT","13149","13153","2026-04-08 23:55:59.226 +0900","2026-05-20 18:01:15.007 +0900","344","4","false","","","false","","443","MAGAPIT PUMP IRRIGATION SYSTEM","CAMAL","LAT.E-6","443","Dry Crop 2026"
"201672","39824","2359-B","7691","MULTIPOLYGON (((121.69791241597373 18.275693561992163, 121.69728847947333 18.275504351464413, 121.69691057647522 18.27647462157898, 121.6974992453544 18.276664016907564, 121.69752717774797 18.27663583199448, 121.69787543956717 18.275739656342946, 121.69791241597373 18.275693561992163)))","LANDHOLDER","5758","7752","2025-12-20 15:08:00.224 +0900","2026-07-08 14:43:23.830 +0900","344","4","false","","","false","","110","MAGAPIT PUMP IRRIGATION SYSTEM","CAMAL","LAT.E-7","110","Dry Crop 2026"
"202239","40121","2368-B","7690","MULTIPOLYGON (((121.69450269297404 18.27228029229528, 121.69450275836645 18.27228003668043, 121.69456266485453 18.272153705528627, 121.69465491971152 18.271890293387948, 121.69474896407068 18.271633934508877, 121.6941811807267 18.271491566642567, 121.69418034913308 18.27149383533707, 121.69401755844935 18.271458248611403, 121.6939785239765 18.271495010974096, 121.69378120503853 18.271429820511944, 121.69378749563734 18.27148221468861, 121.69377088481869 18.271558712774567, 121.69365738794416 18.271901412604524, 121.69365455257017 18.271923099836815, 121.69366245670884 18.271938476130785, 121.6944807844565 18.272246679503883, 121.69450064051864 18.27227235222653, 121.69450269297404 18.27228029229528)))","TENANT","13480","6670","2026-01-20 12:12:25.261 +0900","2026-05-20 18:01:15.007 +0900","344","4","false","","","false","","190","MAGAPIT PUMP IRRIGATION SYSTEM","CAMAL","LAT.E-6","190","Dry Crop 2026"
"204438","41158","2369-A2","7690","MULTIPOLYGON (((121.6959699141325 18.27216306476695, 121.69644994163262 18.27078092497221, 121.6957664750858 18.27056287732381, 121.69548616959167 18.271311217515542, 121.69527719939117 18.271933430935718, 121.6959699141325 18.27216306476695)))","TENANT","12455","12459","2026-02-20 10:15:47.748 +0900","2026-05-20 18:01:15.007 +0900","344","4","false","","","false","","372","MAGAPIT PUMP IRRIGATION SYSTEM","CAMAL","LAT.E-6","372","Dry Crop 2026"
"204439","41158","2369-B2","7690","MULTIPOLYGON (((121.69653849945824 18.273215806051514, 121.69679713962559 18.272586799902687, 121.69592940381968 18.272271884950804, 121.6959699141325 18.27216306476695, 121.69527719939117 18.271933430935718, 121.6950475160328 18.272595826814126, 121.69570444972419 18.272864090613858, 121.69653849945824 18.273215806051514)))","LANDHOLDER","13128","13132","2026-02-20 10:15:47.748 +0900","2026-05-20 18:01:15.007 +0900","344","4","false","","","false","","373","MAGAPIT PUMP IRRIGATION SYSTEM","CAMAL","LAT.E-6","373","Dry Crop 2026"
"204440","41158","2371-A","7690","MULTIPOLYGON (((121.69726737922623 18.271055267838623, 121.69735961729276 18.270575527458764, 121.6969526640315 18.270444841936605, 121.69631462310142 18.270259980696494, 121.6955207583619 18.26999635031237, 121.69485507786212 18.26975375220946, 121.69476103284353 18.270062296829153, 121.69472430870967 18.270204305033822, 121.69525349763666 18.270387233512206, 121.6957664750858 18.27056287732381, 121.69644994163262 18.27078092497221, 121.69726737922623 18.271055267838623)))","LANDHOLDER","14483","14488","2026-02-20 10:15:47.748 +0900","2026-05-20 18:01:15.007 +0900","344","4","false","","","false","","374","MAGAPIT PUMP IRRIGATION SYSTEM","CAMAL","LAT.E-6","374","Dry Crop 2026"
"200764","39313","2372-AB","7690","MULTIPOLYGON (((121.69599333181566 18.26936179865734, 121.69508865649647 18.269108170321413, 121.69494921834568 18.269497730210787, 121.69486199024831 18.26973107387569, 121.69519878102584 18.269860263458437, 121.69645012008763 18.270275249631442, 121.69739400856362 18.270557232157515, 121.69761353701125 18.270018577360407, 121.69731493809239 18.269918321615833, 121.69732701102518 18.269809617592717, 121.69668754122841 18.269564975309795, 121.69599333181566 18.26936179865734)))","TENANT","21941","21948","2025-12-15 15:41:22.516 +0900","2026-05-20 18:01:15.007 +0900","344","4","false","","","false","","25","MAGAPIT PUMP IRRIGATION SYSTEM","CAMAL","LAT.E-6","25","Dry Crop 2026"
"204441","41158","2374-A","7690","MULTIPOLYGON (((121.69840575228592 18.270969378680437, 121.69770168546427 18.270744622594655, 121.69787391265284 18.270302281984566, 121.69792000082674 18.270162727687133, 121.6979727315965 18.270139177579107, 121.69761353701125 18.270018577360407, 121.69739400856362 18.270557232157515, 121.69734201389623 18.270817486835597, 121.69730330769801 18.27097382757205, 121.69731487793545 18.271016344963446, 121.69738570439317 18.271083175000438, 121.69738523608551 18.271145933100954, 121.69739993003185 18.271189069489438, 121.69744544032261 18.271210897594486, 121.69822910772984 18.271500750993294, 121.69840575228592 18.270969378680437)))","TENANT","9141","9144","2026-02-20 10:15:47.748 +0900","2026-05-20 18:01:15.007 +0900","344","4","false","","","false","","375","MAGAPIT PUMP IRRIGATION SYSTEM","CAMAL","LAT.E-6","375","Dry Crop 2026"
"201645","39805","2376","7690","MULTIPOLYGON (((121.6979727315965 18.270139177579107, 121.69792000082674 18.270162727687133, 121.69787391265284 18.270302281984566, 121.69836463784644 18.270441903857, 121.69858923926174 18.270527113972346, 121.69866293466717 18.270376988228474, 121.69879649775069 18.270420933248957, 121.69879338552587 18.27033483940478, 121.69901385661638 18.269631021355366, 121.69823106383197 18.269392581978146, 121.6979727315965 18.270139177579107)))","TENANT","9325","9329","2025-12-18 17:18:45.412 +0900","2026-05-20 18:01:15.007 +0900","344","4","false","","","false","","85","MAGAPIT PUMP IRRIGATION SYSTEM","CAMAL","LAT.E-6","85","Dry Crop 2026"
"202250","40127","2377","7690","MULTIPOLYGON (((121.69901385661638 18.269631021355366, 121.69924810948089 18.268840626199154, 121.69851161565114 18.268603797194174, 121.69834706602589 18.26910646252395, 121.69823106383197 18.269392581978146, 121.69901385661638 18.269631021355366)))","TENANT","7668","7670","2026-01-20 12:25:05.285 +0900","2026-05-20 18:01:15.007 +0900","344","4","false","","","false","","201","MAGAPIT PUMP IRRIGATION SYSTEM","CAMAL","LAT.E-6","201","Dry Crop 2026"
"201670","39823","2378-A","7690","MULTIPOLYGON (((121.69588369051617 18.267288135834807, 121.695664612711 18.267804273296335, 121.69564440547889 18.26782924002001, 121.69528883502171 18.26852615497088, 121.69524544432093 18.268639427004988, 121.69610908623251 18.268941788350748, 121.69656300187697 18.26747447459986, 121.69588369051617 18.267288135834807)))","TENANT","14183","14188","2025-12-20 15:05:52.279 +0900","2026-05-20 18:01:15.007 +0900","344","4","false","","","false","","109","MAGAPIT PUMP IRRIGATION SYSTEM","CAMAL","LAT.E-6","109","Dry Crop 2026"
"202454","39303","2378-B","7690","MULTIPOLYGON (((121.69610908623251 18.268941788350748, 121.69599333181566 18.26936179865734, 121.69668754122841 18.269564975309795, 121.6969556089776 18.268688143579237, 121.69726355008602 18.267665737471223, 121.69656300187697 18.26747447459986, 121.69610908623251 18.268941788350748)))","TENANT","16915","16921","2026-02-02 09:42:30.151 +0900","2026-05-20 18:01:15.007 +0900","344","4","false","","","false","","283","MAGAPIT PUMP IRRIGATION SYSTEM","CAMAL","LAT.E-6","283","Dry Crop 2026"
"202450","40227","2378-C","7690","MULTIPOLYGON (((121.69726355008602 18.267665737471223, 121.6969556089776 18.268688143579237, 121.6976395989265 18.26890341325295, 121.69771461854835 18.2689270237283, 121.69790742504159 18.268409509430793, 121.69851161565114 18.268603797194174, 121.69924810948089 18.268840626199154, 121.69944655304259 18.268237673436794, 121.69726355008602 18.267665737471223)))","TENANT","20332","20339","2026-02-02 09:32:28.049 +0900","2026-05-20 18:01:15.007 +0900","344","4","false","","","false","","279","MAGAPIT PUMP IRRIGATION SYSTEM","CAMAL","LAT.E-6","279","Dry Crop 2026"
"202455","39303","2378-D2","7690","MULTIPOLYGON (((121.69668754122841 18.269564975309795, 121.69732701102518 18.269809617592717, 121.6976395989265 18.26890341325295, 121.6969556089776 18.268688143579237, 121.69668754122841 18.269564975309795)))","TENANT","7684","7686","2026-02-02 09:43:14.048 +0900","2026-07-08 14:59:05.119 +0900","344","4","false","","","false","","284","MAGAPIT PUMP IRRIGATION SYSTEM","CAMAL","LAT.E-6","284","Dry Crop 2026"
"200771","39318","2378-E","7690","MULTIPOLYGON (((121.69732701102518 18.269809617592717, 121.69731493809239 18.269918321615833, 121.69761353701125 18.270018577360407, 121.6979727315965 18.270139177579107, 121.69823106383197 18.269392581978146, 121.69834706602589 18.26910646252395, 121.69851161565114 18.268603797194174, 121.69790742504159 18.268409509430793, 121.69771461854835 18.2689270237283, 121.6976395989265 18.26890341325295, 121.69732701102518 18.269809617592717)))","TENANT","13177","13181","2025-12-15 15:49:50.273 +0900","2026-05-20 18:01:15.007 +0900","344","4","false","","","false","","31","MAGAPIT PUMP IRRIGATION SYSTEM","CAMAL","LAT.E-6","31","Dry Crop 2026"
"201704","39846","2379","7690","MULTIPOLYGON (((121.69508865649647 18.269108170321413, 121.69599333181566 18.26936179865734, 121.69610908623251 18.268941788350748, 121.69524544432093 18.268639427004988, 121.69511212212846 18.269038016094086, 121.69508865649647 18.269108170321413)))","TENANT","5040","5042","2025-12-20 15:54:00.996 +0900","2026-05-20 18:01:15.007 +0900","344","4","false","","","false","","139","MAGAPIT PUMP IRRIGATION SYSTEM","CAMAL","LAT.E-6","139","Dry Crop 2026"
"202220","40111","2380","7690","MULTIPOLYGON (((121.6946777850706 18.268247032078193, 121.69403632868372 18.268039753753392, 121.69393176380123 18.2682801943021, 121.69379239844996 18.268548787350653, 121.69511212212846 18.269038016094086, 121.69524544432093 18.268639427004988, 121.69528883502171 18.26852615497088, 121.69466748027197 18.26828641168917, 121.6946777850706 18.268247032078193)))","TENANT","8986","8989","2026-01-14 10:15:48.296 +0900","2026-05-20 18:01:15.007 +0900","344","4","false","","","false","","172","MAGAPIT PUMP IRRIGATION SYSTEM","CAMAL","LAT.E-6","172","Dry Crop 2026"
"201705","39846","2381-B","7690","MULTIPOLYGON (((121.69433918483983 18.267343350113592, 121.69403632868372 18.268039753753392, 121.6946777850706 18.268247032078193, 121.69466748027197 18.26828641168917, 121.69528883502171 18.26852615497088, 121.69564440547889 18.26782924002001, 121.69433918483983 18.267343350113592)))","TENANT","12148","12152","2025-12-20 15:54:01.008 +0900","2026-05-20 18:01:15.007 +0900","344","4","false","","","false","","140","MAGAPIT PUMP IRRIGATION SYSTEM","CAMAL","LAT.E-6","140","Dry Crop 2026"
"200718","39292","2382-A","7690","MULTIPOLYGON (((121.69492969289209 18.26752430664693, 121.695664612711 18.267804273296335, 121.69588369051617 18.267288135834807, 121.69589779329323 18.26724280476222, 121.6951462967539 18.267004566882402, 121.69492969289209 18.26752430664693)))","TENANT","5398","5400","2025-12-15 14:36:48.269 +0900","2026-05-20 18:01:15.007 +0900","344","4","false","","","false","","8","MAGAPIT PUMP IRRIGATION SYSTEM","CAMAL","LAT.E-6","8","Dry Crop 2026"
"202896","40367","2383","7690","MULTIPOLYGON (((121.69428081520397 18.267284374540875, 121.69492969289209 18.26752430664693, 121.6951462967539 18.267004566882402, 121.6945122833368 18.266785059723443, 121.69428081520397 18.267284374540875)))","TENANT","4426","4428","2026-02-05 09:41:02.095 +0900","2026-05-20 18:01:15.007 +0900","344","4","false","","","false","","321","MAGAPIT PUMP IRRIGATION SYSTEM","CAMAL","LAT.E-6","321","Dry Crop 2026"
"204450","39321","2384","7690","MULTIPOLYGON (((121.69360992987326 18.266474059332122, 121.69341753389222 18.266935385353662, 121.69428081520397 18.267284374540875, 121.6945122833368 18.266785059723443, 121.69360992987326 18.266474059332122)))","TENANT","5780","5782","2026-02-23 10:10:27.967 +0900","2026-05-20 18:01:15.007 +0900","344","4","false","","","false","","384","MAGAPIT PUMP IRRIGATION SYSTEM","CAMAL","LAT.E-6","384","Dry Crop 2026"
"206123","41746","2385-A","7690","MULTIPOLYGON (((121.69270968301696 18.26784006014069, 121.69322686892023 18.26802632659097, 121.69393176380123 18.2682801943021, 121.69403632868372 18.268039753753392, 121.69433918483983 18.267343350113592, 121.69312913202972 18.266849135959074, 121.69270968301696 18.26784006014069)))","TENANT","15974","15980","2026-04-08 22:35:43.578 +0900","2026-05-20 18:01:15.007 +0900","344","4","false","","","false","","425","MAGAPIT PUMP IRRIGATION SYSTEM","CAMAL","LAT.E-6","425","Dry Crop 2026"
"202219","40110","2386","7690","MULTIPOLYGON (((121.69256022952275 18.26969460756249, 121.69290949162662 18.26883925805856, 121.69322686892023 18.26802632659097, 121.69270968301696 18.26784006014069, 121.69250750693426 18.268317684750077, 121.69214052437057 18.26926257120009, 121.6920398136289 18.26951053643095, 121.69256022952275 18.26969460756249)))","TENANT","11734","11737","2026-01-14 10:12:30.273 +0900","2026-05-20 18:01:15.007 +0900","344","4","false","","","false","","171","MAGAPIT PUMP IRRIGATION SYSTEM","CAMAL","LAT.E-6","171","Dry Crop 2026"
"201615","39789","2387","7690","MULTIPOLYGON (((121.69306672607564 18.270104667677867, 121.69314344812196 18.26993666267212, 121.69331196407923 18.26956764711864, 121.69355008817048 18.269015779489724, 121.69379239844996 18.268548787350653, 121.69393176380123 18.2682801943021, 121.69322686892023 18.26802632659097, 121.69290949162662 18.26883925805856, 121.69256022952275 18.26969460756249, 121.6924846883624 18.269886058779292, 121.69306672607564 18.270104667677867)))","TENANT","15719","15724","2025-12-18 16:34:41.759 +0900","2026-05-20 18:01:15.007 +0900","344","4","false","","","false","","56","MAGAPIT PUMP IRRIGATION SYSTEM","CAMAL","LAT.E-6","56","Dry Crop 2026"
"204408","41142","2388","7690","MULTIPOLYGON (((121.69379239844996 18.268548787350653, 121.69355008817048 18.269015779489724, 121.69494921834568 18.269497730210787, 121.69508865649647 18.269108170321413, 121.69511212212846 18.269038016094086, 121.69379239844996 18.268548787350653)))","LANDHOLDER","8525","8528","2026-02-16 11:40:55.880 +0900","2026-05-20 18:01:15.007 +0900","344","4","false","","","false","","346","MAGAPIT PUMP IRRIGATION SYSTEM","CAMAL","LAT.E-6","346","Dry Crop 2026"
"200765","39313","2389","7690","MULTIPOLYGON (((121.69355008817048 18.269015779489724, 121.69331196407923 18.26956764711864, 121.69430797921821 18.26990558902948, 121.69476103284353 18.270062296829153, 121.69485507786212 18.26975375220946, 121.69486199024831 18.26973107387569, 121.69494921834568 18.269497730210787, 121.69355008817048 18.269015779489724)))","TENANT","10470","10474","2025-12-15 15:41:22.523 +0900","2026-05-20 18:01:15.007 +0900","344","4","false","","","false","","26","MAGAPIT PUMP IRRIGATION SYSTEM","CAMAL","LAT.E-6","26","Dry Crop 2026"
"202453","39789","2391-A","7690","MULTIPOLYGON (((361855.0764124698 2020544.6651749222, 361847.09812870226 2020563.3150405346, 361845.68512483506 2020566.9888505894, 361957.2877682784 2020606.1291361516, 361965.3368107424 2020581.7536714275, 361855.0764124698 2020544.6651749222)))","TENANT","2924","2924","2026-02-02 09:40:44.954 +0900","2026-07-08 14:59:05.119 +0900","344","4","false","","","false","","282","MAGAPIT PUMP IRRIGATION SYSTEM","CAMAL","LAT.E-6","282","Dry Crop 2026"
"201616","39789","2391-B","7690","MULTIPOLYGON (((121.69418380972904 18.270278917846756, 121.69430797921821 18.26990558902948, 121.69331196407923 18.26956764711864, 121.69314344812196 18.26993666267212, 121.69418380972904 18.270278917846756)))","TENANT","5004","5006","2025-12-18 16:34:41.767 +0900","2026-05-20 18:01:15.007 +0900","344","4","false","","","false","","57","MAGAPIT PUMP IRRIGATION SYSTEM","CAMAL","LAT.E-6","57","Dry Crop 2026"
"202342","40184","2392","7690","MULTIPOLYGON (((121.69266724741766 18.2711566227905, 121.69342623145464 18.271357168612546, 121.69348519966624 18.271157104613387, 121.69355727300663 18.271170365527766, 121.6938558856043 18.271273276890245, 121.69391610378167 18.27108471299425, 121.6938921334672 18.271073057573098, 121.69392778896068 18.270951999454034, 121.69433861639925 18.271062060605267, 121.69488287104132 18.27120239919222, 121.69490703236288 18.27118851860949, 121.6949301149491 18.271140155459094, 121.69506365566481 18.270797591433947, 121.69451722204914 18.270639586588636, 121.69410603220582 18.27049865540912, 121.69305311302178 18.2701377729877, 121.69291433794763 18.270464977362472, 121.69266724741766 18.2711566227905)))","LANDHOLDER","18360","18366","2026-01-27 11:33:59.552 +0900","2026-05-20 18:01:15.007 +0900","344","4","false","","","false","","255","MAGAPIT PUMP IRRIGATION SYSTEM","CAMAL","LAT.E-6","255","Dry Crop 2026"
"201596","39780","2393-A","7690","MULTIPOLYGON (((121.69213013659461 18.270955037655273, 121.6921284844595 18.270997162680466, 121.69215230157803 18.271029247000428, 121.69219103020242 18.271033342398592, 121.69266724741766 18.2711566227905, 121.69291433794763 18.270464977362472, 121.69305311302178 18.2701377729877, 121.69306672607564 18.270104667677867, 121.6924846883624 18.269886058779292, 121.69236035722571 18.26983936066408, 121.69219336599089 18.270307884273937, 121.69237229181523 18.27038721453996, 121.69213013659461 18.270955037655273)))","TENANT","8598","8601","2025-12-18 15:22:23.493 +0900","2026-05-20 18:01:15.007 +0900","344","4","false","","","false","","39","MAGAPIT PUMP IRRIGATION SYSTEM","CAMAL","LAT.E-6","39","Dry Crop 2026"
"202351","40190","2394","7691","MULTIPOLYGON (((121.69211888140927 18.272271825239944, 121.69294531808391 18.272543820560262, 121.69336031075902 18.27268040055154, 121.6936724621786 18.27198072070755, 121.69366259055052 18.271976869925606, 121.69362912894606 18.271950157882678, 121.69362142134506 18.27192173007475, 121.6936216336946 18.27189335636489, 121.69373129912799 18.27152711998862, 121.69373551388537 18.271493098580045, 121.69372777797157 18.27146845393692, 121.69371207966566 18.271449429943083, 121.69345898175972 18.271402300860544, 121.69323764866549 18.271344038421073, 121.69228417167747 18.271088765980526, 121.69223776267374 18.27107236940849, 121.69220017854549 18.271067383228313, 121.69217530129366 18.271084238211074, 121.6920198808359 18.271478535783217, 121.69200874289886 18.271511563949986, 121.69199274713347 18.271532262996214, 121.69196787688125 18.271548172156, 121.69173784916366 18.27212166839409, 121.69211888140927 18.272271825239944)))","TENANT","24055","24063","2026-01-27 11:56:07.001 +0900","2026-05-20 18:01:15.007 +0900","344","4","false","","","false","","264","MAGAPIT PUMP IRRIGATION SYSTEM","CAMAL","LAT.E-7","264","Dry Crop 2026"
"206137","41756","2395","7691","MULTIPOLYGON (((121.6936724621786 18.27198072070755, 121.69336031075902 18.27268040055154, 121.69378878082536 18.272842228373065, 121.69369229920545 18.27308925967542, 121.69439884489893 18.273345797054258, 121.69450858468508 18.27299439643665, 121.69454592504201 18.27287482753171, 121.69472295159372 18.272503375307647, 121.69448027525138 18.27238632653073, 121.69446657092449 18.272365424525013, 121.69445529932783 18.272284005436042, 121.69443364674726 18.27226683252602, 121.6936724621786 18.27198072070755)))","TENANT","12384","12388","2026-04-08 23:22:04.382 +0900","2026-05-20 18:01:15.007 +0900","344","4","false","","","false","","435","MAGAPIT PUMP IRRIGATION SYSTEM","CAMAL","LAT.E-7","435","Dry Crop 2026"
"206120","41744","2396","7691","MULTIPOLYGON (((121.69439884489893 18.273345797054258, 121.69369229920545 18.27308925967542, 121.6933466648207 18.273974214334263, 121.69325814228814 18.274160885460212, 121.69311040026875 18.274587394753468, 121.69386499744037 18.274829009921664, 121.69388481888055 18.274826307791287, 121.69389877103885 18.274814107186174, 121.69390979563249 18.274796211553582, 121.69401091985291 18.27451315064755, 121.69403281327592 18.27449816674874, 121.69411251077348 18.274167667500187, 121.69439884489893 18.273345797054258)))","LANDHOLDER","14727","14732","2026-04-08 22:21:58.047 +0900","2026-05-20 18:01:15.007 +0900","344","4","false","","","false","","422","MAGAPIT PUMP IRRIGATION SYSTEM","CAMAL","LAT.E-7","422","Dry Crop 2026"
"202190","40084","2397-AB","7691","MULTIPOLYGON (((121.69189669305699 18.27281139155466, 121.69167921862424 18.273339506676482, 121.69250848154395 18.27365730466876, 121.6933466648207 18.273974214334263, 121.69369229920545 18.27308925967542, 121.69378878082536 18.272842228373065, 121.69336031075902 18.27268040055154, 121.69294531808391 18.272543820560262, 121.69272947874454 18.27309982508328, 121.69189669305699 18.27281139155466)))","TENANT","18718","18724","2026-01-12 10:29:10.110 +0900","2026-05-20 18:01:15.007 +0900","344","4","false","","","false","","144","MAGAPIT PUMP IRRIGATION SYSTEM","CAMAL","LAT.E-7","144","Dry Crop 2026"
"202892","40084","2397-C","7691","MULTIPOLYGON (((121.6933466648207 18.273974214334263, 121.69250848154395 18.27365730466876, 121.69225257040189 18.274249541139508, 121.69295622808441 18.274550399202024, 121.69305107057754 18.274577530893385, 121.69311040026875 18.274587394753468, 121.69325814228814 18.274160885460212, 121.6933466648207 18.273974214334263)))","TENANT","6986","6988","2026-02-05 09:38:00.233 +0900","2026-05-20 18:01:15.007 +0900","344","4","false","","","false","","320","MAGAPIT PUMP IRRIGATION SYSTEM","CAMAL","LAT.E-7","320","Dry Crop 2026"
"202457","39797","2398","7691","MULTIPOLYGON (((121.69189669305699 18.27281139155466, 121.69272947874454 18.27309982508328, 121.69294531808391 18.272543820560262, 121.69211888140927 18.272271825239944, 121.69189669305699 18.27281139155466)))","TENANT","6035","6037","2026-02-02 09:49:00.572 +0900","2026-05-20 18:01:15.007 +0900","344","4","false","","","false","","286","MAGAPIT PUMP IRRIGATION SYSTEM","CAMAL","LAT.E-7","286","Dry Crop 2026"
"201617","39790","2399","7691","MULTIPOLYGON (((121.69081256510286 18.271266625651986, 121.69066249225627 18.271755733037445, 121.69138233054241 18.272001952213753, 121.69117241221828 18.272533968335644, 121.69093248447268 18.273078977908, 121.69147287567304 18.2732624278919, 121.69167921862424 18.273339506676482, 121.69189669305699 18.27281139155466, 121.69211888140927 18.272271825239944, 121.69173784916366 18.27212166839409, 121.69196787688125 18.271548172156, 121.6915627037447 18.271448925199948, 121.69081256510286 18.271266625651986)))","LANDHOLDER","18295","18301","2025-12-18 16:36:47.888 +0900","2026-05-20 18:01:15.007 +0900","344","4","false","","","false","","58","MAGAPIT PUMP IRRIGATION SYSTEM","CAMAL","LAT.E-7","58","Dry Crop 2026"
"204459","41166","2400-A","7691","MULTIPOLYGON (((121.69074209872319 18.27301434601877, 121.69058092839352 18.273514536513566, 121.69053634578043 18.27365137959928, 121.6912492489389 18.27390595901947, 121.69147287567304 18.2732624278919, 121.69093248447268 18.273078977908, 121.69074209872319 18.27301434601877)))","TENANT","6037","6039","2026-02-23 10:32:36.078 +0900","2026-05-20 18:01:15.007 +0900","344","4","false","","","false","","393","MAGAPIT PUMP IRRIGATION SYSTEM","CAMAL","LAT.E-7","393","Dry Crop 2026"
"202193","40087","2401","7691","MULTIPOLYGON (((121.69053634578043 18.27365137959928, 121.69039177435184 18.274049531147153, 121.69098726459265 18.274251288330717, 121.69202380820087 18.27465374108651, 121.69205447720276 18.274656788369587, 121.69209017421446 18.27464946581953, 121.69211410452306 18.274626929378556, 121.69212617598815 18.27460147431434, 121.69225257040189 18.274249541139508, 121.6912492489389 18.27390595901947, 121.69053634578043 18.27365137959928)))","TENANT","9125","9128","2026-01-12 12:04:08.216 +0900","2026-05-20 18:01:15.007 +0900","344","4","false","","","false","","146","MAGAPIT PUMP IRRIGATION SYSTEM","CAMAL","LAT.E-7","146","Dry Crop 2026"
"204457","41166","2402","7691","MULTIPOLYGON (((121.6898308150152 18.273864087992987, 121.69039177435184 18.274049531147153, 121.69053634578043 18.27365137959928, 121.69058092839352 18.273514536513566, 121.6900319303826 18.273345441474717, 121.6898308150152 18.273864087992987)))","TENANT","3837","3839","2026-02-23 10:32:36.078 +0900","2026-05-20 18:01:15.007 +0900","344","4","false","","","false","","391","MAGAPIT PUMP IRRIGATION SYSTEM","CAMAL","LAT.E-7","391","Dry Crop 2026"
"202317","40167","2403-AB","7691","MULTIPOLYGON (((121.68961088663717 18.27132175511646, 121.68915143449185 18.272433961410837, 121.68992012980033 18.272716573058158, 121.68968992968026 18.273710805787463, 121.68965414025735 18.27381097835114, 121.6898308150152 18.273864087992987, 121.6900319303826 18.273345441474717, 121.6902346517391 18.27282264967147, 121.69029785545048 18.272843890946632, 121.69066249225627 18.271755733037445, 121.68961088663717 18.27132175511646)))","TENANT","19540","19547","2026-01-27 09:50:24.166 +0900","2026-05-20 18:01:15.007 +0900","344","4","false","","","false","","231","MAGAPIT PUMP IRRIGATION SYSTEM","CAMAL","LAT.E-7","231","Dry Crop 2026"
"202462","40231","2403-C","7691","MULTIPOLYGON (((121.69029785545048 18.272843890946632, 121.69074209872319 18.27301434601877, 121.69093248447268 18.273078977908, 121.69117241221828 18.272533968335644, 121.69138233054241 18.272001952213753, 121.69066249225627 18.271755733037445, 121.69029785545048 18.272843890946632)))","TENANT","9824","9827","2026-02-02 10:08:41.776 +0900","2026-05-20 18:01:15.007 +0900","344","4","false","","","false","","291","MAGAPIT PUMP IRRIGATION SYSTEM","CAMAL","LAT.E-7","291","Dry Crop 2026"
"204458","41166","2403-D","7691","MULTIPOLYGON (((121.6900319303826 18.273345441474717, 121.69058092839352 18.273514536513566, 121.69074209872319 18.27301434601877, 121.69029785545048 18.272843890946632, 121.6902346517391 18.27282264967147, 121.6900319303826 18.273345441474717)))","TENANT","3553","3554","2026-02-23 10:32:36.078 +0900","2026-05-20 18:01:15.007 +0900","344","4","false","","","false","","392","MAGAPIT PUMP IRRIGATION SYSTEM","CAMAL","LAT.E-7","392","Dry Crop 2026"
"201632","39797","2404","7691","MULTIPOLYGON (((121.68915143449185 18.272433961410837, 121.6878950004561 18.27194836117441, 121.68765607985088 18.27235003122517, 121.68737189624026 18.272787264437056, 121.68734250589618 18.272868353248306, 121.68734560342773 18.272955642290636, 121.68740774410902 18.27301225490755, 121.68836591695741 18.273391211401666, 121.6884548463019 18.27321340048106, 121.68868193910072 18.273299834681, 121.68861683117584 18.273471532958734, 121.68965414025735 18.27381097835114, 121.68968992968026 18.273710805787463, 121.68992012980033 18.272716573058158, 121.68915143449185 18.272433961410837)))","LANDHOLDER","31208","31218","2025-12-18 16:52:56.324 +0900","2026-05-20 18:01:15.007 +0900","344","4","false","","","false","","72","MAGAPIT PUMP IRRIGATION SYSTEM","CAMAL","LAT.E-7","72","Dry Crop 2026"
"202899","40368","2405","7691","MULTIPOLYGON (((121.68861317242383 18.270853369865453, 121.68823997565283 18.271409958062545, 121.6878950004561 18.27194836117441, 121.68915143449185 18.272433961410837, 121.68961088663717 18.27132175511646, 121.68861317242383 18.270853369865453)))","TENANT","17891","17897","2026-02-05 09:42:31.671 +0900","2026-05-20 18:01:15.007 +0900","344","4","false","","","false","","324","MAGAPIT PUMP IRRIGATION SYSTEM","CAMAL","LAT.E-7","324","Dry Crop 2026"
"201634","39797","2406","7691","MULTIPOLYGON (((121.68861317242383 18.270853369865453, 121.68961088663717 18.27132175511646, 121.69066249225627 18.271755733037445, 121.69081256510286 18.271266625651986, 121.69028555870567 18.27112673616502, 121.69027706900572 18.271090814516644, 121.69043453312392 18.270617298894383, 121.68910105864174 18.270214754376607, 121.68908569860194 18.270215648537487, 121.68906857391696 18.27022091451967, 121.68861317242383 18.270853369865453)))","LANDHOLDER","18931","18937","2025-12-18 16:54:31.067 +0900","2026-05-20 18:01:15.007 +0900","344","4","false","","","false","","74","MAGAPIT PUMP IRRIGATION SYSTEM","CAMAL","LAT.E-7","74","Dry Crop 2026"
"202213","40104","2407","7690","MULTIPOLYGON (((121.69213013659461 18.270955037655273, 121.69054052619447 18.27048449235932, 121.69048983163268 18.270607035681362, 121.69029823090598 18.27107018785103, 121.69030334683596 18.271100867463442, 121.69032190399271 18.27112142425673, 121.69036188281729 18.271137020302817, 121.69193882269091 18.271515546920227, 121.69196421548692 18.2715157205874, 121.69198032958114 18.271505615928557, 121.69215230157803 18.271029247000428, 121.6921284844595 18.270997162680466, 121.69213013659461 18.270955037655273)))","TENANT","12736","12740","2026-01-12 16:10:15.211 +0900","2026-05-20 18:01:15.007 +0900","344","4","false","","","false","","165","MAGAPIT PUMP IRRIGATION SYSTEM","CAMAL","LAT.E-6","165","Dry Crop 2026"
"202332","40178","2408","7690","MULTIPOLYGON (((121.69070402062516 18.270013867884927, 121.69064705839956 18.270180052680143, 121.69054052619447 18.27048449235932, 121.69213013659461 18.270955037655273, 121.69237229181523 18.27038721453996, 121.69219336599089 18.270307884273937, 121.69148815155378 18.270156490935292, 121.69070402062516 18.270013867884927)))","TENANT","11384","11388","2026-01-27 11:18:18.231 +0900","2026-05-20 18:01:15.007 +0900","344","4","false","","","false","","246","MAGAPIT PUMP IRRIGATION SYSTEM","CAMAL","LAT.E-6","246","Dry Crop 2026"
"202346","40186","2409","7690","MULTIPOLYGON (((121.68942458304578 18.270299365892953, 121.69048983163268 18.270607035681362, 121.69054052619447 18.27048449235932, 121.69064705839956 18.270180052680143, 121.68955490051401 18.2698533587301, 121.68942458304578 18.270299365892953)))","LANDHOLDER","6056","6058","2026-01-27 11:41:56.207 +0900","2026-05-20 18:01:15.007 +0900","344","4","false","","","false","","259","MAGAPIT PUMP IRRIGATION SYSTEM","CAMAL","LAT.E-6","259","Dry Crop 2026"
"202216","40107","2410-B","7690","MULTIPOLYGON (((121.69064705839956 18.270180052680143, 121.69070402062516 18.270013867884927, 121.6908123612969 18.269625270454746, 121.68954328002894 18.269154993551318, 121.68920110403644 18.269753376996366, 121.68955490051401 18.2698533587301, 121.69064705839956 18.270180052680143)))","TENANT","10476","10480","2026-01-13 10:41:51.622 +0900","2026-05-20 18:01:15.007 +0900","344","4","false","","","false","","168","MAGAPIT PUMP IRRIGATION SYSTEM","CAMAL","LAT.E-6","168","Dry Crop 2026"
"200754","39306","2411","7690","MULTIPOLYGON (((121.68954328002894 18.269154993551318, 121.6908123612969 18.269625270454746, 121.69112745558613 18.268863375345035, 121.6914130830177 18.268172724024293, 121.69041665985246 18.267716667115256, 121.69031155954626 18.267890231682603, 121.68987983423628 18.268621755413918, 121.68954328002894 18.269154993551318)))","TENANT","23055","23063","2025-12-15 15:35:16.049 +0900","2026-05-20 18:01:15.007 +0900","344","4","false","","","false","","22","MAGAPIT PUMP IRRIGATION SYSTEM","CAMAL","LAT.E-6","22","Dry Crop 2026"
"202222","40112","2412-A","7690","MULTIPOLYGON (((121.69148815155378 18.270156490935292, 121.69169656435608 18.269395816533898, 121.69147576679958 18.269304647346434, 121.69157279614036 18.26904709365464, 121.69112745558613 18.268863375345035, 121.6908123612969 18.269625270454746, 121.69070402062516 18.270013867884927, 121.69148815155378 18.270156490935292)))","LANDHOLDER","9437","9440","2026-01-14 10:20:48.535 +0900","2026-05-20 18:01:15.007 +0900","344","4","false","","","false","","174","MAGAPIT PUMP IRRIGATION SYSTEM","CAMAL","LAT.E-6","174","Dry Crop 2026"
"201594","39780","2413","7690","MULTIPOLYGON (((121.69157279614036 18.26904709365464, 121.69147576679958 18.269304647346434, 121.69169656435608 18.269395816533898, 121.69148815155378 18.270156490935292, 121.69219336599089 18.270307884273937, 121.69236035722571 18.26983936066408, 121.6924846883624 18.269886058779292, 121.69256022952275 18.26969460756249, 121.6920398136289 18.26951053643095, 121.69214052437057 18.26926257120009, 121.69157279614036 18.26904709365464)))","TENANT","8789","8791","2025-12-18 15:22:23.474 +0900","2026-05-20 18:01:15.007 +0900","344","4","false","","","false","","37","MAGAPIT PUMP IRRIGATION SYSTEM","CAMAL","LAT.E-6","37","Dry Crop 2026"
"202221","40112","2414","7690","MULTIPOLYGON (((121.69214052437057 18.26926257120009, 121.69250750693426 18.268317684750077, 121.6915068772158 18.267951490205746, 121.6914130830177 18.268172724024293, 121.69112745558613 18.268863375345035, 121.69157279614036 18.26904709365464, 121.69214052437057 18.26926257120009)))","LANDHOLDER","12666","12670","2026-01-14 10:20:48.534 +0900","2026-05-20 18:01:15.007 +0900","344","4","false","","","false","","173","MAGAPIT PUMP IRRIGATION SYSTEM","CAMAL","LAT.E-6","173","Dry Crop 2026"
"200747","39303","2415-AB","7690","MULTIPOLYGON (((121.6904629163715 18.267396351239945, 121.69055382550941 18.267454355199707, 121.69040549541491 18.26771155717724, 121.6914130830177 18.268172724024293, 121.6915068772158 18.267951490205746, 121.69166020223008 18.267589838702662, 121.69137591689514 18.26745519903509, 121.69189949112203 18.26638167822711, 121.69105982250151 18.26605555391047, 121.6904629163715 18.267396351239945)))","TENANT","20449","20455","2025-12-15 15:27:14.324 +0900","2026-05-20 18:01:15.007 +0900","344","4","false","","","false","","19","MAGAPIT PUMP IRRIGATION SYSTEM","CAMAL","LAT.E-6","19","Dry Crop 2026"
"200749","39303","2415-C","7690","MULTIPOLYGON (((121.69189949112203 18.26638167822711, 121.69137591689514 18.26745519903509, 121.69166020223008 18.267589838702662, 121.6915068772158 18.267951490205746, 121.69250750693426 18.268317684750077, 121.69270968301696 18.26784006014069, 121.69312913202972 18.266849135959074, 121.69189949112203 18.26638167822711)))","TENANT","23915","23923","2025-12-15 15:27:14.340 +0900","2026-05-20 18:01:15.007 +0900","344","4","false","","","false","","21","MAGAPIT PUMP IRRIGATION SYSTEM","CAMAL","LAT.E-6","21","Dry Crop 2026"
"202456","39303","2417","7690","MULTIPOLYGON (((121.69094531104744 18.26597467513817, 121.69131206646007 18.266124224910158, 121.6914813000171 18.265748815317217, 121.69111937981201 18.26562201255789, 121.69094531104744 18.26597467513817)))","TENANT","1829","1830","2026-02-02 09:43:53.886 +0900","2026-05-20 18:01:15.007 +0900","344","4","false","","","false","","285","MAGAPIT PUMP IRRIGATION SYSTEM","CAMAL","LAT.E-6","285","Dry Crop 2026"
"204602","41404","2419","7690","MULTIPOLYGON (((121.68884968716158 18.26498065221183, 121.6905408056798 18.265811716347038, 121.69069077392874 18.2657529702268, 121.69081898377878 18.265508780138614, 121.68892454498459 18.26484309067727, 121.68884968716158 18.26498065221183)))","TENANT","6640","6338","2026-03-12 13:27:43.660 +0900","2026-05-20 18:01:15.007 +0900","344","4","false","","","false","","417","MAGAPIT PUMP IRRIGATION SYSTEM","CAMAL","LAT.E-6","417","Dry Crop 2026"
"206122","41745","2420-B","7690","MULTIPOLYGON (((121.68890489012739 18.26658592283671, 121.6893086743882 18.26680327315148, 121.68997862804927 18.26556698418016, 121.68965449250729 18.265407562559933, 121.68917195741606 18.266180104381757, 121.68890489012739 18.26658592283671)))","TENANT","6644","6647","2026-04-08 22:28:34.219 +0900","2026-05-20 18:01:15.007 +0900","344","4","false","","","false","","424","MAGAPIT PUMP IRRIGATION SYSTEM","CAMAL","LAT.E-6","424","Dry Crop 2026"
"206125","41748","2421","7690","MULTIPOLYGON (((121.68972995438173 18.26702373112814, 121.6904629163715 18.267396351239945, 121.69105982250151 18.26605555391047, 121.69032327026402 18.26574507516045, 121.69010444773265 18.266225343732863, 121.68972995438173 18.26702373112814)))","TENANT","13608","13612","2026-04-08 22:53:22.016 +0900","2026-05-20 18:01:15.007 +0900","344","4","false","","","false","","427","MAGAPIT PUMP IRRIGATION SYSTEM","CAMAL","LAT.E-6","427","Dry Crop 2026"
"201601","39782","2423-A","7690","MULTIPOLYGON (((121.68837041090853 18.2669901697701, 121.68832318125556 18.26706728793186, 121.68815956896204 18.267364137751336, 121.68846058534504 18.267501548664974, 121.68841585971778 18.26758423772801, 121.69002337627342 18.268335830349407, 121.69029279111318 18.267890103180978, 121.68868793660499 18.267149883796602, 121.68837041090853 18.2669901697701)))","TENANT","12352","12356","2025-12-18 15:30:03.027 +0900","2026-05-20 18:01:15.007 +0900","344","4","false","","","false","","43","MAGAPIT PUMP IRRIGATION SYSTEM","CAMAL","LAT.E-6","43","Dry Crop 2026"
"204434","41157","2424","7690","MULTIPOLYGON (((121.68720768 18.26829023, 121.68719176 18.26828125, 121.68695159 18.26863331, 121.68680367 18.26885365, 121.68663571 18.26911405, 121.68653741 18.26927212, 121.68650229 18.26932168, 121.68652759 18.26933334, 121.68657829 18.26934518, 121.68670764 18.26938438, 121.68684236 18.26941978, 121.6870063 18.26947964, 121.68780892 18.26974052, 121.68819449 18.26894257, 121.68932113 18.26948147, 121.69002338 18.26833583, 121.68841586 18.26758424, 121.68846059 18.26750155, 121.68815957 18.26736414, 121.68797806 18.26768594, 121.68776648 18.26801705, 121.68776045 18.26803594, 121.68764616 18.26824227, 121.68751116 18.26844449, 121.68738466 18.26838174, 121.68720768 18.26829023)))","TENANT","59376","59396","2026-02-20 09:48:22.878 +0900","2026-06-05 12:58:58.400 +0900","344","4","false","","","false","","368","MAGAPIT PUMP IRRIGATION SYSTEM","CAMAL","LAT.E-6","368","Dry Crop 2026"
"202344","40167","2425-A","7690","MULTIPOLYGON (((121.68780892057549 18.269740516978377, 121.68897282022823 18.270123894152757, 121.68898887681354 18.27012145049556, 121.68900375036085 18.27009856901485, 121.6893211289333 18.26948146835551, 121.68819448692257 18.268942572456183, 121.68780892057549 18.269740516978377)))","TENANT","11697","11701","2026-01-27 11:40:56.025 +0900","2026-05-20 18:01:15.007 +0900","344","4","false","","","false","","257","MAGAPIT PUMP IRRIGATION SYSTEM","CAMAL","LAT.E-6","257","Dry Crop 2026"
"202345","40167","2426","7691","MULTIPOLYGON (((121.68629693276203 18.27050235777082, 121.68718086080553 18.27094316832854, 121.68819253522268 18.271444428190783, 121.68859175544974 18.2708548206204, 121.68905228304662 18.270224090350727, 121.6890506210934 18.270209598244257, 121.68904340900994 18.270197729627217, 121.68785126648976 18.269801314790435, 121.68755090459177 18.270421860847524, 121.68743399860831 18.27058318847091, 121.68650101701863 18.270154356059766, 121.68629693276203 18.27050235777082)))","TENANT","23978","23986","2026-01-27 11:41:36.794 +0900","2026-05-20 18:01:15.007 +0900","344","4","false","","","false","","258","MAGAPIT PUMP IRRIGATION SYSTEM","CAMAL","LAT.E-7","258","Dry Crop 2026"
"206118","41742","2427-A","7691","MULTIPOLYGON (((121.68612714214353 18.270791881119155, 121.68629693276203 18.27050235777082, 121.68650101701863 18.270154356059766, 121.68743399860831 18.27058318847091, 121.68755090459177 18.270421860847524, 121.68785126648976 18.269801314790435, 121.68689940940531 18.26947501778329, 121.68633078808945 18.269295980063898, 121.68601766827695 18.269875415239078, 121.68565274009944 18.270562665228198, 121.68612714214353 18.270791881119155)))","LANDHOLDER","19000","19641","2026-04-08 22:10:33.609 +0900","2026-07-08 14:43:23.830 +0900","344","4","false","","","false","","420","MAGAPIT PUMP IRRIGATION SYSTEM","CAMAL","LAT.E-7","420","Dry Crop 2026"
"204583","41403","2429","7691","MULTIPOLYGON (((121.68558061768155 18.271749266664283, 121.68590545811296 18.271940678641883, 121.68668353339515 18.27238700536756, 121.68734961848571 18.272754535542823, 121.68761658732812 18.27236366268515, 121.68700539825623 18.272019960100128, 121.68581538861675 18.271338003407756, 121.68558061768155 18.271749266664283)))","TENANT","11448","11452","2026-03-10 10:28:40.309 +0900","2026-05-20 18:01:15.007 +0900","344","4","false","","","false","","414","MAGAPIT PUMP IRRIGATION SYSTEM","CAMAL","LAT.E-7","414","Dry Crop 2026"
"200639","39255","2430","7691","MULTIPOLYGON (((121.68388486780061 18.27069876064356, 121.68407943550262 18.27082255045114, 121.68438071883291 18.27101423522676, 121.68463352574823 18.271175077297624, 121.68471115154816 18.27122446464665, 121.68513472815681 18.270392954094223, 121.68486054411188 18.270246419756194, 121.6848582397458 18.270220104046395, 121.68431342870035 18.26995335858859, 121.68426962626897 18.26995425272911, 121.68422828127096 18.269961141005588, 121.68413714675347 18.270099186045094, 121.68420943946252 18.270136742273102, 121.68388486780061 18.27069876064356)))","TENANT","10245","10248","2025-12-09 11:50:52.909 +0900","2026-05-20 18:01:15.007 +0900","344","4","false","","","false","","7","MAGAPIT PUMP IRRIGATION SYSTEM","CAMAL","LAT.E-7","7","Dry Crop 2026"
"202308","40162","2431-A","7691","MULTIPOLYGON (((121.68338936938159 18.270364211354924, 121.68388486780061 18.27069876064356, 121.68420943946252 18.270136742273102, 121.68413714675347 18.270099186045094, 121.68422828127096 18.269961141005588, 121.68426962626897 18.26995425272911, 121.68431342870035 18.26995335858859, 121.68446351624978 18.26963042443947, 121.68472495523942 18.26915337029089, 121.68419323112208 18.26888380101008, 121.68412145528534 18.2690267610476, 121.68379912678014 18.2696234628612, 121.68338936938159 18.270364211354924)))","TENANT","11888","11892","2026-01-27 09:34:28.295 +0900","2026-05-20 18:01:15.007 +0900","344","4","false","","","false","","222","MAGAPIT PUMP IRRIGATION SYSTEM","CAMAL","LAT.E-7","222","Dry Crop 2026"
"202310","40162","2431-B","7691","MULTIPOLYGON (((121.68431342870035 18.26995335858859, 121.6848582397458 18.270220104046395, 121.68486054411188 18.270246419756194, 121.68513472815681 18.270392954094223, 121.6851671906819 18.270328061486474, 121.68554952384906 18.26956377286092, 121.68472495523942 18.26915337029089, 121.68446351624978 18.26963042443947, 121.68431342870035 18.26995335858859)))","TENANT","9894","9897","2026-01-27 09:34:28.295 +0900","2026-05-20 18:01:15.007 +0900","344","4","false","","","false","","224","MAGAPIT PUMP IRRIGATION SYSTEM","CAMAL","LAT.E-7","224","Dry Crop 2026"
"202309","40162","2431-C","7691","MULTIPOLYGON (((121.68565274009944 18.270562665228198, 121.68601766827695 18.269875415239078, 121.68633078808945 18.269295980063898, 121.68585534645669 18.26899803602017, 121.68554952384906 18.26956377286092, 121.6851671906819 18.270328061486474, 121.68565274009944 18.270562665228198)))","TENANT","9894","9511","2026-01-27 09:34:28.295 +0900","2026-05-20 18:01:15.007 +0900","344","4","false","","","false","","223","MAGAPIT PUMP IRRIGATION SYSTEM","CAMAL","LAT.E-7","223","Dry Crop 2026"
"202196","40089","2433/34","7691","MULTIPOLYGON (((121.68445253840886 18.26822631317877, 121.6841725569082 18.26847242456459, 121.68434933977383 18.26859198995399, 121.68419323112208 18.26888380101008, 121.68472495523942 18.26915337029089, 121.68554952384906 18.26956377286092, 121.68585534645669 18.26899803602017, 121.68511507521137 18.26859964608296, 121.68445253840886 18.26822631317877)))","TENANT","12515","12520","2026-01-12 12:10:20.956 +0900","2026-05-20 18:01:15.007 +0900","344","4","false","","","false","","149","MAGAPIT PUMP IRRIGATION SYSTEM","CAMAL","LAT.E-7","149","Dry Crop 2026"
"202195","40089","2433-B","7691","MULTIPOLYGON (((121.68271945692454 18.269928042161975, 121.68338936938159 18.270364211354924, 121.68379912678014 18.2696234628612, 121.68412145528534 18.2690267610476, 121.6837909868113 18.268877447221122, 121.68333306608233 18.26936801569979, 121.68329250361982 18.269437072457887, 121.68315745817038 18.2695903555497, 121.68271945692454 18.269928042161975)))","TENANT","9609","9612","2026-01-12 12:10:20.953 +0900","2026-05-20 18:01:15.007 +0900","344","4","false","","","false","","148","MAGAPIT PUMP IRRIGATION SYSTEM","CAMAL","LAT.E-7","148","Dry Crop 2026"
"202326","40174","2434","7690","MULTIPOLYGON (((121.6854310549895 18.2681395566575, 121.68487655055728 18.267796156176352, 121.6844657933984 18.26821086350748, 121.68513128908259 18.268576789336663, 121.6854310549895 18.2681395566575)))","LANDHOLDER","4514","4516","2026-01-27 11:06:26.027 +0900","2026-05-20 18:01:15.007 +0900","344","4","false","","","false","","240","MAGAPIT PUMP IRRIGATION SYSTEM","CAMAL","LAT.E-6","240","Dry Crop 2026"
"200724","39295","2435-A","7690","MULTIPOLYGON (((121.6858493 18.26897307, 121.68653101 18.26789561, 121.68615748 18.26766902, 121.68604368 18.26760099, 121.68531474 18.26865878, 121.6858493 18.26897307)))","TENANT","8804","8900","2025-12-15 14:53:14.777 +0900","2026-07-08 14:59:05.119 +0900","344","4","false","","","false","","10","MAGAPIT PUMP IRRIGATION SYSTEM","CAMAL","LAT.E-6","10","Dry Crop 2026"
"201696","39840","2435-B","7690","MULTIPOLYGON (((121.68515686 18.2685479, 121.68531447 18.26865823, 121.68604365 18.26760086, 121.68615748 18.26766902, 121.68635203 18.26733803, 121.68576662 18.2670342, 121.6849158 18.2678013, 121.68542114 18.2681414, 121.68515686 18.2685479)))","TENANT","10704","10740","2025-12-20 15:37:00.524 +0900","2026-07-08 14:59:05.119 +0900","344","4","false","","","false","","132","MAGAPIT PUMP IRRIGATION SYSTEM","CAMAL","LAT.E-6","132","Dry Crop 2026"
"201697","39841","2435-C","7690","MULTIPOLYGON (((121.68680301 18.26756622, 121.6866099 18.26794343, 121.68695653 18.26814854, 121.68720768 18.26829022, 121.68738467 18.26838172, 121.68751111 18.26844441, 121.68764614 18.26824174, 121.68776023 18.26803584, 121.68726049 18.26777824, 121.68708936 18.26769159, 121.68680301 18.26756622)))","TENANT","5961","5739","2025-12-20 15:39:20.291 +0900","2026-07-08 14:59:05.119 +0900","344","4","false","","","false","","133","MAGAPIT PUMP IRRIGATION SYSTEM","CAMAL","LAT.E-6","133","Dry Crop 2026"
"200725","39295","2435-D","7690","MULTIPOLYGON (((121.6866099 18.26794343, 121.68680302 18.26756621, 121.68635206 18.26733799, 121.68615748 18.26766902, 121.6866099 18.26794343)))","TENANT","2369","2442","2025-12-15 14:53:14.807 +0900","2026-07-08 14:59:05.119 +0900","344","4","false","","","false","","11","MAGAPIT PUMP IRRIGATION SYSTEM","CAMAL","LAT.E-6","11","Dry Crop 2026"
"204435","41157","2436-A","7690","MULTIPOLYGON (((121.68572239613034 18.26698249210937, 121.6866846068132 18.26748521194327, 121.68776647617024 18.26801704511648, 121.6879780600929 18.26768593774562, 121.68668597058742 18.267102140178896, 121.6859681023084 18.2667558492323, 121.68572239613034 18.26698249210937)))","TENANT","9264","9267","2026-02-20 09:48:22.878 +0900","2026-05-20 18:01:15.007 +0900","344","4","false","","","false","","369","MAGAPIT PUMP IRRIGATION SYSTEM","CAMAL","LAT.E-6","369","Dry Crop 2026"
"204471","41157","2437","7690","MULTIPOLYGON (((121.68651409 18.26801412, 121.68596593 18.26887951, 121.68617416 18.26897845, 121.68615501 18.26901637, 121.68636418 18.26920939, 121.68643001 18.26920508, 121.68653213 18.26928032, 121.68656607 18.26927186, 121.68699075 18.2684765, 121.68712243 18.26835749, 121.68708665 18.26830668, 121.68709389 18.26822552, 121.68698422 18.26817149, 121.68687455 18.26811747, 121.68683624 18.26816664, 121.68651409 18.26801412)))","LANDHOLDER","6114","8847","2026-02-24 15:03:57.398 +0900","2026-07-08 14:59:05.119 +0900","344","4","false","","","false","","405","MAGAPIT PUMP IRRIGATION SYSTEM","CAMAL","LAT.E-6","405","Dry Crop 2026"
"200755","39306","2439-A","7690","MULTIPOLYGON (((121.68655828685256 18.26631280417471, 121.68749998971202 18.26671376582139, 121.68832318125556 18.26706728793186, 121.68837041090853 18.2669901697701, 121.68850180336075 18.266775627316186, 121.68764272275516 18.26636926002423, 121.68691827400077 18.266030758393466, 121.68655828685256 18.26631280417471)))","TENANT","7986","7988","2025-12-15 15:35:16.054 +0900","2026-05-20 18:01:15.007 +0900","344","4","false","","","false","","23","MAGAPIT PUMP IRRIGATION SYSTEM","CAMAL","LAT.E-6","23","Dry Crop 2026"
"204437","41157","2439-B","7690","MULTIPOLYGON (((121.68691827400077 18.266030758393466, 121.68764272275516 18.26636926002423, 121.68850180336075 18.266775627316186, 121.6886767968755 18.266467205313774, 121.68835622459996 18.266294114365913, 121.68804704924621 18.266114213523487, 121.68733742641047 18.265701299836056, 121.68691827400077 18.266030758393466)))","TENANT","7978","7981","2026-02-20 09:48:22.878 +0900","2026-05-20 18:01:15.007 +0900","344","4","false","","","false","","371","MAGAPIT PUMP IRRIGATION SYSTEM","CAMAL","LAT.E-6","371","Dry Crop 2026"
"204460","41167","2440-A","7690","MULTIPOLYGON (((121.68835622459996 18.266294114365913, 121.68847743064667 18.26602232655098, 121.68894132200658 18.265066754913995, 121.6886932382577 18.264944314158782, 121.68804704924621 18.266114213523487, 121.68835622459996 18.266294114365913)))","TENANT","4937","4938","2026-02-23 10:35:19.751 +0900","2026-05-20 18:01:15.007 +0900","344","4","false","","","false","","394","MAGAPIT PUMP IRRIGATION SYSTEM","CAMAL","LAT.E-6","394","Dry Crop 2026"
"200768","39316","2440-B","7690","MULTIPOLYGON (((121.6886767968755 18.266467205313774, 121.68890489012739 18.26658592283671, 121.68917195741606 18.266180104381757, 121.68965449250729 18.265407562559933, 121.68894132200658 18.265066754913995, 121.68847743064667 18.26602232655098, 121.68835622459996 18.266294114365913, 121.6886767968755 18.266467205313774)))","TENANT","11479","11483","2025-12-15 15:46:26.389 +0900","2026-05-20 18:01:15.007 +0900","344","4","false","","","false","","28","MAGAPIT PUMP IRRIGATION SYSTEM","CAMAL","LAT.E-6","28","Dry Crop 2026"
"204448","40185","2441","7690","MULTIPOLYGON (((121.68733742641047 18.265701299836056, 121.68804704924621 18.266114213523487, 121.6886932382577 18.264944314158782, 121.68855234563087 18.264877598631134, 121.68847858729889 18.264868724860104, 121.68839582811582 18.26489206651561, 121.68733742641047 18.265701299836056)))","TENANT","8237","8239","2026-02-23 10:04:14.534 +0900","2026-05-20 18:01:15.007 +0900","344","4","false","","","false","","382","MAGAPIT PUMP IRRIGATION SYSTEM","CAMAL","LAT.E-6","382","Dry Crop 2026"
"202443","40089","2449","7690","MULTIPOLYGON (((121.68395529195973 18.26722856019391, 121.68461956261416 18.267748367368657, 121.6850289949571 18.26733994794744, 121.68422169912992 18.266704395435994, 121.68417055236155 18.26668372101072, 121.68412919012769 18.266693000090168, 121.68379349188382 18.26707203870701, 121.68395529195973 18.26722856019391)))","TENANT","7274","7276","2026-02-02 09:18:00.761 +0900","2026-05-20 18:01:15.007 +0900","344","4","false","","","false","","272","MAGAPIT PUMP IRRIGATION SYSTEM","CAMAL","LAT.E-6","272","Dry Crop 2026"
"202446","39826","2452-C","7691","MULTIPOLYGON (((121.68325943028456 18.26833925554114, 121.68369655226047 18.268663848270418, 121.68387625859953 18.268464567597604, 121.68348645552254 18.2681667843624, 121.68325943028456 18.26833925554114)))","TENANT","1640","1640","2026-02-02 09:22:41.435 +0900","2026-05-20 18:01:15.007 +0900","344","4","false","","","false","","275","MAGAPIT PUMP IRRIGATION SYSTEM","CAMAL","LAT.E-7","275","Dry Crop 2026"
"202194","40088","2456","7691","MULTIPOLYGON (((121.68875517864716 18.27497658665818, 121.69000445948636 18.275472072428858, 121.69040238781972 18.274078279927306, 121.68911464619303 18.273666815650785, 121.6888936268606 18.274437560882422, 121.68875517864716 18.27497658665818)))","TENANT","22144","22151","2026-01-12 12:06:16.682 +0900","2026-05-20 18:01:15.007 +0900","344","4","false","","","false","","147","MAGAPIT PUMP IRRIGATION SYSTEM","CAMAL","LAT.E-7","147","Dry Crop 2026"
"200638","39254","2457-A","7691","MULTIPOLYGON (((121.69053299848889 18.27567129734485, 121.69068951763205 18.275127603213235, 121.69094491285912 18.274269880233433, 121.69071080516864 18.27418134490652, 121.69040238781972 18.274078279927306, 121.69000445948636 18.275472072428858, 121.69024448854204 18.27556158323663, 121.69053299848889 18.27567129734485)))","TENANT","9671","9670","2025-12-09 11:43:51.450 +0900","2026-05-20 18:01:15.007 +0900","344","4","false","","","false","","6","MAGAPIT PUMP IRRIGATION SYSTEM","CAMAL","LAT.E-7","6","Dry Crop 2026"
"202413","39251","2457-B","7691","MULTIPOLYGON (((121.69106311731473 18.275872888633664, 121.6910632855493 18.275871189757694, 121.69128991500428 18.275095653440452, 121.6914624181598 18.274478743949054, 121.69121425848185 18.274371741457816, 121.69094491285912 18.274269880233433, 121.69068951763205 18.275127603213235, 121.69053299848889 18.27567129734485, 121.69106311731473 18.275872888633664)))","TENANT","9495","9620","2026-01-28 15:35:50.220 +0900","2026-05-20 18:01:15.007 +0900","344","4","false","","","false","","267","MAGAPIT PUMP IRRIGATION SYSTEM","CAMAL","LAT.E-7","267","Dry Crop 2026"
"201630","39797","2458/59","7691","MULTIPOLYGON (((121.6916424224402 18.275730060961266, 121.6923345186422 18.27594791853641, 121.69293773512717 18.276144601635977, 121.69308799077258 18.2762017137662, 121.69320507843888 18.276245512584257, 121.69334557812266 18.276298818839123, 121.69347637772763 18.2763408416939, 121.69358376541915 18.27637335698846, 121.69375167495471 18.27642498072192, 121.69413037677977 18.276550954682108, 121.69429433105014 18.27660815945677, 121.69434111320683 18.27663278246367, 121.6943630999286 18.276571238954595, 121.6943910550322 18.276496649664153, 121.69447118833716 18.276248552719046, 121.6945270423681 18.27610685171916, 121.69454283682916 18.27608826450611, 121.69460591675464 18.276027001501927, 121.69463573059711 18.275965511382093, 121.69466375538602 18.275881574988013, 121.69468803428711 18.275775178961563, 121.69470226337945 18.27570423491625, 121.69469647680454 18.27569297838801, 121.69458707651647 18.275667928007348, 121.69442111023277 18.275618187803495, 121.6943743702826 18.27558795660309, 121.69435495591365 18.275567259494267, 121.69435115415853 18.27555227750024, 121.69435515171538 18.27554108776857, 121.69437704036932 18.275492630105134, 121.6944988116801 18.27517190670766, 121.69464442780318 18.27480273884427, 121.69464669222181 18.27476162519622, 121.69464680407827 18.27474666992139, 121.6946449031944 18.27473917892644, 121.69457078204628 18.274706891367128, 121.69454152775407 18.274693605125663, 121.69444386897769 18.27466863485231, 121.69440095898007 18.27464964684543, 121.69435800703717 18.27463626705696, 121.69419209774074 18.27457904907873, 121.69411203638795 18.274556068309366, 121.69407491295837 18.274548336775396, 121.69404950241208 18.27454442423366, 121.69404164719778 18.274548109597383, 121.69403375001778 18.274557403187554, 121.69401580300396 18.27460214872768, 121.69396953734159 18.274770088150436, 121.69392974358483 18.274857683070742, 121.69392184638401 18.27486697665475, 121.69390025149133 18.274876176682028, 121.69387872654843 18.274876029662952, 121.69381620647127 18.27486251609635, 121.6935018873427 18.27476315465192, 121.69325787379852 18.274682968189055, 121.69299870358168 18.274609113053977, 121.6928050139805 18.274530312776594, 121.69253984037069 18.274401373692697, 121.69234669078571 18.274323403373018, 121.69230355912694 18.274312718117393, 121.69227812513486 18.274311946465335, 121.69225741951074 18.274328617508782, 121.6922084396817 18.274492582761688, 121.6921348644685 18.274669987702264, 121.6921213249711 18.27468963293041, 121.69209378985907 18.274699237193026, 121.69205031199789 18.274702755154568, 121.6920180806803 18.274695056685182, 121.6916424224402 18.275730060961266)))","LANDHOLDER","50581","50597","2025-12-18 16:52:56.309 +0900","2026-05-20 18:01:15.007 +0900","344","4","false","","","false","","70","MAGAPIT PUMP IRRIGATION SYSTEM","CAMAL","LAT.E-7","70","Dry Crop 2026"
"202464","40233","2465-AB","7693","MULTIPOLYGON (((121.69270965089711 18.286920150937387, 121.69270932478017 18.286963657208332, 121.69269867249729 18.287063843064097, 121.69317066892502 18.28723543009366, 121.69459816290343 18.28780133828672, 121.69531277631663 18.28810131955788, 121.69678571629541 18.288682655807346, 121.69771953055242 18.289065465278007, 121.69768832789873 18.289000935634302, 121.6976846641913 18.288961185457577, 121.69770078819371 18.28892346180632, 121.69778287625118 18.288860730183035, 121.69784510697207 18.288851924290878, 121.69791706606057 18.288866293579357, 121.69794246946819 18.28891186690909, 121.69797694051778 18.289069110947853, 121.69797815802553 18.289171269789225, 121.69820719598287 18.289261738984226, 121.69832019037769 18.28898064881905, 121.697842341726 18.28879579238459, 121.69770429402807 18.288719184617328, 121.69699154053156 18.28843435803387, 121.6965237089594 18.288234433342197, 121.69576955993757 18.28792472827331, 121.69542392156298 18.28780319359006, 121.69539612844365 18.287812462241394, 121.69493033737811 18.28760498105815, 121.6938741786189 18.287166464019304, 121.69280124858551 18.286709405434284, 121.69270965089711 18.286920150937387)))","TENANT","21529","21536","2026-02-02 10:14:56.700 +0900","2026-07-08 14:43:23.830 +0900","344","4","false","","","false","","293","MAGAPIT PUMP IRRIGATION SYSTEM","CAMAL","LAT.E1-2","293","Dry Crop 2026"
"201595","39780","2473","7690","MULTIPOLYGON (((121.69693202161784 18.272237011005718, 121.69679713962559 18.272586799902687, 121.69851825327132 18.273171830650075, 121.69862011754027 18.27278434037891, 121.69693202161784 18.272237011005718)))","TENANT","8136","8139","2025-12-18 15:22:23.492 +0900","2026-05-20 18:01:15.007 +0900","344","4","false","","","false","","38","MAGAPIT PUMP IRRIGATION SYSTEM","CAMAL","LAT.E-6","38","Dry Crop 2026"
"202237","40120","2497","7694","MULTIPOLYGON (((121.69799246752473 18.27969358925465, 121.69752256435494 18.279508787402975, 121.69733914327233 18.279940732028162, 121.6970454361987 18.2806230450258, 121.69716202342676 18.280675488778208, 121.69751514399748 18.280834330332112, 121.69799246752473 18.27969358925465)))","TENANT","7293","7295","2026-01-20 12:09:19.464 +0900","2026-05-20 18:01:15.007 +0900","344","4","false","","","false","","188","MAGAPIT PUMP IRRIGATION SYSTEM","CAMAL","LAT.E1-5","188","Dry Crop 2026"
"202228","40116","270-A","7686","MULTIPOLYGON (((121.70518359906528 18.24901980446402, 121.70518957439069 18.248980901664382, 121.70519921348871 18.248959231106408, 121.70515189011013 18.248949854503778, 121.70511798366164 18.2489206441986, 121.70500896371122 18.248794926319015, 121.70493949686775 18.248703890854497, 121.70489260301272 18.248636555114317, 121.7048326412004 18.248541961286495, 121.70474513427381 18.24858302949642, 121.70451491926434 18.248695584592454, 121.70444849218335 18.24870600298917, 121.7044048930309 18.248705707966316, 121.70434998731545 18.248696279862816, 121.70429896681948 18.248674198855277, 121.70426320523893 18.248639541919566, 121.70422390755309 18.248570446126067, 121.70419053170892 18.24846969245117, 121.70406961976519 18.248925324592367, 121.70400523799368 18.24917122715319, 121.7043107685004 18.249128012275428, 121.70450055870313 18.249098504278987, 121.70483258742237 18.24906090178588, 121.70518359906528 18.24901980446402)))","TENANT","5250","5252","2026-01-20 11:58:46.176 +0900","2026-05-20 18:01:15.007 +0900","344","4","false","","","false","","180","MAGAPIT PUMP IRRIGATION SYSTEM","CAMAL","LAT.E-1","180","Dry Crop 2026"
"202229","40116","270-B","7686","MULTIPOLYGON (((121.70519921348871 18.248959231106408, 121.7052525993886 18.248917931955727, 121.70525309579337 18.248850916763402, 121.70525551464523 18.24878029194667, 121.70526758598176 18.248686185344333, 121.70528512949343 18.248621096738958, 121.70530049564839 18.248594030964057, 121.70531970668897 18.248559745937794, 121.70538484172901 18.248467809443262, 121.70542866888022 18.24843731347174, 121.70544193817241 18.248437403190138, 121.70551440069868 18.24837993112273, 121.70553718828907 18.248374651249353, 121.70557510054074 18.24837490756288, 121.70551165570433 18.248238630197267, 121.70545577998557 18.24810421530272, 121.70541131823725 18.247964443631652, 121.70539464677492 18.247911802850258, 121.70539292555104 18.247888244151177, 121.70534931317162 18.247889760577756, 121.70516941832743 18.247863185738954, 121.70515577341646 18.247913810207304, 121.70511365412827 18.247969676043823, 121.70505261898153 18.24801998000147, 121.70498794018513 18.248050334859876, 121.7049442875113 18.248057284855445, 121.70466071126879 18.24795212181095, 121.70459183854904 18.248036787517716, 121.70454200239074 18.24811071412489, 121.70481206796131 18.2482483895771, 121.70490441610603 18.24832146673052, 121.70491740357947 18.2483595921315, 121.7049132366105 18.248410280682894, 121.70490148718599 18.24846091794507, 121.7048764952987 18.248507843006397, 121.7048326412004 18.248541961286495, 121.70489260301272 18.248636555114317, 121.70493949686775 18.248703890854497, 121.70500896371122 18.248794926319015, 121.70511798366164 18.2489206441986, 121.70515189011013 18.248949854503778, 121.70519921348871 18.248959231106408)))","TENANT","6133","6135","2026-01-20 11:58:46.176 +0900","2026-05-20 18:01:15.007 +0900","344","4","false","","","false","","181","MAGAPIT PUMP IRRIGATION SYSTEM","CAMAL","LAT.E-1","181","Dry Crop 2026"
"201688","39834","270-C","7686","MULTIPOLYGON (((121.70557510054074 18.24837490756288, 121.70567427402224 18.24837116417566, 121.70578421007446 18.248373254200686, 121.70582937596684 18.248365478218155, 121.70589436549676 18.248345714297184, 121.70602599336058 18.24827387242073, 121.70612213280815 18.24823546262019, 121.70618015419548 18.24820487647177, 121.7062494620364 18.248173019687993, 121.7062932382359 18.24816254044226, 121.7063806809821 18.248156396855695, 121.70646523483303 18.248159661869956, 121.70649770461632 18.248153146830614, 121.70653303338767 18.248141263580546, 121.70655856497471 18.24811988598167, 121.70660971781857 18.248065009459946, 121.7066482742572 18.24799792591713, 121.70666404849064 18.24796166671368, 121.7066743447298 18.247924094177012, 121.70655588342262 18.247844703670484, 121.7064611159866 18.247780984410625, 121.70634043689905 18.247708817377195, 121.70626502687072 18.247661774137296, 121.70620276494463 18.247625871008093, 121.70616636563258 18.247591953059274, 121.70610628297786 18.24752016243321, 121.70607163056344 18.24747123016511, 121.70574530031455 18.247694454648602, 121.70579981427909 18.24778881399099, 121.70583579476305 18.247879298115596, 121.7056151332616 18.247884206573335, 121.70547223477035 18.2478859820966, 121.70539292555104 18.247888244151177, 121.70539464677492 18.247911802850258, 121.70541131823725 18.247964443631652, 121.70545577998557 18.24810421530272, 121.70551165570433 18.248238630197267, 121.70557510054074 18.24837490756288)))","TENANT","7320","7322","2025-12-20 15:22:01.695 +0900","2026-05-20 18:01:15.007 +0900","344","4","false","","","false","","125","MAGAPIT PUMP IRRIGATION SYSTEM","CAMAL","LAT.E-1","125","Dry Crop 2026"
"201686","39834","270-C1","7686","MULTIPOLYGON (((121.70539292555104 18.247888244151177, 121.70547223477035 18.2478859820966, 121.7056151332616 18.247884206573335, 121.70561206912886 18.247855904987443, 121.70561447090303 18.24782386466495, 121.70563960665993 18.247790943944675, 121.70574530031455 18.247694454648602, 121.70607163056344 18.24747123016511, 121.7059987525293 18.2473745679687, 121.7059815903597 18.247353770330328, 121.7059589865591 18.247337072245543, 121.70588026894812 18.24729827917497, 121.70579927213609 18.247274981908575, 121.70573130771609 18.247245568205148, 121.70567944620348 18.247233842734918, 121.7056405022218 18.247231511316212, 121.70556259894943 18.247228916516878, 121.70547919278097 18.247238693473196, 121.70546289082539 18.247247890002193, 121.70539892600385 18.247262968774145, 121.70534694198446 18.247267787706814, 121.70523439290633 18.247267026679367, 121.70517575482602 18.247293516301813, 121.70515286772223 18.247315077261415, 121.70513528439605 18.247351151239357, 121.70512420960127 18.2473852010653, 121.7051205263973 18.24744411885561, 121.70512548550286 18.247505163255557, 121.7051329536982 18.24751969091436, 121.70517051681288 18.24756234231641, 121.70517889871466 18.247599625966096, 121.70517726503985 18.247674068853204, 121.70517742812302 18.247798159846038, 121.70516941832743 18.247863185738954, 121.70534931317162 18.247889760577756, 121.70539292555104 18.247888244151177)))","TENANT","5109","5111","2025-12-20 15:22:01.689 +0900","2026-05-20 18:01:15.007 +0900","344","4","false","","","false","","123","MAGAPIT PUMP IRRIGATION SYSTEM","CAMAL","LAT.E-1","123","Dry Crop 2026"
"201685","39834","270-D","7686","MULTIPOLYGON (((121.70521979807009 18.24718585340893, 121.70504005162528 18.247200141225683, 121.70491835749333 18.247200425549295, 121.70478632339405 18.247188458640984, 121.70478080985269 18.24730691131187, 121.70490829042068 18.247307773600888, 121.70500567203545 18.247304002709196, 121.7051263959839 18.24727824196452, 121.70516362887693 18.24725856085812, 121.70522640707966 18.247232408186587, 121.70521979807009 18.24718585340893)))","TENANT","492","490","2025-12-20 15:22:01.687 +0900","2026-05-20 18:01:15.007 +0900","344","4","false","","","false","","122","MAGAPIT PUMP IRRIGATION SYSTEM","CAMAL","LAT.E-1","122","Dry Crop 2026"
"202320","40169","271","7686","MULTIPOLYGON (((121.70593419898834 18.24855753827646, 121.70594806105657 18.248592715745083, 121.7062109400999 18.248756417434898, 121.70625450797257 18.248785048735808, 121.70637477886184 18.2485632143078, 121.70651254472106 18.24826728227349, 121.70650252926427 18.248252086495388, 121.70645201083617 18.248241235166116, 121.70637017449587 18.248231236629632, 121.70632505475237 18.248221486142928, 121.70624870734967 18.248233114662323, 121.70618356746544 18.24825696327063, 121.70610131164985 18.24830363558529, 121.70604444501701 18.248354527575877, 121.70593868525738 18.248523834195876, 121.70593419898834 18.24855753827646)))","LANDHOLDER","2207","2208","2026-01-27 10:06:41.964 +0900","2026-05-20 18:01:15.007 +0900","344","4","false","","","false","","234","MAGAPIT PUMP IRRIGATION SYSTEM","CAMAL","LAT.E-1","234","Dry Crop 2026"
"206121","41142","277-B","7686","MULTIPOLYGON (((121.7045570575554 18.250231668283423, 121.7045280332883 18.250454151618285, 121.70442673065962 18.25099305117055, 121.70452900047462 18.251026948483116, 121.70458443007345 18.25105056722743, 121.70463807290926 18.251080814913784, 121.70466393942169 18.251107554123237, 121.70470664014776 18.251207458751086, 121.70471872924553 18.251217502117008, 121.70476024614167 18.251242686942824, 121.70491257328663 18.251321749803505, 121.70493864901546 18.25132026594227, 121.70496489697217 18.25129553957543, 121.70500357848584 18.25123437154867, 121.70506361503503 18.25110527721983, 121.7050777369268 18.251075488025315, 121.70510938201019 18.251025894210454, 121.70519056428324 18.250857096564907, 121.70524344124301 18.25075617819382, 121.70528049566197 18.250680056731685, 121.70532263973053 18.25062057230189, 121.70540549765599 18.250460087179647, 121.7054231560231 18.250422020554087, 121.7054355402393 18.250392219574398, 121.70543391335838 18.25037726621244, 121.7045570575554 18.250231668283423)))","TENANT","7878","7880","2026-04-08 22:24:29.077 +0900","2026-05-20 18:01:15.007 +0900","344","4","false","","","false","","423","MAGAPIT PUMP IRRIGATION SYSTEM","CAMAL","LAT.E-1","423","Dry Crop 2026"
"201626","39795","279-B","7686","MULTIPOLYGON (((121.70337903337625 18.251298900141574, 121.70340936365893 18.251299105566535, 121.70345500688921 18.251279490278637, 121.70355773435253 18.251231280594126, 121.70371727727475 18.25119070081212, 121.70386926443062 18.25114644711544, 121.70391290447857 18.25114130863824, 121.7039599023628 18.250683365125656, 121.70398694974266 18.250359323538852, 121.70389608024819 18.250342406573157, 121.70363485911317 18.25028992121997, 121.70343417742936 18.25025414732224, 121.70341268159642 18.25059633948416, 121.70338657467836 18.251048990348895, 121.70337903337625 18.251298900141574)))","TENANT","5120","5810","2025-12-18 16:48:31.457 +0900","2026-05-20 18:01:15.007 +0900","344","4","false","","","false","","67","MAGAPIT PUMP IRRIGATION SYSTEM","CAMAL","LAT.E-1","67","Dry Crop 2026"
"202875","40361","280-A","7686","MULTIPOLYGON (((121.70457943815538 18.250161945600205, 121.7046136603036 18.24995239733229, 121.70464616495289 18.249659184776934, 121.70458925590732 18.24966423366424, 121.70370043592277 18.249627425407926, 121.70307357554655 18.249543482362718, 121.70295569791415 18.249845172699075, 121.70367875270126 18.24999497474008, 121.70457943815538 18.250161945600205)))","TENANT","7471","7473","2026-02-05 09:26:05.810 +0900","2026-05-20 18:01:15.007 +0900","344","4","false","","","false","","312","MAGAPIT PUMP IRRIGATION SYSTEM","CAMAL","LAT.E-1","312","Dry Crop 2026"
"201656","39813","280-B","7686","MULTIPOLYGON (((121.70295569791415 18.249845172699075, 121.70283783328625 18.25014505170865, 121.70293055784822 18.250167415665665, 121.70343417742936 18.25025414732224, 121.70363485911317 18.25028992121997, 121.70389608024819 18.250342406573157, 121.70398694974266 18.250359323538852, 121.70449617693566 18.2504569582877, 121.7045280332883 18.250454151618285, 121.7045570575554 18.250231668283423, 121.70457943815538 18.250161945600205, 121.70367875270126 18.24999497474008, 121.70295569791415 18.249845172699075)))","LANDHOLDER","6016","6018","2025-12-20 14:38:46.283 +0900","2026-05-20 18:01:15.007 +0900","344","4","false","","","false","","96","MAGAPIT PUMP IRRIGATION SYSTEM","CAMAL","LAT.E-1","96","Dry Crop 2026"
"201655","39813","281","7686","MULTIPOLYGON (((121.70561205338672 18.250040659034664, 121.70567046896052 18.249950011524668, 121.70572368004731 18.24983750229634, 121.70574625912722 18.24979825727973, 121.70575644612218 18.249777030114533, 121.70575883254288 18.24975575021622, 121.70575893503847 18.249741908489096, 121.70575567077954 18.24973123840702, 121.70575906118675 18.249724872517213, 121.7057859794492 18.249701628850627, 121.70580402218917 18.24967300117522, 121.70581424858841 18.2496464502644, 121.70581553640045 18.24962303333515, 121.70580458983332 18.249596339299583, 121.70579580892993 18.249578178315602, 121.70578141677734 18.249565303407692, 121.70572263132536 18.249527637960327, 121.705609525846 18.24945127240345, 121.70559839007748 18.24945013231526, 121.7055539435303 18.249453829228205, 121.70538852191882 18.249506621874882, 121.70520799480498 18.24956517437211, 121.70504838655876 18.24961481162368, 121.70496864950411 18.24963057409199, 121.70476944774471 18.249650962293728, 121.70464616495289 18.249659184776934, 121.7046136603036 18.24995239733229, 121.70561205338672 18.250040659034664)))","TENANT","5628","5630","2025-12-20 14:38:46.280 +0900","2026-05-20 18:01:15.007 +0900","344","4","false","","","false","","95","MAGAPIT PUMP IRRIGATION SYSTEM","CAMAL","LAT.E-1","95","Dry Crop 2026"
"204419","41148","282","7686","MULTIPOLYGON (((121.70464616495289 18.249659184776934, 121.70476944774471 18.249650962293728, 121.70496864950411 18.24963057409199, 121.70504838655876 18.24961481162368, 121.70520799480498 18.24956517437211, 121.70538852191882 18.249506621874882, 121.7055539435303 18.249453829228205, 121.70553873234834 18.249446052915147, 121.70541387604243 18.2494107937733, 121.70529859182196 18.249362920098303, 121.7052306982315 18.249315366851818, 121.70518548505576 18.249277023530535, 121.70516683743814 18.24923523724055, 121.70515007203238 18.249195274990665, 121.70514458643439 18.249168068210622, 121.70514859235834 18.249139114310548, 121.70518140826746 18.249059638513547, 121.70518359906528 18.24901980446402, 121.70483258742237 18.24906090178588, 121.70450055870313 18.249098504278987, 121.7043107685004 18.249128012275428, 121.70400523799368 18.24917122715319, 121.703876228387 18.24918484432613, 121.70378709394858 18.249189674822155, 121.70364871368625 18.24918873790913, 121.703356801665 18.249184949859853, 121.70323362669939 18.249178681690726, 121.70307357554655 18.249543482362718, 121.70370043592277 18.249627425407926, 121.70458925590732 18.24966423366424, 121.70464616495289 18.249659184776934)))","TENANT","12309","12313","2026-02-16 12:02:55.198 +0900","2026-05-20 18:01:15.007 +0900","344","4","false","","","false","","354","MAGAPIT PUMP IRRIGATION SYSTEM","CAMAL","LAT.E-1","354","Dry Crop 2026"
"202417","39813","283","7686","MULTIPOLYGON (((121.70400523799368 18.24917122715319, 121.70406961976519 18.248925324592367, 121.70419053170892 18.24846969245117, 121.70417944000305 18.248431579840066, 121.70415525357451 18.248369831552665, 121.70412520577088 18.24833159064283, 121.70404813028082 18.248244126013073, 121.70403116379003 18.248231331993065, 121.70401413015851 18.248227594074944, 121.70390762683633 18.248273967253205, 121.7037250304003 18.248356051441345, 121.70358151888198 18.248408331547942, 121.70355895251242 18.24844003477963, 121.70323362669939 18.249178681690726, 121.703356801665 18.249184949859853, 121.70364871368625 18.24918873790913, 121.70378709394858 18.249189674822155, 121.703876228387 18.24918484432613, 121.70400523799368 18.24917122715319)))","TENANT","7008","7010","2026-01-28 15:45:01.000 +0900","2026-05-20 18:01:15.007 +0900","344","4","false","","","false","","270","MAGAPIT PUMP IRRIGATION SYSTEM","CAMAL","LAT.E-1","270","Dry Crop 2026"
"201665","39819","284-A","7686","MULTIPOLYGON (((121.70355895251242 18.24844003477963, 121.70353075821828 18.248420503857073, 121.70351373236906 18.248389772341262, 121.70349946817008 18.24831902291875, 121.7035049215853 18.24824840701182, 121.7035125951576 18.24821077746043, 121.70351289209432 18.248170742864517, 121.7034909718058 18.24813526801665, 121.70345438560804 18.248083208194192, 121.70343749954333 18.24803363686387, 121.70342819972326 18.247958210864834, 121.70341844574496 18.24794401424675, 121.70339633335193 18.247934444128294, 121.7032831669726 18.247905416616582, 121.70320948816749 18.247869591202655, 121.70317505232272 18.247859937595038, 121.70307129157948 18.24822427439937, 121.70299046409234 18.24848749742217, 121.70299771840978 18.248506387316183, 121.70294957842532 18.248682693253347, 121.70282171081168 18.248641790385747, 121.70269041746216 18.249062462596047, 121.7028051053884 18.24921867586266, 121.70282936802703 18.24927065231127, 121.70285586819479 18.24935326013552, 121.70287289400653 18.24938399170548, 121.70287778848522 18.249388735053227, 121.70291699675255 18.249419616905104, 121.7029365222499 18.249445655217553, 121.70295101346385 18.249485789985428, 121.70294045555612 18.249579922209197, 121.70291568603388 18.24959624005625, 121.70288364468699 18.249596022976974, 121.7028145626459 18.24960497530434, 121.70278262616758 18.24959062835684, 121.7027335939738 18.249554969724933, 121.70272621729794 18.249552564648106, 121.70271137655156 18.24955952936938, 121.70270384256332 18.24957831906792, 121.70271104444888 18.24960427389701, 121.70271321202306 18.249644325175037, 121.7026881802796 18.249695967617075, 121.70265564947779 18.249761689800003, 121.70265792191884 18.249787611227138, 121.70267014064699 18.249801824585457, 121.7027020421933 18.249820881503403, 121.70275848609725 18.24985423527309, 121.70279526467421 18.2498803905029, 121.7028272186829 18.24989238247608, 121.70282964845038 18.249897109126007, 121.70283157136102 18.249970130055676, 121.70280907423596 18.25001236931022, 121.7027719984924 18.2500262486581, 121.70271279265626 18.25003291276378, 121.70266598036254 18.25003024046034, 121.70258224964319 18.250020252681296, 121.70249610665869 18.250003183237762, 121.70236533583004 18.25035320581478, 121.70226737536845 18.250599826581503, 121.70219261775084 18.250812897304577, 121.70221951349768 18.250821469648987, 121.70227546820118 18.250837745830637, 121.70234434092441 18.25085705342508, 121.70237384781953 18.250866673800825, 121.70241803823131 18.250890524254444, 121.70245721176195 18.250926116160965, 121.70248911347944 18.25094517312364, 121.70254743829854 18.250958173550007, 121.70270442672845 18.250495541989203, 121.70283783328625 18.25014505170865, 121.70295569791415 18.249845172699075, 121.70307357554655 18.249543482362718, 121.70323362669939 18.249178681690726, 121.70355895251242 18.24844003477963)))","TENANT","13899","13904","2025-12-20 14:57:12.925 +0900","2026-05-20 18:01:15.007 +0900","344","4","false","","","false","","104","MAGAPIT PUMP IRRIGATION SYSTEM","CAMAL","LAT.E-1","104","Dry Crop 2026"
"204445","41160","284-B1","7686","MULTIPOLYGON (((121.70304829493506 18.247668543466133, 121.70301990565426 18.247654739472182, 121.70298959682916 18.247643644810424, 121.70296592227044 18.247634409977316, 121.70293844901292 18.24762514940852, 121.7029015126713 18.247611287498668, 121.70284845205812 18.247594594008323, 121.70274029517488 18.247575607665738, 121.70273211914673 18.24760129005233, 121.70272718533366 18.247647327856985, 121.70269968280519 18.247795227619676, 121.70261712596282 18.248090840430844, 121.70254422491738 18.24832289644466, 121.70248291752145 18.248539673908102, 121.7023680533284 18.248857006280083, 121.70242314052088 18.24885957349416, 121.70246391683382 18.248866694428877, 121.70250502415432 18.248881071707366, 121.70255267144603 18.24889461656682, 121.70258802759678 18.248917731464186, 121.70260779970988 18.248950317013314, 121.70262886673524 18.248983824237058, 121.7026652604845 18.249030142069792, 121.70269041746216 18.249062462596047, 121.70282171081168 18.248641790385747, 121.70294957842532 18.248682693253347, 121.70299771840978 18.248506387316183, 121.70299046409234 18.24848749742217, 121.70307129157948 18.24822427439937, 121.70317505232272 18.247859937595038, 121.70317837598519 18.2478223960619, 121.7031942588061 18.247780987687698, 121.70320374883848 18.24773311514028, 121.70313229427907 18.247707352902207, 121.70309942467775 18.24768497306768, 121.70306531504113 18.24767864066206, 121.70304829493506 18.247668543466133)))","TENANT","7071","7076","2026-02-20 10:24:16.105 +0900","2026-05-20 18:01:15.007 +0900","344","4","false","","","false","","379","MAGAPIT PUMP IRRIGATION SYSTEM","CAMAL","LAT.E-1","379","Dry Crop 2026"
"202328","40176","288-A1/A2","7686","MULTIPOLYGON (((121.70182729103132 18.248594164230987, 121.70202436307133 18.248065994234395, 121.70185670496926 18.247992446962744, 121.70178588844858 18.24794370173559, 121.70175148154938 18.247939080709703, 121.70169670424845 18.247894831939078, 121.70164156850119 18.2478988458061, 121.70158167787177 18.24792476608618, 121.70150545472949 18.24798567746081, 121.70142924783181 18.2480443950447, 121.701336398669 18.248179785065986, 121.70133403750683 18.24818854451937, 121.7014392120369 18.24824849227188, 121.70147342342302 18.248279438437017, 121.70151908208018 18.24831484996421, 121.7015393221167 18.248372027774206, 121.7015552309558 18.248394074334556, 121.70159395285727 18.24843602040518, 121.70163047657456 18.248464788358902, 121.70168066208015 18.248509006018153, 121.70180182728016 18.248580031355925, 121.70182729103132 18.248594164230987)))","TENANT","3135","3140","2026-01-27 11:13:31.582 +0900","2026-05-20 18:01:15.007 +0900","344","4","false","","","false","","242","MAGAPIT PUMP IRRIGATION SYSTEM","CAMAL","LAT.E-1","242","Dry Crop 2026"
"202198","40091","288-A3","7686","MULTIPOLYGON (((121.70228840158518 18.248191154268444, 121.70228650970736 18.248191808314633, 121.7020898875732 18.248794936568878, 121.70208939287001 18.248795945219904, 121.70220603213221 18.248876749852368, 121.7022335024332 18.248887905392138, 121.7023680533284 18.248857006280083, 121.70248291752145 18.248539673908102, 121.70254422491738 18.24832289644466, 121.70234867666377 18.24821955637416, 121.70228840158518 18.248191154268444)))","TENANT","2463","2140","2026-01-12 12:37:20.195 +0900","2026-05-20 18:01:15.007 +0900","344","4","false","","","false","","151","MAGAPIT PUMP IRRIGATION SYSTEM","CAMAL","LAT.E-1","151","Dry Crop 2026"
"202330","40177","288-A4","7686","MULTIPOLYGON (((121.70208939287001 18.248795945219904, 121.7020898875732 18.248794936568878, 121.70228650970736 18.248191808314633, 121.70228840158518 18.248191154268444, 121.70220223951357 18.248150553953923, 121.70206497006666 18.248083807441965, 121.70202436307133 18.248065994234395, 121.70182729103132 18.248594164230987, 121.70186585388022 18.248615567348466, 121.70190009799815 18.248642125931546, 121.70197532757477 18.248715033590987, 121.70201414739144 18.24874381704391, 121.70208939287001 18.248795945219904)))","TENANT","2118","2120","2026-01-27 11:17:28.498 +0900","2026-05-20 18:01:15.007 +0900","344","4","false","","","false","","244","MAGAPIT PUMP IRRIGATION SYSTEM","CAMAL","LAT.E-1","244","Dry Crop 2026"
"200719","39293","288-AD2","7686","MULTIPOLYGON (((121.70273211914673 18.24760129005233, 121.70272080214124 18.247579274694782, 121.70269100348105 18.2475724911941, 121.70250294631528 18.247542696651067, 121.70247282200091 18.247579788271292, 121.70226325434668 18.247663928856245, 121.70215591417987 18.247586415935473, 121.70213761164037 18.24757751640479, 121.70213070746891 18.247579663473843, 121.7020087934753 18.24760955120758, 121.70189366958492 18.247652648101255, 121.70184991597613 18.247669902404567, 121.70182887760622 18.247720218720463, 121.70180323100429 18.247772697656345, 121.70176843311494 18.247820726804242, 121.70175672519535 18.247851361565196, 121.70175654597415 18.247875492892216, 121.70178588844858 18.24794370173559, 121.70185670496926 18.247992446962744, 121.70206497006666 18.248083807441965, 121.70220223951357 18.248150553953923, 121.70234867666377 18.24821955637416, 121.70254422491738 18.24832289644466, 121.70261712596282 18.248090840430844, 121.70269968280519 18.247795227619676, 121.70272718533366 18.247647327856985, 121.70273211914673 18.24760129005233)))","TENANT","5529","5531","2025-12-15 14:38:31.321 +0900","2026-05-20 18:01:15.007 +0900","344","4","false","","","false","","9","MAGAPIT PUMP IRRIGATION SYSTEM","CAMAL","LAT.E-1","9","Dry Crop 2026"
"201677","39828","289","7686","MULTIPOLYGON (((121.70184053442073 18.249619422018576, 121.70179405460306 18.24957200499821, 121.70183179496547 18.249468636813358, 121.70168976854508 18.249342853827883, 121.70140702165838 18.249910868656947, 121.70117465246939 18.250333208997816, 121.7010845221254 18.25052100488456, 121.70108170735463 18.25056808762948, 121.70108160234228 18.25058221746969, 121.70110853936751 18.25060595115112, 121.70132470079513 18.25070633148552, 121.70156011226373 18.250206293564524, 121.70184053442073 18.249619422018576)))","TENANT","4247","4249","2025-12-20 15:13:31.077 +0900","2026-05-20 18:01:15.007 +0900","344","4","false","","","false","","115","MAGAPIT PUMP IRRIGATION SYSTEM","CAMAL","LAT.E-1","115","Dry Crop 2026"
"201681","39831","290","7686","MULTIPOLYGON (((121.70211197617093 18.249820722100647, 121.70206354717622 18.249792855823266, 121.70184053442073 18.249619422018576, 121.70156011226373 18.250206293564524, 121.70132470079513 18.25070633148552, 121.70135653234361 18.25073480852148, 121.7013760402327 18.250763201957877, 121.70139049617232 18.25080804677011, 121.70139019870359 18.250848081321234, 121.7015054638692 18.25092658120814, 121.70154977663617 18.250933947039623, 121.70157931848328 18.250938857588373, 121.70160644808173 18.25093668649513, 121.70163862961743 18.250918064013074, 121.70167168671341 18.250823054150278, 121.70179170905996 18.2505631493874, 121.70196494047815 18.250167971817312, 121.70211197617093 18.249820722100647)))","TENANT","5166","5168","2025-12-20 15:17:46.192 +0900","2026-05-20 18:01:15.007 +0900","344","4","false","","","false","","119","MAGAPIT PUMP IRRIGATION SYSTEM","CAMAL","LAT.E-1","119","Dry Crop 2026"
"204489","39831","291-B","7686","MULTIPOLYGON (((121.70249610665869 18.250003183237762, 121.70234381828811 18.24993149829036, 121.70222726851827 18.24986005548817, 121.70212801561108 18.249782842144448, 121.70211197617093 18.249820722100647, 121.70196494047815 18.250167971817312, 121.70179170905996 18.2505631493874, 121.70167168671341 18.250823054150278, 121.70177018865378 18.250835497606452, 121.70189830242204 18.25084343161575, 121.70210792737684 18.250828367234963, 121.70219261775084 18.250812897304577, 121.70226737536845 18.250599826581503, 121.70236533583004 18.25035320581478, 121.70249610665869 18.250003183237762)))","TENANT","5255","5257","2026-02-26 09:27:20.178 +0900","2026-05-20 18:01:15.007 +0900","344","4","false","","","false","","410","MAGAPIT PUMP IRRIGATION SYSTEM","CAMAL","LAT.E-1","410","Dry Crop 2026"
"204398","41134","292","7686","MULTIPOLYGON (((121.70254743829854 18.250958173550007, 121.70263833482478 18.25097146872856, 121.70269508298142 18.250988155082375, 121.70278760630681 18.251037687422084, 121.70295754176423 18.2511294043535, 121.70311622452029 18.251204743119164, 121.70333544703372 18.2512967936152, 121.70337903337625 18.251298900141574, 121.70338657467836 18.251048990348895, 121.70341268159642 18.25059633948416, 121.70343417742936 18.25025414732224, 121.70293055784822 18.250167415665665, 121.70283783328625 18.25014505170865, 121.70270442672845 18.250495541989203, 121.70254743829854 18.250958173550007)))","LANDHOLDER","8180","8183","2026-02-16 11:12:50.508 +0900","2026-05-20 18:01:15.007 +0900","344","4","false","","","false","","337","MAGAPIT PUMP IRRIGATION SYSTEM","CAMAL","LAT.E-1","337","Dry Crop 2026"
"201618","39791","295-A","7686","MULTIPOLYGON (((121.70037980288083 18.252538654865262, 121.70029235516317 18.25270098656477, 121.70003960161773 18.25321613706096, 121.69985807250569 18.253641881037613, 121.70031542687366 18.25381540313023, 121.70081756164402 18.253042080206797, 121.70098895001217 18.252721240025625, 121.7007866567455 18.252650033553408, 121.70058327151398 18.252588726479008, 121.70037980288083 18.252538654865262)))","TENANT","8470","8473","2025-12-18 16:39:31.147 +0900","2026-05-20 18:01:15.007 +0900","344","4","false","","","false","","59","MAGAPIT PUMP IRRIGATION SYSTEM","CAMAL","LAT.E-1","59","Dry Crop 2026"
"202881","40364","295-B","7686","MULTIPOLYGON (((121.69979056664197 18.252441018307458, 121.69975296612303 18.25248945326068, 121.69969904535967 18.25262392180141, 121.69968069553649 18.252719305135532, 121.69966426379989 18.252820319611587, 121.6995982210546 18.253003396105083, 121.69956811162834 18.25309869953212, 121.69955128957606 18.253252147085643, 121.69950073076608 18.25346154658754, 121.69949465589515 18.253487723187956, 121.69949051306928 18.253517658324814, 121.69951360008584 18.253575869039132, 121.6995462080026 18.253671598538638, 121.69957671666951 18.25378604082416, 121.69958450062006 18.25379358452648, 121.69960601797251 18.25379934882204, 121.69962176703895 18.25379009228695, 121.69965150033495 18.253745349349966, 121.69967920401886 18.253709956146356, 121.69972059927908 18.253678401354442, 121.69975993706558 18.25365994151428, 121.69982276604226 18.253645386637974, 121.69985807250569 18.253641881037613, 121.70003960161773 18.25321613706096, 121.70029235516317 18.25270098656477, 121.70037980288083 18.252538654865262, 121.69991996240378 18.25243627901939, 121.69979657175976 18.252424204744603, 121.69979056664197 18.252441018307458)))","TENANT","7354","7356","2026-02-05 09:33:35.407 +0900","2026-05-20 18:01:15.007 +0900","344","4","false","","","false","","315","MAGAPIT PUMP IRRIGATION SYSTEM","CAMAL","LAT.E-1","315","Dry Crop 2026"
"202242","40122","296-A","7686","MULTIPOLYGON (((121.69992536755917 18.251709705903966, 121.69981474487852 18.252089113869097, 121.6997319365838 18.252418147608996, 121.69979657175976 18.252424204744603, 121.69991996240378 18.25243627901939, 121.70037980288083 18.252538654865262, 121.70074482577505 18.251949357530318, 121.70094339129743 18.25160425440485, 121.70046824959131 18.25145121308845, 121.70003412731383 18.251317176241955, 121.69992536755917 18.251709705903966)))","LANDHOLDER","10344","10347","2026-01-20 12:14:57.966 +0900","2026-05-20 18:01:15.007 +0900","344","4","false","","","false","","193","MAGAPIT PUMP IRRIGATION SYSTEM","CAMAL","LAT.E-1","193","Dry Crop 2026"
"202882","40364","296-B","7686","MULTIPOLYGON (((121.70150274013413 18.251767229311362, 121.70137559695546 18.25173265814138, 121.70127016582427 18.251677634416076, 121.70116871023156 18.251615146782576, 121.70109092660529 18.251532219944032, 121.70103279770998 18.251441935615897, 121.70094339129743 18.25160425440485, 121.70074482577505 18.251949357530318, 121.70037980288083 18.252538654865262, 121.70058327151398 18.252588726479008, 121.7007866567455 18.252650033553408, 121.70098895001217 18.252721240025625, 121.70103368914646 18.25264047376271, 121.70133788351107 18.252060125961222, 121.70150274013413 18.251767229311362)))","TENANT","7440","7746","2026-02-05 09:33:35.407 +0900","2026-05-20 18:01:15.007 +0900","344","4","false","","","false","","316","MAGAPIT PUMP IRRIGATION SYSTEM","CAMAL","LAT.E-1","316","Dry Crop 2026"
"204454","41164","297-A","7686","MULTIPOLYGON (((121.70014883583612 18.250915323335967, 121.70008226915908 18.25090550782187, 121.69978454676755 18.25087914084542, 121.69958486082544 18.25084782125017, 121.69943781728851 18.25138054347299, 121.69931104075913 18.25182351334975, 121.69914700859022 18.252400128345382, 121.69920077363092 18.25241828439675, 121.69924565637471 18.25244480725246, 121.6993003107995 18.252475141904796, 121.69938126633895 18.252395165626826, 121.69959876036832 18.25240413403457, 121.69961750945026 18.252518496432412, 121.69963514863393 18.252518616255593, 121.69966066925699 18.252513171498123, 121.69969212534089 18.252500276232798, 121.6997319365838 18.252418147608996, 121.69981474487852 18.252089113869097, 121.69992536755917 18.251709705903966, 121.70003412731383 18.251317176241955, 121.70014883583612 18.250915323335967)))","TENANT","10543","10547","2026-02-23 10:23:15.064 +0900","2026-05-20 18:01:15.007 +0900","344","4","false","","","false","","388","MAGAPIT PUMP IRRIGATION SYSTEM","CAMAL","LAT.E-1","388","Dry Crop 2026"
"202243","40122","297-C","7686","MULTIPOLYGON (((121.70014883583612 18.250915323335967, 121.70003412731383 18.251317176241955, 121.70046824959131 18.25145121308845, 121.70094339129743 18.25160425440485, 121.70103279770998 18.251441935615897, 121.70105933416147 18.251299789975054, 121.70122563768477 18.2508121418455, 121.70108308055718 18.250741884522686, 121.70087198309211 18.250663671176916, 121.70081240687932 18.25076813845378, 121.70071106032412 18.25095472130635, 121.70063020352418 18.251021589955695, 121.70049249581423 18.25108994537609, 121.70036892502175 18.25110221547742, 121.70032972714216 18.251101949371627, 121.70029451868128 18.2510923468116, 121.7002340822866 18.251048864255143, 121.70020888221187 18.251011239039045, 121.70017617683038 18.2509286179157, 121.70014883583612 18.250915323335967)))","LANDHOLDER","6643","6645","2026-01-20 12:14:57.966 +0900","2026-05-20 18:01:15.007 +0900","344","4","false","","","false","","194","MAGAPIT PUMP IRRIGATION SYSTEM","CAMAL","LAT.E-1","194","Dry Crop 2026"
"204443","41159","298","7686","MULTIPOLYGON (((121.69864182975698 18.252200997082884, 121.69846292277806 18.25260334866284, 121.69835117290951 18.2528319961319, 121.69828777257503 18.252961717002336, 121.69824813838822 18.253151526990983, 121.69842966431669 18.25325295105422, 121.69855561173476 18.253316542999226, 121.69874618004211 18.253124949956455, 121.69893811826402 18.25288093026814, 121.69913346557409 18.252442172180462, 121.69914700859022 18.252400128345382, 121.6990776200633 18.25237437528485, 121.69864182975698 18.252200997082884)))","LANDHOLDER","6283","6286","2026-02-20 10:20:43.989 +0900","2026-05-20 18:01:15.007 +0900","344","4","false","","","false","","377","MAGAPIT PUMP IRRIGATION SYSTEM","CAMAL","LAT.E-1","377","Dry Crop 2026"
"204404","41139","298-B","7686","MULTIPOLYGON (((121.69824813838822 18.253151526990983, 121.6982120926595 18.2532542806088, 121.69816227165883 18.253364431349976, 121.69810274865748 18.253461407157022, 121.69827249435733 18.253565560314993, 121.69834856856605 18.25361476795368, 121.69836246934437 18.25359051732039, 121.69840030760935 18.25351024831997, 121.69848550467218 18.253387229114097, 121.69855561173476 18.253316542999226, 121.69842966431669 18.25325295105422, 121.69824813838822 18.253151526990983)))","LANDHOLDER","1220","1221","2026-02-16 11:31:41.168 +0900","2026-05-20 18:01:15.007 +0900","344","4","false","","","false","","342","MAGAPIT PUMP IRRIGATION SYSTEM","CAMAL","LAT.E-1","342","Dry Crop 2026"
"202874","40360","299","7686","MULTIPOLYGON (((121.70216021143685 18.251649961823755, 121.70204428518645 18.25168850271611, 121.70186147183881 18.25176029870544, 121.70177110766232 18.251787776520008, 121.70168088257765 18.251796528165197, 121.70150274013413 18.251767229311362, 121.70133788351107 18.252060125961222, 121.70103368914646 18.25264047376271, 121.70098895001217 18.252721240025625, 121.70081756164402 18.253042080206797, 121.70120983751644 18.253128177655316, 121.70117541114374 18.25322060038798, 121.70155178770763 18.253467255205404, 121.70168959406914 18.25328097360709, 121.7017905269301 18.25321442921606, 121.70188938663765 18.253192655893095, 121.701974221778 18.253204920248198, 121.70248580347342 18.25267466705485, 121.702642790346 18.252527091120843, 121.70278329998561 18.252389689602083, 121.70216021143685 18.251649961823755)))","LANDHOLDER","22783","22791","2026-02-05 09:24:15.252 +0900","2026-05-20 18:01:15.007 +0900","344","4","false","","","false","","311","MAGAPIT PUMP IRRIGATION SYSTEM","CAMAL","LAT.E-1","311","Dry Crop 2026"
"202900","40369","300","7686","MULTIPOLYGON (((121.69909349984006 18.250767702030814, 121.69895590126498 18.250755530734274, 121.69881893210348 18.250724636564577, 121.6987561599018 18.250731700734306, 121.69871301446805 18.250735152881017, 121.69867779224595 18.250727422643894, 121.6986622107407 18.25071420779304, 121.69864077746021 18.25069720775279, 121.69862516807335 18.250687738120085, 121.69851761129684 18.250655170968287, 121.69844328897203 18.25063406593901, 121.69841015218495 18.250609495486515, 121.69835944615932 18.25057544205074, 121.69829509068626 18.250531932270636, 121.69825415623967 18.2505016906591, 121.69820167171501 18.25044327992668, 121.69804515290099 18.25066881285835, 121.69793650558906 18.25082829738894, 121.69773403205868 18.251125509407068, 121.6975458327009 18.251393898538456, 121.69723685055963 18.251826263497044, 121.69717356140737 18.251902613655236, 121.69719565108747 18.251964730516818, 121.69720993401036 18.252018968845857, 121.69720951521467 18.252075147118912, 121.69720135452525 18.252118163775272, 121.69717163489395 18.25216103370788, 121.69717273026619 18.252187853115622, 121.69715442634774 18.25220699788611, 121.6970847010811 18.252254077240593, 121.69742074385914 18.25239868964061, 121.69798927685014 18.252644136257206, 121.69796150326295 18.25268889225681, 121.69810224010794 18.252740412486162, 121.69818640466535 18.252755966511277, 121.69823723680271 18.252773166535494, 121.69835117290951 18.2528319961319, 121.69846292277806 18.25260334866284, 121.69864182975698 18.252200997082884, 121.69872227567755 18.251926256305026, 121.69898316886545 18.251107784652696, 121.69909349984006 18.250767702030814)))","LANDHOLDER","30328","30338","2026-02-05 09:45:16.930 +0900","2026-05-20 18:01:15.007 +0900","344","4","false","","","false","","325","MAGAPIT PUMP IRRIGATION SYSTEM","CAMAL","LAT.E-1","325","Dry Crop 2026"
"202903","40370","3003","7686","MULTIPOLYGON (((121.70036047708874 18.247882665778793, 121.7006055023911 18.247799029716944, 121.70081681686678 18.247722156320805, 121.70142458393289 18.247468983608577, 121.70142175058292 18.247456379281576, 121.7011409940761 18.247227942997835, 121.70111308528277 18.247241737134964, 121.70104265430459 18.247266429569404, 121.70093914663643 18.24721259022334, 121.70036047708874 18.247882665778793)))","TENANT","4526","3104","2026-02-05 09:51:01.153 +0900","2026-05-20 18:01:15.007 +0900","344","4","false","","","false","","328","MAGAPIT PUMP IRRIGATION SYSTEM","CAMAL","LAT.E-1","328","Dry Crop 2026"
"204442","41159","301","7686","MULTIPOLYGON (((121.69958486082544 18.25084782125017, 121.69937348530705 18.25080705850607, 121.69923058059433 18.2507836151222, 121.69909349984006 18.250767702030814, 121.69898316886545 18.251107784652696, 121.69872227567755 18.251926256305026, 121.69864182975698 18.252200997082884, 121.6990776200633 18.25237437528485, 121.69914700859022 18.252400128345382, 121.69931104075913 18.25182351334975, 121.69943781728851 18.25138054347299, 121.69958486082544 18.25084782125017)))","LANDHOLDER","9546","9549","2026-02-20 10:20:43.989 +0900","2026-05-20 18:01:15.007 +0900","344","4","false","","","false","","376","MAGAPIT PUMP IRRIGATION SYSTEM","CAMAL","LAT.E-1","376","Dry Crop 2026"
"201627","39795","302-A","7686","MULTIPOLYGON (((121.70088928819736 18.250566979232165, 121.70103687001092 18.250271633935657, 121.70113177461677 18.250108669750702, 121.70121398584376 18.249914749945024, 121.70131542015946 18.249742569103685, 121.70135489881187 18.249647141590405, 121.7014335349136 18.24949950158726, 121.70149601771482 18.249351751987486, 121.70151590600199 18.249283974070487, 121.70151608945366 18.249259279749868, 121.70134248398425 18.249143885280724, 121.70128770091729 18.249124992008756, 121.70122657129009 18.249090620942724, 121.70113325011408 18.249040596746212, 121.70101124334835 18.24893789981915, 121.70097194822586 18.249008632950783, 121.70091303989261 18.249110102444348, 121.70086405280338 18.24918076978584, 121.70083465594162 18.24922378754114, 121.7008179980338 18.249291587293907, 121.70079506240269 18.24933464888526, 121.70074261511324 18.24943616215517, 121.70062816611866 18.24962060212668, 121.70039580721381 18.25002032776302, 121.7003433365134 18.250124927677334, 121.70041108825193 18.250137735374956, 121.7004753798459 18.250181389005306, 121.70054276442028 18.25024358527532, 121.7006067807005 18.25032428032901, 121.70062916575856 18.25035530170324, 121.7006549421117 18.250364737480908, 121.70068069552016 18.25037726004397, 121.70070654072147 18.25037743544888, 121.70086083181972 18.250483438627718, 121.70084751914665 18.2505358263462, 121.70088928819736 18.250566979232165)))","TENANT","10569","10572","2025-12-18 16:48:31.458 +0900","2026-05-20 18:01:15.007 +0900","344","4","false","","","false","","68","MAGAPIT PUMP IRRIGATION SYSTEM","CAMAL","LAT.E-1","68","Dry Crop 2026"
"202902","40370","302-B","7686","MULTIPOLYGON (((121.69939939523364 18.24854325991053, 121.69907621382055 18.24871379056139, 121.69913835648335 18.24890231521634, 121.69919653111693 18.2491217664592, 121.69932312920734 18.24918810524066, 121.69941718248623 18.249274461736753, 121.6994813333867 18.249360615073766, 121.69954025259449 18.249480067465306, 121.69960138032911 18.24963763153912, 121.69963290675294 18.249754516804334, 121.69967954391403 18.249850075304547, 121.69974353572924 18.2499576568794, 121.69981272392613 18.250036701203015, 121.69990697270634 18.250096867337763, 121.70004598693137 18.2501692426135, 121.70020005883124 18.25022743376252, 121.70024484195017 18.250237261977965, 121.70028621593733 18.250119085928354, 121.7002433395174 18.250099514897805, 121.70014583107393 18.250044940223372, 121.70003017455377 18.24997597127734, 121.69989467514642 18.249897353519675, 121.69984183130906 18.24986211000014, 121.69977592398463 18.249798235752927, 121.69974796056853 18.24976474684654, 121.69979789823006 18.249744472327613, 121.69984295180646 18.249711479295488, 121.69984636511751 18.249698817143372, 121.69983986874577 18.24967974502894, 121.69982664011094 18.2496733125271, 121.69980023002437 18.24965410517541, 121.6997804932343 18.24963018614136, 121.69975678025209 18.24958484123654, 121.69972426515731 18.249555510804655, 121.6997224530744 18.249518040641533, 121.6996742165514 18.249437012687125, 121.6995687284464 18.24930998313712, 121.69961539880649 18.249291317924477, 121.69966137253654 18.249256205899353, 121.69965091776305 18.249177164658885, 121.69963356835102 18.24910882924017, 121.69959830303429 18.24905797474152, 121.69951741366198 18.248875405741405, 121.69939939523364 18.24854325991053)))","TENANT","5120","5059","2026-02-05 09:51:01.153 +0900","2026-05-20 18:01:15.007 +0900","344","4","false","","","false","","327","MAGAPIT PUMP IRRIGATION SYSTEM","CAMAL","LAT.E-1","327","Dry Crop 2026"
"202336","40180","302-C","7686","MULTIPOLYGON (((121.69965376941316 18.24845868778139, 121.6994966969723 18.24851624178569, 121.69939939523364 18.24854325991053, 121.69951741366198 18.248875405741405, 121.69959830303429 18.24905797474152, 121.69963356835102 18.24910882924017, 121.69964799229743 18.249096753066418, 121.69969441535916 18.24906511124179, 121.69973466045253 18.249007557402116, 121.69970815230455 18.24893128900394, 121.6996928942279 18.248841401101032, 121.69969304138885 18.248821619123852, 121.69989198327626 18.24862666211697, 121.69989205118547 18.248617531972727, 121.69984762834382 18.248594403806685, 121.6997697723783 18.248569526822024, 121.6997017436689 18.248508194127822, 121.69965376941316 18.24845868778139)))","TENANT","1787","1788","2026-01-27 11:23:12.648 +0900","2026-05-20 18:01:15.007 +0900","344","4","false","","","false","","249","MAGAPIT PUMP IRRIGATION SYSTEM","CAMAL","LAT.E-1","249","Dry Crop 2026"
"202349","40188","302-ED2","7686","MULTIPOLYGON (((121.70101124334835 18.24893789981915, 121.70102699208266 18.248917414757276, 121.70102874299867 18.248896121883416, 121.70102099487681 18.248867155722543, 121.70100526115831 18.248841178918425, 121.70098784437788 18.248827364838636, 121.70075480727209 18.248681215649615, 121.70069696485619 18.24874930268603, 121.70068897925695 18.248752292029753, 121.70061919917401 18.24871225250626, 121.70051306095829 18.248635443765743, 121.70040699071964 18.248549504825455, 121.70040391866996 18.24853426629516, 121.70040408837515 18.248511440929672, 121.700426610946 18.248481158447213, 121.70050861375195 18.248376713042376, 121.70058726159733 18.248295071346234, 121.70063697126665 18.248249755662076, 121.70058333790632 18.248196880401096, 121.70054526842895 18.248159349002517, 121.7004443243632 18.24824083935343, 121.7004105744995 18.24828169801013, 121.70028388860014 18.248398014200475, 121.70027274045725 18.24839793852369, 121.7002711704949 18.248394884330718, 121.70027443488156 18.24838425411592, 121.7003486784223 18.248252364287957, 121.70034876893412 18.248240190759613, 121.70034088518015 18.2482294848707, 121.70031373133924 18.248219829513147, 121.7002627233149 18.24821285886997, 121.70009937053072 18.24827100865873, 121.69990092736137 18.248358604672593, 121.69965376941316 18.24845868778139, 121.6997017436689 18.248508194127822, 121.6997697723783 18.248569526822024, 121.69984762834382 18.248594403806685, 121.69989205118547 18.248617531972727, 121.69989198327626 18.24862666211697, 121.69969304138885 18.248821619123852, 121.6996928942279 18.248841401101032, 121.69970815230455 18.24893128900394, 121.69973466045253 18.249007557402116, 121.69969441535916 18.24906511124179, 121.69964799229743 18.249096753066418, 121.69963356835102 18.24910882924017, 121.69965091776305 18.249177164658885, 121.70004707447302 18.248908203780623, 121.70018529409562 18.248785664418154, 121.70019400188355 18.248700832561724, 121.70022965345473 18.24868563986813, 121.70029712920456 18.24873548903741, 121.70036276614651 18.248796714713134, 121.70050275288804 18.248889688526063, 121.70056540580983 18.248936417929745, 121.7005002999402 18.24900234535862, 121.70072857292708 18.249152067938684, 121.70073840247991 18.24913361297428, 121.70079364435963 18.249090770615137, 121.70081958114594 18.249078598835762, 121.70084221847343 18.249075665499003, 121.70085848631896 18.249060341159645, 121.70087832892322 18.24899873689908, 121.70090770279126 18.248958805922477, 121.70094340024596 18.248937439516784, 121.70097582118764 18.248922224763767, 121.70101124334835 18.24893789981915)))","TENANT","7137","7140","2026-01-27 11:48:15.932 +0900","2026-05-20 18:01:15.007 +0900","344","4","false","","","false","","262","MAGAPIT PUMP IRRIGATION SYSTEM","CAMAL","LAT.E-1","262","Dry Crop 2026"
"202348","40188","302-F","7686","MULTIPOLYGON (((121.69966137253654 18.249256205899353, 121.69961539880649 18.249291317924477, 121.6995687284464 18.24930998313712, 121.6996742165514 18.249437012687125, 121.6997224530744 18.249518040641533, 121.69972426515731 18.249555510804655, 121.69975678025209 18.24958484123654, 121.6997804932343 18.24963018614136, 121.69980023002437 18.24965410517541, 121.69982664011094 18.2496733125271, 121.69983986874577 18.24967974502894, 121.69984636511751 18.249698817143372, 121.69984295180646 18.249711479295488, 121.69979789823006 18.249744472327613, 121.69974796056853 18.24976474684654, 121.69977592398463 18.249798235752927, 121.69984183130906 18.24986211000014, 121.69989467514642 18.249897353519675, 121.70003017455377 18.24997597127734, 121.70014583107393 18.250044940223372, 121.7002433395174 18.250099514897805, 121.70033596390317 18.250141371036808, 121.7003433365134 18.250124927677334, 121.70039580721381 18.25002032776302, 121.70033799993583 18.249973631184197, 121.7002192007436 18.24987404246974, 121.70013893978266 18.249805584786383, 121.70005560895261 18.249715497620283, 121.70001065553687 18.2496781490593, 121.69996260926114 18.249622257823436, 121.69992897459021 18.249583442630914, 121.69990350835957 18.249532335126354, 121.69986508517152 18.249485770047265, 121.69982667348437 18.24943766156755, 121.69966137253654 18.249256205899353)))","TENANT","2228","2229","2026-01-27 11:48:15.932 +0900","2026-05-20 18:01:15.007 +0900","344","4","false","","","false","","261","MAGAPIT PUMP IRRIGATION SYSTEM","CAMAL","LAT.E-1","261","Dry Crop 2026"
"204397","41133","302-N","7686","MULTIPOLYGON (((121.6986468090807 18.24887480844783, 121.69852168492568 18.24891900377755, 121.69845620176814 18.24896095471484, 121.69833501022383 18.249035648830027, 121.69828056999502 18.249084299165382, 121.69810616663995 18.249228849828864, 121.69805021145706 18.249294713193418, 121.69809839515482 18.24934141155106, 121.69820991079858 18.249262677183825, 121.69837271861267 18.249185616339158, 121.69837700649849 18.249168422084097, 121.69835497964613 18.249147074295706, 121.69846629775655 18.249094835970133, 121.69848242330924 18.24916383921803, 121.69846677672606 18.24921672795068, 121.69850399640444 18.249246128270766, 121.69855757843443 18.24931273637787, 121.69858773718711 18.249359312093123, 121.69862307717493 18.24945494348899, 121.69863691304823 18.24945901216712, 121.6987350463781 18.249315267523937, 121.6988264301682 18.249333112013606, 121.6988791189024 18.249333470088043, 121.69892630090132 18.249328491215767, 121.69895129816844 18.249323361576273, 121.69896105329418 18.249316803479, 121.6989652918209 18.249306233260647, 121.6989653608496 18.24929695958629, 121.6989500262899 18.24927025485325, 121.69891695068962 18.2492465454428, 121.69889177052812 18.249210448709498, 121.69887641141823 18.2491742375245, 121.69885267992089 18.249159731444994, 121.698820519085 18.249160026683494, 121.69880469587885 18.249141679375477, 121.69882147061809 18.24910575705121, 121.69880606998348 18.24908787128935, 121.69878929001784 18.249094257380094, 121.69874209366364 18.24911567315824, 121.69872969172825 18.24910325072297, 121.69872450061924 18.24905551984883, 121.69872196424303 18.2490237055485, 121.69868897324054 18.248985059869305, 121.69870709692697 18.24897193427547, 121.6986468090807 18.24887480844783)))","TENANT","2320","2320","2026-02-16 11:07:53.980 +0900","2026-05-20 18:01:15.007 +0900","344","4","false","","","false","","336","MAGAPIT PUMP IRRIGATION SYSTEM","CAMAL","LAT.E-1","336","Dry Crop 2026"
"201668","39821","306","7686","MULTIPOLYGON (((121.6999754671539 18.24620982478495, 121.7000863810349 18.24621528897808, 121.7001077167984 18.246225663757578, 121.7002629736039 18.246367890843256, 121.70029281329447 18.24638650727875, 121.70034830158339 18.246411435760855, 121.70041455665289 18.246428253348213, 121.70046583864512 18.246442923308013, 121.70056834182886 18.246480446728874, 121.70065579592737 18.24652605193288, 121.70069198322172 18.24655494132514, 121.70075369752234 18.246606509793093, 121.70076865542774 18.246610703262405, 121.70078365894854 18.246608759074466, 121.70079875369727 18.246594539572975, 121.70083526032013 18.246580465346526, 121.70089524398279 18.246576780336795, 121.7009295637984 18.246568829221278, 121.70097903915206 18.246538475040243, 121.70102632769627 18.246514243976726, 121.7010478915835 18.24649393037271, 121.70105067123815 18.246408017701345, 121.7009963533996 18.246225556224157, 121.70095624860862 18.246147536583198, 121.70086950916384 18.24600577490005, 121.70082913080745 18.245964581177514, 121.70075352978796 18.245866889313792, 121.70043367623556 18.24599265931424, 121.6999754671539 18.24620982478495)))","TENANT","4960","4962","2025-12-20 15:00:10.190 +0900","2026-05-20 18:01:15.007 +0900","344","4","false","","","false","","107","MAGAPIT PUMP IRRIGATION SYSTEM","CAMAL","LAT.E-1","107","Dry Crop 2026"
"204433","41156","307D2","7686","MULTIPOLYGON (((121.70058481 18.24569248, 121.69973612 18.24603663, 121.69964342 18.24614886, 121.69960902 18.2462268, 121.69969711 18.24628034, 121.69996907 18.24622509, 121.70070993 18.24588344, 121.70058481 18.24569248)))","TENANT","3021","3016","2026-02-20 09:41:19.158 +0900","2026-07-08 14:59:05.119 +0900","344","4","false","","","false","","367","MAGAPIT PUMP IRRIGATION SYSTEM","CAMAL","LAT.E-1","367","Dry Crop 2026"
"201680","39830","309","7686","MULTIPOLYGON (((121.70048728566204 18.245430602084085, 121.70050716755041 18.245375799477905, 121.7005297391592 18.245333420369658, 121.70056333312586 18.24530529348095, 121.70061360551914 18.245279051936905, 121.70068238461705 18.245258252486163, 121.70071582050967 18.245251390637584, 121.70080118584131 18.24524488110777, 121.70084384216898 18.24524517050688, 121.70092370946567 18.245229762728403, 121.70093673132796 18.245224534531157, 121.70077621098632 18.24486192109539, 121.70064824228965 18.244861052841973, 121.70054815873519 18.24485151283427, 121.70044999567389 18.244833124915754, 121.70039252885265 18.244829190566172, 121.70032201384156 18.244834028534633, 121.70025140660984 18.24485127109901, 121.70013035575823 18.244917792225387, 121.70009669592731 18.244954779483255, 121.70005753810365 18.24498286852126, 121.70002216856649 18.245000350198634, 121.69998132740145 18.2450053894768, 121.69993682970457 18.245003315209665, 121.69990914218543 18.244985405456795, 121.69946101382732 18.244640332208608, 121.69927485353888 18.244732993259206, 121.69934399745428 18.244912452852716, 121.6994477992591 18.245170123633137, 121.6996243232215 18.245624999957556, 121.69966637331278 18.24570680568694, 121.69970325496796 18.245735410978043, 121.6997353310487 18.24574669112469, 121.70048728566204 18.245430602084085)))","TENANT","10979","10982","2025-12-20 15:15:40.843 +0900","2026-05-20 18:01:15.007 +0900","344","4","false","","","false","","118","MAGAPIT PUMP IRRIGATION SYSTEM","CAMAL","LAT.E-1","118","Dry Crop 2026"
"201592","39779","310D2","7686","MULTIPOLYGON (((121.69934311780246 18.245989657990947, 121.69936261891468 18.24589968230264, 121.69937764051747 18.245874973846266, 121.69940567088086 18.245846809389487, 121.69948407939125 18.245778226996574, 121.6995715632506 18.24573628886589, 121.69962362462478 18.245718920636435, 121.69966637331278 18.24570680568694, 121.6996243232215 18.245624999957556, 121.6994477992591 18.245170123633137, 121.69934399745428 18.244912452852716, 121.69927485353888 18.244732993259206, 121.69919296035617 18.24477142490356, 121.69909246822557 18.244816818873304, 121.69896220985524 18.244874415799593, 121.69886725508981 18.244923391619952, 121.6988634271598 18.244939315208264, 121.6988834455079 18.24499084437065, 121.69889939855369 18.245090194702136, 121.69892617602049 18.245230378659198, 121.69894722052386 18.24530275057921, 121.6990714993632 18.245602370091614, 121.69912805366806 18.245700825535323, 121.69934311780246 18.245989657990947)))","TENANT","6081","6083","2025-12-18 15:18:08.141 +0900","2026-05-20 18:01:15.007 +0900","344","4","false","","","false","","35","MAGAPIT PUMP IRRIGATION SYSTEM","CAMAL","LAT.E-1","35","Dry Crop 2026"
"200732","39300","311-A","7686","MULTIPOLYGON (((121.69820404584574 18.24525436603016, 121.69808625908198 18.245365320830334, 121.69809805736547 18.24538364685019, 121.69809793848326 18.24539961112253, 121.6980835156018 18.245413197419595, 121.6980595793633 18.245422157583512, 121.69758041237053 18.245660656054227, 121.69741268833512 18.245746182763483, 121.69726647964947 18.245827294240033, 121.69721848801844 18.245861178613215, 121.69714661101231 18.245897181187242, 121.69714652603186 18.245908584233977, 121.69716050713075 18.2459542938586, 121.69719769378477 18.24608910964012, 121.69724227894348 18.24619204560153, 121.69726116972653 18.24621954282297, 121.69727528683333 18.24624700756618, 121.69727273004439 18.24626979742158, 121.69727968663152 18.246297213449235, 121.69727943171003 18.2463314225898, 121.69726478775229 18.246374656736577, 121.69724305123808 18.246408719727714, 121.69721434113733 18.246417647295868, 121.69717615164538 18.246417387463726, 121.69712844877502 18.246412501444432, 121.69698300433814 18.246390985246844, 121.69694261500435 18.24636562242678, 121.69690225968206 18.246335698380822, 121.69687394058113 18.24629217189057, 121.69684562149382 18.246248645396822, 121.69683406130154 18.24619839078013, 121.69680321939227 18.246173092909284, 121.69678426068467 18.24615471808321, 121.69675800545286 18.246154539392954, 121.69669838547917 18.246147291438714, 121.69665295052312 18.24615838581363, 121.69661702891271 18.246174106381233, 121.69658825081122 18.2461921562912, 121.6965616895034 18.246233028531073, 121.69654230570907 18.246271668900306, 121.6965421186612 18.24629675559608, 121.69654912614558 18.24631732981695, 121.69657282451837 18.24634029837746, 121.69658943038684 18.24635409575954, 121.69660364941595 18.246367876893498, 121.69662722877926 18.246406809709324, 121.69666038953112 18.246441246290228, 121.6967054845138 18.246475764094775, 121.69673163778081 18.24648962644826, 121.69677908563186 18.246528721700056, 121.69682893735016 18.246565552576598, 121.696881294937 18.24658643542234, 121.69695748699466 18.246612041900352, 121.69699559153194 18.246623704823968, 121.6970526378609 18.2466560231548, 121.69708588373388 18.24667905662386, 121.69712869400117 18.246699874441077, 121.69716204187318 18.24670922424297, 121.69720728999376 18.246723216456147, 121.6972668082222 18.24674414792071, 121.69729776926363 18.246753481460996, 121.69732165473769 18.2467513632354, 121.6973503988786 18.246737874435897, 121.6973841206361 18.246697050794214, 121.69741787636418 18.24665166592661, 121.69745391696368 18.246619980944942, 121.69748982161175 18.24660654083152, 121.69752565828733 18.246602223149118, 121.69754964568895 18.246586421236273, 121.69756648954052 18.24656829000565, 121.69751433576727 18.246520040028077, 121.6974241284595 18.246453285378674, 121.69792054054749 18.245822619927043, 121.69814736563261 18.245493456916137, 121.69820270428755 18.245434534255086, 121.69825553720715 18.245391559623325, 121.6983706653883 18.245317078259465, 121.69837076726549 18.245303394595847, 121.69820404584574 18.24525436603016)))","TENANT","8527","8530","2025-12-15 15:06:09.898 +0900","2026-05-20 18:01:15.007 +0900","344","4","false","","","false","","14","MAGAPIT PUMP IRRIGATION SYSTEM","CAMAL","LAT.E-1","14","Dry Crop 2026"
"201660","39815","311-B","7686","MULTIPOLYGON (((121.6972487414706 18.24559137803509, 121.69729440385206 18.245678551570215, 121.69736962247131 18.245770023465134, 121.69741268833512 18.245746182763483, 121.69758041237053 18.245660656054227, 121.6980595793633 18.245422157583512, 121.6980835156018 18.245413197419595, 121.69809793848326 18.24539961112253, 121.69809805736547 18.24538364685019, 121.69808625908198 18.245365320830334, 121.69820404584574 18.24525436603016, 121.69815395629018 18.245218738204404, 121.698028138836 18.245299828954348, 121.69795312303353 18.245238678757953, 121.69789794473255 18.245277637717148, 121.69786175532029 18.245300336554905, 121.69734881583348 18.245541047374108, 121.6972487414706 18.24559137803509)))","TENANT","2103","2103","2025-12-20 14:43:44.837 +0900","2026-05-20 18:01:15.007 +0900","344","4","false","","","false","","99","MAGAPIT PUMP IRRIGATION SYSTEM","CAMAL","LAT.E-1","99","Dry Crop 2026"
"204426","39815","311-BD2","7686","MULTIPOLYGON (((121.6974241284595 18.246453285378674, 121.69751433576727 18.246520040028077, 121.69772870172332 18.24626149536779, 121.69785145837456 18.246124346298032, 121.69802718385611 18.245925977702136, 121.69819219365121 18.24572411498142, 121.69832703654092 18.24556652118967, 121.69846193011954 18.245402085453136, 121.6983706653883 18.245317078259465, 121.69825553720715 18.245391559623325, 121.69820270428755 18.245434534255086, 121.69814736563261 18.245493456916137, 121.69792054054749 18.245822619927043, 121.6974241284595 18.246453285378674)))","LANDHOLDER","2481","2482","2026-02-16 12:20:32.008 +0900","2026-05-20 18:01:15.007 +0900","344","4","false","","","false","","360","MAGAPIT PUMP IRRIGATION SYSTEM","CAMAL","LAT.E-1","360","Dry Crop 2026"
"201690","39836","311-C","7686","MULTIPOLYGON (((121.69751433576727 18.246520040028077, 121.69756648954052 18.24656829000565, 121.69765088275906 18.246614478522673, 121.6976918668996 18.246560019864013, 121.69792307644713 18.246283343725942, 121.69816633832457 18.245990784118664, 121.6982698723938 18.245870609504678, 121.69844828111631 18.245632346011586, 121.69854936003105 18.245521277436215, 121.69859279836379 18.245457712323635, 121.69846193011954 18.245402085453136, 121.69832703654092 18.24556652118967, 121.69819219365121 18.24572411498142, 121.69802718385611 18.245925977702136, 121.69785145837456 18.246124346298032, 121.69772870172332 18.24626149536779, 121.69751433576727 18.246520040028077)))","TENANT","2641","2642","2025-12-20 15:24:11.288 +0900","2026-05-20 18:01:15.007 +0900","344","4","false","","","false","","127","MAGAPIT PUMP IRRIGATION SYSTEM","CAMAL","LAT.E-1","127","Dry Crop 2026"
"202876","40362","312","7686","MULTIPOLYGON (((121.6987639712528 18.245550104614463, 121.69872558158168 18.245517880553127, 121.69868872652378 18.245485730910666, 121.69865362057713 18.245467770566655, 121.69859279836379 18.245457712323635, 121.69854936003105 18.245521277436215, 121.69844828111631 18.245632346011586, 121.6982698723938 18.245870609504678, 121.69816633832457 18.245990784118664, 121.69792307644713 18.246283343725942, 121.6976918668996 18.246560019864013, 121.69765088275906 18.246614478522673, 121.69774879527448 18.246675560392664, 121.69783197668853 18.246713341795754, 121.69788561594751 18.24673320050635, 121.69792639155395 18.24673702213979, 121.6979820570505 18.246733856306108, 121.69803417164881 18.24670940019146, 121.69805290278204 18.24668471707829, 121.69806595122344 18.246675944915314, 121.69814218925694 18.246649880613322, 121.69818328156741 18.246611172101215, 121.69821873077832 18.2465830582758, 121.69824098640095 18.246583209578606, 121.69827055500083 18.246597588008893, 121.69831285534802 18.246645724346184, 121.69833130934305 18.24665825503364, 121.69834426540609 18.246661887461034, 121.69836660020735 18.24665140622662, 121.69841875431574 18.246621633740382, 121.6984894943418 18.246586671038287, 121.6985453840672 18.24655337955215, 121.69854926484176 18.2465303676274, 121.69851314842217 18.246398981051186, 121.69847312488838 18.24629415056818, 121.69846800956175 18.246233861779988, 121.69847381093354 18.246202002025374, 121.6984908060537 18.24616135746832, 121.69851516691682 18.24612785168088, 121.69855243102873 18.246105066650564, 121.69858772177399 18.24609821779481, 121.69862855002481 18.246094950920597, 121.6986730611533 18.246095253420567, 121.69870448434408 18.24610964438554, 121.69874515431327 18.246127642537388, 121.69877290782472 18.24613669202245, 121.69884321601705 18.24612766682854, 121.69880551882837 18.246061269611666, 121.69878666175687 18.246029211306357, 121.69878681453018 18.24600868580904, 121.6987994107354 18.24591982308267, 121.69880228983332 18.245853701586867, 121.69880100633193 18.24570544566056, 121.6987639712528 18.245550104614463)))","TENANT","7728","7730","2026-02-05 09:26:56.669 +0900","2026-05-20 18:01:15.007 +0900","344","4","false","","","false","","313","MAGAPIT PUMP IRRIGATION SYSTEM","CAMAL","LAT.E-1","313","Dry Crop 2026"
"201593","39779","313","7686","MULTIPOLYGON (((121.69929691944436 18.24610338051397, 121.69934281238659 18.246030708994702, 121.69934311780246 18.245989657990947, 121.69912805366806 18.245700825535323, 121.6990714993632 18.245602370091614, 121.69894722052386 18.24530275057921, 121.69875331019117 18.24537897769954, 121.69875083848737 18.245390364534973, 121.69876241617591 18.24543833846042, 121.69880529427104 18.24545003345492, 121.69881695684704 18.245486604323144, 121.69880006230721 18.245511577513348, 121.6987639712528 18.245550104614463, 121.69880100633193 18.24570544566056, 121.69880228983332 18.245853701586867, 121.6987994107354 18.24591982308267, 121.69878681453018 18.24600868580904, 121.69878666175687 18.246029211306357, 121.69880551882837 18.246061269611666, 121.69884321601705 18.24612766682854, 121.69887421100088 18.24613243889114, 121.69924906384358 18.246119020525565, 121.69929691944436 18.24610338051397)))","TENANT","3389","3390","2025-12-18 15:18:08.157 +0900","2026-05-20 18:01:15.007 +0900","344","4","false","","","false","","36","MAGAPIT PUMP IRRIGATION SYSTEM","CAMAL","LAT.E-1","36","Dry Crop 2026"
"202311","40163","314/321-C1","7686","MULTIPOLYGON (((121.69942242499194 18.247530418295757, 121.69941174475456 18.24750813889833, 121.69930630838138 18.247101777534944, 121.69929400173034 18.24708985028173, 121.69927866247944 18.24706901968638, 121.69925391700323 18.247062929759554, 121.69921671066726 18.247065637918947, 121.69884996314963 18.247211191760297, 121.69883435948861 18.247225890292597, 121.69883108448953 18.247249555342307, 121.69904519473445 18.247627046187397, 121.69905117178934 18.247656695930264, 121.69898853666285 18.247745097741703, 121.69898844851855 18.2477569407952, 121.69914133459594 18.248033344496, 121.6995621899092 18.247904442716404, 121.69949334124506 18.247718889344046, 121.69966066013602 18.24761145862097, 121.69993317099919 18.247754979530075, 121.69995016695943 18.24775356028679, 121.70000473733178 18.247680299278574, 121.70000875580044 18.247659831445787, 121.70000058608976 18.24763930234494, 121.69987189837516 18.247586401947444, 121.69977447827503 18.24756016721456, 121.69967613254634 18.247538379861805, 121.6995471467615 18.24750609796004, 121.69949992817091 18.24751406610684, 121.69944959875758 18.24753830656543, 121.69942242499194 18.247530418295757)))","TENANT","14083","5490","2026-01-27 09:37:36.567 +0900","2026-05-20 18:01:15.007 +0900","344","4","false","","","false","","225","MAGAPIT PUMP IRRIGATION SYSTEM","CAMAL","LAT.E-1","225","Dry Crop 2026"
"202872","40358","316-N","7686","MULTIPOLYGON (((121.7009963533996 18.246225556224157, 121.70105067123815 18.246408017701345, 121.70108046542391 18.246432771676655, 121.70112532392673 18.246447397889224, 121.70117885358455 18.24644776098615, 121.70120462381976 18.24643770583858, 121.70121762293361 18.246417334120142, 121.70124167755726 18.24634997964165, 121.70124407712962 18.246315214105632, 121.7012341159717 18.246214893086506, 121.70129487463197 18.24610686776284, 121.7012179003751 18.2458035393229, 121.70126298671202 18.245787477205678, 121.70128458087466 18.24576307179422, 121.70134073782698 18.245697981002152, 121.70136450353891 18.245669498329146, 121.701381769728 18.245651201521014, 121.70139476875723 18.24563082978395, 121.70139504230029 18.245594003834356, 121.70138658397441 18.245579624549528, 121.70137593888313 18.245571368401958, 121.70135668349849 18.2455691918286, 121.7012298981713 18.245629711631654, 121.70120634523143 18.245629551884033, 121.70118930701628 18.245617160386605, 121.70115536738986 18.24557396441452, 121.70109180093598 18.245483509730835, 121.70102402820442 18.245382796551205, 121.70098383235994 18.245317052235634, 121.70096248144331 18.245308723442328, 121.70095176038056 18.245310696702205, 121.70062552674013 18.24541282875002, 121.70059952854233 18.245453572110247, 121.70058434264622 18.2454800669156, 121.70058417537788 18.245502571655596, 121.70059046204524 18.24552102821309, 121.70068576574666 18.2456628481145, 121.70068552246353 18.245695582282444, 121.70084644269117 18.24594014676684, 121.7008763279899 18.24595262545474, 121.7008955377982 18.24596093973543, 121.70102235163583 18.24618481281464, 121.7009963533996 18.246225556224157)))","TENANT","5120","5122","2026-02-05 09:16:07.097 +0900","2026-05-20 18:01:15.007 +0900","344","4","false","","","false","","309","MAGAPIT PUMP IRRIGATION SYSTEM","CAMAL","LAT.E-1","309","Dry Crop 2026"
"202416","39813","321-B/B1","7686","MULTIPOLYGON (((121.69914133459594 18.248033344496, 121.69926328356556 18.24830287586882, 121.6992725136118 18.248311821313102, 121.69928176569086 18.24831780599345, 121.69929416054832 18.248317890197114, 121.69931278588159 18.24831357535573, 121.7003041818514 18.247929466963452, 121.70031822510276 18.247916238174128, 121.70032610395585 18.24789852616904, 121.70032616999669 18.247889643874323, 121.70009831875704 18.24769267677948, 121.70007983661897 18.247677746732528, 121.70004274024383 18.24766565122166, 121.70003340009609 18.24767150963676, 121.69997533642865 18.24777030603504, 121.69996594122415 18.247783566357597, 121.69993795378252 18.24779670044158, 121.6995621899092 18.247904442716404, 121.69914133459594 18.248033344496)))","TENANT","3707","3708","2026-01-28 15:43:19.124 +0900","2026-05-20 18:01:15.007 +0900","344","4","false","","","false","","269","MAGAPIT PUMP IRRIGATION SYSTEM","CAMAL","LAT.E-1","269","Dry Crop 2026"
"202459","40229","322-A","7686","MULTIPOLYGON (((121.69820167171501 18.25044327992668, 121.69782925367791 18.25020669035529, 121.69756803657579 18.250598802258306, 121.69758826243783 18.2506135509121, 121.69793650558906 18.25082829738894, 121.69804515290099 18.25066881285835, 121.69820167171501 18.25044327992668)))","TENANT","2404","2405","2026-02-02 09:58:01.560 +0900","2026-05-20 18:01:15.007 +0900","344","4","false","","","false","","288","MAGAPIT PUMP IRRIGATION SYSTEM","CAMAL","LAT.E-1","288","Dry Crop 2026"
"201687","39834","322-B","7686","MULTIPOLYGON (((121.69824786324101 18.249581929932713, 121.69789670499131 18.250107451118602, 121.69817082564077 18.25027929223532, 121.69839151944103 18.250045440097228, 121.69841917914802 18.25000640269251, 121.69851147725208 18.249786386983455, 121.69824786324101 18.249581929932713)))","TENANT","3445","2549","2025-12-20 15:22:01.696 +0900","2026-05-20 18:01:15.007 +0900","344","4","false","","","false","","124","MAGAPIT PUMP IRRIGATION SYSTEM","CAMAL","LAT.E-1","124","Dry Crop 2026"
"201666","39819","323","7686","MULTIPOLYGON (((121.69793650558906 18.25082829738894, 121.69758826243783 18.2506135509121, 121.69756821619099 18.25061723999344, 121.69748206863615 18.25062621754351, 121.69731779486048 18.250642314378023, 121.69726554914209 18.250668737069834, 121.69718895419369 18.250738986809104, 121.69696929194646 18.250934502889177, 121.69688453278128 18.251025736936057, 121.69685237597831 18.25104273260298, 121.69681617282714 18.25106543890516, 121.69672483766746 18.251233137243094, 121.69656022565017 18.251562918520555, 121.6965112555743 18.251686912422016, 121.69664337342141 18.251687811969934, 121.69670136815124 18.25169585772173, 121.69681529879539 18.251719586071584, 121.69686718835648 18.251740979312043, 121.69691910645336 18.251758547276527, 121.69693913858092 18.251756770904052, 121.69697318321471 18.251755089907927, 121.69701913874786 18.251766879075586, 121.69707498914718 18.251794037406256, 121.69712480568415 18.251824980113035, 121.69715057226641 18.251859584588647, 121.69717356140737 18.251902613655236, 121.69723685055963 18.251826263497044, 121.6975458327009 18.251393898538456, 121.69773403205868 18.251125509407068, 121.69793650558906 18.25082829738894)))","TENANT","11005","11009","2025-12-20 14:57:12.925 +0900","2026-05-20 18:01:15.007 +0900","344","4","false","","","false","","105","MAGAPIT PUMP IRRIGATION SYSTEM","CAMAL","LAT.E-1","105","Dry Crop 2026"
"202460","40230","324-A1/2","7686","MULTIPOLYGON (((121.69696334572382 18.252494830034937, 121.69684849813483 18.252651355360577, 121.69712962205291 18.252801212535566, 121.6976976534493 18.25311407399721, 121.69780887385727 18.252918196678543, 121.69696334572382 18.252494830034937)))","LANDHOLDER","2316","2317","2026-02-02 10:05:32.443 +0900","2026-05-20 18:01:15.007 +0900","344","4","false","","","false","","289","MAGAPIT PUMP IRRIGATION SYSTEM","CAMAL","LAT.E-1","289","Dry Crop 2026"
"204401","41136","324-A4","7686","MULTIPOLYGON (((121.6970847010811 18.252254077240593, 121.69705076839006 18.252336245259027, 121.69792789178803 18.252727990429186, 121.69796150326295 18.25268889225681, 121.69798927685014 18.252644136257206, 121.69742074385914 18.25239868964061, 121.6970847010811 18.252254077240593)))","LANDHOLDER","1087","1088","2026-02-16 11:22:31.030 +0900","2026-05-20 18:01:15.007 +0900","344","4","false","","","false","","339","MAGAPIT PUMP IRRIGATION SYSTEM","CAMAL","LAT.E-1","339","Dry Crop 2026"
"202879","40363","324-A5","7686","MULTIPOLYGON (((121.69705076839006 18.252336245259027, 121.697010983871 18.252414628029918, 121.6974205036664 18.2526169862416, 121.69786835494932 18.2528268387845, 121.69792789178803 18.252727990429186, 121.69705076839006 18.252336245259027)))","TENANT","1160","1161","2026-02-05 09:31:57.617 +0900","2026-05-20 18:01:15.007 +0900","344","4","false","","","false","","314","MAGAPIT PUMP IRRIGATION SYSTEM","CAMAL","LAT.E-1","314","Dry Crop 2026"
"201652","39811","324-D","7686","MULTIPOLYGON (((121.69635514653787 18.25302590138532, 121.6962552240453 18.25313246805313, 121.69625643234707 18.25316590397892, 121.69623801014377 18.253290435956504, 121.69633325285486 18.253371520022306, 121.69647979676583 18.253512844691883, 121.69674042488752 18.25375000605279, 121.69676796516322 18.25377108587076, 121.69684614025641 18.25384404478245, 121.69687070286209 18.25387346124019, 121.69689973202178 18.253890372714412, 121.69696627316095 18.253764078992866, 121.69703078533409 18.2537143765825, 121.69706442640188 18.25369928454231, 121.69677655886713 18.25340065403331, 121.69664338669968 18.25327439345179, 121.69635514653787 18.25302590138532)))","TENANT","3039","3040","2025-12-20 14:31:58.611 +0900","2026-05-20 18:01:15.007 +0900","344","4","false","","","false","","92","MAGAPIT PUMP IRRIGATION SYSTEM","CAMAL","LAT.E-1","92","Dry Crop 2026"
"201691","39837","325","7686","MULTIPOLYGON (((121.69684849813483 18.252651355360577, 121.69675548865499 18.252770575206817, 121.69658411053577 18.252885515993917, 121.69651520635462 18.252926246288716, 121.69671017799021 18.253064281194238, 121.69700440744714 18.253296626771398, 121.69725389461837 18.25348372254304, 121.69737664358989 18.253581938503018, 121.69743175863383 18.253550477591666, 121.6974692343891 18.253518896635644, 121.69753081537091 18.253408826121827, 121.6976976534493 18.25311407399721, 121.69712962205291 18.252801212535566, 121.69684849813483 18.252651355360577)))","TENANT","5876","5878","2025-12-20 15:26:10.511 +0900","2026-05-20 18:01:15.007 +0900","344","4","false","","","false","","128","MAGAPIT PUMP IRRIGATION SYSTEM","CAMAL","LAT.E-1","128","Dry Crop 2026"
"202452","40135","326","7686","MULTIPOLYGON (((121.6960066541098 18.253428490317567, 121.69597997691803 18.25340092365169, 121.69592594246487 18.253398642815007, 121.69590795477033 18.253394694815686, 121.69588803664122 18.2533811700257, 121.69586397216625 18.253386744259515, 121.69584994526089 18.25338856142182, 121.6958399505129 18.253386580599656, 121.69580812148747 18.2533595855596, 121.69576646902908 18.25330765812737, 121.69576659750459 18.25329044445609, 121.69575670268944 18.25327507521901, 121.69567714450272 18.253205674949708, 121.69557160579305 18.25313035942857, 121.69554558237651 18.25313018209292, 121.69543346723005 18.253131330775, 121.69536161657851 18.253102150182933, 121.69525609235676 18.25302492186969, 121.6952183437766 18.252986410028754, 121.69499585623663 18.252755366139287, 121.69463342945525 18.25249850236052, 121.69449013048595 18.252654368731346, 121.69450005373054 18.252665912767057, 121.69453996104146 18.252683399465578, 121.69457181831568 18.252706569439614, 121.69459767021073 18.252729698456022, 121.69461946137163 18.252760450685358, 121.69463933646512 18.252779713485733, 121.69467528308341 18.252791434968945, 121.69469540105479 18.252778183063874, 121.69478290868823 18.252855288822012, 121.69482446074561 18.252920604851983, 121.69484632339385 18.252941793911365, 121.69487599325926 18.25298981437495, 121.69486594140972 18.252995484022037, 121.69490347564492 18.253062685370672, 121.6949548225399 18.253156759060158, 121.69497253879337 18.25319704710789, 121.6950042533855 18.253239343313957, 121.69510527412164 18.253383486510362, 121.69513510123038 18.253410468014867, 121.69518624840143 18.25353131846836, 121.69522591320238 18.25358131974352, 121.69520363626823 18.253615596980914, 121.69519341301148 18.2536442181989, 121.69514898764356 18.253695558994302, 121.69504390810938 18.25382682081489, 121.69516682056266 18.253988327777382, 121.69518683867062 18.253988464235523, 121.69529728100558 18.25394331160629, 121.69539943045552 18.253936356930783, 121.69547382585255 18.253892871238783, 121.69571607805844 18.25368836086074, 121.6960066541098 18.253428490317567)))","TENANT","8351","8354","2026-02-02 09:36:35.055 +0900","2026-05-20 18:01:15.007 +0900","344","4","false","","","false","","281","MAGAPIT PUMP IRRIGATION SYSTEM","CAMAL","LAT.E-1","281","Dry Crop 2026"
"202329","40177","327-A","7686","MULTIPOLYGON (((121.69623801014377 18.253290435956504, 121.69615277598719 18.253382129775744, 121.69612647530151 18.2533903075519, 121.6960066541098 18.253428490317567, 121.69571607805844 18.25368836086074, 121.69598519161627 18.25396040153299, 121.6960343997061 18.254008092652604, 121.69613699921894 18.25393357925205, 121.69625105233209 18.253887000214227, 121.69632701843744 18.253865232481292, 121.69647301594505 18.253835584713695, 121.6965519389398 18.253808265741743, 121.69660154191963 18.253803032223395, 121.69669795714829 18.253775832296842, 121.69674042488752 18.25375000605279, 121.69647979676583 18.253512844691883, 121.69633325285486 18.253371520022306, 121.69623801014377 18.253290435956504)))","TENANT","4291","4293","2026-01-27 11:17:28.498 +0900","2026-05-20 18:01:15.007 +0900","344","4","false","","","false","","243","MAGAPIT PUMP IRRIGATION SYSTEM","CAMAL","LAT.E-1","243","Dry Crop 2026"
"204407","41141","327-B","7686","MULTIPOLYGON (((121.69571607805844 18.25368836086074, 121.69547382585255 18.253892871238783, 121.69547172409112 18.253906246004707, 121.6954776295703 18.253919675341223, 121.69550944435854 18.253948583067743, 121.69552728931538 18.253971657405597, 121.6955351394992 18.253992750902096, 121.69554480588098 18.25403872222811, 121.69556802805948 18.254145993201256, 121.69557953921276 18.25421301709574, 121.6955753499724 18.254237853999715, 121.69556116593746 18.254260710063967, 121.69556088037498 18.25429896265976, 121.69555458936652 18.254337174329134, 121.69554432328043 18.254371533454016, 121.69551402475258 18.25440766878285, 121.69544553462856 18.254464583812794, 121.69542926306167 18.25449890199902, 121.69540678611585 18.254559956066686, 121.69539244494814 18.254603851040237, 121.69537631616068 18.254619042924205, 121.69531807778021 18.25464351141805, 121.69529189704578 18.25466437295836, 121.69527186457793 18.254666149135822, 121.69520587597556 18.25465613568203, 121.69518585779097 18.254655999221068, 121.69517776482134 18.25466742041262, 121.6951154084962 18.25470716258419, 121.69511527994592 18.254724376248447, 121.69521419975409 18.25488189418417, 121.69531516440169 18.255033687834256, 121.69534113097461 18.255041515736945, 121.6953591616626 18.255039725910308, 121.69537927985773 18.255026473949414, 121.69539742478825 18.255009383082918, 121.69540963564965 18.25498268813457, 121.69542181794662 18.25495981844423, 121.69563922835692 18.254798718342094, 121.69568953085718 18.254764632038455, 121.69575816379532 18.25468859062675, 121.69577244777697 18.25465234614033, 121.69577659417543 18.2546332471216, 121.69577074575675 18.254612167272786, 121.6957750206385 18.25457585458494, 121.69588082815143 18.254347048236102, 121.69595191941117 18.254209816211837, 121.69600868385908 18.254114566556243, 121.69607123959327 18.25404804724194, 121.6960343997061 18.254008092652604, 121.69598519161627 18.25396040153299, 121.69571607805844 18.25368836086074)))","TENANT","5807","5809","2026-02-16 11:37:57.329 +0900","2026-05-20 18:01:15.007 +0900","344","4","false","","","false","","345","MAGAPIT PUMP IRRIGATION SYSTEM","CAMAL","LAT.E-1","345","Dry Crop 2026"
"202461","40230","328","7687","MULTIPOLYGON (((121.69596712194691 18.25526657232417, 121.69638679341901 18.254954629733678, 121.69687485655098 18.25460648943915, 121.69674239205891 18.254584667107313, 121.69618976428659 18.254530694513246, 121.69574899355091 18.254912627979202, 121.69582095287062 18.25499440920234, 121.69578298148058 18.255052727740356, 121.69596712194691 18.25526657232417)))","TENANT","4507","4508","2026-02-02 10:05:32.443 +0900","2026-05-20 18:01:15.007 +0900","344","4","false","","","false","","290","MAGAPIT PUMP IRRIGATION SYSTEM","CAMAL","LAT.E-3","290","Dry Crop 2026"
"202260","40135","329","7687","MULTIPOLYGON (((121.69496519905766 18.25573902274333, 121.69503587917595 18.25565701832541, 121.69466561934708 18.255309007342255, 121.69464966708549 18.255267057661126, 121.69468757637787 18.255217107127653, 121.69462679741481 18.255146160840418, 121.69491490666697 18.25493413924032, 121.69498229850637 18.254957312362002, 121.69503737538821 18.254954101509274, 121.69512710920941 18.25500133598634, 121.69517937138859 18.255039946801595, 121.69524437707362 18.255047562663506, 121.69528584765823 18.25502333854058, 121.69508720471524 18.25473208674948, 121.69492917636897 18.254615050283114, 121.69476186345564 18.254568482176563, 121.69463349657998 18.254500661361593, 121.69453940630932 18.25440856743486, 121.69402264406969 18.254913110178578, 121.69348871986432 18.2554198697235, 121.69371919388614 18.25562890936961, 121.69401257380562 18.255883749877363, 121.69453385656958 18.255360708669254, 121.69496519905766 18.25573902274333)))","TENANT","13091","13096","2026-01-20 12:34:41.106 +0900","2026-07-08 14:59:05.119 +0900","344","4","false","","","false","","211","MAGAPIT PUMP IRRIGATION SYSTEM","CAMAL","LAT.E-3","211","Dry Crop 2026"
"201628","39796","330-A","7687","MULTIPOLYGON (((121.69303546800104 18.254784734684467, 121.69280172976855 18.255045839396484, 121.69318728490325 18.255355703678966, 121.69336610823122 18.25553624254233, 121.69348871986432 18.2554198697235, 121.69402264406969 18.254913110178578, 121.69453940630932 18.25440856743486, 121.69430168110848 18.254198936966798, 121.6942609790952 18.254204038861463, 121.6942194951867 18.254230055857068, 121.69414574980874 18.2542199891343, 121.69392941092698 18.254120485892173, 121.69387590711223 18.25408067083667, 121.6938267778893 18.25412516511102, 121.69342129666882 18.25447236678863, 121.69303546800104 18.254784734684467)))","LANDHOLDER","13295","13299","2025-12-18 16:51:14.094 +0900","2026-05-20 18:01:15.007 +0900","344","4","false","","","false","","69","MAGAPIT PUMP IRRIGATION SYSTEM","CAMAL","LAT.E-3","69","Dry Crop 2026"
"202340","40182","330-B","7687","MULTIPOLYGON (((121.69186305183538 18.25570947774504, 121.69223725222209 18.25653331105924, 121.69260142350261 18.25623155626463, 121.69336610823122 18.25553624254233, 121.69318728490325 18.255355703678966, 121.69280172976855 18.255045839396484, 121.69276938798706 18.255020513997284, 121.69256396768263 18.255217556166617, 121.69209769227447 18.25549530202011, 121.69182153731498 18.255614155505107, 121.69186305183538 18.25570947774504)))","TENANT","13156","13161","2026-01-27 11:27:58.136 +0900","2026-05-20 18:01:15.007 +0900","344","4","false","","","false","","253","MAGAPIT PUMP IRRIGATION SYSTEM","CAMAL","LAT.E-3","253","Dry Crop 2026"
"202262","40135","331-A","7687","MULTIPOLYGON (((121.69355395982643 18.253798139845063, 121.6938267778893 18.25412516511102, 121.69387590711223 18.25408067083667, 121.69392941092698 18.254120485892173, 121.69414574980874 18.2542199891343, 121.6942194951867 18.254230055857068, 121.6942609790952 18.254204038861463, 121.69430168110848 18.254198936966798, 121.69438780315969 18.254059656300328, 121.69432065675299 18.253836246120624, 121.69421360445608 18.253762593177463, 121.6939934498107 18.253504068632612, 121.69382250567394 18.253608699910554, 121.69355395982643 18.253798139845063)))","TENANT","4012","4014","2026-01-20 12:34:41.106 +0900","2026-05-20 18:01:15.007 +0900","344","4","false","","","false","","213","MAGAPIT PUMP IRRIGATION SYSTEM","CAMAL","LAT.E-3","213","Dry Crop 2026"
"201636","39800","331-B","7687","MULTIPOLYGON (((121.69354071350145 18.253783159005557, 121.69349992718045 18.253859024689454, 121.69344305195895 18.253925871598305, 121.69339121342104 18.25397738686295, 121.69334359630818 18.254012193103126, 121.69329584100872 18.254027461391065, 121.69321374583431 18.254034310517348, 121.69309590013063 18.254154310505708, 121.69342129666882 18.25447236678863, 121.6938267778893 18.25412516511102, 121.69355395982643 18.253798139845063, 121.69354071350145 18.253783159005557)))","TENANT","2784","2785","2025-12-18 16:58:52.630 +0900","2026-05-20 18:01:15.007 +0900","344","4","false","","","false","","76","MAGAPIT PUMP IRRIGATION SYSTEM","CAMAL","LAT.E-3","76","Dry Crop 2026"
"202445","39817","331-C","7687","MULTIPOLYGON (((121.69262939456564 18.254667197998046, 121.69276606321857 18.254670522339254, 121.69291468901696 18.25470620547703, 121.69303546800104 18.254784734684467, 121.69342129666882 18.25447236678863, 121.69309590013063 18.254154310505708, 121.69263882082113 18.254619743114333, 121.69262939456564 18.254667197998046)))","TENANT","2824","2825","2026-02-02 09:21:02.706 +0900","2026-05-20 18:01:15.007 +0900","344","4","false","","","false","","274","MAGAPIT PUMP IRRIGATION SYSTEM","CAMAL","LAT.E-3","274","Dry Crop 2026"
"201644","39804","331-D","7687","MULTIPOLYGON (((121.69149408980888 18.25492985273143, 121.69158934092316 18.25508417822188, 121.69177889372041 18.255001194451395, 121.69219513173434 18.25472191198607, 121.69234421367783 18.254696630569242, 121.69250830920952 18.25467145159063, 121.69262939456564 18.254667197998046, 121.69263882082113 18.254619743114333, 121.69309590013063 18.254154310505708, 121.69321374583431 18.254034310517348, 121.69300127771855 18.253835610051876, 121.6925079458862 18.2542183723312, 121.6921644632359 18.254473048197006, 121.6918526786077 18.254671753732037, 121.69149408980888 18.25492985273143)))","TENANT","6569","6571","2025-12-18 17:16:47.795 +0900","2026-05-20 18:01:15.007 +0900","344","4","false","","","false","","84","MAGAPIT PUMP IRRIGATION SYSTEM","CAMAL","LAT.E-3","84","Dry Crop 2026"
"202323","40171","332","7687","MULTIPOLYGON (((121.69149408980888 18.25492985273143, 121.6918526786077 18.254671753732037, 121.6921644632359 18.254473048197006, 121.6925079458862 18.2542183723312, 121.69300127771855 18.253835610051876, 121.69280365818973 18.2536591266644, 121.6923195764219 18.25397620171113, 121.69174088039077 18.254356757018638, 121.69165567702763 18.25441278715759, 121.69159126952266 18.25449244224711, 121.69158838927733 18.254709994980423, 121.6915623381938 18.254763612278513, 121.69145903786533 18.254857346873102, 121.69149408980888 18.25492985273143)))","TENANT","5901","5903","2026-01-27 10:43:08.833 +0900","2026-05-20 18:01:15.007 +0900","344","4","false","","","false","","237","MAGAPIT PUMP IRRIGATION SYSTEM","CAMAL","LAT.E-3","237","Dry Crop 2026"
"201597","39781","333","7687","MULTIPOLYGON (((121.69174088039077 18.254356757018638, 121.6923195764219 18.25397620171113, 121.69280365818973 18.2536591266644, 121.69300127771855 18.253835610051876, 121.69314259773759 18.253676981889754, 121.69314434056754 18.253611243841664, 121.69316647690755 18.253495435971377, 121.69319697775819 18.2534322851589, 121.69327220134313 18.25336251060133, 121.69337720572177 18.253306976092365, 121.6934281012361 18.253311328870687, 121.69353611357509 18.253423841022137, 121.69356421027716 18.253514887269528, 121.69356466600217 18.25362128576359, 121.69388773386623 18.25341906782946, 121.69371238387657 18.253276210006277, 121.69356240521162 18.25308690249651, 121.69272558831557 18.253558175419396, 121.69182955227706 18.254084030535328, 121.69178027489961 18.254148248216477, 121.69174088039077 18.254356757018638)))","TENANT","5345","5346","2025-12-18 15:26:37.590 +0900","2026-05-20 18:01:15.007 +0900","344","4","false","","","false","","40","MAGAPIT PUMP IRRIGATION SYSTEM","CAMAL","LAT.E-3","40","Dry Crop 2026"
"200740","39301","342","7686","MULTIPOLYGON (((121.69522820872632 18.251397000898006, 121.6950456009918 18.251542647562072, 121.6949578901413 18.25160579092791, 121.69490639241347 18.251629955731055, 121.69479837530059 18.25166354153072, 121.69468215969931 18.25164967400851, 121.69465145634892 18.251638023911973, 121.69453810018696 18.251699357811923, 121.6944262224631 18.251791755160326, 121.69431063059066 18.251923352496078, 121.69425005515745 18.252017734022868, 121.69417186182758 18.252180639781166, 121.69417166643713 18.25220678870836, 121.69420326216029 18.252327949186295, 121.69433505576676 18.25231740740409, 121.69447545067595 18.252300386624473, 121.69475292930197 18.25225161265049, 121.69487459413367 18.25222302312138, 121.694927019611 18.252074650897168, 121.69502862212374 18.251983817601026, 121.69516605943768 18.251904669244535, 121.69521059323228 18.251896800827936, 121.69528734573525 18.25192674300287, 121.69530445065533 18.251926859580617, 121.69533015683923 18.25192049720937, 121.6953610799013 18.25190272964474, 121.69548656797552 18.251820230825906, 121.69548385455491 18.251725417598923, 121.69549111332663 18.251699126428168, 121.69543658255758 18.251641337381887, 121.69536511800749 18.251560515810368, 121.69522820872632 18.251397000898006)))","TENANT","7069","7071","2025-12-15 15:11:42.490 +0900","2026-05-20 18:01:15.007 +0900","344","4","false","","","false","","17","MAGAPIT PUMP IRRIGATION SYSTEM","CAMAL","LAT.E-1","17","Dry Crop 2026"
"204444","41160","364","7686","MULTIPOLYGON (((121.69218575627909 18.252965428333614, 121.69239433717176 18.252847307914784, 121.6923525056728 18.25275258134649, 121.69245820808798 18.252672012547954, 121.69241232806013 18.252616708300927, 121.69242524176323 18.252563001106463, 121.69221392899428 18.25237745776749, 121.69230601204961 18.252277668742693, 121.69209899744286 18.252186595474313, 121.69192355624745 18.252056287782306, 121.69168106165482 18.252192107752624, 121.6917911940793 18.25235544205074, 121.6919724094072 18.25238298034512, 121.69210962092626 18.252438908710488, 121.69201813591765 18.252514045919785, 121.69201370378994 18.252549430510037, 121.6921924158043 18.25274431497009, 121.69211542640748 18.25283344796458, 121.69211628387711 18.252886053767252, 121.69218575627909 18.252965428333614)))","TENANT","3132","3133","2026-02-20 10:24:16.105 +0900","2026-05-20 18:01:15.007 +0900","344","4","false","","","false","","378","MAGAPIT PUMP IRRIGATION SYSTEM","CAMAL","LAT.E-1","378","Dry Crop 2026"
"204396","41132","365","7686","MULTIPOLYGON (((121.69342129769191 18.251443311275104, 121.69351429927822 18.251587772406214, 121.69327348653218 18.25199472650258, 121.69312354940675 18.252144066913104, 121.69313882162531 18.25216051508114, 121.6932711280173 18.252310147824637, 121.69331744578555 18.25229248569267, 121.69345346679563 18.25217410357785, 121.69347217225464 18.25218894076263, 121.6936358052947 18.252038059137533, 121.69380781949444 18.251910116016454, 121.69404778894925 18.251844743190162, 121.69405811295493 18.25183664166346, 121.69414379539002 18.251587164289283, 121.6941353650686 18.251570762869502, 121.69382762342867 18.251320235931797, 121.69372782895508 18.251398005790538, 121.6934904624127 18.2513440854658, 121.69329960903846 18.25124635378861, 121.69320812241072 18.251356867890184, 121.69342129769191 18.251443311275104)))","TENANT","5777","5779","2026-02-16 11:05:52.794 +0900","2026-05-20 18:01:15.007 +0900","344","4","false","","","false","","335","MAGAPIT PUMP IRRIGATION SYSTEM","CAMAL","LAT.E-1","335","Dry Crop 2026"
"201647","39807","396-A","7687","MULTIPOLYGON (((121.68987413327469 18.255726357962594, 121.69005189396437 18.255714424679812, 121.69043637971272 18.255665651294322, 121.69056315709729 18.255611527861486, 121.69046491433605 18.255447676479132, 121.69041231591285 18.25528712599129, 121.69041320578921 18.25525186623602, 121.6904391273873 18.255215582294195, 121.69051440173129 18.255188601893444, 121.69070217993028 18.2551755410542, 121.69084511866828 18.255135275661907, 121.69095811960291 18.255082850886797, 121.69111640766312 18.254997860785263, 121.69112034911996 18.254972783232567, 121.69110536603854 18.25494607559993, 121.6910780880706 18.254935435204747, 121.69101298867602 18.254940369550752, 121.69092796065435 18.254933213052883, 121.69073890757164 18.254782488415735, 121.69055298706498 18.254881634599894, 121.69046873093465 18.25493843988444, 121.69042340333385 18.254976384239654, 121.69035878326825 18.254917364939818, 121.6899925607319 18.255200571891432, 121.68991147509482 18.255335102998224, 121.68986867270759 18.255536841430082, 121.68987413327469 18.255726357962594)))","LANDHOLDER","6128","6130","2025-12-18 17:21:07.742 +0900","2026-05-20 18:01:15.007 +0900","344","4","false","","","false","","87","MAGAPIT PUMP IRRIGATION SYSTEM","CAMAL","LAT.E-3","87","Dry Crop 2026"
"202574","39782","397","7687","MULTIPOLYGON (((121.69084511866828 18.255135275661907, 121.69086370660693 18.25515931184816, 121.69089923417478 18.25517688890284, 121.69129623329368 18.25521128325206, 121.69135132815654 18.255205682686736, 121.69156042600393 18.255102510080402, 121.69142536461965 18.254842771231583, 121.69111640766312 18.254997860785263, 121.69095811960291 18.255082850886797, 121.69084511866828 18.255135275661907)))","TENANT","1627","1628","2026-02-03 15:23:34.158 +0900","2026-05-20 18:01:15.007 +0900","344","4","false","","","false","","294","MAGAPIT PUMP IRRIGATION SYSTEM","CAMAL","LAT.E-3","294","Dry Crop 2026"
"206138","41757","398-A","7687","MULTIPOLYGON (((121.69056315709729 18.255611527861486, 121.6906928965785 18.255829987747934, 121.69082004379499 18.256102225186254, 121.69114207918747 18.256706935747268, 121.69144422956231 18.256542236189826, 121.69171887833761 18.256958935857888, 121.69198655537834 18.256761124837816, 121.69223725222209 18.25653331105924, 121.69186305183538 18.25570947774504, 121.69150639351788 18.25588516224455, 121.69146307798847 18.25582150712032, 121.69113175539124 18.25595552325852, 121.69110821649312 18.255924280520528, 121.69096645487132 18.255807352123696, 121.6908761693858 18.255666866673156, 121.6908084106843 18.255692703162115, 121.69067908920113 18.255585423281797, 121.69056315709729 18.255611527861486)))","TENANT","8909","12949","2026-04-08 23:25:54.991 +0900","2026-05-20 18:01:15.007 +0900","344","4","false","","","false","","436","MAGAPIT PUMP IRRIGATION SYSTEM","CAMAL","LAT.E-3","436","Dry Crop 2026"
"202270","40142","398-B","7687","MULTIPOLYGON (((121.691452648247 18.25717229724103, 121.69191149035167 18.2575956355075, 121.692523480903 18.256907650223965, 121.69295464333638 18.256473657117407, 121.692778607566 18.256338564113687, 121.69260142350261 18.25623155626463, 121.69223725222209 18.25653331105924, 121.69198655537834 18.256761124837816, 121.69171887833761 18.256958935857888, 121.691452648247 18.25717229724103)))","TENANT","8909","8912","2026-01-20 14:56:20.508 +0900","2026-05-20 18:01:15.007 +0900","344","4","false","","","false","","221","MAGAPIT PUMP IRRIGATION SYSTEM","CAMAL","LAT.E-3","221","Dry Crop 2026"
"202350","40189","399","7687","MULTIPOLYGON (((121.69039258943114 18.25804400256647, 121.69056323691353 18.257896336455744, 121.69102704711776 18.257531310029258, 121.6912185122396 18.257360474327555, 121.6912359381629 18.257328405955146, 121.691452648247 18.25717229724103, 121.69171887833761 18.256958935857888, 121.69144422956231 18.256542236189826, 121.69114207918747 18.256706935747268, 121.69082004379499 18.256102225186254, 121.69009226310085 18.25646305398772, 121.69023390911086 18.256762288675876, 121.69034760629408 18.25703443435466, 121.69019916660207 18.257224093130038, 121.69033455516362 18.257857413779686, 121.69039258943114 18.25804400256647)))","TENANT","18701","18707","2026-01-27 11:52:18.016 +0900","2026-05-20 18:01:15.007 +0900","344","4","false","","","false","","263","MAGAPIT PUMP IRRIGATION SYSTEM","CAMAL","LAT.E-3","263","Dry Crop 2026"
"201622","39794","400-D","7687","MULTIPOLYGON (((121.69005869633229 18.256475974222887, 121.69009226310085 18.25646305398772, 121.69082004379499 18.256102225186254, 121.6906928965785 18.255829987747934, 121.69056315709729 18.255611527861486, 121.69043637971272 18.255665651294322, 121.69005189396437 18.255714424679812, 121.68987413327469 18.255726357962594, 121.68994041846226 18.25606392915954, 121.69005869633229 18.256475974222887)))","TENANT","5870","5872","2025-12-18 16:47:22.269 +0900","2026-05-20 18:01:15.007 +0900","344","4","false","","","false","","63","MAGAPIT PUMP IRRIGATION SYSTEM","CAMAL","LAT.E-3","63","Dry Crop 2026"
"201648","39807","400-E","7687","MULTIPOLYGON (((121.68876844 18.25555605, 121.68963683 18.25537353, 121.68964084 18.25524465, 121.68940095 18.25530882, 121.68933355 18.25524977, 121.68869825 18.25542444, 121.68877545 18.25575754, 121.68880377 18.25575115, 121.68876844 18.25555605)))","LANDHOLDER","1546","1748","2025-12-18 17:21:07.746 +0900","2026-07-08 14:59:05.119 +0900","344","4","false","","","false","","88","MAGAPIT PUMP IRRIGATION SYSTEM","CAMAL","LAT.E-3","88","Dry Crop 2026"
"202255","40130","401-A","7687","MULTIPOLYGON (((121.69019916660207 18.257224093130038, 121.69034760629408 18.25703443435466, 121.69023390911086 18.256762288675876, 121.69009226310085 18.25646305398772, 121.69005869633229 18.256475974222887, 121.69013077355896 18.256792066871128, 121.69019916660207 18.257224093130038)))","TENANT","908","908","2026-01-20 12:29:05.733 +0900","2026-05-20 18:01:15.007 +0900","344","4","false","","","false","","206","MAGAPIT PUMP IRRIGATION SYSTEM","CAMAL","LAT.E-3","206","Dry Crop 2026"
"204455","41165","601","7689","MULTIPOLYGON (((121.69129614140445 18.264576006298714, 121.69079531934706 18.26436755989384, 121.69041959715445 18.264913700580998, 121.68941075117105 18.264414724304697, 121.68933751028882 18.26437849897768, 121.68915799205392 18.26429000117874, 121.68874746119523 18.2646386504588, 121.68873966673628 18.264676851455693, 121.68877321590422 18.264708163108104, 121.6908436700634 18.265428853833967, 121.69106481555119 18.265055593003233, 121.69129614140445 18.264576006298714)))","TENANT","14826","14830","2026-02-23 10:25:57.063 +0900","2026-05-20 18:01:15.007 +0900","344","4","false","","","false","","389","MAGAPIT PUMP IRRIGATION SYSTEM","CAMAL","LAT.E-5","389","Dry Crop 2026"
"202343","40185","640","7689","MULTIPOLYGON (((121.68950218273564 18.26424230461578, 121.68941075117105 18.264414724304697, 121.69041959715445 18.264913700580998, 121.69079531934706 18.26436755989384, 121.6897963069982 18.26393394504481, 121.68968638972748 18.26390808782156, 121.68960123636957 18.263917068227098, 121.68930671506044 18.26414696827111, 121.68950218273564 18.26424230461578)))","LANDHOLDER","9067","9070","2026-01-27 11:38:25.013 +0900","2026-05-20 18:01:15.007 +0900","344","4","false","","","false","","256","MAGAPIT PUMP IRRIGATION SYSTEM","CAMAL","LAT.E-5","256","Dry Crop 2026"
"202218","40109","642","7689","MULTIPOLYGON (((121.6902031201066 18.26332974011344, 121.69074193420366 18.263560563718794, 121.69211451040027 18.2640696502553, 121.69250356259955 18.263246251979496, 121.6925079873941 18.263156623301796, 121.69246841450072 18.26309418935686, 121.69109541757827 18.262475121247633, 121.69069584189798 18.26286569098005, 121.69124196544675 18.263122863099838, 121.69120987036574 18.263231429664376, 121.69128840010586 18.263271416733463, 121.69122598962625 18.26341803039102, 121.69107239698096 18.26337633433608, 121.69118306073102 18.263135610137102, 121.69065447186985 18.262876166943716, 121.6902031201066 18.26332974011344)))","TENANT","22759","22766","2026-01-14 10:01:01.379 +0900","2026-05-20 18:01:15.007 +0900","344","4","false","","","false","","170","MAGAPIT PUMP IRRIGATION SYSTEM","CAMAL","LAT.E-5","170","Dry Crop 2026"
"202867","40357","652","7689","MULTIPOLYGON (((121.69174332278092 18.26188137802978, 121.69185136747363 18.261917400584856, 121.69288911216698 18.262263385239937, 121.69307129579552 18.26179109913868, 121.69317748906847 18.26151580623601, 121.69309762791953 18.261486569936174, 121.69326675418743 18.261124307368906, 121.69301762588806 18.261141733149103, 121.69298415592569 18.261267027061105, 121.6925189575868 18.261231571726505, 121.69233284291015 18.261355822420786, 121.69198186501669 18.261606859394593, 121.69174332278092 18.26188137802978)))","TENANT","9800","11000","2026-02-05 09:15:32.913 +0900","2026-07-08 14:59:05.119 +0900","344","4","false","","","false","","304","MAGAPIT PUMP IRRIGATION SYSTEM","CAMAL","LAT.E-5","304","Dry Crop 2026"
"204462","41168","652-A","7689","MULTIPOLYGON (((121.69347625908227 18.261118884265375, 121.69326710614263 18.261124028113525, 121.69309723657658 18.26148695902964, 121.6931775027499 18.261515767005346, 121.69324139734718 18.261376793960164, 121.69347625908227 18.261118884265375)))","TENANT","575","581","2026-02-23 10:38:18.233 +0900","2026-07-08 14:59:05.119 +0900","344","4","false","","","false","","396","MAGAPIT PUMP IRRIGATION SYSTEM","CAMAL","LAT.E-5","396","Dry Crop 2026"
"204473","41170","653","7689","MULTIPOLYGON (((121.69443006576593 18.26221697237949, 121.69444005169275 18.26218866901179, 121.6947317519823 18.261361890667825, 121.6946189764226 18.261326914311013, 121.69390409407649 18.261105197943948, 121.69383290153483 18.261255339065766, 121.69347606466495 18.26111901221592, 121.6932414041283 18.26137682306946, 121.69317748906847 18.26151580623601, 121.69307129579552 18.26179109913868, 121.69443006576593 18.26221697237949)))","TENANT","13730","13730","2026-02-24 16:23:40.806 +0900","2026-05-20 18:01:15.007 +0900","344","4","false","","","false","","407","MAGAPIT PUMP IRRIGATION SYSTEM","CAMAL","LAT.E-5","407","Dry Crop 2026"
"204403","41138","654","7689","MULTIPOLYGON (((121.69307129579552 18.26179109913868, 121.69288911216698 18.262263385239937, 121.69274475347065 18.262701578338607, 121.69409808841311 18.26310651476539, 121.69420055712195 18.262831948198766, 121.69426739031982 18.262652867013994, 121.69435577095565 18.262426203411742, 121.69443006576593 18.26221697237949, 121.69307129579552 18.26179109913868)))","TENANT","15958","15964","2026-02-16 11:28:57.294 +0900","2026-05-20 18:01:15.007 +0900","344","4","false","","","false","","341","MAGAPIT PUMP IRRIGATION SYSTEM","CAMAL","LAT.E-5","341","Dry Crop 2026"
"202861","40357","655-A","7689","MULTIPOLYGON (((121.6949357547584 18.262862380546277, 121.69501883757908 18.26262804066466, 121.69435577095565 18.262426203411742, 121.69426739031982 18.262652867013994, 121.6949357547584 18.262862380546277)))","LANDHOLDER","2002","2002","2026-02-05 09:15:32.913 +0900","2026-05-20 18:01:15.007 +0900","344","4","false","","","false","","298","MAGAPIT PUMP IRRIGATION SYSTEM","CAMAL","LAT.E-5","298","Dry Crop 2026"
"200776","39321","664","7689","MULTIPOLYGON (((121.69273553053532 18.265103776538005, 121.69263232995104 18.2653505299001, 121.69351525055649 18.26566558589014, 121.69381537460393 18.265020895475793, 121.69383848650588 18.264942153403112, 121.6938326506958 18.264885927292458, 121.69379913629272 18.264849834902822, 121.69364939364604 18.264795017127224, 121.69298793531904 18.2645657544043, 121.69273553053532 18.265103776538005)))","TENANT","9505","9508","2025-12-15 15:56:58.365 +0900","2026-05-20 18:01:15.007 +0900","344","4","false","","","false","","34","MAGAPIT PUMP IRRIGATION SYSTEM","CAMAL","LAT.E-5","34","Dry Crop 2026"
"200748","39303","670","7689","MULTIPOLYGON (((121.69152821524078 18.2656663511854, 121.69179667215552 18.265074047643154, 121.69187950452657 18.26491559130682, 121.6917793704464 18.264878174115818, 121.69175709049776 18.26484574456796, 121.69175745766825 18.26479673355806, 121.6915717174268 18.26470341358284, 121.69132504413768 18.265193845342935, 121.69114747097585 18.26554689130877, 121.69152821524078 18.2656663511854)))","TENANT","3938","3939","2025-12-15 15:27:14.336 +0900","2026-05-20 18:01:15.007 +0900","344","4","false","","","false","","20","MAGAPIT PUMP IRRIGATION SYSTEM","CAMAL","LAT.E-5","20","Dry Crop 2026"
"204470","40367","674","7689","MULTIPOLYGON (((121.69519546509302 18.266913450118164, 121.69541495378186 18.26634232513039, 121.69501814227314 18.266195566617384, 121.69498367111603 18.26616924247044, 121.69498231255425 18.26613435410913, 121.69506743954294 18.26596159413321, 121.69467220212945 18.265771809400324, 121.69418170282623 18.26553836251436, 121.69403257246947 18.265467385459523, 121.69370697157288 18.26533605363986, 121.69359002669808 18.26558032282964, 121.69417739979212 18.265844941609497, 121.69445536638995 18.265987902153295, 121.6944371164585 18.266085804722454, 121.69475888527225 18.266227868326887, 121.69455266655724 18.266697469543047, 121.69519546509302 18.266913450118164)))","TENANT","10097","10100","2026-02-24 14:44:10.366 +0900","2026-05-20 18:01:15.007 +0900","344","4","false","","","false","","404","MAGAPIT PUMP IRRIGATION SYSTEM","CAMAL","LAT.E-5","404","Dry Crop 2026"
"200766","39314","676-A","7689","MULTIPOLYGON (((121.69532208659204 18.26415969113504, 121.69509359848864 18.264093578416496, 121.69506514774316 18.26413469005304, 121.69477040908579 18.264560589137698, 121.69446018134362 18.26505099897337, 121.69440398411527 18.265036270040785, 121.69418170282623 18.26553836251436, 121.69467220212945 18.265771809400324, 121.69475861616962 18.265594276533562, 121.6948489087479 18.265400033734835, 121.69493669422246 18.26520637150245, 121.69532208659204 18.26415969113504)))","TENANT","8666","8669","2025-12-15 15:45:11.696 +0900","2026-05-20 18:01:15.007 +0900","344","4","false","","","false","","27","MAGAPIT PUMP IRRIGATION SYSTEM","CAMAL","LAT.E-5","27","Dry Crop 2026"
"204392","41129","676-B","7689","MULTIPOLYGON (((121.6954780811108 18.26539844116918, 121.69593475789625 18.26556045645479, 121.69638835228305 18.264424753666564, 121.69588656887844 18.264305798595103, 121.69565158804214 18.264941373322287, 121.6954780811108 18.26539844116918)))","LANDHOLDER","6939","6941","2026-02-16 10:57:19.169 +0900","2026-05-20 18:01:15.007 +0900","344","4","false","","","false","","331","MAGAPIT PUMP IRRIGATION SYSTEM","CAMAL","LAT.E-5","331","Dry Crop 2026"
"202226","40114","676-C1","7689","MULTIPOLYGON (((362129.77688210725 2019950.9355701366, 362152.4392913702 2019958.6470843996, 362180.35047455336 2019968.1085024278, 362180.3928115057 2019968.1173379656, 362193.78520816506 2019932.2539300816, 362140.6398058605 2019919.4685138296, 362129.77688210725 2019950.9355701366)))","LANDHOLDER","2313","1929","2026-01-20 11:43:23.948 +0900","2026-07-08 14:59:05.119 +0900","344","4","false","","","false","","178","MAGAPIT PUMP IRRIGATION SYSTEM","CAMAL","LAT.E-5","178","Dry Crop 2026"
"204393","41129","676-C2","7689","MULTIPOLYGON (((362116.052379099 2019990.6729981906, 362165.12056592427 2020009.0147804865, 362180.3928115057 2019968.1173379656, 362180.35047455336 2019968.1085024278, 362152.4392913702 2019958.6470843996, 362129.77688210725 2019950.9355701366, 362116.2981391456 2019989.9799723027, 362116.052379099 2019990.6729981906)))","LANDHOLDER","2313","2266","2026-02-16 10:57:19.169 +0900","2026-07-08 14:59:05.119 +0900","344","4","false","","","false","","332","MAGAPIT PUMP IRRIGATION SYSTEM","CAMAL","LAT.E-5","332","Dry Crop 2026"
"202224","40114","676-C3","7689","MULTIPOLYGON (((362165.12056592427 2020009.0147804865, 362116.052379099 2019990.6729981906, 362098.3150188975 2020040.6910950157, 362146.72522254294 2020058.2755453542, 362165.12056592427 2020009.0147804865)))","LANDHOLDER","2744","2744","2026-01-20 11:43:23.948 +0900","2026-07-08 14:59:05.119 +0900","344","4","false","","","false","","176","MAGAPIT PUMP IRRIGATION SYSTEM","CAMAL","LAT.E-5","176","Dry Crop 2026"
"206132","41752","676-D","7689","MULTIPOLYGON (((121.6948489087479 18.265400033734835, 121.69526691305569 18.265557098387095, 121.69523505211126 18.265634585536578, 121.69690588902553 18.266224771051636, 121.69697850163517 18.26603977245049, 121.69701796734225 18.265949186780347, 121.69695811403176 18.26592128368067, 121.69593475789625 18.26556045645479, 121.6954780811108 18.26539844116918, 121.69493669422246 18.26520637150245, 121.6948489087479 18.265400033734835)))","TENANT","7400","7402","2026-04-08 23:13:32.148 +0900","2026-05-20 18:01:15.007 +0900","344","4","false","","","false","","432","MAGAPIT PUMP IRRIGATION SYSTEM","CAMAL","LAT.E-5","432","Dry Crop 2026"
"202225","40114","676-E","7689","MULTIPOLYGON (((121.69475861616962 18.265594276533562, 121.69516656644507 18.265757250092506, 121.6951042206334 18.265895497384147, 121.6956955563984 18.266132643287964, 121.69679423078136 18.26650924717168, 121.69690588902553 18.266224771051636, 121.69523505211126 18.265634585536578, 121.69526691305569 18.265557098387095, 121.6948489087479 18.265400033734835, 121.69475861616962 18.265594276533562)))","LANDHOLDER","7563","7590","2026-01-20 11:43:23.948 +0900","2026-05-20 18:01:15.007 +0900","344","4","false","","","false","","177","MAGAPIT PUMP IRRIGATION SYSTEM","CAMAL","LAT.E-5","177","Dry Crop 2026"
"202245","40124","676-F","7689","MULTIPOLYGON (((121.69679423078136 18.26650924717168, 121.6956955563984 18.266132643287964, 121.6951042206334 18.265895497384147, 121.69516656644507 18.265757250092506, 121.69475861616962 18.265594276533562, 121.69467220212945 18.265771809400324, 121.69506743954294 18.26596159413321, 121.69498231255425 18.26613435410913, 121.69498367111603 18.26616924247044, 121.69501814227314 18.266195566617384, 121.69541495378186 18.26634232513039, 121.69667727610192 18.266806463294138, 121.69668672216831 18.2667831500794, 121.69679423078136 18.26650924717168)))","TENANT","7563","7566","2026-01-20 12:21:22.993 +0900","2026-05-20 18:01:15.007 +0900","344","4","false","","","false","","196","MAGAPIT PUMP IRRIGATION SYSTEM","CAMAL","LAT.E-5","196","Dry Crop 2026"
"206131","41752","677","7689","MULTIPOLYGON (((121.69480798197841 18.263216558558604, 121.69458067167868 18.263913750052208, 121.69528503718519 18.264094286285317, 121.69570186533831 18.26331948593563, 121.69555108635865 18.263235971735938, 121.69515532290977 18.26311731414886, 121.69487553148626 18.26302931583339, 121.69480798197841 18.263216558558604)))","TENANT","8574","8577","2026-04-08 23:13:32.148 +0900","2026-05-20 18:01:15.007 +0900","344","4","false","","","false","","431","MAGAPIT PUMP IRRIGATION SYSTEM","CAMAL","LAT.E-5","431","Dry Crop 2026"
"202868","40357","678","7689","MULTIPOLYGON (((121.69487553148626 18.26302931583339, 121.69515532290977 18.26311731414886, 121.6953196742464 18.262723935322594, 121.695599703163 18.261920108919448, 121.69531253697363 18.26183686023799, 121.69501883757908 18.26262804066466, 121.6949357547584 18.262862380546277, 121.69487553148626 18.26302931583339)))","TENANT","9991","4559","2026-02-05 09:15:32.913 +0900","2026-05-20 18:01:15.007 +0900","344","4","false","","","false","","305","MAGAPIT PUMP IRRIGATION SYSTEM","CAMAL","LAT.E-5","305","Dry Crop 2026"
"200730","39298","679","7689","MULTIPOLYGON (((121.69555108635865 18.263235971735938, 121.69584626494792 18.262581679977103, 121.69606545955428 18.26204880608685, 121.695599703163 18.261920108919448, 121.6953196742464 18.262723935322594, 121.69515532290977 18.26311731414886, 121.69555108635865 18.263235971735938)))","TENANT","6655","6657","2025-12-15 14:58:12.787 +0900","2026-05-20 18:01:15.007 +0900","344","4","false","","","false","","13","MAGAPIT PUMP IRRIGATION SYSTEM","CAMAL","LAT.E-5","13","Dry Crop 2026"
"202890","40366","680-AB","7689","MULTIPOLYGON (((121.69555108635865 18.263235971735938, 121.69570186533831 18.26331948593563, 121.6960497704889 18.263451630820533, 121.6964831530321 18.263587810181683, 121.6965038076461 18.263543495421725, 121.69667644011055 18.26317310902878, 121.69686155657197 18.262800672104692, 121.69691272172925 18.262697732278347, 121.69704389566336 18.262390198448863, 121.69606545955428 18.26204880608685, 121.69584626494792 18.262581679977103, 121.69555108635865 18.263235971735938)))","TENANT","15683","15688","2026-02-05 09:37:59.528 +0900","2026-05-20 18:01:15.007 +0900","344","4","false","","","false","","318","MAGAPIT PUMP IRRIGATION SYSTEM","CAMAL","LAT.E-5","318","Dry Crop 2026"
"204446","41161","680-C","7689","MULTIPOLYGON (((121.69528503718519 18.264094286285317, 121.69616662037616 18.264336995925447, 121.69634059694484 18.263925220192345, 121.6964831530321 18.263587810181683, 121.6960497704889 18.263451630820533, 121.69570186533831 18.26331948593563, 121.69528503718519 18.264094286285317)))","TENANT","6287","8454","2026-02-20 10:27:14.042 +0900","2026-05-20 18:01:15.007 +0900","344","4","false","","","false","","380","MAGAPIT PUMP IRRIGATION SYSTEM","CAMAL","LAT.E-5","380","Dry Crop 2026"
"206136","41755","682-A","7689","MULTIPOLYGON (((121.69602227 18.26534142, 121.69704723 18.26569255, 121.69712409 18.26549524, 121.69609826 18.26515107, 121.69602227 18.26534142)))","TENANT","15767","2637","2026-04-08 23:19:08.460 +0900","2026-07-08 14:59:05.119 +0900","344","4","false","","","false","","434","MAGAPIT PUMP IRRIGATION SYSTEM","CAMAL","LAT.E-5","434","Dry Crop 2026"
"206168","41782","682-B","7689","MULTIPOLYGON (((121.69616903 18.26497387, 121.69719609 18.26531044, 121.6972734 18.2651121, 121.69624574 18.26478184, 121.69616903 18.26497387)))","LANDHOLDER","2599","2648","2026-04-08 23:51:29.709 +0900","2026-07-08 14:59:05.119 +0900","344","4","false","","","false","","442","MAGAPIT PUMP IRRIGATION SYSTEM","CAMAL","LAT.E-5","442","Dry Crop 2026"
"202333","40179","682-C","7689","MULTIPOLYGON (((121.69616901 18.26497392, 121.69609827 18.26515106, 121.69664644 18.26533492, 121.6971241 18.26549523, 121.69719609 18.26531045, 121.69616901 18.26497392)))","LANDHOLDER","2599","2458","2026-01-27 11:21:37.723 +0900","2026-07-08 14:59:05.119 +0900","344","4","false","","","false","","247","MAGAPIT PUMP IRRIGATION SYSTEM","CAMAL","LAT.E-5","247","Dry Crop 2026"
"202334","40179","682-D","7689","MULTIPOLYGON (((121.69602221 18.2653415, 121.69593484 18.26556043, 121.69695811 18.26592128, 121.69704722 18.26569255, 121.69602221 18.2653415)))","TENANT","2599","3051","2026-01-27 11:21:37.723 +0900","2026-07-08 14:59:05.119 +0900","344","4","false","","","false","","248","MAGAPIT PUMP IRRIGATION SYSTEM","CAMAL","LAT.E-5","248","Dry Crop 2026"
"204468","39839","683-A","7689","MULTIPOLYGON (((121.69647128507678 18.267314854356655, 121.69667727610192 18.266806463294138, 121.69541495378186 18.26634232513039, 121.69519546509302 18.266913450118164, 121.69647128507678 18.267314854356655)))","TENANT","9092","9095","2026-02-24 11:48:34.042 +0900","2026-05-20 18:01:15.007 +0900","344","4","false","","","false","","402","MAGAPIT PUMP IRRIGATION SYSTEM","CAMAL","LAT.E-5","402","Dry Crop 2026"
"202312","40164","684-A","7689","MULTIPOLYGON (((362525.1786087006 2020339.593775074, 362555.0765254261 2020239.581274877, 362440.51194186724 2020203.333358139, 362424.35202689504 2020255.317662929, 362407.57131680235 2020309.2989833476, 362525.1786087006 2020339.593775074)))","TENANT","13001","13001","2026-01-27 09:38:47.539 +0900","2026-07-08 14:59:05.119 +0900","344","4","false","","","false","","226","MAGAPIT PUMP IRRIGATION SYSTEM","CAMAL","LAT.E-5","226","Dry Crop 2026"
"202313","40164","684-B","7689","MULTIPOLYGON (((362227.1916289464 2020193.0146081191, 362226.2113468627 2020195.6016247424, 362204.83433723554 2020252.0166915692, 362407.57131680235 2020309.2989833476, 362424.35202689504 2020255.317662929, 362355.5145458667 2020234.7526290342, 362310.0723582766 2020220.7297123407, 362227.1916289464 2020193.0146081191)))","TENANT","12300","12300","2026-01-27 09:38:47.539 +0900","2026-07-08 14:59:05.119 +0900","344","4","false","","","false","","227","MAGAPIT PUMP IRRIGATION SYSTEM","CAMAL","LAT.E-5","227","Dry Crop 2026"
"202318","40168","685-AB","7689","MULTIPOLYGON (((121.69697850163517 18.26603977245049, 121.69690588902553 18.266224771051636, 121.69679423078136 18.26650924717168, 121.69668672216831 18.2667831500794, 121.69746874603432 18.26703892391177, 121.69774089288957 18.266310174589588, 121.69697850163517 18.26603977245049)))","TENANT","7518","7521","2026-01-27 09:54:51.945 +0900","2026-05-20 18:01:15.007 +0900","344","4","false","","","false","","232","MAGAPIT PUMP IRRIGATION SYSTEM","CAMAL","LAT.E-5","232","Dry Crop 2026"
"200729","39297","685-C","7689","MULTIPOLYGON (((121.69774089288957 18.266310174589588, 121.69746874603432 18.26703892391177, 121.69789759738772 18.267168561557902, 121.69815035742279 18.266455400402755, 121.69774089288957 18.266310174589588)))","TENANT","3958","3959","2025-12-15 14:56:02.399 +0900","2026-05-20 18:01:15.007 +0900","344","4","false","","","false","","12","MAGAPIT PUMP IRRIGATION SYSTEM","CAMAL","LAT.E-5","12","Dry Crop 2026"
"202451","40227","686","7689","MULTIPOLYGON (((121.69815035742279 18.266455400402755, 121.69789759738772 18.267168561557902, 121.69854728399022 18.26735881869123, 121.69870362708618 18.266890125936218, 121.6988338409854 18.266427226802858, 121.69825084599135 18.266235821813154, 121.69815035742279 18.266455400402755)))","TENANT","7597","7600","2026-02-02 09:32:28.049 +0900","2026-05-20 18:01:15.007 +0900","344","4","false","","","false","","280","MAGAPIT PUMP IRRIGATION SYSTEM","CAMAL","LAT.E-5","280","Dry Crop 2026"
"202316","40166","687-A","7689","MULTIPOLYGON (((121.69867516254386 18.265336738398297, 121.698646423963 18.26533302388304, 121.6986145421516 18.265341203722326, 121.69825084599135 18.266235821813154, 121.6988338409854 18.266427226802858, 121.69912835276685 18.26652391810765, 121.6994667398849 18.266619464322353, 121.69995143176165 18.266727958825836, 121.70020771882588 18.26591798654068, 121.69917205857627 18.265528102902334, 121.69867516254386 18.265336738398297)))","LANDHOLDER","18979","18986","2026-01-27 09:45:49.745 +0900","2026-05-20 18:01:15.007 +0900","344","4","false","","","false","","230","MAGAPIT PUMP IRRIGATION SYSTEM","CAMAL","LAT.E-5","230","Dry Crop 2026"
"206151","41768","687-B","7689","MULTIPOLYGON (((121.69978474994319 18.26722503169235, 121.69995143176165 18.266727958825836, 121.6994667398849 18.266619464322353, 121.69912835276685 18.26652391810765, 121.6988338409854 18.266427226802858, 121.69870362708618 18.266890125936218, 121.69978474994319 18.26722503169235)))","LANDHOLDER","6556","6558","2026-04-08 23:39:22.803 +0900","2026-05-20 18:01:15.007 +0900","344","4","false","","","false","","440","MAGAPIT PUMP IRRIGATION SYSTEM","CAMAL","LAT.E-5","440","Dry Crop 2026"
"202444","40089","688","7689","MULTIPOLYGON (((121.69695811403176 18.26592128368067, 121.69701796734225 18.265949186780347, 121.69697850163517 18.26603977245049, 121.69774089288957 18.266310174589588, 121.69815035742279 18.266455400402755, 121.69825084599135 18.266235821813154, 121.6986145421516 18.265341203722326, 121.69864447559638 18.265298872849783, 121.69869675973578 18.265167130786786, 121.69741567197914 18.26474681292251, 121.69695811403176 18.26592128368067)))","TENANT","21350","21357","2026-02-02 09:19:32.557 +0900","2026-05-20 18:01:15.007 +0900","344","4","false","","","false","","273","MAGAPIT PUMP IRRIGATION SYSTEM","CAMAL","LAT.E-5","273","Dry Crop 2026"
"204592","40167","689-A","7689","MULTIPOLYGON (((121.69616662037616 18.264336995925447, 121.69639365125836 18.264411486068973, 121.69741567197914 18.26474681292251, 121.69869675973578 18.265167130786786, 121.69880791338363 18.264859459574573, 121.69634059694484 18.263925220192345, 121.69616662037616 18.264336995925447)))","TENANT","19890","11992","2026-03-11 12:22:06.424 +0900","2026-05-20 18:01:15.007 +0900","344","4","false","","","false","","416","MAGAPIT PUMP IRRIGATION SYSTEM","CAMAL","LAT.E-5","416","Dry Crop 2026"
"204394","41130","689-B","7689","MULTIPOLYGON (((121.69869675973578 18.265167130786786, 121.69864447559638 18.265298872849783, 121.6989123165626 18.265410469057077, 121.69917717698004 18.265512895660315, 121.6996769289096 18.26427062922154, 121.69913935479465 18.26403924073182, 121.69902363387175 18.264288303892283, 121.69890639420063 18.264573220264722, 121.69880791338363 18.264859459574573, 121.69869675973578 18.265167130786786)))","TENANT","9305","9308","2026-02-16 11:00:15.070 +0900","2026-05-20 18:01:15.007 +0900","344","4","false","","","false","","333","MAGAPIT PUMP IRRIGATION SYSTEM","CAMAL","LAT.E-5","333","Dry Crop 2026"
"206128","41749","690-A","7689","MULTIPOLYGON (((121.69885677 18.26471745, 121.69885569 18.26471646, 121.6983566 18.26451332, 121.6973497 18.26409572, 121.69733823 18.26405344, 121.69713546 18.26399861, 121.69640402 18.2637751, 121.6963406 18.26392522, 121.69880791 18.26485946, 121.69885677 18.26471745)))","TENANT","5511","5599","2026-04-08 23:00:02.826 +0900","2026-07-08 14:59:05.119 +0900","344","4","false","","","false","","429","MAGAPIT PUMP IRRIGATION SYSTEM","CAMAL","LAT.E-5","429","Dry Crop 2026"
"204447","41162","690-B","7689","MULTIPOLYGON (((121.69640402 18.2637751, 121.69713546 18.26399861, 121.69733823 18.26405344, 121.6973497 18.26409572, 121.6983566 18.26451332, 121.69885569 18.26471646, 121.69885677 18.26471745, 121.69890639 18.26457322, 121.69650381 18.2635435, 121.69648315 18.26358781, 121.69640402 18.2637751)))","TENANT","5435","5427","2026-02-20 10:29:16.544 +0900","2026-07-08 14:59:05.119 +0900","344","4","false","","","false","","381","MAGAPIT PUMP IRRIGATION SYSTEM","CAMAL","LAT.E-5","381","Dry Crop 2026"
"202870","40357","691-A","7689","MULTIPOLYGON (((121.6965038076461 18.263543495421725, 121.69890639420063 18.264573220264722, 121.69902363387175 18.264288303892283, 121.69667644011055 18.26317310902878, 121.6965038076461 18.263543495421725)))","TENANT","10923","10927","2026-02-05 09:15:32.913 +0900","2026-05-20 18:01:15.007 +0900","344","4","false","","","false","","307","MAGAPIT PUMP IRRIGATION SYSTEM","CAMAL","LAT.E-5","307","Dry Crop 2026"
"206144","41762","692","7689","MULTIPOLYGON (((121.69667644011055 18.26317310902878, 121.69902363387175 18.264288303892283, 121.69913935479465 18.26403924073182, 121.69852476433665 18.2637326110228, 121.69754561588894 18.263149739116766, 121.69686155657197 18.262800672104692, 121.69667644011055 18.26317310902878)))","TENANT","10445","10449","2026-04-08 23:30:51.048 +0900","2026-05-20 18:01:15.007 +0900","344","4","false","","","false","","437","MAGAPIT PUMP IRRIGATION SYSTEM","CAMAL","LAT.E-5","437","Dry Crop 2026"
"202891","40366","693","7689","MULTIPOLYGON (((121.69686155657197 18.262800672104692, 121.69754561588894 18.263149739116766, 121.69772286056178 18.262872404754837, 121.6978354381081 18.262709393716314, 121.69704389566336 18.262390198448863, 121.69691272172925 18.262697732278347, 121.69686155657197 18.262800672104692)))","TENANT","4569","4570","2026-02-05 09:37:59.528 +0900","2026-05-20 18:01:15.007 +0900","344","4","false","","","false","","319","MAGAPIT PUMP IRRIGATION SYSTEM","CAMAL","LAT.E-5","319","Dry Crop 2026"
"202322","40170","699","7686","MULTIPOLYGON (((121.70219219565264 18.25327678558141, 121.70230116786472 18.253176423203882, 121.70240908337686 18.253077278343664, 121.70246482873239 18.253024557358614, 121.70265309672621 18.252840566856193, 121.70273402172697 18.252767735615986, 121.70277230264202 18.252720690692968, 121.70293066576085 18.252582379275843, 121.7030210043465 18.252695286515376, 121.70322921487096 18.25252257178329, 121.70333381469128 18.25245406215981, 121.7034219285819 18.252383834150997, 121.70330305063943 18.252240404732333, 121.70319159626709 18.252073610410097, 121.70278325052506 18.25238964764174, 121.70247767712837 18.252682675698402, 121.70197429195608 18.25320477303021, 121.7020903335934 18.253228948647056, 121.70219219565264 18.25327678558141)))","TENANT","5142","5140","2026-01-27 10:09:31.643 +0900","2026-05-20 18:01:15.007 +0900","344","4","false","","","false","","236","MAGAPIT PUMP IRRIGATION SYSTEM","CAMAL","LAT.E-1","236","Dry Crop 2026"
"206135","41755","706","7689","MULTIPOLYGON (((121.69754561588894 18.263149739116766, 121.69852476433665 18.2637326110228, 121.69901106808292 18.262951700143013, 121.69912656541013 18.262732521758522, 121.69815896082524 18.26228003616027, 121.6978354381081 18.262709393716314, 121.69772286056178 18.262872404754837, 121.69754561588894 18.263149739116766)))","LANDHOLDER","14543","14548","2026-04-08 23:19:08.460 +0900","2026-05-20 18:01:15.007 +0900","344","4","false","","","false","","433","MAGAPIT PUMP IRRIGATION SYSTEM","CAMAL","LAT.E-5","433","Dry Crop 2026"
"201673","39825","905-A","7686","MULTIPOLYGON (((121.7029049327869 18.24570928521619, 121.70304610490426 18.245630846588483, 121.70315383930877 18.245612448903266, 121.70325257676365 18.24562626760726, 121.70335441681667 18.245668927707783, 121.70344733279691 18.245389857295176, 121.70349955262057 18.245153912945604, 121.70294757747838 18.245063371745253, 121.7029049327869 18.24570928521619)))","TENANT","3225","3226","2025-12-20 15:08:40.675 +0900","2026-05-20 18:01:15.007 +0900","344","4","false","","","false","","111","MAGAPIT PUMP IRRIGATION SYSTEM","CAMAL","LAT.E-1","111","Dry Crop 2026"
"206119","41743","905-A1","7686","MULTIPOLYGON (((121.70335441681667 18.245668927707783, 121.70341190027861 18.245744064232497, 121.70349431366313 18.245860359987397, 121.70358929045119 18.245983974378166, 121.70367424532871 18.246097876069147, 121.70369947921849 18.246098046896137, 121.70376517671973 18.246086435619937, 121.70383073120252 18.24609411297845, 121.70388116323291 18.246099276752343, 121.70390211898808 18.245995736853256, 121.7039414176542 18.245800695373255, 121.70398309660989 18.24562495961413, 121.70399884460583 18.245543085278246, 121.70401240879559 18.2454153832929, 121.70400997479692 18.245387621312055, 121.70400542847467 18.245335766334442, 121.70400333405344 18.24527788327448, 121.70398856912925 18.245227148072793, 121.70396863234588 18.245193256292108, 121.70390823218733 18.245171146663697, 121.7038276092908 18.245153722543222, 121.70375949602999 18.24515085028893, 121.70373175677776 18.245148251314795, 121.70361315814102 18.245147448459335, 121.70349955262057 18.245153912945604, 121.70344733279691 18.245389857295176, 121.70335441681667 18.245668927707783)))","TENANT","5427","5429","2026-04-08 22:18:21.793 +0900","2026-05-20 18:01:15.007 +0900","344","4","false","","","false","","421","MAGAPIT PUMP IRRIGATION SYSTEM","CAMAL","LAT.E-1","421","Dry Crop 2026"
"201674","39825","905-A2","7686","MULTIPOLYGON (((121.70252171790992 18.244980917125403, 121.70255756447743 18.245251214677648, 121.70255693821775 18.245335602519912, 121.70259937090572 18.245738560817074, 121.70261909275517 18.24580138569946, 121.70270519195734 18.24576097858038, 121.70276850911547 18.245730061896353, 121.70281396578544 18.245725547428673, 121.70286191005776 18.24572587220608, 121.7029049327869 18.24570928521619, 121.70294757747838 18.245063371745253, 121.70279137879392 18.24502855686716, 121.7026049533928 18.244986303472327, 121.70252171790992 18.244980917125403)))","TENANT","3094","3095","2025-12-20 15:08:40.679 +0900","2026-05-20 18:01:15.007 +0900","344","4","false","","","false","","112","MAGAPIT PUMP IRRIGATION SYSTEM","CAMAL","LAT.E-1","112","Dry Crop 2026"
"201679","39830","905-A3","7686","MULTIPOLYGON (((121.70315797610425 18.246802764549024, 121.70312899165893 18.246566267513717, 121.70310998538318 18.24630313740541, 121.7031384730377 18.24622990356162, 121.70323861130026 18.24610375365105, 121.70318474642151 18.246019281819866, 121.70314882662736 18.245964302224138, 121.70332775933923 18.24576392404779, 121.70320681179008 18.245681668027323, 121.70293390320863 18.245742566186774, 121.70270834879022 18.245823810249608, 121.70261223335646 18.245972682677834, 121.70257915800586 18.246287526179785, 121.70315797610425 18.246802764549024)))","LANDHOLDER","10979","5280","2025-12-20 15:15:40.840 +0900","2026-05-20 18:01:15.007 +0900","344","4","false","","","false","","117","MAGAPIT PUMP IRRIGATION SYSTEM","CAMAL","LAT.E-1","117","Dry Crop 2026"
"202321","40169","905-B","7686","MULTIPOLYGON (((121.70388116323291 18.246099276752343, 121.70393607004554 18.2461816293061, 121.7039967207878 18.246169983792484, 121.70408009990834 18.246156080876187, 121.70415326035348 18.246158987194256, 121.70420372816054 18.24615932871978, 121.70427207414637 18.24613085676653, 121.7044917877633 18.24610823133879, 121.70467862581411 18.246095028085175, 121.70480989568277 18.24608868241146, 121.70485542387624 18.246074523128904, 121.70491362259561 18.246053215918153, 121.70497192846545 18.24601744218875, 121.70501507612036 18.2459839771334, 121.70504299413196 18.245962465096696, 121.70509655676962 18.245885668776896, 121.70513712740701 18.24585941987673, 121.70489331844752 18.245387586251237, 121.70482248519043 18.24541121921916, 121.70469352484645 18.245446515001277, 121.70462000737815 18.24549183057036, 121.70454665066637 18.245515446361125, 121.70445054776675 18.245543730640552, 121.70436206859081 18.24556483284125, 121.7042662158181 18.245559361865496, 121.70418564631194 18.245534704634906, 121.7041177652225 18.24550048842405, 121.7040551453931 18.245437373354065, 121.70400997479692 18.245387621312055, 121.70401240879559 18.2454153832929, 121.70399884460583 18.245543085278246, 121.70398309660989 18.24562495961413, 121.7039414176542 18.245800695373255, 121.70390211898808 18.245995736853256, 121.70388116323291 18.246099276752343)))","LANDHOLDER","8010","8012","2026-01-27 10:06:41.964 +0900","2026-05-20 18:01:15.007 +0900","344","4","false","","","false","","235","MAGAPIT PUMP IRRIGATION SYSTEM","CAMAL","LAT.E-1","235","Dry Crop 2026"
"202324","40172","905-C","7686","MULTIPOLYGON (((121.70513712740701 18.24585941987673, 121.70527378314566 18.24580729740977, 121.70538264585595 18.245759809348982, 121.70516977758915 18.2451989706526, 121.70511655451166 18.245229956423735, 121.7050682174461 18.2452826760589, 121.70500474007535 18.24533529329247, 121.70494895782844 18.24537108411443, 121.70489331844752 18.245387586251237, 121.70513712740701 18.24585941987673)))","TENANT","1930","1931","2026-01-27 10:53:31.562 +0900","2026-05-20 18:01:15.007 +0900","344","4","false","","","false","","238","MAGAPIT PUMP IRRIGATION SYSTEM","CAMAL","LAT.E-1","238","Dry Crop 2026"
"201676","39827","905-D","7686","MULTIPOLYGON (((121.70406086557405 18.2467593884402, 121.70405865273992 18.246686342535803, 121.70405423090195 18.246601658139255, 121.70404045903776 18.246508795913428, 121.70400756090879 18.246426111906352, 121.70397022586249 18.24638462853848, 121.70397238092949 18.246372580959378, 121.70386371946279 18.246261531488962, 121.70375159846796 18.24627656299345, 121.70371835299568 18.246302655386334, 121.70361065880823 18.246215955971383, 121.70364433359416 18.246131968114568, 121.70367396858012 18.24609751743149, 121.70345532432303 18.245806106569255, 121.70334312912848 18.245893071704188, 121.70327253065275 18.246127696159636, 121.70320555810773 18.246244793872876, 121.70319077908934 18.24650435924268, 121.70317339493819 18.246620038264005, 121.70325561749992 18.24667498449256, 121.703424606871 18.246667356362593, 121.70349917120143 18.246516974548324, 121.70367359076295 18.24651990993569, 121.70366650819142 18.246732156071133, 121.70406086557405 18.2467593884402)))","TENANT","5325","5330","2025-12-20 15:11:34.457 +0900","2026-05-20 18:01:15.007 +0900","344","4","false","","","false","","114","MAGAPIT PUMP IRRIGATION SYSTEM","CAMAL","LAT.E-1","114","Dry Crop 2026"
"201651","39810","905-F","7686","MULTIPOLYGON (((121.70586101820881 18.2455569772533, 121.70570433711337 18.245094338136386, 121.70562959537938 18.244874458773225, 121.70535246424156 18.244805369621577, 121.70564382647562 18.24564777465147, 121.70586101820881 18.2455569772533)))","TENANT","2239","2240","2025-12-20 14:28:02.828 +0900","2026-05-20 18:01:15.007 +0900","344","4","false","","","false","","91","MAGAPIT PUMP IRRIGATION SYSTEM","CAMAL","LAT.E-1","91","Dry Crop 2026"
"201658","39811","905-G","7686","MULTIPOLYGON (((121.70538264585595 18.245759809348982, 121.70564092377366 18.245640995098476, 121.70541103387151 18.244993238202913, 121.70535186550534 18.244804764227148, 121.70512304773268 18.245034692769828, 121.70511785812204 18.245053947313902, 121.70516977758915 18.2451989706526, 121.70538264585595 18.245759809348982)))","TENANT","2817","2818","2025-12-20 14:40:34.347 +0900","2026-05-20 18:01:15.007 +0900","344","4","false","","","false","","97","MAGAPIT PUMP IRRIGATION SYSTEM","CAMAL","LAT.E-1","97","Dry Crop 2026"
"202319","40169","905-J/1224","7686","MULTIPOLYGON (((121.70405850398747 18.246686399452393, 121.7042882046853 18.246678309113033, 121.70434617135928 18.246688346166408, 121.70439393723191 18.246712781402884, 121.70441156528378 18.24671772308488, 121.70451760163213 18.246711206903175, 121.70495217995082 18.24663939927055, 121.70497803907088 18.246555182022142, 121.70499588145721 18.24653119065174, 121.70515807532385 18.24643825054508, 121.70527207453962 18.246378741286243, 121.70528488793587 18.246352304677107, 121.70529270810974 18.246318600692682, 121.70528295381011 18.246272721857732, 121.70525793416218 18.246243618235205, 121.70526570076461 18.24621714750223, 121.70526842058065 18.246190642644905, 121.70523624148449 18.24610603291233, 121.70520356240876 18.246088933514958, 121.70514334034824 18.246042713414127, 121.70513330036492 18.246035411909567, 121.70511058985933 18.246035258335965, 121.70506765651969 18.246039790411988, 121.70496631014451 18.246094562723624, 121.70487770569703 18.246132542730507, 121.7047716518375 18.246141470217996, 121.70453688718169 18.246151938123333, 121.70446370885529 18.246151443034474, 121.70439294670928 18.246165431487622, 121.70430461016805 18.24616724497895, 121.7042641465663 18.24617902719385, 121.70424131095396 18.246195751094184, 121.70419272315007 18.246282225625343, 121.70416720327697 18.246320632181618, 121.70415197355986 18.24633258513397, 121.70411152778377 18.246341956230935, 121.70397250880575 18.246372360997725, 121.70396989603854 18.246384399329962, 121.70400744307663 18.246425643914034, 121.7040401435982 18.246508366170364, 121.70405408277881 18.246601977415118, 121.70405623082435 18.246652627221888, 121.70405850398747 18.246686399452393)))","LANDHOLDER","6857","6859","2026-01-27 10:06:41.964 +0900","2026-05-20 18:01:15.007 +0900","344","4","false","","","false","","233","MAGAPIT PUMP IRRIGATION SYSTEM","CAMAL","LAT.E-1","233","Dry Crop 2026"
